sourceId,sourcePath,sourceVersion,historical,sourceSection,sourceBlock,markdownPath,sourceSha256
IMP04,Implementation_Execution_Guide.docx,Implementation Increment 04,False,Implementation Increment 04,0,docs/implementation/increment-04/01-implementation-increment-04.md,9ca5c85333dcb51137ca694aea7b034e393fa8927831f0b475b3b88e842418f7
IMP04,Implementation_Execution_Guide.docx,Implementation Increment 04,False,Infrastructure ownership and readback coverage,18,docs/implementation/increment-04/02-infrastructure-ownership-and-readback-coverage.md,9ca5c85333dcb51137ca694aea7b034e393fa8927831f0b475b3b88e842418f7
IMP04,Implementation_Execution_Guide.docx,Implementation Increment 04,False,NSX configuration and realization,31,docs/implementation/increment-04/03-nsx-configuration-and-realization.md,9ca5c85333dcb51137ca694aea7b034e393fa8927831f0b475b3b88e842418f7
IMP04,Implementation_Execution_Guide.docx,Implementation Increment 04,False,Nutanix resources and asynchronous tasks,42,docs/implementation/increment-04/04-nutanix-resources-and-asynchronous-tasks.md,9ca5c85333dcb51137ca694aea7b034e393fa8927831f0b475b3b88e842418f7
IMP04,Implementation_Execution_Guide.docx,Implementation Increment 04,False,Interrupted-change decision procedure,53,docs/implementation/increment-04/05-interrupted-change-decision-procedure.md,9ca5c85333dcb51137ca694aea7b034e393fa8927831f0b475b3b88e842418f7
IMP04,Implementation_Execution_Guide.docx,Implementation Increment 04,False,"Transport, credentials and protected evidence",63,docs/implementation/increment-04/06-transport-credentials-and-protected-evidence.md,9ca5c85333dcb51137ca694aea7b034e393fa8927831f0b475b3b88e842418f7
IMP04,Implementation_Execution_Guide.docx,Implementation Increment 04,False,Local execution and observed results,73,docs/implementation/increment-04/07-local-execution-and-observed-results.md,9ca5c85333dcb51137ca694aea7b034e393fa8927831f0b475b3b88e842418f7
IMP04,Implementation_Execution_Guide.docx,Implementation Increment 04,False,Native commissioning and stopping conditions,85,docs/implementation/increment-04/08-native-commissioning-and-stopping-conditions.md,9ca5c85333dcb51137ca694aea7b034e393fa8927831f0b475b3b88e842418f7
IMP04,Implementation_Execution_Guide.docx,Implementation Increment 04,False,Primary native-interface sources,99,docs/implementation/increment-04/09-primary-native-interface-sources.md,9ca5c85333dcb51137ca694aea7b034e393fa8927831f0b475b3b88e842418f7
IMP04,Implementation_Execution_Guide.docx,Implementation Increment 04,False,Release integrity and remaining work,127,docs/implementation/increment-04/10-release-integrity-and-remaining-work.md,9ca5c85333dcb51137ca694aea7b034e393fa8927831f0b475b3b88e842418f7
DEL,reference/Portable_Hosting_Delivery_Kits_v1_1/00_Delivery_Map.docx,Delivery-kit v1.1 collection; original document version retained in the front matter,False,"1. Three kits, one architecture-led delivery",17,docs/governance/delivery-framework/1-three-kits-one-architecture-led-delivery.md,d8c2790ff7bb408283a9156a369cc6c4394131e7d44bfd130bfa27e7d82b5783
DEL,reference/Portable_Hosting_Delivery_Kits_v1_1/00_Delivery_Map.docx,Delivery-kit v1.1 collection; original document version retained in the front matter,False,2. Preserve stable deliverables and explicit handoffs,27,docs/governance/delivery-framework/2-preserve-stable-deliverables-and-explicit-handoffs.md,d8c2790ff7bb408283a9156a369cc6c4394131e7d44bfd130bfa27e7d82b5783
DEL,reference/Portable_Hosting_Delivery_Kits_v1_1/00_Delivery_Map.docx,Delivery-kit v1.1 collection; original document version retained in the front matter,False,3. Apply gate dependencies rather than numerical order,36,docs/governance/delivery-framework/3-apply-gate-dependencies-rather-than-numerical-order.md,d8c2790ff7bb408283a9156a369cc6c4394131e7d44bfd130bfa27e7d82b5783
DEL,reference/Portable_Hosting_Delivery_Kits_v1_1/00_Delivery_Map.docx,Delivery-kit v1.1 collection; original document version retained in the front matter,False,4. Use working records without creating duplicate truth,45,docs/governance/delivery-framework/4-use-working-records-without-creating-duplicate-truth.md,d8c2790ff7bb408283a9156a369cc6c4394131e7d44bfd130bfa27e7d82b5783
DEL,reference/Portable_Hosting_Delivery_Kits_v1_1/00_Delivery_Map.docx,Delivery-kit v1.1 collection; original document version retained in the front matter,False,5. Review the design through realistic change and failure,54,docs/governance/delivery-framework/5-review-the-design-through-realistic-change-and-failure.md,d8c2790ff7bb408283a9156a369cc6c4394131e7d44bfd130bfa27e7d82b5783
DEL,reference/Portable_Hosting_Delivery_Kits_v1_1/00_Delivery_Map.docx,Delivery-kit v1.1 collection; original document version retained in the front matter,False,6. Resolve the actual inputs before execution,63,docs/governance/delivery-framework/6-resolve-the-actual-inputs-before-execution.md,d8c2790ff7bb408283a9156a369cc6c4394131e7d44bfd130bfa27e7d82b5783
DEL,reference/Portable_Hosting_Delivery_Kits_v1_1/00_Delivery_Map.docx,Delivery-kit v1.1 collection; original document version retained in the front matter,False,7. Navigate the developed document family,72,docs/governance/delivery-framework/7-navigate-the-developed-document-family.md,d8c2790ff7bb408283a9156a369cc6c4394131e7d44bfd130bfa27e7d82b5783
DEL,reference/Portable_Hosting_Delivery_Kits_v1_1/00_Delivery_Map.docx,Delivery-kit v1.1 collection; original document version retained in the front matter,False,8. Understand release scope and residual work,82,docs/governance/delivery-framework/8-understand-release-scope-and-residual-work.md,d8c2790ff7bb408283a9156a369cc6c4394131e7d44bfd130bfa27e7d82b5783
AK,reference/Portable_Hosting_Delivery_Kits_v1_1/01_Architecture/Architecture_Kit.docx,Delivery-kit v1.1 collection; original document version retained in the front matter,False,1. Architecture work plan and definition of done,17,docs/architecture/delivery-guide/1-architecture-work-plan-and-definition-of-done.md,f0cd99f187d5f883e0f752e07de20f8878bef02fa1d0b36817674ef59bfd9802
AK,reference/Portable_Hosting_Delivery_Kits_v1_1/01_Architecture/Architecture_Kit.docx,Delivery-kit v1.1 collection; original document version retained in the front matter,False,2. Service requirements and applicability,26,docs/architecture/delivery-guide/2-service-requirements-and-applicability.md,f0cd99f187d5f883e0f752e07de20f8878bef02fa1d0b36817674ef59bfd9802
AK,reference/Portable_Hosting_Delivery_Kits_v1_1/01_Architecture/Architecture_Kit.docx,Delivery-kit v1.1 collection; original document version retained in the front matter,False,3. Required architecture views,36,docs/architecture/delivery-guide/3-required-architecture-views.md,f0cd99f187d5f883e0f752e07de20f8878bef02fa1d0b36817674ef59bfd9802
AK,reference/Portable_Hosting_Delivery_Kits_v1_1/01_Architecture/Architecture_Kit.docx,Delivery-kit v1.1 collection; original document version retained in the front matter,False,"4. Security, management and co-residency decisions",43,docs/architecture/delivery-guide/4-security-management-and-co-residency-decisions.md,f0cd99f187d5f883e0f752e07de20f8878bef02fa1d0b36817674ef59bfd9802
AK,reference/Portable_Hosting_Delivery_Kits_v1_1/01_Architecture/Architecture_Kit.docx,Delivery-kit v1.1 collection; original document version retained in the front matter,False,"5. Service resilience, capacity and portability",52,docs/architecture/delivery-guide/5-service-resilience-capacity-and-portability.md,f0cd99f187d5f883e0f752e07de20f8878bef02fa1d0b36817674ef59bfd9802
AK,reference/Portable_Hosting_Delivery_Kits_v1_1/01_Architecture/Architecture_Kit.docx,Delivery-kit v1.1 collection; original document version retained in the front matter,False,6. Vendor realization and provisioning strategy,60,docs/architecture/delivery-guide/6-vendor-realization-and-provisioning-strategy.md,f0cd99f187d5f883e0f752e07de20f8878bef02fa1d0b36817674ef59bfd9802
AK,reference/Portable_Hosting_Delivery_Kits_v1_1/01_Architecture/Architecture_Kit.docx,Delivery-kit v1.1 collection; original document version retained in the front matter,False,"7. Decisions, risk and review",70,docs/architecture/delivery-guide/7-decisions-risk-and-review.md,f0cd99f187d5f883e0f752e07de20f8878bef02fa1d0b36817674ef59bfd9802
AK,reference/Portable_Hosting_Delivery_Kits_v1_1/01_Architecture/Architecture_Kit.docx,Delivery-kit v1.1 collection; original document version retained in the front matter,False,8. Engineering handoff and change impact,79,docs/architecture/delivery-guide/8-engineering-handoff-and-change-impact.md,f0cd99f187d5f883e0f752e07de20f8878bef02fa1d0b36817674ef59bfd9802
AT,reference/Portable_Hosting_Delivery_Kits_v1_1/01_Architecture/HLD_and_Architecture_Review_Template.docx,Delivery-kit v1.1 collection; original document version retained in the front matter,False,1. Mandate and service envelope,19,docs/templates/hld/1-mandate-and-service-envelope.md,911b87e6a36d903a12535d16d75f1875c0cefb6b72c462895f7c2559b556708c
AT,reference/Portable_Hosting_Delivery_Kits_v1_1/01_Architecture/HLD_and_Architecture_Review_Template.docx,Delivery-kit v1.1 collection; original document version retained in the front matter,False,2. Requirements and applicability,27,docs/templates/hld/2-requirements-and-applicability.md,911b87e6a36d903a12535d16d75f1875c0cefb6b72c462895f7c2559b556708c
AT,reference/Portable_Hosting_Delivery_Kits_v1_1/01_Architecture/HLD_and_Architecture_Review_Template.docx,Delivery-kit v1.1 collection; original document version retained in the front matter,False,3. Context and physical deployment views,35,docs/templates/hld/3-context-and-physical-deployment-views.md,911b87e6a36d903a12535d16d75f1875c0cefb6b72c462895f7c2559b556708c
AT,reference/Portable_Hosting_Delivery_Kits_v1_1/01_Architecture/HLD_and_Architecture_Review_Template.docx,Delivery-kit v1.1 collection; original document version retained in the front matter,False,"4. Logical tenancy, security and traffic views",43,docs/templates/hld/4-logical-tenancy-security-and-traffic-views.md,911b87e6a36d903a12535d16d75f1875c0cefb6b72c462895f7c2559b556708c
AT,reference/Portable_Hosting_Delivery_Kits_v1_1/01_Architecture/HLD_and_Architecture_Review_Template.docx,Delivery-kit v1.1 collection; original document version retained in the front matter,False,"5. Management, data and service dependencies",51,docs/templates/hld/5-management-data-and-service-dependencies.md,911b87e6a36d903a12535d16d75f1875c0cefb6b72c462895f7c2559b556708c
AT,reference/Portable_Hosting_Delivery_Kits_v1_1/01_Architecture/HLD_and_Architecture_Review_Template.docx,Delivery-kit v1.1 collection; original document version retained in the front matter,False,6. Architecture decision record,59,docs/templates/hld/6-architecture-decision-record.md,911b87e6a36d903a12535d16d75f1875c0cefb6b72c462895f7c2559b556708c
AT,reference/Portable_Hosting_Delivery_Kits_v1_1/01_Architecture/HLD_and_Architecture_Review_Template.docx,Delivery-kit v1.1 collection; original document version retained in the front matter,False,"7. Threat, sharing and responsibility review",67,docs/templates/hld/7-threat-sharing-and-responsibility-review.md,911b87e6a36d903a12535d16d75f1875c0cefb6b72c462895f7c2559b556708c
AT,reference/Portable_Hosting_Delivery_Kits_v1_1/01_Architecture/HLD_and_Architecture_Review_Template.docx,Delivery-kit v1.1 collection; original document version retained in the front matter,False,"8. Reliability, capacity and exit design",75,docs/templates/hld/8-reliability-capacity-and-exit-design.md,911b87e6a36d903a12535d16d75f1875c0cefb6b72c462895f7c2559b556708c
AT,reference/Portable_Hosting_Delivery_Kits_v1_1/01_Architecture/HLD_and_Architecture_Review_Template.docx,Delivery-kit v1.1 collection; original document version retained in the front matter,False,9. Vendor realization and provisioning strategy,83,docs/templates/hld/9-vendor-realization-and-provisioning-strategy.md,911b87e6a36d903a12535d16d75f1875c0cefb6b72c462895f7c2559b556708c
AT,reference/Portable_Hosting_Delivery_Kits_v1_1/01_Architecture/HLD_and_Architecture_Review_Template.docx,Delivery-kit v1.1 collection; original document version retained in the front matter,False,10. Architecture review and engineering handoff,91,docs/templates/hld/10-architecture-review-and-engineering-handoff.md,911b87e6a36d903a12535d16d75f1875c0cefb6b72c462895f7c2559b556708c
SDP,reference/Portable_Hosting_Delivery_Kits_v1_1/01_Architecture/Service_Design_and_Decision_Development.docx,Delivery-kit v1.1 collection; original document version retained in the front matter,False,1. Define the offered service before choosing the build,15,docs/solutions/design-method/1-define-the-offered-service-before-choosing-the-build.md,133c2512e904737c1f410106fd1b421fba8309965af0621785b250402fb9214e
SDP,reference/Portable_Hosting_Delivery_Kits_v1_1/01_Architecture/Service_Design_and_Decision_Development.docx,Delivery-kit v1.1 collection; original document version retained in the front matter,False,2. Choose sharing at each infrastructure layer,25,docs/solutions/design-method/2-choose-sharing-at-each-infrastructure-layer.md,133c2512e904737c1f410106fd1b421fba8309965af0621785b250402fb9214e
SDP,reference/Portable_Hosting_Delivery_Kits_v1_1/01_Architecture/Service_Design_and_Decision_Development.docx,Delivery-kit v1.1 collection; original document version retained in the front matter,False,3. Develop a boundary architecture decision,36,docs/solutions/design-method/3-develop-a-boundary-architecture-decision.md,133c2512e904737c1f410106fd1b421fba8309965af0621785b250402fb9214e
SDP,reference/Portable_Hosting_Delivery_Kits_v1_1/01_Architecture/Service_Design_and_Decision_Development.docx,Delivery-kit v1.1 collection; original document version retained in the front matter,False,4. Turn dependencies into explicit service interfaces,46,docs/solutions/design-method/4-turn-dependencies-into-explicit-service-interfaces.md,133c2512e904737c1f410106fd1b421fba8309965af0621785b250402fb9214e
SDP,reference/Portable_Hosting_Delivery_Kits_v1_1/01_Architecture/Service_Design_and_Decision_Development.docx,Delivery-kit v1.1 collection; original document version retained in the front matter,False,5. Make capacity-on-demand and exit economically explainable,56,docs/solutions/design-method/5-make-capacity-on-demand-and-exit-economically-explainable.md,133c2512e904737c1f410106fd1b421fba8309965af0621785b250402fb9214e
SDP,reference/Portable_Hosting_Delivery_Kits_v1_1/01_Architecture/Service_Design_and_Decision_Development.docx,Delivery-kit v1.1 collection; original document version retained in the front matter,False,6. Release the architecture as an accountable engineering contract,66,docs/solutions/design-method/6-release-the-architecture-as-an-accountable-engineering-contract.md,133c2512e904737c1f410106fd1b421fba8309965af0621785b250402fb9214e
EK,reference/Portable_Hosting_Delivery_Kits_v1_1/02_Engineering/Engineering_Kit.docx,Delivery-kit v1.1 collection; original document version retained in the front matter,False,1. Engineering work plan and release boundary,17,docs/engineering/delivery-guide/1-engineering-work-plan-and-release-boundary.md,0aeb8ee0a114d3ed23e97c684cc9812a0fa6ea5252e49f0c902132bf4e053a7d
EK,reference/Portable_Hosting_Delivery_Kits_v1_1/02_Engineering/Engineering_Kit.docx,Delivery-kit v1.1 collection; original document version retained in the front matter,False,"2. Site, equipment and physical foundation",25,docs/engineering/delivery-guide/2-site-equipment-and-physical-foundation.md,0aeb8ee0a114d3ed23e97c684cc9812a0fa6ea5252e49f0c902132bf4e053a7d
EK,reference/Portable_Hosting_Delivery_Kits_v1_1/02_Engineering/Engineering_Kit.docx,Delivery-kit v1.1 collection; original document version retained in the front matter,False,"3. Addressing, routing, policy and attachment schedules",33,docs/engineering/delivery-guide/3-addressing-routing-policy-and-attachment-schedules.md,0aeb8ee0a114d3ed23e97c684cc9812a0fa6ea5252e49f0c902132bf4e053a7d
EK,reference/Portable_Hosting_Delivery_Kits_v1_1/02_Engineering/Engineering_Kit.docx,Delivery-kit v1.1 collection; original document version retained in the front matter,False,"4. Compute, storage and protected data",41,docs/engineering/delivery-guide/4-compute-storage-and-protected-data.md,0aeb8ee0a114d3ed23e97c684cc9812a0fa6ea5252e49f0c902132bf4e053a7d
EK,reference/Portable_Hosting_Delivery_Kits_v1_1/02_Engineering/Engineering_Kit.docx,Delivery-kit v1.1 collection; original document version retained in the front matter,False,5. Management and shared-service interfaces,49,docs/engineering/delivery-guide/5-management-and-shared-service-interfaces.md,0aeb8ee0a114d3ed23e97c684cc9812a0fa6ea5252e49f0c902132bf4e053a7d
EK,reference/Portable_Hosting_Delivery_Kits_v1_1/02_Engineering/Engineering_Kit.docx,Delivery-kit v1.1 collection; original document version retained in the front matter,False,"6. Capacity, MTU, performance and failure analysis",58,docs/engineering/delivery-guide/6-capacity-mtu-performance-and-failure-analysis.md,0aeb8ee0a114d3ed23e97c684cc9812a0fa6ea5252e49f0c902132bf4e053a7d
EK,reference/Portable_Hosting_Delivery_Kits_v1_1/02_Engineering/Engineering_Kit.docx,Delivery-kit v1.1 collection; original document version retained in the front matter,False,7. Supported stack and provisioning operation coverage,66,docs/engineering/delivery-guide/7-supported-stack-and-provisioning-operation-coverage.md,0aeb8ee0a114d3ed23e97c684cc9812a0fa6ea5252e49f0c902132bf4e053a7d
EK,reference/Portable_Hosting_Delivery_Kits_v1_1/02_Engineering/Engineering_Kit.docx,Delivery-kit v1.1 collection; original document version retained in the front matter,False,"8. Build, test and implementation handoff",74,docs/engineering/delivery-guide/8-build-test-and-implementation-handoff.md,0aeb8ee0a114d3ed23e97c684cc9812a0fa6ea5252e49f0c902132bf4e053a7d
ET,reference/Portable_Hosting_Delivery_Kits_v1_1/02_Engineering/LLD_and_Engineering_Review_Template.docx,Delivery-kit v1.1 collection; original document version retained in the front matter,False,"1. Design identity, scope and baseline",19,docs/templates/lld/1-design-identity-scope-and-baseline.md,b25a109f59a09baebb4dfc8c7f5069e9e98421ae5b009dba0e4b08117280511d
ET,reference/Portable_Hosting_Delivery_Kits_v1_1/02_Engineering/LLD_and_Engineering_Review_Template.docx,Delivery-kit v1.1 collection; original document version retained in the front matter,False,"2. Physical inventory, facility and port schedule",26,docs/templates/lld/2-physical-inventory-facility-and-port-schedule.md,b25a109f59a09baebb4dfc8c7f5069e9e98421ae5b009dba0e4b08117280511d
ET,reference/Portable_Hosting_Delivery_Kits_v1_1/02_Engineering/LLD_and_Engineering_Review_Template.docx,Delivery-kit v1.1 collection; original document version retained in the front matter,False,"3. Networks, addresses and native gateways",33,docs/templates/lld/3-networks-addresses-and-native-gateways.md,b25a109f59a09baebb4dfc8c7f5069e9e98421ae5b009dba0e4b08117280511d
ET,reference/Portable_Hosting_Delivery_Kits_v1_1/02_Engineering/LLD_and_Engineering_Review_Template.docx,Delivery-kit v1.1 collection; original document version retained in the front matter,False,"4. Routes, ZIPs and permitted flows",40,docs/templates/lld/4-routes-zips-and-permitted-flows.md,b25a109f59a09baebb4dfc8c7f5069e9e98421ae5b009dba0e4b08117280511d
ET,reference/Portable_Hosting_Delivery_Kits_v1_1/02_Engineering/LLD_and_Engineering_Review_Template.docx,Delivery-kit v1.1 collection; original document version retained in the front matter,False,"5. Compute, storage and placement",47,docs/templates/lld/5-compute-storage-and-placement.md,b25a109f59a09baebb4dfc8c7f5069e9e98421ae5b009dba0e4b08117280511d
ET,reference/Portable_Hosting_Delivery_Kits_v1_1/02_Engineering/LLD_and_Engineering_Review_Template.docx,Delivery-kit v1.1 collection; original document version retained in the front matter,False,"6. Management, services and trust",54,docs/templates/lld/6-management-services-and-trust.md,b25a109f59a09baebb4dfc8c7f5069e9e98421ae5b009dba0e4b08117280511d
ET,reference/Portable_Hosting_Delivery_Kits_v1_1/02_Engineering/LLD_and_Engineering_Review_Template.docx,Delivery-kit v1.1 collection; original document version retained in the front matter,False,"7. Capacity, MTU and failure calculations",61,docs/templates/lld/7-capacity-mtu-and-failure-calculations.md,b25a109f59a09baebb4dfc8c7f5069e9e98421ae5b009dba0e4b08117280511d
ET,reference/Portable_Hosting_Delivery_Kits_v1_1/02_Engineering/LLD_and_Engineering_Review_Template.docx,Delivery-kit v1.1 collection; original document version retained in the front matter,False,8. Exact platform and tool operation coverage,68,docs/templates/lld/8-exact-platform-and-tool-operation-coverage.md,b25a109f59a09baebb4dfc8c7f5069e9e98421ae5b009dba0e4b08117280511d
ET,reference/Portable_Hosting_Delivery_Kits_v1_1/02_Engineering/LLD_and_Engineering_Review_Template.docx,Delivery-kit v1.1 collection; original document version retained in the front matter,False,9. Build and qualification design,75,docs/templates/lld/9-build-and-qualification-design.md,b25a109f59a09baebb4dfc8c7f5069e9e98421ae5b009dba0e4b08117280511d
ET,reference/Portable_Hosting_Delivery_Kits_v1_1/02_Engineering/LLD_and_Engineering_Review_Template.docx,Delivery-kit v1.1 collection; original document version retained in the front matter,False,10. Engineering review and controlled handoff,82,docs/templates/lld/10-engineering-review-and-controlled-handoff.md,b25a109f59a09baebb4dfc8c7f5069e9e98421ae5b009dba0e4b08117280511d
NBD,reference/Portable_Hosting_Delivery_Kits_v1_1/02_Engineering/Network_and_Boundary_Detailed_Engineering.docx,Delivery-kit v1.1 collection; original document version retained in the front matter,False,1. Count and assign the actual isolation units,16,docs/engineering/network-boundaries/1-count-and-assign-the-actual-isolation-units.md,7a86351d7f4be320e48d3112485bbab4b0f5b4a79cd0e420a823c793a708733a
NBD,reference/Portable_Hosting_Delivery_Kits_v1_1/02_Engineering/Network_and_Boundary_Detailed_Engineering.docx,Delivery-kit v1.1 collection; original document version retained in the front matter,False,2. Walk F14-01 through the forward and reply routes,26,docs/engineering/network-boundaries/2-walk-f14-01-through-the-forward-and-reply-routes.md,7a86351d7f4be320e48d3112485bbab4b0f5b4a79cd0e420a823c793a708733a
NBD,reference/Portable_Hosting_Delivery_Kits_v1_1/02_Engineering/Network_and_Boundary_Detailed_Engineering.docx,Delivery-kit v1.1 collection; original document version retained in the front matter,False,3. Make service replies choose the originating context,38,docs/engineering/network-boundaries/3-make-service-replies-choose-the-originating-context.md,7a86351d7f4be320e48d3112485bbab4b0f5b4a79cd0e420a823c793a708733a
NBD,reference/Portable_Hosting_Delivery_Kits_v1_1/02_Engineering/Network_and_Boundary_Detailed_Engineering.docx,Delivery-kit v1.1 collection; original document version retained in the front matter,False,4. Budget address families and encapsulation precisely,49,docs/engineering/network-boundaries/4-budget-address-families-and-encapsulation-precisely.md,7a86351d7f4be320e48d3112485bbab4b0f5b4a79cd0e420a823c793a708733a
NBD,reference/Portable_Hosting_Delivery_Kits_v1_1/02_Engineering/Network_and_Boundary_Detailed_Engineering.docx,Delivery-kit v1.1 collection; original document version retained in the front matter,False,5. Keep fabric authority separate from tenant routing,60,docs/engineering/network-boundaries/5-keep-fabric-authority-separate-from-tenant-routing.md,7a86351d7f4be320e48d3112485bbab4b0f5b4a79cd0e420a823c793a708733a
NBD,reference/Portable_Hosting_Delivery_Kits_v1_1/02_Engineering/Network_and_Boundary_Detailed_Engineering.docx,Delivery-kit v1.1 collection; original document version retained in the front matter,False,6. Issue an interface control and handoff record,70,docs/engineering/network-boundaries/6-issue-an-interface-control-and-handoff-record.md,7a86351d7f4be320e48d3112485bbab4b0f5b4a79cd0e420a823c793a708733a
NBD,reference/Portable_Hosting_Delivery_Kits_v1_1/02_Engineering/Network_and_Boundary_Detailed_Engineering.docx,Delivery-kit v1.1 collection; original document version retained in the front matter,False,7. Release the network design under an explicit failure model,79,docs/engineering/network-boundaries/7-release-the-network-design-under-an-explicit-failure-model.md,7a86351d7f4be320e48d3112485bbab4b0f5b4a79cd0e420a823c793a708733a
PBS,reference/Portable_Hosting_Delivery_Kits_v1_1/02_Engineering/Platform_Engineering_and_Build_Specifications.docx,Delivery-kit v1.1 collection; original document version retained in the front matter,False,1. Choose the platform boundary and configuration owner,18,docs/engineering/platform-build/1-choose-the-platform-boundary-and-configuration-owner.md,8c2dd9e86b4ea021922777a963534c6b52d85dff8ee398c3a12cc81287356643
PBS,reference/Portable_Hosting_Delivery_Kits_v1_1/02_Engineering/Platform_Engineering_and_Build_Specifications.docx,Delivery-kit v1.1 collection; original document version retained in the front matter,False,2. Nutanix: commission the hosting cell,28,docs/engineering/platform-build/2-nutanix-commission-the-hosting-cell.md,8c2dd9e86b4ea021922777a963534c6b52d85dff8ee398c3a12cc81287356643
PBS,reference/Portable_Hosting_Delivery_Kits_v1_1/02_Engineering/Platform_Engineering_and_Build_Specifications.docx,Delivery-kit v1.1 collection; original document version retained in the front matter,False,3. Nutanix: realize a tenant and its workload domains,39,docs/engineering/platform-build/3-nutanix-realize-a-tenant-and-its-workload-domains.md,8c2dd9e86b4ea021922777a963534c6b52d85dff8ee398c3a12cc81287356643
PBS,reference/Portable_Hosting_Delivery_Kits_v1_1/02_Engineering/Platform_Engineering_and_Build_Specifications.docx,Delivery-kit v1.1 collection; original document version retained in the front matter,False,"4. VMware/NSX: commission transport, compute and edge roles",50,docs/engineering/platform-build/4-vmware-nsx-commission-transport-compute-and-edge-roles.md,8c2dd9e86b4ea021922777a963534c6b52d85dff8ee398c3a12cc81287356643
PBS,reference/Portable_Hosting_Delivery_Kits_v1_1/02_Engineering/Platform_Engineering_and_Build_Specifications.docx,Delivery-kit v1.1 collection; original document version retained in the front matter,False,"5. VMware/NSX: bind domain, workload and policy lifecycles",61,docs/engineering/platform-build/5-vmware-nsx-bind-domain-workload-and-policy-lifecycles.md,8c2dd9e86b4ea021922777a963534c6b52d85dff8ee398c3a12cc81287356643
PBS,reference/Portable_Hosting_Delivery_Kits_v1_1/02_Engineering/Platform_Engineering_and_Build_Specifications.docx,Delivery-kit v1.1 collection; original document version retained in the front matter,False,"6. OpenStack: commission a distribution, not a generic label",72,docs/engineering/platform-build/6-openstack-commission-a-distribution-not-a-generic-label.md,8c2dd9e86b4ea021922777a963534c6b52d85dff8ee398c3a12cc81287356643
PBS,reference/Portable_Hosting_Delivery_Kits_v1_1/02_Engineering/Platform_Engineering_and_Build_Specifications.docx,Delivery-kit v1.1 collection; original document version retained in the front matter,False,7. OpenStack: protect mandatory network mutation,84,docs/engineering/platform-build/7-openstack-protect-mandatory-network-mutation.md,8c2dd9e86b4ea021922777a963534c6b52d85dff8ee398c3a12cc81287356643
PBS,reference/Portable_Hosting_Delivery_Kits_v1_1/02_Engineering/Platform_Engineering_and_Build_Specifications.docx,Delivery-kit v1.1 collection; original document version retained in the front matter,False,8. Publish shared-service handoffs without sharing authority,95,docs/engineering/platform-build/8-publish-shared-service-handoffs-without-sharing-authority.md,8c2dd9e86b4ea021922777a963534c6b52d85dff8ee398c3a12cc81287356643
PBS,reference/Portable_Hosting_Delivery_Kits_v1_1/02_Engineering/Platform_Engineering_and_Build_Specifications.docx,Delivery-kit v1.1 collection; original document version retained in the front matter,False,9. Release a native build package that can be independently reviewed,105,docs/engineering/platform-build/9-release-a-native-build-package-that-can-be-independently-reviewed.md,8c2dd9e86b4ea021922777a963534c6b52d85dff8ee398c3a12cc81287356643
VRC,reference/Portable_Hosting_Delivery_Kits_v1_1/02_Engineering/Vendor_Realization_Cards.docx,Delivery-kit v1.1 collection; original document version retained in the front matter,False,1. Common scope and native implementation contract,16,docs/engineering/vendor-cards/1-common-scope-and-native-implementation-contract.md,5e453a432a4b6c5af7d75ba266945bdb9e01118757cbeec1e15d81f92be32ab0
VRC,reference/Portable_Hosting_Delivery_Kits_v1_1/02_Engineering/Vendor_Realization_Cards.docx,Delivery-kit v1.1 collection; original document version retained in the front matter,False,2. Nutanix realization card,24,docs/engineering/vendor-cards/2-nutanix-realization-card.md,5e453a432a4b6c5af7d75ba266945bdb9e01118757cbeec1e15d81f92be32ab0
VRC,reference/Portable_Hosting_Delivery_Kits_v1_1/02_Engineering/Vendor_Realization_Cards.docx,Delivery-kit v1.1 collection; original document version retained in the front matter,False,3. VMware and NSX realization card,33,docs/engineering/vendor-cards/3-vmware-and-nsx-realization-card.md,5e453a432a4b6c5af7d75ba266945bdb9e01118757cbeec1e15d81f92be32ab0
VRC,reference/Portable_Hosting_Delivery_Kits_v1_1/02_Engineering/Vendor_Realization_Cards.docx,Delivery-kit v1.1 collection; original document version retained in the front matter,False,4. OpenStack realization card,42,docs/engineering/vendor-cards/4-openstack-realization-card.md,5e453a432a4b6c5af7d75ba266945bdb9e01118757cbeec1e15d81f92be32ab0
VRC,reference/Portable_Hosting_Delivery_Kits_v1_1/02_Engineering/Vendor_Realization_Cards.docx,Delivery-kit v1.1 collection; original document version retained in the front matter,False,5. Physical fabric and OOB realization card,51,docs/engineering/vendor-cards/5-physical-fabric-and-oob-realization-card.md,5e453a432a4b6c5af7d75ba266945bdb9e01118757cbeec1e15d81f92be32ab0
VRC,reference/Portable_Hosting_Delivery_Kits_v1_1/02_Engineering/Vendor_Realization_Cards.docx,Delivery-kit v1.1 collection; original document version retained in the front matter,False,6. Shared services and security-edge realization card,59,docs/engineering/vendor-cards/6-shared-services-and-security-edge-realization-card.md,5e453a432a4b6c5af7d75ba266945bdb9e01118757cbeec1e15d81f92be32ab0
VRC,reference/Portable_Hosting_Delivery_Kits_v1_1/02_Engineering/Vendor_Realization_Cards.docx,Delivery-kit v1.1 collection; original document version retained in the front matter,False,"7. Support tuple, variations and evidence checklist",67,docs/engineering/vendor-cards/7-support-tuple-variations-and-evidence-checklist.md,5e453a432a4b6c5af7d75ba266945bdb9e01118757cbeec1e15d81f92be32ab0
IK,reference/Portable_Hosting_Delivery_Kits_v1_1/03_Implementation/Implementation_Kit.docx,Delivery-kit v1.1 collection; original document version retained in the front matter,False,1. Implementation workplan and required inputs,18,docs/implementation/delivery-guide/1-implementation-workplan-and-required-inputs.md,b16b8843bfbafd1b417d611903f5b8038f4794efd4f22c995bee1cb36f9ebb41
IK,reference/Portable_Hosting_Delivery_Kits_v1_1/03_Implementation/Implementation_Kit.docx,Delivery-kit v1.1 collection; original document version retained in the front matter,False,"2. Work packages, dependencies and authority",25,docs/implementation/delivery-guide/2-work-packages-dependencies-and-authority.md,b16b8843bfbafd1b417d611903f5b8038f4794efd4f22c995bee1cb36f9ebb41
IK,reference/Portable_Hosting_Delivery_Kits_v1_1/03_Implementation/Implementation_Kit.docx,Delivery-kit v1.1 collection; original document version retained in the front matter,False,"3. Staging, bootstrap and physical commissioning",32,docs/implementation/delivery-guide/3-staging-bootstrap-and-physical-commissioning.md,b16b8843bfbafd1b417d611903f5b8038f4794efd4f22c995bee1cb36f9ebb41
IK,reference/Portable_Hosting_Delivery_Kits_v1_1/03_Implementation/Implementation_Kit.docx,Delivery-kit v1.1 collection; original document version retained in the front matter,False,4. Native platform commissioning tracks,39,docs/implementation/delivery-guide/4-native-platform-commissioning-tracks.md,b16b8843bfbafd1b417d611903f5b8038f4794efd4f22c995bee1cb36f9ebb41
IK,reference/Portable_Hosting_Delivery_Kits_v1_1/03_Implementation/Implementation_Kit.docx,Delivery-kit v1.1 collection; original document version retained in the front matter,False,"5. Shared security, services and protection",50,docs/implementation/delivery-guide/5-shared-security-services-and-protection.md,b16b8843bfbafd1b417d611903f5b8038f4794efd4f22c995bee1cb36f9ebb41
IK,reference/Portable_Hosting_Delivery_Kits_v1_1/03_Implementation/Implementation_Kit.docx,Delivery-kit v1.1 collection; original document version retained in the front matter,False,6. Restricted qualification and meaningful observations,57,docs/implementation/delivery-guide/6-restricted-qualification-and-meaningful-observations.md,b16b8843bfbafd1b417d611903f5b8038f4794efd4f22c995bee1cb36f9ebb41
IK,reference/Portable_Hosting_Delivery_Kits_v1_1/03_Implementation/Implementation_Kit.docx,Delivery-kit v1.1 collection; original document version retained in the front matter,False,7. Tenant provisioning and controlled production activation,65,docs/implementation/delivery-guide/7-tenant-provisioning-and-controlled-production-activation.md,b16b8843bfbafd1b417d611903f5b8038f4794efd4f22c995bee1cb36f9ebb41
IK,reference/Portable_Hosting_Delivery_Kits_v1_1/03_Implementation/Implementation_Kit.docx,Delivery-kit v1.1 collection; original document version retained in the front matter,False,"8. Interrupted work, brownfield adoption and change",72,docs/implementation/delivery-guide/8-interrupted-work-brownfield-adoption-and-change.md,b16b8843bfbafd1b417d611903f5b8038f4794efd4f22c995bee1cb36f9ebb41
IK,reference/Portable_Hosting_Delivery_Kits_v1_1/03_Implementation/Implementation_Kit.docx,Delivery-kit v1.1 collection; original document version retained in the front matter,False,"9. Operational handover, recovery, migration and retirement",80,docs/implementation/delivery-guide/9-operational-handover-recovery-migration-and-retirement.md,b16b8843bfbafd1b417d611903f5b8038f4794efd4f22c995bee1cb36f9ebb41
IT,reference/Portable_Hosting_Delivery_Kits_v1_1/03_Implementation/MOP_Test_and_Handover_Template.docx,Delivery-kit v1.1 collection; original document version retained in the front matter,False,1. Change and method-of-procedure cover,17,docs/templates/implementation-mop/1-change-and-method-of-procedure-cover.md,9a7dd8df4a5abf6482f206cae2d074444ac6fa812bbe4bace970a4de059da370
IT,reference/Portable_Hosting_Delivery_Kits_v1_1/03_Implementation/MOP_Test_and_Handover_Template.docx,Delivery-kit v1.1 collection; original document version retained in the front matter,False,2. Repeatable execution-step record,24,docs/templates/implementation-mop/2-repeatable-execution-step-record.md,9a7dd8df4a5abf6482f206cae2d074444ac6fa812bbe4bace970a4de059da370
IT,reference/Portable_Hosting_Delivery_Kits_v1_1/03_Implementation/MOP_Test_and_Handover_Template.docx,Delivery-kit v1.1 collection; original document version retained in the front matter,False,"3. As-built, deviation and defect record",31,docs/templates/implementation-mop/3-as-built-deviation-and-defect-record.md,9a7dd8df4a5abf6482f206cae2d074444ac6fa812bbe4bace970a4de059da370
IT,reference/Portable_Hosting_Delivery_Kits_v1_1/03_Implementation/MOP_Test_and_Handover_Template.docx,Delivery-kit v1.1 collection; original document version retained in the front matter,False,4. Test procedure and actual execution record,38,docs/templates/implementation-mop/4-test-procedure-and-actual-execution-record.md,9a7dd8df4a5abf6482f206cae2d074444ac6fa812bbe4bace970a4de059da370
IT,reference/Portable_Hosting_Delivery_Kits_v1_1/03_Implementation/MOP_Test_and_Handover_Template.docx,Delivery-kit v1.1 collection; original document version retained in the front matter,False,5. Recovery exercise and data acceptance,45,docs/templates/implementation-mop/5-recovery-exercise-and-data-acceptance.md,9a7dd8df4a5abf6482f206cae2d074444ac6fa812bbe4bace970a4de059da370
IT,reference/Portable_Hosting_Delivery_Kits_v1_1/03_Implementation/MOP_Test_and_Handover_Template.docx,Delivery-kit v1.1 collection; original document version retained in the front matter,False,6. Operational handover and initial readiness,52,docs/templates/implementation-mop/6-operational-handover-and-initial-readiness.md,9a7dd8df4a5abf6482f206cae2d074444ac6fa812bbe4bace970a4de059da370
IT,reference/Portable_Hosting_Delivery_Kits_v1_1/03_Implementation/MOP_Test_and_Handover_Template.docx,Delivery-kit v1.1 collection; original document version retained in the front matter,False,7. Gate decision and production activation,59,docs/templates/implementation-mop/7-gate-decision-and-production-activation.md,9a7dd8df4a5abf6482f206cae2d074444ac6fa812bbe4bace970a4de059da370
IT,reference/Portable_Hosting_Delivery_Kits_v1_1/03_Implementation/MOP_Test_and_Handover_Template.docx,Delivery-kit v1.1 collection; original document version retained in the front matter,False,"8. Migration, retirement and retained data",66,docs/templates/implementation-mop/8-migration-retirement-and-retained-data.md,9a7dd8df4a5abf6482f206cae2d074444ac6fa812bbe4bace970a4de059da370
OPS,reference/Portable_Hosting_Delivery_Kits_v1_1/03_Implementation/Operations_Recovery_and_Transition_Playbook.docx,Delivery-kit v1.1 collection; original document version retained in the front matter,False,1. Operate service outcomes rather than isolated components,17,docs/operations/recovery-transition/1-operate-service-outcomes-rather-than-isolated-components.md,d935614ed1639f56859dfe29bc226af4cfced35bafeb7d544440577ddaa95a09
OPS,reference/Portable_Hosting_Delivery_Kits_v1_1/03_Implementation/Operations_Recovery_and_Transition_Playbook.docx,Delivery-kit v1.1 collection; original document version retained in the front matter,False,2. Specify dependency loss before it becomes an incident,26,docs/operations/recovery-transition/2-specify-dependency-loss-before-it-becomes-an-incident.md,d935614ed1639f56859dfe29bc226af4cfced35bafeb7d544440577ddaa95a09
OPS,reference/Portable_Hosting_Delivery_Kits_v1_1/03_Implementation/Operations_Recovery_and_Transition_Playbook.docx,Delivery-kit v1.1 collection; original document version retained in the front matter,False,3. Run maintenance and recover interrupted changes,35,docs/operations/recovery-transition/3-run-maintenance-and-recover-interrupted-changes.md,d935614ed1639f56859dfe29bc226af4cfced35bafeb7d544440577ddaa95a09
OPS,reference/Portable_Hosting_Delivery_Kits_v1_1/03_Implementation/Operations_Recovery_and_Transition_Playbook.docx,Delivery-kit v1.1 collection; original document version retained in the front matter,False,4. Recover the service in dependency order,45,docs/operations/recovery-transition/4-recover-the-service-in-dependency-order.md,d935614ed1639f56859dfe29bc226af4cfced35bafeb7d544440577ddaa95a09
OPS,reference/Portable_Hosting_Delivery_Kits_v1_1/03_Implementation/Operations_Recovery_and_Transition_Playbook.docx,Delivery-kit v1.1 collection; original document version retained in the front matter,False,5. Calculate the recovery critical path and data point,54,docs/operations/recovery-transition/5-calculate-the-recovery-critical-path-and-data-point.md,d935614ed1639f56859dfe29bc226af4cfced35bafeb7d544440577ddaa95a09
OPS,reference/Portable_Hosting_Delivery_Kits_v1_1/03_Implementation/Operations_Recovery_and_Transition_Playbook.docx,Delivery-kit v1.1 collection; original document version retained in the front matter,False,6. Migrate and fail back without conflicting writers,66,docs/operations/recovery-transition/6-migrate-and-fail-back-without-conflicting-writers.md,d935614ed1639f56859dfe29bc226af4cfced35bafeb7d544440577ddaa95a09
OPS,reference/Portable_Hosting_Delivery_Kits_v1_1/03_Implementation/Operations_Recovery_and_Transition_Playbook.docx,Delivery-kit v1.1 collection; original document version retained in the front matter,False,7. Retire live service separately from retained data,76,docs/operations/recovery-transition/7-retire-live-service-separately-from-retained-data.md,d935614ed1639f56859dfe29bc226af4cfced35bafeb7d544440577ddaa95a09
OPS,reference/Portable_Hosting_Delivery_Kits_v1_1/03_Implementation/Operations_Recovery_and_Transition_Playbook.docx,Delivery-kit v1.1 collection; original document version retained in the front matter,False,8. Accept operational responsibility for the delivered scope,86,docs/operations/recovery-transition/8-accept-operational-responsibility-for-the-delivered-scope.md,d935614ed1639f56859dfe29bc226af4cfced35bafeb7d544440577ddaa95a09
QCP,reference/Portable_Hosting_Delivery_Kits_v1_1/03_Implementation/Qualification_Campaign_and_Evidence_Procedures.docx,Delivery-kit v1.1 collection; original document version retained in the front matter,False,1. Select the qualification scope and acceptance claim,17,docs/assurance/qualification-campaign/1-select-the-qualification-scope-and-acceptance-claim.md,910b84a7b1772f27a456df31a09a96878a72e0f66c8f38cb7e5daaf79254007c
QCP,reference/Portable_Hosting_Delivery_Kits_v1_1/03_Implementation/Qualification_Campaign_and_Evidence_Procedures.docx,Delivery-kit v1.1 collection; original document version retained in the front matter,False,2. Size and control the qualification fixture,27,docs/assurance/qualification-campaign/2-size-and-control-the-qualification-fixture.md,910b84a7b1772f27a456df31a09a96878a72e0f66c8f38cb7e5daaf79254007c
QCP,reference/Portable_Hosting_Delivery_Kits_v1_1/03_Implementation/Qualification_Campaign_and_Evidence_Procedures.docx,Delivery-kit v1.1 collection; original document version retained in the front matter,False,3. Observe network paths and boundary enforcement,38,docs/assurance/qualification-campaign/3-observe-network-paths-and-boundary-enforcement.md,910b84a7b1772f27a456df31a09a96878a72e0f66c8f38cb7e5daaf79254007c
QCP,reference/Portable_Hosting_Delivery_Kits_v1_1/03_Implementation/Qualification_Campaign_and_Evidence_Procedures.docx,Delivery-kit v1.1 collection; original document version retained in the front matter,False,"4. Observe identity, storage and protocol completeness",47,docs/assurance/qualification-campaign/4-observe-identity-storage-and-protocol-completeness.md,910b84a7b1772f27a456df31a09a96878a72e0f66c8f38cb7e5daaf79254007c
QCP,reference/Portable_Hosting_Delivery_Kits_v1_1/03_Implementation/Qualification_Campaign_and_Evidence_Procedures.docx,Delivery-kit v1.1 collection; original document version retained in the front matter,False,"5. Separate safe failure, service continuity and recovery",56,docs/assurance/qualification-campaign/5-separate-safe-failure-service-continuity-and-recovery.md,910b84a7b1772f27a456df31a09a96878a72e0f66c8f38cb7e5daaf79254007c
QCP,reference/Portable_Hosting_Delivery_Kits_v1_1/03_Implementation/Qualification_Campaign_and_Evidence_Procedures.docx,Delivery-kit v1.1 collection; original document version retained in the front matter,False,6. Build an evidence packet a reviewer can challenge,65,docs/assurance/qualification-campaign/6-build-an-evidence-packet-a-reviewer-can-challenge.md,910b84a7b1772f27a456df31a09a96878a72e0f66c8f38cb7e5daaf79254007c
QCP,reference/Portable_Hosting_Delivery_Kits_v1_1/03_Implementation/Qualification_Campaign_and_Evidence_Procedures.docx,Delivery-kit v1.1 collection; original document version retained in the front matter,False,7. Compare vendor realizations without assuming migration,75,docs/assurance/qualification-campaign/7-compare-vendor-realizations-without-assuming-migration.md,910b84a7b1772f27a456df31a09a96878a72e0f66c8f38cb7e5daaf79254007c
QCP,reference/Portable_Hosting_Delivery_Kits_v1_1/03_Implementation/Qualification_Campaign_and_Evidence_Procedures.docx,Delivery-kit v1.1 collection; original document version retained in the front matter,False,8. Close defects and issue a scoped campaign disposition,85,docs/assurance/qualification-campaign/8-close-defects-and-issue-a-scoped-campaign-disposition.md,910b84a7b1772f27a456df31a09a96878a72e0f66c8f38cb7e5daaf79254007c
WDE,reference/Portable_Hosting_Delivery_Kits_v1_1/04_Shared/Worked_Delivery_Example.docx,Delivery-kit v1.1 collection; original document version retained in the front matter,False,1. Trace one decision into engineering and evidence,16,docs/solutions/worked-delivery/1-trace-one-decision-into-engineering-and-evidence.md,ae4ea65ea564fe848f214f5154ca4b67726eb6628d07a4b4f7714210e49ccd0d
WDE,reference/Portable_Hosting_Delivery_Kits_v1_1/04_Shared/Worked_Delivery_Example.docx,Delivery-kit v1.1 collection; original document version retained in the front matter,False,2. Resource and boundary schedule,23,docs/solutions/worked-delivery/2-resource-and-boundary-schedule.md,ae4ea65ea564fe848f214f5154ca4b67726eb6628d07a4b4f7714210e49ccd0d
WDE,reference/Portable_Hosting_Delivery_Kits_v1_1/04_Shared/Worked_Delivery_Example.docx,Delivery-kit v1.1 collection; original document version retained in the front matter,False,"3. Forward route, return route and service permission",33,docs/solutions/worked-delivery/3-forward-route-return-route-and-service-permission.md,ae4ea65ea564fe848f214f5154ca4b67726eb6628d07a4b4f7714210e49ccd0d
WDE,reference/Portable_Hosting_Delivery_Kits_v1_1/04_Shared/Worked_Delivery_Example.docx,Delivery-kit v1.1 collection; original document version retained in the front matter,False,4. Native realization and provisioning ownership,41,docs/solutions/worked-delivery/4-native-realization-and-provisioning-ownership.md,ae4ea65ea564fe848f214f5154ca4b67726eb6628d07a4b4f7714210e49ccd0d
WDE,reference/Portable_Hosting_Delivery_Kits_v1_1/04_Shared/Worked_Delivery_Example.docx,Delivery-kit v1.1 collection; original document version retained in the front matter,False,"5. Commission, qualify, prepare and activate",49,docs/solutions/worked-delivery/5-commission-qualify-prepare-and-activate.md,ae4ea65ea564fe848f214f5154ca4b67726eb6628d07a4b4f7714210e49ccd0d
WDE,reference/Portable_Hosting_Delivery_Kits_v1_1/04_Shared/Worked_Delivery_Example.docx,Delivery-kit v1.1 collection; original document version retained in the front matter,False,6. Capacity and test-resource accounting,56,docs/solutions/worked-delivery/6-capacity-and-test-resource-accounting.md,ae4ea65ea564fe848f214f5154ca4b67726eb6628d07a4b4f7714210e49ccd0d
WDE,reference/Portable_Hosting_Delivery_Kits_v1_1/04_Shared/Worked_Delivery_Example.docx,Delivery-kit v1.1 collection; original document version retained in the front matter,False,"7. Observe, recover and retire without invented results",65,docs/solutions/worked-delivery/7-observe-recover-and-retire-without-invented-results.md,ae4ea65ea564fe848f214f5154ca4b67726eb6628d07a4b4f7714210e49ccd0d
RA,reference/Portable_Hosting_Delivery_Kits_v1_1/05_Reference_v1_4/00_Reference_Architecture_v1_4.docx,Draft v1.4,False,"1. Purpose, scope and architectural authority",61,docs/architecture/reference/1-purpose-scope-and-architectural-authority.md,e50894d7f7b87cef50a283399b85925c8a96c5b9cd0428ce71ca0143d9be8d19
RA,reference/Portable_Hosting_Delivery_Kits_v1_1/05_Reference_v1_4/00_Reference_Architecture_v1_4.docx,Draft v1.4,False,2. Design drivers and selected reference pattern,74,docs/architecture/reference/2-design-drivers-and-selected-reference-pattern.md,e50894d7f7b87cef50a283399b85925c8a96c5b9cd0428ce71ca0143d9be8d19
RA,reference/Portable_Hosting_Delivery_Kits_v1_1/05_Reference_v1_4/00_Reference_Architecture_v1_4.docx,Draft v1.4,False,3. System context and physical hosting topology,84,docs/architecture/reference/3-system-context-and-physical-hosting-topology.md,e50894d7f7b87cef50a283399b85925c8a96c5b9cd0428ce71ca0143d9be8d19
RA,reference/Portable_Hosting_Delivery_Kits_v1_1/05_Reference_v1_4/00_Reference_Architecture_v1_4.docx,Draft v1.4,False,"4. Hosting cells, resource pools and failure boundaries",93,docs/architecture/reference/4-hosting-cells-resource-pools-and-failure-boundaries.md,e50894d7f7b87cef50a283399b85925c8a96c5b9cd0428ce71ca0143d9be8d19
RA,reference/Portable_Hosting_Delivery_Kits_v1_1/05_Reference_v1_4/00_Reference_Architecture_v1_4.docx,Draft v1.4,False,5. Physical fabric and platform attachment,103,docs/architecture/reference/5-physical-fabric-and-platform-attachment.md,e50894d7f7b87cef50a283399b85925c8a96c5b9cd0428ce71ca0143d9be8d19
RA,reference/Portable_Hosting_Delivery_Kits_v1_1/05_Reference_v1_4/00_Reference_Architecture_v1_4.docx,Draft v1.4,False,"6. Management, platform control and out-of-band access",117,docs/architecture/reference/6-management-platform-control-and-out-of-band-access.md,e50894d7f7b87cef50a283399b85925c8a96c5b9cd0428ce71ca0143d9be8d19
RA,reference/Portable_Hosting_Delivery_Kits_v1_1/05_Reference_v1_4/00_Reference_Architecture_v1_4.docx,Draft v1.4,False,7. Tenant environments and security-domain placement,128,docs/architecture/reference/7-tenant-environments-and-security-domain-placement.md,e50894d7f7b87cef50a283399b85925c8a96c5b9cd0428ce71ca0143d9be8d19
RA,reference/Portable_Hosting_Delivery_Kits_v1_1/05_Reference_v1_4/00_Reference_Architecture_v1_4.docx,Draft v1.4,False,"8. Zone interfaces, routing and security-edge topology",140,docs/architecture/reference/8-zone-interfaces-routing-and-security-edge-topology.md,e50894d7f7b87cef50a283399b85925c8a96c5b9cd0428ce71ca0143d9be8d19
RA,reference/Portable_Hosting_Delivery_Kits_v1_1/05_Reference_v1_4/00_Reference_Architecture_v1_4.docx,Draft v1.4,False,"9. Shared services, ingress and controlled egress",154,docs/architecture/reference/9-shared-services-ingress-and-controlled-egress.md,e50894d7f7b87cef50a283399b85925c8a96c5b9cd0428ce71ca0143d9be8d19
RA,reference/Portable_Hosting_Delivery_Kits_v1_1/05_Reference_v1_4/00_Reference_Architecture_v1_4.docx,Draft v1.4,False,"10. Addressing, name services and end-to-end traffic",166,docs/architecture/reference/10-addressing-name-services-and-end-to-end-traffic.md,e50894d7f7b87cef50a283399b85925c8a96c5b9cd0428ce71ca0143d9be8d19
RA,reference/Portable_Hosting_Delivery_Kits_v1_1/05_Reference_v1_4/00_Reference_Architecture_v1_4.docx,Draft v1.4,False,"11. Compute pools, hypervisors and workload placement",176,docs/architecture/reference/11-compute-pools-hypervisors-and-workload-placement.md,e50894d7f7b87cef50a283399b85925c8a96c5b9cd0428ce71ca0143d9be8d19
RA,reference/Portable_Hosting_Delivery_Kits_v1_1/05_Reference_v1_4/00_Reference_Architecture_v1_4.docx,Draft v1.4,False,"12. Storage, backup and data-isolation architecture",186,docs/architecture/reference/12-storage-backup-and-data-isolation-architecture.md,e50894d7f7b87cef50a283399b85925c8a96c5b9cd0428ce71ca0143d9be8d19
RA,reference/Portable_Hosting_Delivery_Kits_v1_1/05_Reference_v1_4/00_Reference_Architecture_v1_4.docx,Draft v1.4,False,"13. Identity, cryptography and service trust",198,docs/architecture/reference/13-identity-cryptography-and-service-trust.md,e50894d7f7b87cef50a283399b85925c8a96c5b9cd0428ce71ca0143d9be8d19
RA,reference/Portable_Hosting_Delivery_Kits_v1_1/05_Reference_v1_4/00_Reference_Architecture_v1_4.docx,Draft v1.4,False,"14. Availability, multi-site operation and recovery topology",209,docs/architecture/reference/14-availability-multi-site-operation-and-recovery-topology.md,e50894d7f7b87cef50a283399b85925c8a96c5b9cd0428ce71ca0143d9be8d19
RA,reference/Portable_Hosting_Delivery_Kits_v1_1/05_Reference_v1_4/00_Reference_Architecture_v1_4.docx,Draft v1.4,False,15. Cross-vendor realization model,219,docs/architecture/reference/15-cross-vendor-realization-model.md,e50894d7f7b87cef50a283399b85925c8a96c5b9cd0428ce71ca0143d9be8d19
RA,reference/Portable_Hosting_Delivery_Kits_v1_1/05_Reference_v1_4/00_Reference_Architecture_v1_4.docx,Draft v1.4,False,16. Nutanix hosting-stack reference realization,231,docs/architecture/reference/16-nutanix-hosting-stack-reference-realization.md,e50894d7f7b87cef50a283399b85925c8a96c5b9cd0428ce71ca0143d9be8d19
RA,reference/Portable_Hosting_Delivery_Kits_v1_1/05_Reference_v1_4/00_Reference_Architecture_v1_4.docx,Draft v1.4,False,17. VMware and NSX hosting-stack reference realization,248,docs/architecture/reference/17-vmware-and-nsx-hosting-stack-reference-realization.md,e50894d7f7b87cef50a283399b85925c8a96c5b9cd0428ce71ca0143d9be8d19
RA,reference/Portable_Hosting_Delivery_Kits_v1_1/05_Reference_v1_4/00_Reference_Architecture_v1_4.docx,Draft v1.4,False,18. OpenStack hosting-stack reference realization,265,docs/architecture/reference/18-openstack-hosting-stack-reference-realization.md,e50894d7f7b87cef50a283399b85925c8a96c5b9cd0428ce71ca0143d9be8d19
RA,reference/Portable_Hosting_Delivery_Kits_v1_1/05_Reference_v1_4/00_Reference_Architecture_v1_4.docx,Draft v1.4,False,19. Physical workloads and future platform extensions,282,docs/architecture/reference/19-physical-workloads-and-future-platform-extensions.md,e50894d7f7b87cef50a283399b85925c8a96c5b9cd0428ce71ca0143d9be8d19
RA,reference/Portable_Hosting_Delivery_Kits_v1_1/05_Reference_v1_4/00_Reference_Architecture_v1_4.docx,Draft v1.4,False,20. Provisioning model and infrastructure work packages,290,docs/architecture/reference/20-provisioning-model-and-infrastructure-work-packages.md,e50894d7f7b87cef50a283399b85925c8a96c5b9cd0428ce71ca0143d9be8d19
RA,reference/Portable_Hosting_Delivery_Kits_v1_1/05_Reference_v1_4/00_Reference_Architecture_v1_4.docx,Draft v1.4,False,21. Day-0 bootstrap and physical commissioning,302,docs/architecture/reference/21-day-0-bootstrap-and-physical-commissioning.md,e50894d7f7b87cef50a283399b85925c8a96c5b9cd0428ce71ca0143d9be8d19
RA,reference/Portable_Hosting_Delivery_Kits_v1_1/05_Reference_v1_4/00_Reference_Architecture_v1_4.docx,Draft v1.4,False,22. Vendor-platform and shared-service commissioning,312,docs/architecture/reference/22-vendor-platform-and-shared-service-commissioning.md,e50894d7f7b87cef50a283399b85925c8a96c5b9cd0428ce71ca0143d9be8d19
RA,reference/Portable_Hosting_Delivery_Kits_v1_1/05_Reference_v1_4/00_Reference_Architecture_v1_4.docx,Draft v1.4,False,"23. Tenant, domain and workload provisioning sequence",323,docs/architecture/reference/23-tenant-domain-and-workload-provisioning-sequence.md,e50894d7f7b87cef50a283399b85925c8a96c5b9cd0428ce71ca0143d9be8d19
RA,reference/Portable_Hosting_Delivery_Kits_v1_1/05_Reference_v1_4/00_Reference_Architecture_v1_4.docx,Draft v1.4,False,24. Terraform across the vendor stacks,334,docs/architecture/reference/24-terraform-across-the-vendor-stacks.md,e50894d7f7b87cef50a283399b85925c8a96c5b9cd0428ce71ca0143d9be8d19
RA,reference/Portable_Hosting_Delivery_Kits_v1_1/05_Reference_v1_4/00_Reference_Architecture_v1_4.docx,Draft v1.4,False,"25. Change, brownfield adoption and configuration ownership",352,docs/architecture/reference/25-change-brownfield-adoption-and-configuration-ownership.md,e50894d7f7b87cef50a283399b85925c8a96c5b9cd0428ce71ca0143d9be8d19
RA,reference/Portable_Hosting_Delivery_Kits_v1_1/05_Reference_v1_4/00_Reference_Architecture_v1_4.docx,Draft v1.4,False,"26. Operating model, capacity and observability",364,docs/architecture/reference/26-operating-model-capacity-and-observability.md,e50894d7f7b87cef50a283399b85925c8a96c5b9cd0428ce71ca0143d9be8d19
RA,reference/Portable_Hosting_Delivery_Kits_v1_1/05_Reference_v1_4/00_Reference_Architecture_v1_4.docx,Draft v1.4,False,"27. Recovery, migration and retirement",374,docs/architecture/reference/27-recovery-migration-and-retirement.md,e50894d7f7b87cef50a283399b85925c8a96c5b9cd0428ce71ca0143d9be8d19
RA,reference/Portable_Hosting_Delivery_Kits_v1_1/05_Reference_v1_4/00_Reference_Architecture_v1_4.docx,Draft v1.4,False,28. Architecture acceptance and verification,388,docs/architecture/reference/28-architecture-acceptance-and-verification.md,e50894d7f7b87cef50a283399b85925c8a96c5b9cd0428ce71ca0143d9be8d19
RA,reference/Portable_Hosting_Delivery_Kits_v1_1/05_Reference_v1_4/00_Reference_Architecture_v1_4.docx,Draft v1.4,False,29. Architecture decisions and alternatives,402,docs/architecture/reference/29-architecture-decisions-and-alternatives.md,e50894d7f7b87cef50a283399b85925c8a96c5b9cd0428ce71ca0143d9be8d19
RA,reference/Portable_Hosting_Delivery_Kits_v1_1/05_Reference_v1_4/00_Reference_Architecture_v1_4.docx,Draft v1.4,False,30. Implementation handoff and delivery sequence,408,docs/architecture/reference/30-implementation-handoff-and-delivery-sequence.md,e50894d7f7b87cef50a283399b85925c8a96c5b9cd0428ce71ca0143d9be8d19
RA,reference/Portable_Hosting_Delivery_Kits_v1_1/05_Reference_v1_4/00_Reference_Architecture_v1_4.docx,Draft v1.4,False,Appendix A — Revision scope and baseline traceability,419,docs/architecture/reference/31-appendix-a-revision-scope-and-baseline-traceability.md,e50894d7f7b87cef50a283399b85925c8a96c5b9cd0428ce71ca0143d9be8d19
RA,reference/Portable_Hosting_Delivery_Kits_v1_1/05_Reference_v1_4/00_Reference_Architecture_v1_4.docx,Draft v1.4,False,Appendix B — Infrastructure interface schedule,435,docs/architecture/reference/32-appendix-b-infrastructure-interface-schedule.md,e50894d7f7b87cef50a283399b85925c8a96c5b9cd0428ce71ca0143d9be8d19
RA,reference/Portable_Hosting_Delivery_Kits_v1_1/05_Reference_v1_4/00_Reference_Architecture_v1_4.docx,Draft v1.4,False,Appendix C — Architecture terminology,440,docs/architecture/reference/33-appendix-c-architecture-terminology.md,e50894d7f7b87cef50a283399b85925c8a96c5b9cd0428ce71ca0143d9be8d19
RA,reference/Portable_Hosting_Delivery_Kits_v1_1/05_Reference_v1_4/00_Reference_Architecture_v1_4.docx,Draft v1.4,False,Appendix D — Sources and review status,443,docs/architecture/reference/34-appendix-d-sources-and-review-status.md,e50894d7f7b87cef50a283399b85925c8a96c5b9cd0428ce71ca0143d9be8d19
RA,reference/Portable_Hosting_Delivery_Kits_v1_1/05_Reference_v1_4/00_Reference_Architecture_v1_4.docx,Draft v1.4,False,Appendix E — Linked engineering knowledge and decision map,589,docs/architecture/reference/35-appendix-e-linked-engineering-knowledge-and-decision-map.md,e50894d7f7b87cef50a283399b85925c8a96c5b9cd0428ce71ca0143d9be8d19
RA,reference/Portable_Hosting_Delivery_Kits_v1_1/05_Reference_v1_4/00_Reference_Architecture_v1_4.docx,Draft v1.4,False,v1.4 — Connected infrastructure design and acceptance,596,docs/architecture/reference/36-v1-4-connected-infrastructure-design-and-acceptance.md,e50894d7f7b87cef50a283399b85925c8a96c5b9cd0428ce71ca0143d9be8d19
GM,reference/Portable_Hosting_Delivery_Kits_v1_1/05_Reference_v1_4/01_Gap_Map_and_Decision_Register_v1_4.docx,Draft v1.4,False,"1. Document family, scope and precedence",22,docs/assurance/gap-map/1-document-family-scope-and-precedence.md,26dbaac8c13797b58ca5d057f76df8b3da63ec3f4b336036f18f5c6902512207
GM,reference/Portable_Hosting_Delivery_Kits_v1_1/05_Reference_v1_4/01_Gap_Map_and_Decision_Register_v1_4.docx,Draft v1.4,False,2. Primary knowledge homes and cross-cutting changes,31,docs/assurance/gap-map/2-primary-knowledge-homes-and-cross-cutting-changes.md,26dbaac8c13797b58ca5d057f76df8b3da63ec3f4b336036f18f5c6902512207
GM,reference/Portable_Hosting_Delivery_Kits_v1_1/05_Reference_v1_4/01_Gap_Map_and_Decision_Register_v1_4.docx,Draft v1.4,False,3. Detailed gap register and treatment,40,docs/assurance/gap-map/3-detailed-gap-register-and-treatment.md,26dbaac8c13797b58ca5d057f76df8b3da63ec3f4b336036f18f5c6902512207
GM,reference/Portable_Hosting_Delivery_Kits_v1_1/05_Reference_v1_4/01_Gap_Map_and_Decision_Register_v1_4.docx,Draft v1.4,False,4. Open decision package for implementation,247,docs/assurance/gap-map/4-open-decision-package-for-implementation.md,26dbaac8c13797b58ca5d057f76df8b3da63ec3f4b336036f18f5c6902512207
GM,reference/Portable_Hosting_Delivery_Kits_v1_1/05_Reference_v1_4/01_Gap_Map_and_Decision_Register_v1_4.docx,Draft v1.4,False,5. Completion and ongoing closure,254,docs/assurance/gap-map/5-completion-and-ongoing-closure.md,26dbaac8c13797b58ca5d057f76df8b3da63ec3f4b336036f18f5c6902512207
GM,reference/Portable_Hosting_Delivery_Kits_v1_1/05_Reference_v1_4/01_Gap_Map_and_Decision_Register_v1_4.docx,Draft v1.4,False,References — Parent basis and external context,262,docs/assurance/gap-map/06-references-parent-basis-and-external-context.md,26dbaac8c13797b58ca5d057f76df8b3da63ec3f4b336036f18f5c6902512207
GM,reference/Portable_Hosting_Delivery_Kits_v1_1/05_Reference_v1_4/01_Gap_Map_and_Decision_Register_v1_4.docx,Draft v1.4,False,v1.4 — Connected infrastructure design and acceptance,270,docs/assurance/gap-map/07-v1-4-connected-infrastructure-design-and-acceptance.md,26dbaac8c13797b58ca5d057f76df8b3da63ec3f4b336036f18f5c6902512207
NET,reference/Portable_Hosting_Delivery_Kits_v1_1/05_Reference_v1_4/02_Fabric_Security_and_Interfaces_v1_4.docx,Draft v1.4,False,"1. Transport, routing and overlay ownership",23,docs/engineering/fabric/1-transport-routing-and-overlay-ownership.md,9c557d7d94dbdf24630994d2676aca3ddfa80e67c2910fb1a29ea4561c591dcf
NET,reference/Portable_Hosting_Delivery_Kits_v1_1/05_Reference_v1_4/02_Fabric_Security_and_Interfaces_v1_4.docx,Draft v1.4,False,2. Isolated attachment units and bounded capacity,32,docs/engineering/fabric/2-isolated-attachment-units-and-bounded-capacity.md,9c557d7d94dbdf24630994d2676aca3ddfa80e67c2910fb1a29ea4561c591dcf
NET,reference/Portable_Hosting_Delivery_Kits_v1_1/05_Reference_v1_4/02_Fabric_Security_and_Interfaces_v1_4.docx,Draft v1.4,False,3. Worked inter-zone routing and enforcement schedule,43,docs/engineering/fabric/3-worked-inter-zone-routing-and-enforcement-schedule.md,9c557d7d94dbdf24630994d2676aca3ddfa80e67c2910fb1a29ea4561c591dcf
NET,reference/Portable_Hosting_Delivery_Kits_v1_1/05_Reference_v1_4/02_Fabric_Security_and_Interfaces_v1_4.docx,Draft v1.4,False,"4. Address, naming and protocol-family decisions",55,docs/engineering/fabric/4-address-naming-and-protocol-family-decisions.md,9c557d7d94dbdf24630994d2676aca3ddfa80e67c2910fb1a29ea4561c591dcf
NET,reference/Portable_Hosting_Delivery_Kits_v1_1/05_Reference_v1_4/02_Fabric_Security_and_Interfaces_v1_4.docx,Draft v1.4,False,"5. MTU, performance and failure engineering",63,docs/engineering/fabric/5-mtu-performance-and-failure-engineering.md,9c557d7d94dbdf24630994d2676aca3ddfa80e67c2910fb1a29ea4561c591dcf
NET,reference/Portable_Hosting_Delivery_Kits_v1_1/05_Reference_v1_4/02_Fabric_Security_and_Interfaces_v1_4.docx,Draft v1.4,False,6. Management paths and interface handover,74,docs/engineering/fabric/6-management-paths-and-interface-handover.md,9c557d7d94dbdf24630994d2676aca3ddfa80e67c2910fb1a29ea4561c591dcf
NET,reference/Portable_Hosting_Delivery_Kits_v1_1/05_Reference_v1_4/02_Fabric_Security_and_Interfaces_v1_4.docx,Draft v1.4,False,References — Parent basis and external context,83,docs/engineering/fabric/07-references-parent-basis-and-external-context.md,9c557d7d94dbdf24630994d2676aca3ddfa80e67c2910fb1a29ea4561c591dcf
NET,reference/Portable_Hosting_Delivery_Kits_v1_1/05_Reference_v1_4/02_Fabric_Security_and_Interfaces_v1_4.docx,Draft v1.4,False,v1.4 — Connected infrastructure design and acceptance,91,docs/engineering/fabric/08-v1-4-connected-infrastructure-design-and-acceptance.md,9c557d7d94dbdf24630994d2676aca3ddfa80e67c2910fb1a29ea4561c591dcf
VND,reference/Portable_Hosting_Delivery_Kits_v1_1/05_Reference_v1_4/03_Vendor_Stack_Realizations_v1_4.docx,Draft v1.4,False,"1. One reference environment, three native realizations",24,docs/engineering/platform-realizations/1-one-reference-environment-three-native-realizations.md,73be32b98783bd7857be8a00928c6894bf16f6bc98c8eb016058d3cf75b9d86b
VND,reference/Portable_Hosting_Delivery_Kits_v1_1/05_Reference_v1_4/03_Vendor_Stack_Realizations_v1_4.docx,Draft v1.4,False,2. Physical placement and the sharing decision,35,docs/engineering/platform-realizations/2-physical-placement-and-the-sharing-decision.md,73be32b98783bd7857be8a00928c6894bf16f6bc98c8eb016058d3cf75b9d86b
VND,reference/Portable_Hosting_Delivery_Kits_v1_1/05_Reference_v1_4/03_Vendor_Stack_Realizations_v1_4.docx,Draft v1.4,False,"3. Nutanix: component, path and lifecycle realization",43,docs/engineering/platform-realizations/3-nutanix-component-path-and-lifecycle-realization.md,73be32b98783bd7857be8a00928c6894bf16f6bc98c8eb016058d3cf75b9d86b
VND,reference/Portable_Hosting_Delivery_Kits_v1_1/05_Reference_v1_4/03_Vendor_Stack_Realizations_v1_4.docx,Draft v1.4,False,4. VMware/NSX: isolated upstream routing and enforcement,56,docs/engineering/platform-realizations/4-vmware-nsx-isolated-upstream-routing-and-enforcement.md,73be32b98783bd7857be8a00928c6894bf16f6bc98c8eb016058d3cf75b9d86b
VND,reference/Portable_Hosting_Delivery_Kits_v1_1/05_Reference_v1_4/03_Vendor_Stack_Realizations_v1_4.docx,Draft v1.4,False,"5. OpenStack: selected services, backend and mandatory policy",69,docs/engineering/platform-realizations/5-openstack-selected-services-backend-and-mandatory-policy.md,73be32b98783bd7857be8a00928c6894bf16f6bc98c8eb016058d3cf75b9d86b
VND,reference/Portable_Hosting_Delivery_Kits_v1_1/05_Reference_v1_4/03_Vendor_Stack_Realizations_v1_4.docx,Draft v1.4,False,"6. Portable, composite and migrated service choices",83,docs/engineering/platform-realizations/6-portable-composite-and-migrated-service-choices.md,73be32b98783bd7857be8a00928c6894bf16f6bc98c8eb016058d3cf75b9d86b
VND,reference/Portable_Hosting_Delivery_Kits_v1_1/05_Reference_v1_4/03_Vendor_Stack_Realizations_v1_4.docx,Draft v1.4,False,7. Implementation tuple and decision package,91,docs/engineering/platform-realizations/7-implementation-tuple-and-decision-package.md,73be32b98783bd7857be8a00928c6894bf16f6bc98c8eb016058d3cf75b9d86b
VND,reference/Portable_Hosting_Delivery_Kits_v1_1/05_Reference_v1_4/03_Vendor_Stack_Realizations_v1_4.docx,Draft v1.4,False,References — Parent basis and external context,98,docs/engineering/platform-realizations/08-references-parent-basis-and-external-context.md,73be32b98783bd7857be8a00928c6894bf16f6bc98c8eb016058d3cf75b9d86b
VND,reference/Portable_Hosting_Delivery_Kits_v1_1/05_Reference_v1_4/03_Vendor_Stack_Realizations_v1_4.docx,Draft v1.4,False,v1.4 — Connected infrastructure design and acceptance,131,docs/engineering/platform-realizations/09-v1-4-connected-infrastructure-design-and-acceptance.md,73be32b98783bd7857be8a00928c6894bf16f6bc98c8eb016058d3cf75b9d86b
PROV,reference/Portable_Hosting_Delivery_Kits_v1_1/05_Reference_v1_4/04_Provisioning_and_Commissioning_v1_4.docx,Draft v1.4,False,"1. Provisioning scopes, ownership and accepted handoffs",23,docs/implementation/provisioning-strategy/1-provisioning-scopes-ownership-and-accepted-handoffs.md,483df77cff70166fbdfdf711135efa3beeecc8fe1015a58290cbebff5b80bdfd
PROV,reference/Portable_Hosting_Delivery_Kits_v1_1/05_Reference_v1_4/04_Provisioning_and_Commissioning_v1_4.docx,Draft v1.4,False,2. Day-0 and steady-state commissioning without circular dependencies,34,docs/implementation/provisioning-strategy/2-day-0-and-steady-state-commissioning-without-circular-dependencies.md,483df77cff70166fbdfdf711135efa3beeecc8fe1015a58290cbebff5b80bdfd
PROV,reference/Portable_Hosting_Delivery_Kits_v1_1/05_Reference_v1_4/04_Provisioning_and_Commissioning_v1_4.docx,Draft v1.4,False,"3. Terraform, native tools and operation-level support",43,docs/implementation/provisioning-strategy/3-terraform-native-tools-and-operation-level-support.md,483df77cff70166fbdfdf711135efa3beeecc8fe1015a58290cbebff5b80bdfd
PROV,reference/Portable_Hosting_Delivery_Kits_v1_1/05_Reference_v1_4/04_Provisioning_and_Commissioning_v1_4.docx,Draft v1.4,False,4. End-to-end fixture provisioning and safe activation,54,docs/implementation/provisioning-strategy/4-end-to-end-fixture-provisioning-and-safe-activation.md,483df77cff70166fbdfdf711135efa3beeecc8fe1015a58290cbebff5b80bdfd
PROV,reference/Portable_Hosting_Delivery_Kits_v1_1/05_Reference_v1_4/04_Provisioning_and_Commissioning_v1_4.docx,Draft v1.4,False,"5. Concurrency, ownership and failed execution",65,docs/implementation/provisioning-strategy/5-concurrency-ownership-and-failed-execution.md,483df77cff70166fbdfdf711135efa3beeecc8fe1015a58290cbebff5b80bdfd
PROV,reference/Portable_Hosting_Delivery_Kits_v1_1/05_Reference_v1_4/04_Provisioning_and_Commissioning_v1_4.docx,Draft v1.4,False,"6. Brownfield adoption, growth and retirement",73,docs/implementation/provisioning-strategy/6-brownfield-adoption-growth-and-retirement.md,483df77cff70166fbdfdf711135efa3beeecc8fe1015a58290cbebff5b80bdfd
PROV,reference/Portable_Hosting_Delivery_Kits_v1_1/05_Reference_v1_4/04_Provisioning_and_Commissioning_v1_4.docx,Draft v1.4,False,References — Parent basis and external context,81,docs/implementation/provisioning-strategy/07-references-parent-basis-and-external-context.md,483df77cff70166fbdfdf711135efa3beeecc8fe1015a58290cbebff5b80bdfd
PROV,reference/Portable_Hosting_Delivery_Kits_v1_1/05_Reference_v1_4/04_Provisioning_and_Commissioning_v1_4.docx,Draft v1.4,False,v1.4 — Connected infrastructure design and acceptance,99,docs/implementation/provisioning-strategy/08-v1-4-connected-infrastructure-design-and-acceptance.md,483df77cff70166fbdfdf711135efa3beeecc8fe1015a58290cbebff5b80bdfd
SVC,reference/Portable_Hosting_Delivery_Kits_v1_1/05_Reference_v1_4/05_Shared_Services_Data_and_Recovery_v1_4.docx,Draft v1.4,False,1. Shared service placement and consumption boundaries,23,docs/architecture/shared-services/1-shared-service-placement-and-consumption-boundaries.md,2257e6f3badac48b07989244fbfae96643d68cc6633b28e9799a14733bccea3a
SVC,reference/Portable_Hosting_Delivery_Kits_v1_1/05_Reference_v1_4/05_Shared_Services_Data_and_Recovery_v1_4.docx,Draft v1.4,False,"2. Name, time, initialization and telemetry profiles",34,docs/architecture/shared-services/2-name-time-initialization-and-telemetry-profiles.md,2257e6f3badac48b07989244fbfae96643d68cc6633b28e9799a14733bccea3a
SVC,reference/Portable_Hosting_Delivery_Kits_v1_1/05_Reference_v1_4/05_Shared_Services_Data_and_Recovery_v1_4.docx,Draft v1.4,False,"3. Identity, certificates, keys and independent recovery",45,docs/architecture/shared-services/3-identity-certificates-keys-and-independent-recovery.md,2257e6f3badac48b07989244fbfae96643d68cc6633b28e9799a14733bccea3a
SVC,reference/Portable_Hosting_Delivery_Kits_v1_1/05_Reference_v1_4/05_Shared_Services_Data_and_Recovery_v1_4.docx,Draft v1.4,False,"4. Storage, copies and retained-data ownership",56,docs/architecture/shared-services/4-storage-copies-and-retained-data-ownership.md,2257e6f3badac48b07989244fbfae96643d68cc6633b28e9799a14733bccea3a
SVC,reference/Portable_Hosting_Delivery_Kits_v1_1/05_Reference_v1_4/05_Shared_Services_Data_and_Recovery_v1_4.docx,Draft v1.4,False,"5. Backup capture, independent protection and isolated restore",67,docs/architecture/shared-services/5-backup-capture-independent-protection-and-isolated-restore.md,2257e6f3badac48b07989244fbfae96643d68cc6633b28e9799a14733bccea3a
SVC,reference/Portable_Hosting_Delivery_Kits_v1_1/05_Reference_v1_4/05_Shared_Services_Data_and_Recovery_v1_4.docx,Draft v1.4,False,"6. Failure, recovery, migration and failback topology",78,docs/architecture/shared-services/6-failure-recovery-migration-and-failback-topology.md,2257e6f3badac48b07989244fbfae96643d68cc6633b28e9799a14733bccea3a
SVC,reference/Portable_Hosting_Delivery_Kits_v1_1/05_Reference_v1_4/05_Shared_Services_Data_and_Recovery_v1_4.docx,Draft v1.4,False,References — Parent basis and external context,88,docs/architecture/shared-services/07-references-parent-basis-and-external-context.md,2257e6f3badac48b07989244fbfae96643d68cc6633b28e9799a14733bccea3a
SVC,reference/Portable_Hosting_Delivery_Kits_v1_1/05_Reference_v1_4/05_Shared_Services_Data_and_Recovery_v1_4.docx,Draft v1.4,False,v1.4 — Connected infrastructure design and acceptance,116,docs/architecture/shared-services/08-v1-4-connected-infrastructure-design-and-acceptance.md,2257e6f3badac48b07989244fbfae96643d68cc6633b28e9799a14733bccea3a
QUAL,reference/Portable_Hosting_Delivery_Kits_v1_1/05_Reference_v1_4/06_Site_Design_Qualification_and_Operations_v1_4.docx,Draft v1.4,False,1. From proposed architecture to accepted service,25,docs/assurance/site-qualification/1-from-proposed-architecture-to-accepted-service.md,783edbba45483d0d3c3b966765589762698836320237906a0f9a60080574af37
QUAL,reference/Portable_Hosting_Delivery_Kits_v1_1/05_Reference_v1_4/06_Site_Design_Qualification_and_Operations_v1_4.docx,Draft v1.4,False,2. Site low-level design and dependency schedule,33,docs/assurance/site-qualification/2-site-low-level-design-and-dependency-schedule.md,783edbba45483d0d3c3b966765589762698836320237906a0f9a60080574af37
QUAL,reference/Portable_Hosting_Delivery_Kits_v1_1/05_Reference_v1_4/06_Site_Design_Qualification_and_Operations_v1_4.docx,Draft v1.4,False,"3. Capacity, service envelopes and growth triggers",43,docs/assurance/site-qualification/3-capacity-service-envelopes-and-growth-triggers.md,783edbba45483d0d3c3b966765589762698836320237906a0f9a60080574af37
QUAL,reference/Portable_Hosting_Delivery_Kits_v1_1/05_Reference_v1_4/06_Site_Design_Qualification_and_Operations_v1_4.docx,Draft v1.4,False,4. Service parameter and requirement decisions,55,docs/assurance/site-qualification/4-service-parameter-and-requirement-decisions.md,783edbba45483d0d3c3b966765589762698836320237906a0f9a60080574af37
QUAL,reference/Portable_Hosting_Delivery_Kits_v1_1/05_Reference_v1_4/06_Site_Design_Qualification_and_Operations_v1_4.docx,Draft v1.4,False,"5. Qualification stages, applicability and evidence",63,docs/assurance/site-qualification/5-qualification-stages-applicability-and-evidence.md,783edbba45483d0d3c3b966765589762698836320237906a0f9a60080574af37
QUAL,reference/Portable_Hosting_Delivery_Kits_v1_1/05_Reference_v1_4/06_Site_Design_Qualification_and_Operations_v1_4.docx,Draft v1.4,False,"6. Control inheritance, assurance and organizational interfaces",75,docs/assurance/site-qualification/6-control-inheritance-assurance-and-organizational-interfaces.md,783edbba45483d0d3c3b966765589762698836320237906a0f9a60080574af37
QUAL,reference/Portable_Hosting_Delivery_Kits_v1_1/05_Reference_v1_4/06_Site_Design_Qualification_and_Operations_v1_4.docx,Draft v1.4,False,"7. Operating accountability, handover and change",83,docs/assurance/site-qualification/7-operating-accountability-handover-and-change.md,783edbba45483d0d3c3b966765589762698836320237906a0f9a60080574af37
QUAL,reference/Portable_Hosting_Delivery_Kits_v1_1/05_Reference_v1_4/06_Site_Design_Qualification_and_Operations_v1_4.docx,Draft v1.4,False,8. Extensions and release maintenance,92,docs/assurance/site-qualification/8-extensions-and-release-maintenance.md,783edbba45483d0d3c3b966765589762698836320237906a0f9a60080574af37
QUAL,reference/Portable_Hosting_Delivery_Kits_v1_1/05_Reference_v1_4/06_Site_Design_Qualification_and_Operations_v1_4.docx,Draft v1.4,False,References — Parent basis and external context,100,docs/assurance/site-qualification/09-references-parent-basis-and-external-context.md,783edbba45483d0d3c3b966765589762698836320237906a0f9a60080574af37
QUAL,reference/Portable_Hosting_Delivery_Kits_v1_1/05_Reference_v1_4/06_Site_Design_Qualification_and_Operations_v1_4.docx,Draft v1.4,False,v1.4 — Connected infrastructure design and acceptance,113,docs/assurance/site-qualification/10-v1-4-connected-infrastructure-design-and-acceptance.md,783edbba45483d0d3c3b966765589762698836320237906a0f9a60080574af37
WD,reference/Portable_Hosting_Delivery_Kits_v1_1/05_Reference_v1_4/07_Worked_Infrastructure_Design_and_Acceptance_v1_4.docx,Draft v1.4,False,"1. Purpose, status and reading order",27,docs/solutions/internal-protected-workload/1-purpose-status-and-reading-order.md,e4a2e42888349b5967f7b3174c78e53171728b13e99e4c78bc3cfb53310f68db
WD,reference/Portable_Hosting_Delivery_Kits_v1_1/05_Reference_v1_4/07_Worked_Infrastructure_Design_and_Acceptance_v1_4.docx,Draft v1.4,False,2. Reference decisions and infrastructure boundaries,36,docs/solutions/internal-protected-workload/2-reference-decisions-and-infrastructure-boundaries.md,e4a2e42888349b5967f7b3174c78e53171728b13e99e4c78bc3cfb53310f68db
WD,reference/Portable_Hosting_Delivery_Kits_v1_1/05_Reference_v1_4/07_Worked_Infrastructure_Design_and_Acceptance_v1_4.docx,Draft v1.4,False,3. Component and dependency schedule,45,docs/solutions/internal-protected-workload/3-component-and-dependency-schedule.md,e4a2e42888349b5967f7b3174c78e53171728b13e99e4c78bc3cfb53310f68db
WD,reference/Portable_Hosting_Delivery_Kits_v1_1/05_Reference_v1_4/07_Worked_Infrastructure_Design_and_Acceptance_v1_4.docx,Draft v1.4,False,"4. Tenant, attachment and address schedule",53,docs/solutions/internal-protected-workload/4-tenant-attachment-and-address-schedule.md,e4a2e42888349b5967f7b3174c78e53171728b13e99e4c78bc3cfb53310f68db
WD,reference/Portable_Hosting_Delivery_Kits_v1_1/05_Reference_v1_4/07_Worked_Infrastructure_Design_and_Acceptance_v1_4.docx,Draft v1.4,False,5. Dedicated handoff inventory and route ownership,61,docs/solutions/internal-protected-workload/5-dedicated-handoff-inventory-and-route-ownership.md,e4a2e42888349b5967f7b3174c78e53171728b13e99e4c78bc3cfb53310f68db
WD,reference/Portable_Hosting_Delivery_Kits_v1_1/05_Reference_v1_4/07_Worked_Infrastructure_Design_and_Acceptance_v1_4.docx,Draft v1.4,False,6. Worked forwarding and return-route schedule,70,docs/solutions/internal-protected-workload/6-worked-forwarding-and-return-route-schedule.md,e4a2e42888349b5967f7b3174c78e53171728b13e99e4c78bc3cfb53310f68db
WD,reference/Portable_Hosting_Delivery_Kits_v1_1/05_Reference_v1_4/07_Worked_Infrastructure_Design_and_Acceptance_v1_4.docx,Draft v1.4,False,7. Service permissions and non-IP storage paths,79,docs/solutions/internal-protected-workload/7-service-permissions-and-non-ip-storage-paths.md,e4a2e42888349b5967f7b3174c78e53171728b13e99e4c78bc3cfb53310f68db
WD,reference/Portable_Hosting_Delivery_Kits_v1_1/05_Reference_v1_4/07_Worked_Infrastructure_Design_and_Acceptance_v1_4.docx,Draft v1.4,False,8. Mapping the schedules into each vendor stack,88,docs/solutions/internal-protected-workload/8-mapping-the-schedules-into-each-vendor-stack.md,e4a2e42888349b5967f7b3174c78e53171728b13e99e4c78bc3cfb53310f68db
WD,reference/Portable_Hosting_Delivery_Kits_v1_1/05_Reference_v1_4/07_Worked_Infrastructure_Design_and_Acceptance_v1_4.docx,Draft v1.4,False,9. Build sequence with explicit acceptance dependencies,98,docs/solutions/internal-protected-workload/9-build-sequence-with-explicit-acceptance-dependencies.md,e4a2e42888349b5967f7b3174c78e53171728b13e99e4c78bc3cfb53310f68db
WD,reference/Portable_Hosting_Delivery_Kits_v1_1/05_Reference_v1_4/07_Worked_Infrastructure_Design_and_Acceptance_v1_4.docx,Draft v1.4,False,"10. Resource ownership, protection and change receipts",107,docs/solutions/internal-protected-workload/10-resource-ownership-protection-and-change-receipts.md,e4a2e42888349b5967f7b3174c78e53171728b13e99e4c78bc3cfb53310f68db
WD,reference/Portable_Hosting_Delivery_Kits_v1_1/05_Reference_v1_4/07_Worked_Infrastructure_Design_and_Acceptance_v1_4.docx,Draft v1.4,False,"11. Test-resource, capacity and MTU accounting",115,docs/solutions/internal-protected-workload/11-test-resource-capacity-and-mtu-accounting.md,e4a2e42888349b5967f7b3174c78e53171728b13e99e4c78bc3cfb53310f68db
WD,reference/Portable_Hosting_Delivery_Kits_v1_1/05_Reference_v1_4/07_Worked_Infrastructure_Design_and_Acceptance_v1_4.docx,Draft v1.4,False,12. Failure and partition decision schedule,125,docs/solutions/internal-protected-workload/12-failure-and-partition-decision-schedule.md,e4a2e42888349b5967f7b3174c78e53171728b13e99e4c78bc3cfb53310f68db
WD,reference/Portable_Hosting_Delivery_Kits_v1_1/05_Reference_v1_4/07_Worked_Infrastructure_Design_and_Acceptance_v1_4.docx,Draft v1.4,False,13. Verification assertions and actual evidence,133,docs/solutions/internal-protected-workload/13-verification-assertions-and-actual-evidence.md,e4a2e42888349b5967f7b3174c78e53171728b13e99e4c78bc3cfb53310f68db
WD,reference/Portable_Hosting_Delivery_Kits_v1_1/05_Reference_v1_4/07_Worked_Infrastructure_Design_and_Acceptance_v1_4.docx,Draft v1.4,False,14. Remaining decisions and release boundaries,141,docs/solutions/internal-protected-workload/14-remaining-decisions-and-release-boundaries.md,e4a2e42888349b5967f7b3174c78e53171728b13e99e4c78bc3cfb53310f68db
WD,reference/Portable_Hosting_Delivery_Kits_v1_1/05_Reference_v1_4/07_Worked_Infrastructure_Design_and_Acceptance_v1_4.docx,Draft v1.4,False,References and source status,149,docs/solutions/internal-protected-workload/15-references-and-source-status.md,e4a2e42888349b5967f7b3174c78e53171728b13e99e4c78bc3cfb53310f68db
DEL10,reference/Portable_Hosting_Delivery_Kits_v1_1/07_Quality/prior_v1_0/00_Delivery_Map.docx,Delivery kits v1.0,True,"1. Three kits, one controlled delivery",15,docs/archive/delivery-map-v1-0/1-three-kits-one-controlled-delivery.md,e332c1b37e63439169adf8b105573577fa1ea61bf32f6c3ba383dd69d83a788b
DEL10,reference/Portable_Hosting_Delivery_Kits_v1_1/07_Quality/prior_v1_0/00_Delivery_Map.docx,Delivery kits v1.0,True,2. Deliverable ownership and handoffs,25,docs/archive/delivery-map-v1-0/2-deliverable-ownership-and-handoffs.md,e332c1b37e63439169adf8b105573577fa1ea61bf32f6c3ba383dd69d83a788b
DEL10,reference/Portable_Hosting_Delivery_Kits_v1_1/07_Quality/prior_v1_0/00_Delivery_Map.docx,Delivery kits v1.0,True,3. Acceptance gates and restricted qualification,37,docs/archive/delivery-map-v1-0/3-acceptance-gates-and-restricted-qualification.md,e332c1b37e63439169adf8b105573577fa1ea61bf32f6c3ba383dd69d83a788b
DEL10,reference/Portable_Hosting_Delivery_Kits_v1_1/07_Quality/prior_v1_0/00_Delivery_Map.docx,Delivery kits v1.0,True,"4. Working records, examples and evidence",44,docs/archive/delivery-map-v1-0/4-working-records-examples-and-evidence.md,e332c1b37e63439169adf8b105573577fa1ea61bf32f6c3ba383dd69d83a788b
DEL10,reference/Portable_Hosting_Delivery_Kits_v1_1/07_Quality/prior_v1_0/00_Delivery_Map.docx,Delivery kits v1.0,True,5. Review sequence and change control,52,docs/archive/delivery-map-v1-0/5-review-sequence-and-change-control.md,e332c1b37e63439169adf8b105573577fa1ea61bf32f6c3ba383dd69d83a788b
DEL10,reference/Portable_Hosting_Delivery_Kits_v1_1/07_Quality/prior_v1_0/00_Delivery_Map.docx,Delivery kits v1.0,True,6. Inputs still required for an actual deployment,59,docs/archive/delivery-map-v1-0/6-inputs-still-required-for-an-actual-deployment.md,e332c1b37e63439169adf8b105573577fa1ea61bf32f6c3ba383dd69d83a788b
HB10,reference/migration-source-documents/Handbook_v1_0.docx,Draft v1.0,True,Document Control,6,docs/archive/handbook-v1-0/01-document-control.md,100c760003b9ff956ae369ece65c5ffe7736f6d481496d8df4c99dd6105d4190
HB10,reference/migration-source-documents/Handbook_v1_0.docx,Draft v1.0,True,Executive Summary,18,docs/archive/handbook-v1-0/02-executive-summary.md,100c760003b9ff956ae369ece65c5ffe7736f6d481496d8df4c99dd6105d4190
HB10,reference/migration-source-documents/Handbook_v1_0.docx,Draft v1.0,True,Part I — Foundations,38,docs/archive/handbook-v1-0/03-part-i-foundations.md,100c760003b9ff956ae369ece65c5ffe7736f6d481496d8df4c99dd6105d4190
HB10,reference/migration-source-documents/Handbook_v1_0.docx,Draft v1.0,True,"1. Purpose, Scope, and Intended Use",40,docs/archive/handbook-v1-0/1-purpose-scope-and-intended-use.md,100c760003b9ff956ae369ece65c5ffe7736f6d481496d8df4c99dd6105d4190
HB10,reference/migration-source-documents/Handbook_v1_0.docx,Draft v1.0,True,2. Normative Language and Architectural Invariants,56,docs/archive/handbook-v1-0/2-normative-language-and-architectural-invariants.md,100c760003b9ff956ae369ece65c5ffe7736f6d481496d8df4c99dd6105d4190
HB10,reference/migration-source-documents/Handbook_v1_0.docx,Draft v1.0,True,3. Security Standards Context,66,docs/archive/handbook-v1-0/3-security-standards-context.md,100c760003b9ff956ae369ece65c5ffe7736f6d481496d8df4c99dd6105d4190
HB10,reference/migration-source-documents/Handbook_v1_0.docx,Draft v1.0,True,4. Core Conceptual Model,71,docs/archive/handbook-v1-0/4-core-conceptual-model.md,100c760003b9ff956ae369ece65c5ffe7736f6d481496d8df4c99dd6105d4190
HB10,reference/migration-source-documents/Handbook_v1_0.docx,Draft v1.0,True,5. Threat and Trust Model,74,docs/archive/handbook-v1-0/5-threat-and-trust-model.md,100c760003b9ff956ae369ece65c5ffe7736f6d481496d8df4c99dd6105d4190
HB10,reference/migration-source-documents/Handbook_v1_0.docx,Draft v1.0,True,Part II — Reference Architecture,87,docs/archive/handbook-v1-0/09-part-ii-reference-architecture.md,100c760003b9ff956ae369ece65c5ffe7736f6d481496d8df4c99dd6105d4190
HB10,reference/migration-source-documents/Handbook_v1_0.docx,Draft v1.0,True,6. High-Level Reference Architecture,88,docs/archive/handbook-v1-0/6-high-level-reference-architecture.md,100c760003b9ff956ae369ece65c5ffe7736f6d481496d8df4c99dd6105d4190
HB10,reference/migration-source-documents/Handbook_v1_0.docx,Draft v1.0,True,7. Tenant Namespace,94,docs/archive/handbook-v1-0/7-tenant-namespace.md,100c760003b9ff956ae369ece65c5ffe7736f6d481496d8df4c99dd6105d4190
HB10,reference/migration-source-documents/Handbook_v1_0.docx,Draft v1.0,True,8. Workload Security Domain,99,docs/archive/handbook-v1-0/8-workload-security-domain.md,100c760003b9ff956ae369ece65c5ffe7736f6d481496d8df4c99dd6105d4190
HB10,reference/migration-source-documents/Handbook_v1_0.docx,Draft v1.0,True,9. Security Domain Instance,104,docs/archive/handbook-v1-0/9-security-domain-instance.md,100c760003b9ff956ae369ece65c5ffe7736f6d481496d8df4c99dd6105d4190
HB10,reference/migration-source-documents/Handbook_v1_0.docx,Draft v1.0,True,10. Security Zone Semantics,110,docs/archive/handbook-v1-0/10-security-zone-semantics.md,100c760003b9ff956ae369ece65c5ffe7736f6d481496d8df4c99dd6105d4190
HB10,reference/migration-source-documents/Handbook_v1_0.docx,Draft v1.0,True,11. ZIP and Security Edge Architecture,115,docs/archive/handbook-v1-0/11-zip-and-security-edge-architecture.md,100c760003b9ff956ae369ece65c5ffe7736f6d481496d8df4c99dd6105d4190
HB10,reference/migration-source-documents/Handbook_v1_0.docx,Draft v1.0,True,12. Management and Out-of-Band Architecture,125,docs/archive/handbook-v1-0/12-management-and-out-of-band-architecture.md,100c760003b9ff956ae369ece65c5ffe7736f6d481496d8df4c99dd6105d4190
HB10,reference/migration-source-documents/Handbook_v1_0.docx,Draft v1.0,True,13. Physical Fabric,133,docs/archive/handbook-v1-0/13-physical-fabric.md,100c760003b9ff956ae369ece65c5ffe7736f6d481496d8df4c99dd6105d4190
HB10,reference/migration-source-documents/Handbook_v1_0.docx,Draft v1.0,True,14. Platform Overlay Architecture,146,docs/archive/handbook-v1-0/14-platform-overlay-architecture.md,100c760003b9ff956ae369ece65c5ffe7736f6d481496d8df4c99dd6105d4190
HB10,reference/migration-source-documents/Handbook_v1_0.docx,Draft v1.0,True,15. Routing Architecture and Route Authority,150,docs/archive/handbook-v1-0/15-routing-architecture-and-route-authority.md,100c760003b9ff956ae369ece65c5ffe7736f6d481496d8df4c99dd6105d4190
HB10,reference/migration-source-documents/Handbook_v1_0.docx,Draft v1.0,True,16. IP Address Management,156,docs/archive/handbook-v1-0/16-ip-address-management.md,100c760003b9ff956ae369ece65c5ffe7736f6d481496d8df4c99dd6105d4190
HB10,reference/migration-source-documents/Handbook_v1_0.docx,Draft v1.0,True,17. IPv6 and Dual-Stack,162,docs/archive/handbook-v1-0/17-ipv6-and-dual-stack.md,100c760003b9ff956ae369ece65c5ffe7736f6d481496d8df4c99dd6105d4190
HB10,reference/migration-source-documents/Handbook_v1_0.docx,Draft v1.0,True,18. Shared Services and Service Bindings,166,docs/archive/handbook-v1-0/18-shared-services-and-service-bindings.md,100c760003b9ff956ae369ece65c5ffe7736f6d481496d8df4c99dd6105d4190
HB10,reference/migration-source-documents/Handbook_v1_0.docx,Draft v1.0,True,19. Public Ingress and Internet Egress,171,docs/archive/handbook-v1-0/19-public-ingress-and-internet-egress.md,100c760003b9ff956ae369ece65c5ffe7736f6d481496d8df4c99dd6105d4190
HB10,reference/migration-source-documents/Handbook_v1_0.docx,Draft v1.0,True,20. Workload Microsegmentation,180,docs/archive/handbook-v1-0/20-workload-microsegmentation.md,100c760003b9ff956ae369ece65c5ffe7736f6d481496d8df4c99dd6105d4190
HB10,reference/migration-source-documents/Handbook_v1_0.docx,Draft v1.0,True,21. Multi-Site and Disaster-Recovery Network Design,184,docs/archive/handbook-v1-0/21-multi-site-and-disaster-recovery-network-design.md,100c760003b9ff956ae369ece65c5ffe7736f6d481496d8df4c99dd6105d4190
HB10,reference/migration-source-documents/Handbook_v1_0.docx,Draft v1.0,True,Part III — Platform Implementation Profiles,192,docs/archive/handbook-v1-0/26-part-iii-platform-implementation-profiles.md,100c760003b9ff956ae369ece65c5ffe7736f6d481496d8df4c99dd6105d4190
HB10,reference/migration-source-documents/Handbook_v1_0.docx,Draft v1.0,True,22. Portability and Platform Conformance,193,docs/archive/handbook-v1-0/22-portability-and-platform-conformance.md,100c760003b9ff956ae369ece65c5ffe7736f6d481496d8df4c99dd6105d4190
HB10,reference/migration-source-documents/Handbook_v1_0.docx,Draft v1.0,True,23. Nutanix Implementation Profile,200,docs/archive/handbook-v1-0/23-nutanix-implementation-profile.md,100c760003b9ff956ae369ece65c5ffe7736f6d481496d8df4c99dd6105d4190
HB10,reference/migration-source-documents/Handbook_v1_0.docx,Draft v1.0,True,24. VMware / NSX Implementation Profile,208,docs/archive/handbook-v1-0/24-vmware-nsx-implementation-profile.md,100c760003b9ff956ae369ece65c5ffe7736f6d481496d8df4c99dd6105d4190
HB10,reference/migration-source-documents/Handbook_v1_0.docx,Draft v1.0,True,25. OpenStack Implementation Profile,213,docs/archive/handbook-v1-0/25-openstack-implementation-profile.md,100c760003b9ff956ae369ece65c5ffe7736f6d481496d8df4c99dd6105d4190
HB10,reference/migration-source-documents/Handbook_v1_0.docx,Draft v1.0,True,26. Bare Metal and Future Platforms,218,docs/archive/handbook-v1-0/26-bare-metal-and-future-platforms.md,100c760003b9ff956ae369ece65c5ffe7736f6d481496d8df4c99dd6105d4190
HB10,reference/migration-source-documents/Handbook_v1_0.docx,Draft v1.0,True,27. Platform Capability Registry,222,docs/archive/handbook-v1-0/27-platform-capability-registry.md,100c760003b9ff956ae369ece65c5ffe7736f6d481496d8df4c99dd6105d4190
HB10,reference/migration-source-documents/Handbook_v1_0.docx,Draft v1.0,True,Part IV — Zero-Touch Automation and Terraform,226,docs/archive/handbook-v1-0/33-part-iv-zero-touch-automation-and-terraform.md,100c760003b9ff956ae369ece65c5ffe7736f6d481496d8df4c99dd6105d4190
HB10,reference/migration-source-documents/Handbook_v1_0.docx,Draft v1.0,True,28. Canonical Hosting API,227,docs/archive/handbook-v1-0/28-canonical-hosting-api.md,100c760003b9ff956ae369ece65c5ffe7736f6d481496d8df4c99dd6105d4190
HB10,reference/migration-source-documents/Handbook_v1_0.docx,Draft v1.0,True,29. Zero-Touch Provisioning Workflow,232,docs/archive/handbook-v1-0/29-zero-touch-provisioning-workflow.md,100c760003b9ff956ae369ece65c5ffe7736f6d481496d8df4c99dd6105d4190
HB10,reference/migration-source-documents/Handbook_v1_0.docx,Draft v1.0,True,30. Terraform Architecture,249,docs/archive/handbook-v1-0/30-terraform-architecture.md,100c760003b9ff956ae369ece65c5ffe7736f6d481496d8df4c99dd6105d4190
HB10,reference/migration-source-documents/Handbook_v1_0.docx,Draft v1.0,True,31. State Boundaries,258,docs/archive/handbook-v1-0/31-state-boundaries.md,100c760003b9ff956ae369ece65c5ffe7736f6d481496d8df4c99dd6105d4190
HB10,reference/migration-source-documents/Handbook_v1_0.docx,Draft v1.0,True,32. Policy as Code and Security Admission,263,docs/archive/handbook-v1-0/32-policy-as-code-and-security-admission.md,100c760003b9ff956ae369ece65c5ffe7736f6d481496d8df4c99dd6105d4190
HB10,reference/migration-source-documents/Handbook_v1_0.docx,Draft v1.0,True,33. Secrets and Automation Credentials,268,docs/archive/handbook-v1-0/33-secrets-and-automation-credentials.md,100c760003b9ff956ae369ece65c5ffe7736f6d481496d8df4c99dd6105d4190
HB10,reference/migration-source-documents/Handbook_v1_0.docx,Draft v1.0,True,34. CI/CD and Change Gates,273,docs/archive/handbook-v1-0/34-ci-cd-and-change-gates.md,100c760003b9ff956ae369ece65c5ffe7736f6d481496d8df4c99dd6105d4190
HB10,reference/migration-source-documents/Handbook_v1_0.docx,Draft v1.0,True,35. Drift and Reconciliation,276,docs/archive/handbook-v1-0/35-drift-and-reconciliation.md,100c760003b9ff956ae369ece65c5ffe7736f6d481496d8df4c99dd6105d4190
HB10,reference/migration-source-documents/Handbook_v1_0.docx,Draft v1.0,True,"Part V — Assurance, Testing, and Operations",281,docs/archive/handbook-v1-0/42-part-v-assurance-testing-and-operations.md,100c760003b9ff956ae369ece65c5ffe7736f6d481496d8df4c99dd6105d4190
HB10,reference/migration-source-documents/Handbook_v1_0.docx,Draft v1.0,True,36. Assurance Profiles,282,docs/archive/handbook-v1-0/36-assurance-profiles.md,100c760003b9ff956ae369ece65c5ffe7736f6d481496d8df4c99dd6105d4190
HB10,reference/migration-source-documents/Handbook_v1_0.docx,Draft v1.0,True,37. Conformance Test Framework,286,docs/archive/handbook-v1-0/37-conformance-test-framework.md,100c760003b9ff956ae369ece65c5ffe7736f6d481496d8df4c99dd6105d4190
HB10,reference/migration-source-documents/Handbook_v1_0.docx,Draft v1.0,True,38. Deployment Evidence,291,docs/archive/handbook-v1-0/38-deployment-evidence.md,100c760003b9ff956ae369ece65c5ffe7736f6d481496d8df4c99dd6105d4190
HB10,reference/migration-source-documents/Handbook_v1_0.docx,Draft v1.0,True,"39. Logging, Telemetry, and Observability",295,docs/archive/handbook-v1-0/39-logging-telemetry-and-observability.md,100c760003b9ff956ae369ece65c5ffe7736f6d481496d8df4c99dd6105d4190
HB10,reference/migration-source-documents/Handbook_v1_0.docx,Draft v1.0,True,40. Capacity and Performance Engineering,300,docs/archive/handbook-v1-0/40-capacity-and-performance-engineering.md,100c760003b9ff956ae369ece65c5ffe7736f6d481496d8df4c99dd6105d4190
HB10,reference/migration-source-documents/Handbook_v1_0.docx,Draft v1.0,True,41. High Availability and Failure Behaviour,313,docs/archive/handbook-v1-0/41-high-availability-and-failure-behaviour.md,100c760003b9ff956ae369ece65c5ffe7736f6d481496d8df4c99dd6105d4190
HB10,reference/migration-source-documents/Handbook_v1_0.docx,Draft v1.0,True,42. Backup and Restore,317,docs/archive/handbook-v1-0/42-backup-and-restore.md,100c760003b9ff956ae369ece65c5ffe7736f6d481496d8df4c99dd6105d4190
HB10,reference/migration-source-documents/Handbook_v1_0.docx,Draft v1.0,True,43. Incident Response and Containment,321,docs/archive/handbook-v1-0/43-incident-response-and-containment.md,100c760003b9ff956ae369ece65c5ffe7736f6d481496d8df4c99dd6105d4190
HB10,reference/migration-source-documents/Handbook_v1_0.docx,Draft v1.0,True,44. Change and Exception Management,331,docs/archive/handbook-v1-0/44-change-and-exception-management.md,100c760003b9ff956ae369ece65c5ffe7736f6d481496d8df4c99dd6105d4190
HB10,reference/migration-source-documents/Handbook_v1_0.docx,Draft v1.0,True,45. Lifecycle and Offboarding,336,docs/archive/handbook-v1-0/45-lifecycle-and-offboarding.md,100c760003b9ff956ae369ece65c5ffe7736f6d481496d8df4c99dd6105d4190
HB10,reference/migration-source-documents/Handbook_v1_0.docx,Draft v1.0,True,46. Migration and Transition Connectivity,348,docs/archive/handbook-v1-0/46-migration-and-transition-connectivity.md,100c760003b9ff956ae369ece65c5ffe7736f6d481496d8df4c99dd6105d4190
HB10,reference/migration-source-documents/Handbook_v1_0.docx,Draft v1.0,True,Part VI — Governance and Delivery,353,docs/archive/handbook-v1-0/54-part-vi-governance-and-delivery.md,100c760003b9ff956ae369ece65c5ffe7736f6d481496d8df4c99dd6105d4190
HB10,reference/migration-source-documents/Handbook_v1_0.docx,Draft v1.0,True,47. Operating Model and Separation of Duties,354,docs/archive/handbook-v1-0/47-operating-model-and-separation-of-duties.md,100c760003b9ff956ae369ece65c5ffe7736f6d481496d8df4c99dd6105d4190
HB10,reference/migration-source-documents/Handbook_v1_0.docx,Draft v1.0,True,48. Architecture Review Checklist,357,docs/archive/handbook-v1-0/48-architecture-review-checklist.md,100c760003b9ff956ae369ece65c5ffe7736f6d481496d8df4c99dd6105d4190
HB10,reference/migration-source-documents/Handbook_v1_0.docx,Draft v1.0,True,49. Tenant / WSD Onboarding Checklist,373,docs/archive/handbook-v1-0/49-tenant-wsd-onboarding-checklist.md,100c760003b9ff956ae369ece65c5ffe7736f6d481496d8df4c99dd6105d4190
HB10,reference/migration-source-documents/Handbook_v1_0.docx,Draft v1.0,True,50. Delivery Roadmap,390,docs/archive/handbook-v1-0/50-delivery-roadmap.md,100c760003b9ff956ae369ece65c5ffe7736f6d481496d8df4c99dd6105d4190
HB10,reference/migration-source-documents/Handbook_v1_0.docx,Draft v1.0,True,51. Initial Reference Implementation,392,docs/archive/handbook-v1-0/51-initial-reference-implementation.md,100c760003b9ff956ae369ece65c5ffe7736f6d481496d8df4c99dd6105d4190
HB10,reference/migration-source-documents/Handbook_v1_0.docx,Draft v1.0,True,52. Architecture Acceptance Criteria,395,docs/archive/handbook-v1-0/52-architecture-acceptance-criteria.md,100c760003b9ff956ae369ece65c5ffe7736f6d481496d8df4c99dd6105d4190
HB10,reference/migration-source-documents/Handbook_v1_0.docx,Draft v1.0,True,Appendix A — Canonical Object Model,410,docs/archive/handbook-v1-0/61-appendix-a-canonical-object-model.md,100c760003b9ff956ae369ece65c5ffe7736f6d481496d8df4c99dd6105d4190
HB10,reference/migration-source-documents/Handbook_v1_0.docx,Draft v1.0,True,Appendix B — Terraform Root and Module Patterns,417,docs/archive/handbook-v1-0/62-appendix-b-terraform-root-and-module-patterns.md,100c760003b9ff956ae369ece65c5ffe7736f6d481496d8df4c99dd6105d4190
HB10,reference/migration-source-documents/Handbook_v1_0.docx,Draft v1.0,True,Appendix C — Baseline Policy Matrix,422,docs/archive/handbook-v1-0/63-appendix-c-baseline-policy-matrix.md,100c760003b9ff956ae369ece65c5ffe7736f6d481496d8df4c99dd6105d4190
HB10,reference/migration-source-documents/Handbook_v1_0.docx,Draft v1.0,True,Appendix D — Conformance Test Catalogue,424,docs/archive/handbook-v1-0/64-appendix-d-conformance-test-catalogue.md,100c760003b9ff956ae369ece65c5ffe7736f6d481496d8df4c99dd6105d4190
HB10,reference/migration-source-documents/Handbook_v1_0.docx,Draft v1.0,True,Appendix E — Evidence Manifest,426,docs/archive/handbook-v1-0/65-appendix-e-evidence-manifest.md,100c760003b9ff956ae369ece65c5ffe7736f6d481496d8df4c99dd6105d4190
HB10,reference/migration-source-documents/Handbook_v1_0.docx,Draft v1.0,True,Appendix F — Architecture Decision Record Template,428,docs/archive/handbook-v1-0/66-appendix-f-architecture-decision-record-template.md,100c760003b9ff956ae369ece65c5ffe7736f6d481496d8df4c99dd6105d4190
HB10,reference/migration-source-documents/Handbook_v1_0.docx,Draft v1.0,True,Appendix G — Glossary,430,docs/archive/handbook-v1-0/67-appendix-g-glossary.md,100c760003b9ff956ae369ece65c5ffe7736f6d481496d8df4c99dd6105d4190
HB10,reference/migration-source-documents/Handbook_v1_0.docx,Draft v1.0,True,Appendix H — Normative Requirement Catalogue,432,docs/archive/handbook-v1-0/68-appendix-h-normative-requirement-catalogue.md,100c760003b9ff956ae369ece65c5ffe7736f6d481496d8df4c99dd6105d4190
HB10,reference/migration-source-documents/Handbook_v1_0.docx,Draft v1.0,True,Appendix I — References,434,docs/archive/handbook-v1-0/69-appendix-i-references.md,100c760003b9ff956ae369ece65c5ffe7736f6d481496d8df4c99dd6105d4190
HB10,reference/migration-source-documents/Handbook_v1_0.docx,Draft v1.0,True,Closing Architecture Statement,446,docs/archive/handbook-v1-0/70-closing-architecture-statement.md,100c760003b9ff956ae369ece65c5ffe7736f6d481496d8df4c99dd6105d4190
HB11,reference/migration-source-documents/Handbook_v1_1.docx,Draft v1.1,True,Part I — Foundations and governance context,107,docs/archive/handbook-v1-1/01-part-i-foundations-and-governance-context.md,afbe9313dda4c68d5bb3af9ae6e9fcb5f098894c59e5f443270795bf2f9c21a1
HB11,reference/migration-source-documents/Handbook_v1_1.docx,Draft v1.1,True,"1. Purpose, scope and release boundaries",108,docs/archive/handbook-v1-1/1-purpose-scope-and-release-boundaries.md,afbe9313dda4c68d5bb3af9ae6e9fcb5f098894c59e5f443270795bf2f9c21a1
HB11,reference/migration-source-documents/Handbook_v1_1.docx,Draft v1.1,True,"2. Normative language, invariants and authority",123,docs/archive/handbook-v1-1/2-normative-language-invariants-and-authority.md,afbe9313dda4c68d5bb3af9ae6e9fcb5f098894c59e5f443270795bf2f9c21a1
HB11,reference/migration-source-documents/Handbook_v1_1.docx,Draft v1.1,True,3. Standards hierarchy and the 2026 baseline,148,docs/archive/handbook-v1-1/3-standards-hierarchy-and-the-2026-baseline.md,afbe9313dda4c68d5bb3af9ae6e9fcb5f098894c59e5f443270795bf2f9c21a1
HB11,reference/migration-source-documents/Handbook_v1_1.docx,Draft v1.1,True,4. Categorization and policy profiles,157,docs/archive/handbook-v1-1/4-categorization-and-policy-profiles.md,afbe9313dda4c68d5bb3af9ae6e9fcb5f098894c59e5f443270795bf2f9c21a1
HB11,reference/migration-source-documents/Handbook_v1_1.docx,Draft v1.1,True,5. Threat model and trust boundaries,165,docs/archive/handbook-v1-1/5-threat-model-and-trust-boundaries.md,afbe9313dda4c68d5bb3af9ae6e9fcb5f098894c59e5f443270795bf2f9c21a1
HB11,reference/migration-source-documents/Handbook_v1_1.docx,Draft v1.1,True,6. Canonical model and service planes,171,docs/archive/handbook-v1-1/6-canonical-model-and-service-planes.md,afbe9313dda4c68d5bb3af9ae6e9fcb5f098894c59e5f443270795bf2f9c21a1
HB11,reference/migration-source-documents/Handbook_v1_1.docx,Draft v1.1,True,Part II — Portable security architecture,182,docs/archive/handbook-v1-1/08-part-ii-portable-security-architecture.md,afbe9313dda4c68d5bb3af9ae6e9fcb5f098894c59e5f443270795bf2f9c21a1
HB11,reference/migration-source-documents/Handbook_v1_1.docx,Draft v1.1,True,"7. Tenant Namespace, entitlements and ownership",183,docs/archive/handbook-v1-1/7-tenant-namespace-entitlements-and-ownership.md,afbe9313dda4c68d5bb3af9ae6e9fcb5f098894c59e5f443270795bf2f9c21a1
HB11,reference/migration-source-documents/Handbook_v1_1.docx,Draft v1.1,True,8. WSD intent and lifecycle responsibility,193,docs/archive/handbook-v1-1/8-wsd-intent-and-lifecycle-responsibility.md,afbe9313dda4c68d5bb3af9ae6e9fcb5f098894c59e5f443270795bf2f9c21a1
HB11,reference/migration-source-documents/Handbook_v1_1.docx,Draft v1.1,True,9. Security Domains and site/platform instances,203,docs/archive/handbook-v1-1/9-security-domains-and-site-platform-instances.md,afbe9313dda4c68d5bb3af9ae6e9fcb5f098894c59e5f443270795bf2f9c21a1
HB11,reference/migration-source-documents/Handbook_v1_1.docx,Draft v1.1,True,"10. Zone classes, external domains and adjacency",215,docs/archive/handbook-v1-1/10-zone-classes-external-domains-and-adjacency.md,afbe9313dda4c68d5bb3af9ae6e9fcb5f098894c59e5f443270795bf2f9c21a1
HB11,reference/migration-source-documents/Handbook_v1_1.docx,Draft v1.1,True,11. ZIP architecture and joint boundary authority,224,docs/archive/handbook-v1-1/11-zip-architecture-and-joint-boundary-authority.md,afbe9313dda4c68d5bb3af9ae6e9fcb5f098894c59e5f443270795bf2f9c21a1
HB11,reference/migration-source-documents/Handbook_v1_1.docx,Draft v1.1,True,"12. MZ, OOB and privileged management access",244,docs/archive/handbook-v1-1/12-mz-oob-and-privileged-management-access.md,afbe9313dda4c68d5bb3af9ae6e9fcb5f098894c59e5f443270795bf2f9c21a1
HB11,reference/migration-source-documents/Handbook_v1_1.docx,Draft v1.1,True,13. Platform overlays and enforcement ownership,258,docs/archive/handbook-v1-1/13-platform-overlays-and-enforcement-ownership.md,afbe9313dda4c68d5bb3af9ae6e9fcb5f098894c59e5f443270795bf2f9c21a1
HB11,reference/migration-source-documents/Handbook_v1_1.docx,Draft v1.1,True,14. Route Authority and safe forwarding compilation,268,docs/archive/handbook-v1-1/14-route-authority-and-safe-forwarding-compilation.md,afbe9313dda4c68d5bb3af9ae6e9fcb5f098894c59e5f443270795bf2f9c21a1
HB11,reference/migration-source-documents/Handbook_v1_1.docx,Draft v1.1,True,"15. IPAM, DNS and DHCP as one lifecycle",281,docs/archive/handbook-v1-1/15-ipam-dns-and-dhcp-as-one-lifecycle.md,afbe9313dda4c68d5bb3af9ae6e9fcb5f098894c59e5f443270795bf2f9c21a1
HB11,reference/migration-source-documents/Handbook_v1_1.docx,Draft v1.1,True,16. IPv6 and alternate-path control,293,docs/archive/handbook-v1-1/16-ipv6-and-alternate-path-control.md,afbe9313dda4c68d5bb3af9ae6e9fcb5f098894c59e5f443270795bf2f9c21a1
HB11,reference/migration-source-documents/Handbook_v1_1.docx,Draft v1.1,True,17. Shared services and explicit Service Bindings,303,docs/archive/handbook-v1-1/17-shared-services-and-explicit-service-bindings.md,afbe9313dda4c68d5bb3af9ae6e9fcb5f098894c59e5f443270795bf2f9c21a1
HB11,reference/migration-source-documents/Handbook_v1_1.docx,Draft v1.1,True,"18. Public ingress, controlled egress and external exposure",314,docs/archive/handbook-v1-1/18-public-ingress-controlled-egress-and-external-exposure.md,afbe9313dda4c68d5bb3af9ae6e9fcb5f098894c59e5f443270795bf2f9c21a1
HB11,reference/migration-source-documents/Handbook_v1_1.docx,Draft v1.1,True,"19. Microsegmentation, labels and workload attachment",331,docs/archive/handbook-v1-1/19-microsegmentation-labels-and-workload-attachment.md,afbe9313dda4c68d5bb3af9ae6e9fcb5f098894c59e5f443270795bf2f9c21a1
HB11,reference/migration-source-documents/Handbook_v1_1.docx,Draft v1.1,True,20. Provider-internal Edge Attachment contract,341,docs/archive/handbook-v1-1/20-provider-internal-edge-attachment-contract.md,afbe9313dda4c68d5bb3af9ae6e9fcb5f098894c59e5f443270795bf2f9c21a1
HB11,reference/migration-source-documents/Handbook_v1_1.docx,Draft v1.1,True,21. Multi-site domains and recovery connectivity,349,docs/archive/handbook-v1-1/21-multi-site-domains-and-recovery-connectivity.md,afbe9313dda4c68d5bb3af9ae6e9fcb5f098894c59e5f443270795bf2f9c21a1
HB11,reference/migration-source-documents/Handbook_v1_1.docx,Draft v1.1,True,Part III — Portable hosting services,362,docs/archive/handbook-v1-1/24-part-iii-portable-hosting-services.md,afbe9313dda4c68d5bb3af9ae6e9fcb5f098894c59e5f443270795bf2f9c21a1
HB11,reference/migration-source-documents/Handbook_v1_1.docx,Draft v1.1,True,"22. Compute, hypervisor security and co-residency",363,docs/archive/handbook-v1-1/22-compute-hypervisor-security-and-co-residency.md,afbe9313dda4c68d5bb3af9ae6e9fcb5f098894c59e5f443270795bf2f9c21a1
HB11,reference/migration-source-documents/Handbook_v1_1.docx,Draft v1.1,True,"23. Storage, data services and copy lineage",374,docs/archive/handbook-v1-1/23-storage-data-services-and-copy-lineage.md,afbe9313dda4c68d5bb3af9ae6e9fcb5f098894c59e5f443270795bf2f9c21a1
HB11,reference/migration-source-documents/Handbook_v1_1.docx,Draft v1.1,True,"24. Identity, privileged access and service identities",386,docs/archive/handbook-v1-1/24-identity-privileged-access-and-service-identities.md,afbe9313dda4c68d5bb3af9ae6e9fcb5f098894c59e5f443270795bf2f9c21a1
HB11,reference/migration-source-documents/Handbook_v1_1.docx,Draft v1.1,True,"25. Cryptography, KMS, certificates and crypto agility",396,docs/archive/handbook-v1-1/25-cryptography-kms-certificates-and-crypto-agility.md,afbe9313dda4c68d5bb3af9ae6e9fcb5f098894c59e5f443270795bf2f9c21a1
HB11,reference/migration-source-documents/Handbook_v1_1.docx,Draft v1.1,True,"26. Images, configuration baselines and endpoint protection",407,docs/archive/handbook-v1-1/26-images-configuration-baselines-and-endpoint-protection.md,afbe9313dda4c68d5bb3af9ae6e9fcb5f098894c59e5f443270795bf2f9c21a1
HB11,reference/migration-source-documents/Handbook_v1_1.docx,Draft v1.1,True,"27. Backup, retention and isolated restore",415,docs/archive/handbook-v1-1/27-backup-retention-and-isolated-restore.md,afbe9313dda4c68d5bb3af9ae6e9fcb5f098894c59e5f443270795bf2f9c21a1
HB11,reference/migration-source-documents/Handbook_v1_1.docx,Draft v1.1,True,28. Availability and recovery service profiles,428,docs/archive/handbook-v1-1/28-availability-and-recovery-service-profiles.md,afbe9313dda4c68d5bb3af9ae6e9fcb5f098894c59e5f443270795bf2f9c21a1
HB11,reference/migration-source-documents/Handbook_v1_1.docx,Draft v1.1,True,"29. Placement, data location and sovereign optionality",436,docs/archive/handbook-v1-1/29-placement-data-location-and-sovereign-optionality.md,afbe9313dda4c68d5bb3af9ae6e9fcb5f098894c59e5f443270795bf2f9c21a1
HB11,reference/migration-source-documents/Handbook_v1_1.docx,Draft v1.1,True,"30. Service catalogue, quotas and capacity on demand",446,docs/archive/handbook-v1-1/30-service-catalogue-quotas-and-capacity-on-demand.md,afbe9313dda4c68d5bb3af9ae6e9fcb5f098894c59e5f443270795bf2f9c21a1
HB11,reference/migration-source-documents/Handbook_v1_1.docx,Draft v1.1,True,31. Application responsibilities and end-to-end service readiness,454,docs/archive/handbook-v1-1/31-application-responsibilities-and-end-to-end-service-readiness.md,afbe9313dda4c68d5bb3af9ae6e9fcb5f098894c59e5f443270795bf2f9c21a1
HB11,reference/migration-source-documents/Handbook_v1_1.docx,Draft v1.1,True,Part IV — Infrastructure and platform realization,461,docs/archive/handbook-v1-1/35-part-iv-infrastructure-and-platform-realization.md,afbe9313dda4c68d5bb3af9ae6e9fcb5f098894c59e5f443270795bf2f9c21a1
HB11,reference/migration-source-documents/Handbook_v1_1.docx,Draft v1.1,True,32. Physical fabric foundation and commissioning,462,docs/archive/handbook-v1-1/32-physical-fabric-foundation-and-commissioning.md,afbe9313dda4c68d5bb3af9ae6e9fcb5f098894c59e5f443270795bf2f9c21a1
HB11,reference/migration-source-documents/Handbook_v1_1.docx,Draft v1.1,True,"33. EVPN/VXLAN, multihoming and border engineering",477,docs/archive/handbook-v1-1/33-evpn-vxlan-multihoming-and-border-engineering.md,afbe9313dda4c68d5bb3af9ae6e9fcb5f098894c59e5f443270795bf2f9c21a1
HB11,reference/migration-source-documents/Handbook_v1_1.docx,Draft v1.1,True,34. Portability dimensions and platform qualification,487,docs/archive/handbook-v1-1/34-portability-dimensions-and-platform-qualification.md,afbe9313dda4c68d5bb3af9ae6e9fcb5f098894c59e5f443270795bf2f9c21a1
HB11,reference/migration-source-documents/Handbook_v1_1.docx,Draft v1.1,True,35. Nutanix implementation profile,500,docs/archive/handbook-v1-1/35-nutanix-implementation-profile.md,afbe9313dda4c68d5bb3af9ae6e9fcb5f098894c59e5f443270795bf2f9c21a1
HB11,reference/migration-source-documents/Handbook_v1_1.docx,Draft v1.1,True,36. VMware and NSX implementation profile,513,docs/archive/handbook-v1-1/36-vmware-and-nsx-implementation-profile.md,afbe9313dda4c68d5bb3af9ae6e9fcb5f098894c59e5f443270795bf2f9c21a1
HB11,reference/migration-source-documents/Handbook_v1_1.docx,Draft v1.1,True,37. OpenStack implementation profile,524,docs/archive/handbook-v1-1/37-openstack-implementation-profile.md,afbe9313dda4c68d5bb3af9ae6e9fcb5f098894c59e5f443270795bf2f9c21a1
HB11,reference/migration-source-documents/Handbook_v1_1.docx,Draft v1.1,True,"38. Bare metal, containers and future platforms",535,docs/archive/handbook-v1-1/38-bare-metal-containers-and-future-platforms.md,afbe9313dda4c68d5bb3af9ae6e9fcb5f098894c59e5f443270795bf2f9c21a1
HB11,reference/migration-source-documents/Handbook_v1_1.docx,Draft v1.1,True,Part V — Service control plane and automation,546,docs/archive/handbook-v1-1/43-part-v-service-control-plane-and-automation.md,afbe9313dda4c68d5bb3af9ae6e9fcb5f098894c59e5f443270795bf2f9c21a1
HB11,reference/migration-source-documents/Handbook_v1_1.docx,Draft v1.1,True,"39. Canonical API, object ownership and status",547,docs/archive/handbook-v1-1/39-canonical-api-object-ownership-and-status.md,afbe9313dda4c68d5bb3af9ae6e9fcb5f098894c59e5f443270795bf2f9c21a1
HB11,reference/migration-source-documents/Handbook_v1_1.docx,Draft v1.1,True,"40. Admission, Flow Intention and policy compilation",558,docs/archive/handbook-v1-1/40-admission-flow-intention-and-policy-compilation.md,afbe9313dda4c68d5bb3af9ae6e9fcb5f098894c59e5f443270795bf2f9c21a1
HB11,reference/migration-source-documents/Handbook_v1_1.docx,Draft v1.1,True,41. Zero-touch provisioning and reconciliation workflow,569,docs/archive/handbook-v1-1/41-zero-touch-provisioning-and-reconciliation-workflow.md,afbe9313dda4c68d5bb3af9ae6e9fcb5f098894c59e5f443270795bf2f9c21a1
HB11,reference/migration-source-documents/Handbook_v1_1.docx,Draft v1.1,True,"42. Terraform roots, adapters and reproducible inputs",581,docs/archive/handbook-v1-1/42-terraform-roots-adapters-and-reproducible-inputs.md,afbe9313dda4c68d5bb3af9ae6e9fcb5f098894c59e5f443270795bf2f9c21a1
HB11,reference/migration-source-documents/Handbook_v1_1.docx,Draft v1.1,True,"43. State boundaries, cross-state transactions and partial failure",596,docs/archive/handbook-v1-1/43-state-boundaries-cross-state-transactions-and-partial-failure.md,afbe9313dda4c68d5bb3af9ae6e9fcb5f098894c59e5f443270795bf2f9c21a1
HB11,reference/migration-source-documents/Handbook_v1_1.docx,Draft v1.1,True,"44. CI/CD, signed plans and supply-chain integrity",607,docs/archive/handbook-v1-1/44-ci-cd-signed-plans-and-supply-chain-integrity.md,afbe9313dda4c68d5bb3af9ae6e9fcb5f098894c59e5f443270795bf2f9c21a1
HB11,reference/migration-source-documents/Handbook_v1_1.docx,Draft v1.1,True,45. Secrets and automation credentials,618,docs/archive/handbook-v1-1/45-secrets-and-automation-credentials.md,afbe9313dda4c68d5bb3af9ae6e9fcb5f098894c59e5f443270795bf2f9c21a1
HB11,reference/migration-source-documents/Handbook_v1_1.docx,Draft v1.1,True,"46. Drift, emergency overrides and desired-state convergence",630,docs/archive/handbook-v1-1/46-drift-emergency-overrides-and-desired-state-convergence.md,afbe9313dda4c68d5bb3af9ae6e9fcb5f098894c59e5f443270795bf2f9c21a1
HB11,reference/migration-source-documents/Handbook_v1_1.docx,Draft v1.1,True,Part VI — Assurance and operations,641,docs/archive/handbook-v1-1/52-part-vi-assurance-and-operations.md,afbe9313dda4c68d5bb3af9ae6e9fcb5f098894c59e5f443270795bf2f9c21a1
HB11,reference/migration-source-documents/Handbook_v1_1.docx,Draft v1.1,True,47. Assurance profiles and isolation decisions,642,docs/archive/handbook-v1-1/47-assurance-profiles-and-isolation-decisions.md,afbe9313dda4c68d5bb3af9ae6e9fcb5f098894c59e5f443270795bf2f9c21a1
HB11,reference/migration-source-documents/Handbook_v1_1.docx,Draft v1.1,True,48. Conformance framework and test execution,653,docs/archive/handbook-v1-1/48-conformance-framework-and-test-execution.md,afbe9313dda4c68d5bb3af9ae6e9fcb5f098894c59e5f443270795bf2f9c21a1
HB11,reference/migration-source-documents/Handbook_v1_1.docx,Draft v1.1,True,"49. Evidence, controls and authorization records",666,docs/archive/handbook-v1-1/49-evidence-controls-and-authorization-records.md,afbe9313dda4c68d5bb3af9ae6e9fcb5f098894c59e5f443270795bf2f9c21a1
HB11,reference/migration-source-documents/Handbook_v1_1.docx,Draft v1.1,True,"50. Logging, telemetry and time integrity",679,docs/archive/handbook-v1-1/50-logging-telemetry-and-time-integrity.md,afbe9313dda4c68d5bb3af9ae6e9fcb5f098894c59e5f443270795bf2f9c21a1
HB11,reference/migration-source-documents/Handbook_v1_1.docx,Draft v1.1,True,"51. Capacity, performance and capacity-on-demand operations",690,docs/archive/handbook-v1-1/51-capacity-performance-and-capacity-on-demand-operations.md,afbe9313dda4c68d5bb3af9ae6e9fcb5f098894c59e5f443270795bf2f9c21a1
HB11,reference/migration-source-documents/Handbook_v1_1.docx,Draft v1.1,True,52. High availability and dependency failure behavior,701,docs/archive/handbook-v1-1/52-high-availability-and-dependency-failure-behavior.md,afbe9313dda4c68d5bb3af9ae6e9fcb5f098894c59e5f443270795bf2f9c21a1
HB11,reference/migration-source-documents/Handbook_v1_1.docx,Draft v1.1,True,"53. Recovery, bootstrap and failback runbooks",711,docs/archive/handbook-v1-1/53-recovery-bootstrap-and-failback-runbooks.md,afbe9313dda4c68d5bb3af9ae6e9fcb5f098894c59e5f443270795bf2f9c21a1
HB11,reference/migration-source-documents/Handbook_v1_1.docx,Draft v1.1,True,"54. Vulnerability, patch and support lifecycle",720,docs/archive/handbook-v1-1/54-vulnerability-patch-and-support-lifecycle.md,afbe9313dda4c68d5bb3af9ae6e9fcb5f098894c59e5f443270795bf2f9c21a1
HB11,reference/migration-source-documents/Handbook_v1_1.docx,Draft v1.1,True,55. Incident response and scoped containment,729,docs/archive/handbook-v1-1/55-incident-response-and-scoped-containment.md,afbe9313dda4c68d5bb3af9ae6e9fcb5f098894c59e5f443270795bf2f9c21a1
HB11,reference/migration-source-documents/Handbook_v1_1.docx,Draft v1.1,True,"56. Lifecycle, retirement and secure disposal",738,docs/archive/handbook-v1-1/56-lifecycle-retirement-and-secure-disposal.md,afbe9313dda4c68d5bb3af9ae6e9fcb5f098894c59e5f443270795bf2f9c21a1
HB11,reference/migration-source-documents/Handbook_v1_1.docx,Draft v1.1,True,"57. Migration, portability and exit rehearsal",749,docs/archive/handbook-v1-1/57-migration-portability-and-exit-rehearsal.md,afbe9313dda4c68d5bb3af9ae6e9fcb5f098894c59e5f443270795bf2f9c21a1
HB11,reference/migration-source-documents/Handbook_v1_1.docx,Draft v1.1,True,Part VII — Governance and delivery,761,docs/archive/handbook-v1-1/64-part-vii-governance-and-delivery.md,afbe9313dda4c68d5bb3af9ae6e9fcb5f098894c59e5f443270795bf2f9c21a1
HB11,reference/migration-source-documents/Handbook_v1_1.docx,Draft v1.1,True,58. Operating model and separation of duties,762,docs/archive/handbook-v1-1/58-operating-model-and-separation-of-duties.md,afbe9313dda4c68d5bb3af9ae6e9fcb5f098894c59e5f443270795bf2f9c21a1
HB11,reference/migration-source-documents/Handbook_v1_1.docx,Draft v1.1,True,"59. Change, exceptions and risk decisions",771,docs/archive/handbook-v1-1/59-change-exceptions-and-risk-decisions.md,afbe9313dda4c68d5bb3af9ae6e9fcb5f098894c59e5f443270795bf2f9c21a1
HB11,reference/migration-source-documents/Handbook_v1_1.docx,Draft v1.1,True,60. Architecture review and onboarding gates,782,docs/archive/handbook-v1-1/60-architecture-review-and-onboarding-gates.md,afbe9313dda4c68d5bb3af9ae6e9fcb5f098894c59e5f443270795bf2f9c21a1
HB11,reference/migration-source-documents/Handbook_v1_1.docx,Draft v1.1,True,61. Delivery roadmap and reference implementation,788,docs/archive/handbook-v1-1/61-delivery-roadmap-and-reference-implementation.md,afbe9313dda4c68d5bb3af9ae6e9fcb5f098894c59e5f443270795bf2f9c21a1
HB11,reference/migration-source-documents/Handbook_v1_1.docx,Draft v1.1,True,62. Architecture acceptance and document release,797,docs/archive/handbook-v1-1/62-architecture-acceptance-and-document-release.md,afbe9313dda4c68d5bb3af9ae6e9fcb5f098894c59e5f443270795bf2f9c21a1
HB11,reference/migration-source-documents/Handbook_v1_1.docx,Draft v1.1,True,Appendix A — Canonical object contract and API surface,804,docs/archive/handbook-v1-1/70-appendix-a-canonical-object-contract-and-api-surface.md,afbe9313dda4c68d5bb3af9ae6e9fcb5f098894c59e5f443270795bf2f9c21a1
HB11,reference/migration-source-documents/Handbook_v1_1.docx,Draft v1.1,True,Appendix B — Worked requests and Terraform execution boundary,938,docs/archive/handbook-v1-1/71-appendix-b-worked-requests-and-terraform-execution-boundary.md,afbe9313dda4c68d5bb3af9ae6e9fcb5f098894c59e5f443270795bf2f9c21a1
HB11,reference/migration-source-documents/Handbook_v1_1.docx,Draft v1.1,True,Appendix C — Complete normative requirement and verification index,951,docs/archive/handbook-v1-1/72-appendix-c-complete-normative-requirement-and-verification-index.md,afbe9313dda4c68d5bb3af9ae6e9fcb5f098894c59e5f443270795bf2f9c21a1
HB11,reference/migration-source-documents/Handbook_v1_1.docx,Draft v1.1,True,Appendix D — Conformance test catalogue,969,docs/archive/handbook-v1-1/73-appendix-d-conformance-test-catalogue.md,afbe9313dda4c68d5bb3af9ae6e9fcb5f098894c59e5f443270795bf2f9c21a1
HB11,reference/migration-source-documents/Handbook_v1_1.docx,Draft v1.1,True,Appendix E — Source/control traceability and responsibility,1531,docs/archive/handbook-v1-1/74-appendix-e-source-control-traceability-and-responsibility.md,afbe9313dda4c68d5bb3af9ae6e9fcb5f098894c59e5f443270795bf2f9c21a1
HB11,reference/migration-source-documents/Handbook_v1_1.docx,Draft v1.1,True,Appendix F — Proposed local engineering parameters,1539,docs/archive/handbook-v1-1/75-appendix-f-proposed-local-engineering-parameters.md,afbe9313dda4c68d5bb3af9ae6e9fcb5f098894c59e5f443270795bf2f9c21a1
HB11,reference/migration-source-documents/Handbook_v1_1.docx,Draft v1.1,True,Appendix G — Operational records and decision templates,1545,docs/archive/handbook-v1-1/76-appendix-g-operational-records-and-decision-templates.md,afbe9313dda4c68d5bb3af9ae6e9fcb5f098894c59e5f443270795bf2f9c21a1
HB11,reference/migration-source-documents/Handbook_v1_1.docx,Draft v1.1,True,Appendix H — Primary sources and implementation references,1557,docs/archive/handbook-v1-1/77-appendix-h-primary-sources-and-implementation-references.md,afbe9313dda4c68d5bb3af9ae6e9fcb5f098894c59e5f443270795bf2f9c21a1
HB11,reference/migration-source-documents/Handbook_v1_1.docx,Draft v1.1,True,Appendix I — Glossary,1683,docs/archive/handbook-v1-1/78-appendix-i-glossary.md,afbe9313dda4c68d5bb3af9ae6e9fcb5f098894c59e5f443270795bf2f9c21a1
HB11,reference/migration-source-documents/Handbook_v1_1.docx,Draft v1.1,True,"Appendix J — Audit closure, migration and release checks",1685,docs/archive/handbook-v1-1/79-appendix-j-audit-closure-migration-and-release-checks.md,afbe9313dda4c68d5bb3af9ae6e9fcb5f098894c59e5f443270795bf2f9c21a1
AUD11,reference/migration-source-documents/Independent_Audit_v1_1.docx,Audit of Draft v1.1,True,Executive determination,3,docs/archive/audit-v1-1/01-executive-determination.md,cd901aaf004d45cf29ffe14ff955a0c9cf81f668be674e8d4de8c590303c62d8
AUD11,reference/migration-source-documents/Independent_Audit_v1_1.docx,Audit of Draft v1.1,True,"Scope, method and confirmed improvements",10,docs/archive/audit-v1-1/02-scope-method-and-confirmed-improvements.md,cd901aaf004d45cf29ffe14ff955a0c9cf81f668be674e8d4de8c590303c62d8
AUD11,reference/migration-source-documents/Independent_Audit_v1_1.docx,Audit of Draft v1.1,True,F01  |  Reference identity does not preserve tenant namespace,24,docs/archive/audit-v1-1/03-f01-reference-identity-does-not-preserve-tenant-namespace.md,cd901aaf004d45cf29ffe14ff955a0c9cf81f668be674e8d4de8c590303c62d8
AUD11,reference/migration-source-documents/Independent_Audit_v1_1.docx,Audit of Draft v1.1,True,F02  |  Cross-object consistency checks do not cover the complete graph,31,docs/archive/audit-v1-1/04-f02-cross-object-consistency-checks-do-not-cover-the-complete-graph.md,cd901aaf004d45cf29ffe14ff955a0c9cf81f668be674e8d4de8c590303c62d8
AUD11,reference/migration-source-documents/Independent_Audit_v1_1.docx,Audit of Draft v1.1,True,F03  |  IPv6-only is offered but cannot be represented end to end,39,docs/archive/audit-v1-1/05-f03-ipv6-only-is-offered-but-cannot-be-represented-end-to-end.md,cd901aaf004d45cf29ffe14ff955a0c9cf81f668be674e8d4de8c590303c62d8
AUD11,reference/migration-source-documents/Independent_Audit_v1_1.docx,Audit of Draft v1.1,True,F04  |  Reference DNS service is UDP-only,46,docs/archive/audit-v1-1/06-f04-reference-dns-service-is-udp-only.md,cd901aaf004d45cf29ffe14ff955a0c9cf81f668be674e8d4de8c590303c62d8
AUD11,reference/migration-source-documents/Independent_Audit_v1_1.docx,Audit of Draft v1.1,True,F05  |  FlowProfile protocol semantics remain incomplete,54,docs/archive/audit-v1-1/07-f05-flowprofile-protocol-semantics-remain-incomplete.md,cd901aaf004d45cf29ffe14ff955a0c9cf81f668be674e8d4de8c590303c62d8
AUD11,reference/migration-source-documents/Independent_Audit_v1_1.docx,Audit of Draft v1.1,True,F06  |  Security-sensitive profile approval is not a consistent contract,61,docs/archive/audit-v1-1/08-f06-security-sensitive-profile-approval-is-not-a-consistent-contract.md,cd901aaf004d45cf29ffe14ff955a0c9cf81f668be674e8d4de8c590303c62d8
AUD11,reference/migration-source-documents/Independent_Audit_v1_1.docx,Audit of Draft v1.1,True,F07  |  Qualification lifecycle differs between prose and schema,69,docs/archive/audit-v1-1/09-f07-qualification-lifecycle-differs-between-prose-and-schema.md,cd901aaf004d45cf29ffe14ff955a0c9cf81f668be674e8d4de8c590303c62d8
AUD11,reference/migration-source-documents/Independent_Audit_v1_1.docx,Audit of Draft v1.1,True,F08  |  Qualification record cannot fully express QUAL-001,76,docs/archive/audit-v1-1/10-f08-qualification-record-cannot-fully-express-qual-001.md,cd901aaf004d45cf29ffe14ff955a0c9cf81f668be674e8d4de8c590303c62d8
AUD11,reference/migration-source-documents/Independent_Audit_v1_1.docx,Audit of Draft v1.1,True,F09  |  Evidence validation accepts incomplete readiness assertions,84,docs/archive/audit-v1-1/11-f09-evidence-validation-accepts-incomplete-readiness-assertions.md,cd901aaf004d45cf29ffe14ff955a0c9cf81f668be674e8d4de8c590303c62d8
AUD11,reference/migration-source-documents/Independent_Audit_v1_1.docx,Audit of Draft v1.1,True,F10  |  Per-control evidence trace is described but not contracted,91,docs/archive/audit-v1-1/12-f10-per-control-evidence-trace-is-described-but-not-contracted.md,cd901aaf004d45cf29ffe14ff955a0c9cf81f668be674e8d4de8c590303c62d8
AUD11,reference/migration-source-documents/Independent_Audit_v1_1.docx,Audit of Draft v1.1,True,F11  |  PlacementProfile does not express required location distinctions,99,docs/archive/audit-v1-1/13-f11-placementprofile-does-not-express-required-location-distinctions.md,cd901aaf004d45cf29ffe14ff955a0c9cf81f668be674e8d4de8c590303c62d8
AUD11,reference/migration-source-documents/Independent_Audit_v1_1.docx,Audit of Draft v1.1,True,F12  |  API lifecycle is not closed over the required object graph,106,docs/archive/audit-v1-1/14-f12-api-lifecycle-is-not-closed-over-the-required-object-graph.md,cd901aaf004d45cf29ffe14ff955a0c9cf81f668be674e8d4de8c590303c62d8
AUD11,reference/migration-source-documents/Independent_Audit_v1_1.docx,Audit of Draft v1.1,True,F13  |  Breaking-change policy and API version naming disagree,114,docs/archive/audit-v1-1/15-f13-breaking-change-policy-and-api-version-naming-disagree.md,cd901aaf004d45cf29ffe14ff955a0c9cf81f668be674e8d4de8c590303c62d8
AUD11,reference/migration-source-documents/Independent_Audit_v1_1.docx,Audit of Draft v1.1,True,F14  |  Reference validation needs explicit coverage tiers and stronger negatives,121,docs/archive/audit-v1-1/16-f14-reference-validation-needs-explicit-coverage-tiers-and-stronger-negatives.md,cd901aaf004d45cf29ffe14ff955a0c9cf81f668be674e8d4de8c590303c62d8
AUD11,reference/migration-source-documents/Independent_Audit_v1_1.docx,Audit of Draft v1.1,True,F15  |  Printed control-family crosswalk omits existing catalogue mappings,129,docs/archive/audit-v1-1/17-f15-printed-control-family-crosswalk-omits-existing-catalogue-mappings.md,cd901aaf004d45cf29ffe14ff955a0c9cf81f668be674e8d4de8c590303c62d8
AUD11,reference/migration-source-documents/Independent_Audit_v1_1.docx,Audit of Draft v1.1,True,F16  |  Requirement-to-test links do not yet prove assertion-level coverage,136,docs/archive/audit-v1-1/18-f16-requirement-to-test-links-do-not-yet-prove-assertion-level-coverage.md,cd901aaf004d45cf29ffe14ff955a0c9cf81f668be674e8d4de8c590303c62d8
AUD11,reference/migration-source-documents/Independent_Audit_v1_1.docx,Audit of Draft v1.1,True,F17  |  Qualification and portability need separate test applicability rules,144,docs/archive/audit-v1-1/19-f17-qualification-and-portability-need-separate-test-applicability-rules.md,cd901aaf004d45cf29ffe14ff955a0c9cf81f668be674e8d4de8c590303c62d8
AUD11,reference/migration-source-documents/Independent_Audit_v1_1.docx,Audit of Draft v1.1,True,F18  |  Cadence and execution-status records need reconciliation,151,docs/archive/audit-v1-1/20-f18-cadence-and-execution-status-records-need-reconciliation.md,cd901aaf004d45cf29ffe14ff955a0c9cf81f668be674e8d4de8c590303c62d8
AUD11,reference/migration-source-documents/Independent_Audit_v1_1.docx,Audit of Draft v1.1,True,F19  |  Document fencing and pre/post-activation verification explicitly,159,docs/archive/audit-v1-1/21-f19-document-fencing-and-pre-post-activation-verification-explicitly.md,cd901aaf004d45cf29ffe14ff955a0c9cf81f668be674e8d4de8c590303c62d8
AUD11,reference/migration-source-documents/Independent_Audit_v1_1.docx,Audit of Draft v1.1,True,F20  |  Add one end-to-end service materialization contract,166,docs/archive/audit-v1-1/22-f20-add-one-end-to-end-service-materialization-contract.md,cd901aaf004d45cf29ffe14ff955a0c9cf81f668be674e8d4de8c590303c62d8
AUD11,reference/migration-source-documents/Independent_Audit_v1_1.docx,Audit of Draft v1.1,True,F21  |  Complete protocol-profile and standards-adoption traceability,174,docs/archive/audit-v1-1/23-f21-complete-protocol-profile-and-standards-adoption-traceability.md,cd901aaf004d45cf29ffe14ff955a0c9cf81f668be674e8d4de8c590303c62d8
AUD11,reference/migration-source-documents/Independent_Audit_v1_1.docx,Audit of Draft v1.1,True,F22  |  Make the release build and source evidence reproducible,181,docs/archive/audit-v1-1/24-f22-make-the-release-build-and-source-evidence-reproducible.md,cd901aaf004d45cf29ffe14ff955a0c9cf81f668be674e8d4de8c590303c62d8
AUD11,reference/migration-source-documents/Independent_Audit_v1_1.docx,Audit of Draft v1.1,True,"F23  |  Improve reader navigation and verification evidence, not page count",189,docs/archive/audit-v1-1/25-f23-improve-reader-navigation-and-verification-evidence-not-page-count.md,cd901aaf004d45cf29ffe14ff955a0c9cf81f668be674e8d4de8c590303c62d8
AUD11,reference/migration-source-documents/Independent_Audit_v1_1.docx,Audit of Draft v1.1,True,F24  |  Define completion independently for each delivered layer,196,docs/archive/audit-v1-1/26-f24-define-completion-independently-for-each-delivered-layer.md,cd901aaf004d45cf29ffe14ff955a0c9cf81f668be674e8d4de8c590303c62d8
AUD11,reference/migration-source-documents/Independent_Audit_v1_1.docx,Audit of Draft v1.1,True,Evidence inventory and external checks,204,docs/archive/audit-v1-1/27-evidence-inventory-and-external-checks.md,cd901aaf004d45cf29ffe14ff955a0c9cf81f668be674e8d4de8c590303c62d8
REV12,reference/migration-source-documents/Content_Review_v1_2.docx,Review of the 45-page v1.2 editorial branch,True,1. Chapter-by-chapter content disposition,11,docs/archive/content-review-v1-2/1-chapter-by-chapter-content-disposition.md,8ddf5ff71f4779a15e56ed3708ace1f8315116ed1e6c9ce1f6a73276d7101a89
REV12,reference/migration-source-documents/Content_Review_v1_2.docx,Review of the 45-page v1.2 editorial branch,True,2. Appendix disposition,33,docs/archive/content-review-v1-2/2-appendix-disposition.md,8ddf5ff71f4779a15e56ed3708ace1f8315116ed1e6c9ce1f6a73276d7101a89
REV12,reference/migration-source-documents/Content_Review_v1_2.docx,Review of the 45-page v1.2 editorial branch,True,3. Prior requirement-identifier disposition,36,docs/archive/content-review-v1-2/3-prior-requirement-identifier-disposition.md,8ddf5ff71f4779a15e56ed3708ace1f8315116ed1e6c9ce1f6a73276d7101a89
REV12,reference/migration-source-documents/Content_Review_v1_2.docx,Review of the 45-page v1.2 editorial branch,True,4. Architectural review and scope checks,59,docs/archive/content-review-v1-2/4-architectural-review-and-scope-checks.md,8ddf5ff71f4779a15e56ed3708ace1f8315116ed1e6c9ce1f6a73276d7101a89
REV12,reference/migration-source-documents/Content_Review_v1_2.docx,Review of the 45-page v1.2 editorial branch,True,5. Remaining implementation boundaries,63,docs/archive/content-review-v1-2/5-remaining-implementation-boundaries.md,8ddf5ff71f4779a15e56ed3708ace1f8315116ed1e6c9ce1f6a73276d7101a89
