{
    "apiVersion": "v1",
    "items": [
        {
            "apiVersion": "v1",
            "kind": "Pod",
            "metadata": {
                "creationTimestamp": "2026-10-05T03:50:03Z",
                "generateName": "assurance-7d78b74765-",
                "generation": 1,
                "labels": {
                    "app.kubernetes.io/part-of": "p01-foundation",
                    "p01.role": "app",
                    "p01.service": "assurance",
                    "pod-template-hash": "7d78b74765"
                },
                "name": "assurance-7d78b74765-4p4hs",
                "namespace": "p01-72188a2dcf97-908488b6",
                "ownerReferences": [
                    {
                        "apiVersion": "apps/v1",
                        "blockOwnerDeletion": true,
                        "controller": true,
                        "kind": "ReplicaSet",
                        "name": "assurance-7d78b74765",
                        "uid": "57921d19-bac9-456f-9b5f-9c63dd7957b9"
                    }
                ],
                "resourceVersion": "2423",
                "uid": "cfd7a614-c379-47ea-a11f-46b081b142a2"
            },
            "spec": {
                "automountServiceAccountToken": false,
                "containers": [
                    {
                        "args": [
                            "sh",
                            "-ec",
                            "php artisan config:cache \u0026\u0026 exec php-fpm -F"
                        ],
                        "env": [
                            {
                                "name": "APP_DEBUG",
                                "value": "false"
                            },
                            {
                                "name": "APP_ENV",
                                "value": "production"
                            },
                            {
                                "name": "APP_KEY_FILE",
                                "value": "/run/secrets/app-key"
                            },
                            {
                                "name": "DB_DATABASE",
                                "value": "assurance"
                            },
                            {
                                "name": "DB_HOST",
                                "value": "postgres"
                            },
                            {
                                "name": "DB_PASSWORD_FILE",
                                "value": "/run/secrets/db-password"
                            },
                            {
                                "name": "DB_PORT",
                                "value": "5432"
                            },
                            {
                                "name": "DB_SSLMODE",
                                "value": "verify-full"
                            },
                            {
                                "name": "DB_SSLROOTCERT",
                                "value": "/run/secrets/ca.crt"
                            },
                            {
                                "name": "DB_USERNAME",
                                "value": "assurance_runtime"
                            },
                            {
                                "name": "HEALTH_TOKEN_FILE",
                                "value": "/run/secrets/health-token"
                            }
                        ],
                        "image": "p01.local/assurance:sha256-049a5ac37f2c71fc57ffe65a33d4526172140dc697750f28b9a6f8e834b5d229",
                        "imagePullPolicy": "Never",
                        "livenessProbe": {
                            "failureThreshold": 3,
                            "periodSeconds": 10,
                            "successThreshold": 1,
                            "tcpSocket": {
                                "port": 9000
                            },
                            "timeoutSeconds": 2
                        },
                        "name": "assurance",
                        "readinessProbe": {
                            "exec": {
                                "command": [
                                    "php",
                                    "-r",
                                    "try { require '/app/vendor/autoload.php'; $app = require '/app/bootstrap/app.php';\n$app-\u003emake(Illuminate\\Contracts\\Console\\Kernel::class)-\u003ebootstrap();\n$token = trim((string) file_get_contents('/run/secrets/health-token'));\n$status = $app-\u003emake(App\\Application\\Foundation\\Actions\\InspectDependencies::class)-\u003ehandle($token);\nexit($status === App\\Application\\Foundation\\Data\\DependencyStatus::Ready ? 0 : 1);\n} catch (Throwable) { exit(1); }"
                                ]
                            },
                            "failureThreshold": 1,
                            "periodSeconds": 10,
                            "successThreshold": 1,
                            "timeoutSeconds": 8
                        },
                        "resources": {
                            "limits": {
                                "cpu": "1",
                                "memory": "512Mi"
                            },
                            "requests": {
                                "cpu": "25m",
                                "memory": "64Mi"
                            }
                        },
                        "securityContext": {
                            "allowPrivilegeEscalation": false,
                            "capabilities": {
                                "drop": [
                                    "ALL"
                                ]
                            },
                            "readOnlyRootFilesystem": true,
                            "runAsGroup": 10001,
                            "runAsNonRoot": true,
                            "runAsUser": 10001
                        },
                        "startupProbe": {
                            "failureThreshold": 60,
                            "periodSeconds": 2,
                            "successThreshold": 1,
                            "tcpSocket": {
                                "port": 9000
                            },
                            "timeoutSeconds": 1
                        },
                        "terminationMessagePath": "/dev/termination-log",
                        "terminationMessagePolicy": "File",
                        "volumeMounts": [
                            {
                                "mountPath": "/run/secrets",
                                "name": "secrets",
                                "readOnly": true
                            },
                            {
                                "mountPath": "/tmp",
                                "name": "tmp"
                            },
                            {
                                "mountPath": "/app/storage",
                                "name": "storage"
                            },
                            {
                                "mountPath": "/app/bootstrap/cache",
                                "name": "config-cache"
                            }
                        ]
                    }
                ],
                "dnsPolicy": "ClusterFirst",
                "enableServiceLinks": false,
                "nodeName": "p01-72188a2dcf97-908488b6-worker",
                "preemptionPolicy": "PreemptLowerPriority",
                "priority": 0,
                "restartPolicy": "Always",
                "schedulerName": "default-scheduler",
                "securityContext": {
                    "fsGroup": 10001,
                    "runAsGroup": 10001,
                    "runAsNonRoot": true,
                    "runAsUser": 10001,
                    "seccompProfile": {
                        "type": "RuntimeDefault"
                    }
                },
                "serviceAccount": "assurance",
                "serviceAccountName": "assurance",
                "terminationGracePeriodSeconds": 30,
                "tolerations": [
                    {
                        "effect": "NoExecute",
                        "key": "node.kubernetes.io/not-ready",
                        "operator": "Exists",
                        "tolerationSeconds": 300
                    },
                    {
                        "effect": "NoExecute",
                        "key": "node.kubernetes.io/unreachable",
                        "operator": "Exists",
                        "tolerationSeconds": 300
                    }
                ],
                "volumes": [
                    {
                        "name": "secrets",
                        "secret": {
                            "defaultMode": 292,
                            "secretName": "assurance-runtime"
                        }
                    },
                    {
                        "emptyDir": {
                            "medium": "Memory",
                            "sizeLimit": "32Mi"
                        },
                        "name": "tmp"
                    },
                    {
                        "emptyDir": {
                            "medium": "Memory",
                            "sizeLimit": "32Mi"
                        },
                        "name": "storage"
                    },
                    {
                        "emptyDir": {
                            "medium": "Memory",
                            "sizeLimit": "16Mi"
                        },
                        "name": "config-cache"
                    }
                ]
            },
            "status": {
                "allocatedResources": {
                    "cpu": "25m",
                    "memory": "64Mi"
                },
                "conditions": [
                    {
                        "lastProbeTime": null,
                        "lastTransitionTime": "2026-10-05T03:50:05Z",
                        "observedGeneration": 1,
                        "status": "True",
                        "type": "PodReadyToStartContainers"
                    },
                    {
                        "lastProbeTime": null,
                        "lastTransitionTime": "2026-10-05T03:50:03Z",
                        "observedGeneration": 1,
                        "status": "True",
                        "type": "Initialized"
                    },
                    {
                        "lastProbeTime": null,
                        "lastTransitionTime": "2026-10-05T03:53:34Z",
                        "observedGeneration": 1,
                        "status": "True",
                        "type": "Ready"
                    },
                    {
                        "lastProbeTime": null,
                        "lastTransitionTime": "2026-10-05T03:53:34Z",
                        "observedGeneration": 1,
                        "status": "True",
                        "type": "ContainersReady"
                    },
                    {
                        "lastProbeTime": null,
                        "lastTransitionTime": "2026-10-05T03:50:03Z",
                        "observedGeneration": 1,
                        "status": "True",
                        "type": "PodScheduled"
                    }
                ],
                "containerStatuses": [
                    {
                        "allocatedResources": {
                            "cpu": "25m",
                            "memory": "64Mi"
                        },
                        "containerID": "containerd://012a5c8c0bf28ea2497a7b153c5518af6a53fb7300c9946ef7d1f3e1de2db005",
                        "image": "p01.local/assurance:sha256-049a5ac37f2c71fc57ffe65a33d4526172140dc697750f28b9a6f8e834b5d229",
                        "imageID": "docker.io/library/import-2026-10-05@sha256:4a42c9575a709920810ca5c34127151cfbb71f4ee918613dc3153b76a13f2db7",
                        "lastState": {},
                        "name": "assurance",
                        "ready": true,
                        "resources": {
                            "limits": {
                                "cpu": "1",
                                "memory": "512Mi"
                            },
                            "requests": {
                                "cpu": "25m",
                                "memory": "64Mi"
                            }
                        },
                        "restartCount": 0,
                        "started": true,
                        "state": {
                            "running": {
                                "startedAt": "2026-10-05T03:50:06Z"
                            }
                        },
                        "user": {
                            "linux": {
                                "gid": 10001,
                                "supplementalGroups": [
                                    10001
                                ],
                                "uid": 10001
                            }
                        },
                        "volumeMounts": [
                            {
                                "mountPath": "/run/secrets",
                                "name": "secrets",
                                "readOnly": true,
                                "recursiveReadOnly": "Disabled"
                            },
                            {
                                "mountPath": "/tmp",
                                "name": "tmp"
                            },
                            {
                                "mountPath": "/app/storage",
                                "name": "storage"
                            },
                            {
                                "mountPath": "/app/bootstrap/cache",
                                "name": "config-cache"
                            }
                        ]
                    }
                ],
                "hostIP": "172.18.0.2",
                "hostIPs": [
                    {
                        "ip": "172.18.0.2"
                    }
                ],
                "observedGeneration": 1,
                "phase": "Running",
                "podIP": "10.244.1.218",
                "podIPs": [
                    {
                        "ip": "10.244.1.218"
                    }
                ],
                "qosClass": "Burstable",
                "resources": {
                    "limits": {
                        "cpu": "1",
                        "memory": "512Mi"
                    },
                    "requests": {
                        "memory": "64Mi"
                    }
                },
                "startTime": "2026-10-05T03:50:03Z"
            }
        },
        {
            "apiVersion": "v1",
            "kind": "Pod",
            "metadata": {
                "creationTimestamp": "2026-10-05T03:50:16Z",
                "generateName": "assurance-migrator-",
                "generation": 1,
                "labels": {
                    "app.kubernetes.io/part-of": "p01-foundation",
                    "batch.kubernetes.io/controller-uid": "c1777bc2-1fc0-4bdc-bf15-3be0abfdd903",
                    "batch.kubernetes.io/job-name": "assurance-migrator",
                    "controller-uid": "c1777bc2-1fc0-4bdc-bf15-3be0abfdd903",
                    "job-name": "assurance-migrator",
                    "p01.role": "migrator",
                    "p01.service": "assurance"
                },
                "name": "assurance-migrator-7rvbf",
                "namespace": "p01-72188a2dcf97-908488b6",
                "ownerReferences": [
                    {
                        "apiVersion": "batch/v1",
                        "blockOwnerDeletion": true,
                        "controller": true,
                        "kind": "Job",
                        "name": "assurance-migrator",
                        "uid": "c1777bc2-1fc0-4bdc-bf15-3be0abfdd903"
                    }
                ],
                "resourceVersion": "1711",
                "uid": "4bfcdb84-f941-4af2-960a-1415ef907dbb"
            },
            "spec": {
                "automountServiceAccountToken": false,
                "containers": [
                    {
                        "command": [
                            "/bin/sh",
                            "-ec",
                            "export PGPASSWORD=\"$(cat /run/secrets/db-password)\"; exec psql -X --quiet --set=ON_ERROR_STOP=1 --set=owner=assurance_owner --set=runtime=assurance_runtime \"host=postgres port=5432 dbname=assurance user=assurance_migrator sslmode=verify-full sslrootcert=/run/secrets/ca.crt connect_timeout=3\" --file=/opt/foundation/migrate.sql"
                        ],
                        "image": "p01.local/postgres:manifest-sha256-9e73daeb439141c2b11eea2463f5f1a3b269fd90d897b41cddb7cb440f21aa5d",
                        "imagePullPolicy": "Never",
                        "name": "migrate",
                        "resources": {
                            "limits": {
                                "cpu": "1",
                                "memory": "256Mi"
                            },
                            "requests": {
                                "cpu": "25m",
                                "memory": "64Mi"
                            }
                        },
                        "securityContext": {
                            "allowPrivilegeEscalation": false,
                            "capabilities": {
                                "drop": [
                                    "ALL"
                                ]
                            },
                            "readOnlyRootFilesystem": true,
                            "runAsGroup": 10001,
                            "runAsNonRoot": true,
                            "runAsUser": 10001
                        },
                        "terminationMessagePath": "/dev/termination-log",
                        "terminationMessagePolicy": "File",
                        "volumeMounts": [
                            {
                                "mountPath": "/run/secrets",
                                "name": "secrets",
                                "readOnly": true
                            },
                            {
                                "mountPath": "/opt/foundation/migrate.sql",
                                "name": "migration",
                                "readOnly": true,
                                "subPath": "migrate.sql"
                            },
                            {
                                "mountPath": "/opt/foundation/console.sql",
                                "name": "migration",
                                "readOnly": true,
                                "subPath": "console.sql"
                            }
                        ]
                    }
                ],
                "dnsPolicy": "ClusterFirst",
                "enableServiceLinks": false,
                "nodeName": "p01-72188a2dcf97-908488b6-worker",
                "preemptionPolicy": "PreemptLowerPriority",
                "priority": 0,
                "restartPolicy": "Never",
                "schedulerName": "default-scheduler",
                "securityContext": {
                    "fsGroup": 10001,
                    "runAsGroup": 10001,
                    "runAsNonRoot": true,
                    "runAsUser": 10001,
                    "seccompProfile": {
                        "type": "RuntimeDefault"
                    }
                },
                "serviceAccount": "assurance-migrator",
                "serviceAccountName": "assurance-migrator",
                "terminationGracePeriodSeconds": 30,
                "tolerations": [
                    {
                        "effect": "NoExecute",
                        "key": "node.kubernetes.io/not-ready",
                        "operator": "Exists",
                        "tolerationSeconds": 300
                    },
                    {
                        "effect": "NoExecute",
                        "key": "node.kubernetes.io/unreachable",
                        "operator": "Exists",
                        "tolerationSeconds": 300
                    }
                ],
                "volumes": [
                    {
                        "name": "secrets",
                        "secret": {
                            "defaultMode": 292,
                            "secretName": "assurance-migration"
                        }
                    },
                    {
                        "configMap": {
                            "defaultMode": 420,
                            "name": "postgres-scripts"
                        },
                        "name": "migration"
                    }
                ]
            },
            "status": {
                "allocatedResources": {
                    "cpu": "25m",
                    "memory": "64Mi"
                },
                "conditions": [
                    {
                        "lastProbeTime": null,
                        "lastTransitionTime": "2026-10-05T03:50:19Z",
                        "observedGeneration": 1,
                        "status": "False",
                        "type": "PodReadyToStartContainers"
                    },
                    {
                        "lastProbeTime": null,
                        "lastTransitionTime": "2026-10-05T03:50:16Z",
                        "observedGeneration": 1,
                        "reason": "PodCompleted",
                        "status": "True",
                        "type": "Initialized"
                    },
                    {
                        "lastProbeTime": null,
                        "lastTransitionTime": "2026-10-05T03:50:18Z",
                        "observedGeneration": 1,
                        "reason": "PodCompleted",
                        "status": "False",
                        "type": "Ready"
                    },
                    {
                        "lastProbeTime": null,
                        "lastTransitionTime": "2026-10-05T03:50:18Z",
                        "observedGeneration": 1,
                        "reason": "PodCompleted",
                        "status": "False",
                        "type": "ContainersReady"
                    },
                    {
                        "lastProbeTime": null,
                        "lastTransitionTime": "2026-10-05T03:50:16Z",
                        "observedGeneration": 1,
                        "status": "True",
                        "type": "PodScheduled"
                    }
                ],
                "containerStatuses": [
                    {
                        "allocatedResources": {
                            "cpu": "25m",
                            "memory": "64Mi"
                        },
                        "containerID": "containerd://01e1572b7f148066a31b8140b0453773e4f0039594404eb1a47e83895bdfacce",
                        "image": "p01.local/postgres:manifest-sha256-9e73daeb439141c2b11eea2463f5f1a3b269fd90d897b41cddb7cb440f21aa5d",
                        "imageID": "docker.io/library/import-2026-10-05@sha256:a73366f9c26d0167be14b0a23ba05e7d044534d10215b1017fe8b34946867e8c",
                        "lastState": {},
                        "name": "migrate",
                        "ready": false,
                        "resources": {
                            "limits": {
                                "cpu": "1",
                                "memory": "256Mi"
                            },
                            "requests": {
                                "cpu": "25m",
                                "memory": "64Mi"
                            }
                        },
                        "restartCount": 0,
                        "started": false,
                        "state": {
                            "terminated": {
                                "containerID": "containerd://01e1572b7f148066a31b8140b0453773e4f0039594404eb1a47e83895bdfacce",
                                "exitCode": 0,
                                "finishedAt": "2026-10-05T03:50:17Z",
                                "reason": "Completed",
                                "startedAt": "2026-10-05T03:50:17Z"
                            }
                        },
                        "user": {
                            "linux": {
                                "gid": 10001,
                                "supplementalGroups": [
                                    10001
                                ],
                                "uid": 10001
                            }
                        },
                        "volumeMounts": [
                            {
                                "mountPath": "/run/secrets",
                                "name": "secrets",
                                "readOnly": true,
                                "recursiveReadOnly": "Disabled"
                            },
                            {
                                "mountPath": "/opt/foundation/migrate.sql",
                                "name": "migration",
                                "readOnly": true,
                                "recursiveReadOnly": "Disabled"
                            },
                            {
                                "mountPath": "/opt/foundation/console.sql",
                                "name": "migration",
                                "readOnly": true,
                                "recursiveReadOnly": "Disabled"
                            }
                        ]
                    }
                ],
                "hostIP": "172.18.0.2",
                "hostIPs": [
                    {
                        "ip": "172.18.0.2"
                    }
                ],
                "observedGeneration": 1,
                "phase": "Succeeded",
                "podIP": "10.244.1.132",
                "podIPs": [
                    {
                        "ip": "10.244.1.132"
                    }
                ],
                "qosClass": "Burstable",
                "resources": {
                    "limits": {
                        "cpu": "1",
                        "memory": "256Mi"
                    },
                    "requests": {
                        "memory": "64Mi"
                    }
                },
                "startTime": "2026-10-05T03:50:16Z"
            }
        },
        {
            "apiVersion": "v1",
            "kind": "Pod",
            "metadata": {
                "creationTimestamp": "2026-10-05T03:50:25Z",
                "generateName": "assurance-probe-5656cb95c8-",
                "generation": 1,
                "labels": {
                    "app.kubernetes.io/part-of": "p01-foundation",
                    "p01.role": "probe",
                    "p01.service": "assurance",
                    "pod-template-hash": "5656cb95c8"
                },
                "name": "assurance-probe-5656cb95c8-mvmc8",
                "namespace": "p01-72188a2dcf97-908488b6",
                "ownerReferences": [
                    {
                        "apiVersion": "apps/v1",
                        "blockOwnerDeletion": true,
                        "controller": true,
                        "kind": "ReplicaSet",
                        "name": "assurance-probe-5656cb95c8",
                        "uid": "4b4ff7b2-5373-488e-af96-c671ef6a863b"
                    }
                ],
                "resourceVersion": "2114",
                "uid": "a583a928-e064-4b67-a10e-1ef8d73bd64a"
            },
            "spec": {
                "automountServiceAccountToken": false,
                "containers": [
                    {
                        "command": [
                            "/opt/venv/bin/python",
                            "-I",
                            "-c",
                            "import time; time.sleep(2400)"
                        ],
                        "image": "p01.local/planning:sha256-cbae52802671de2b85f9aa36a8c46631d4f0e5f877560ffde85a140ed75a8f0b",
                        "imagePullPolicy": "Never",
                        "name": "probe",
                        "resources": {
                            "limits": {
                                "cpu": "250m",
                                "memory": "128Mi"
                            },
                            "requests": {
                                "cpu": "10m",
                                "memory": "32Mi"
                            }
                        },
                        "securityContext": {
                            "allowPrivilegeEscalation": false,
                            "capabilities": {
                                "drop": [
                                    "ALL"
                                ]
                            },
                            "readOnlyRootFilesystem": true
                        },
                        "terminationMessagePath": "/dev/termination-log",
                        "terminationMessagePolicy": "File",
                        "volumeMounts": [
                            {
                                "mountPath": "/run/secrets",
                                "name": "health",
                                "readOnly": true
                            }
                        ]
                    }
                ],
                "dnsPolicy": "ClusterFirst",
                "enableServiceLinks": false,
                "nodeName": "p01-72188a2dcf97-908488b6-worker",
                "preemptionPolicy": "PreemptLowerPriority",
                "priority": 0,
                "restartPolicy": "Always",
                "schedulerName": "default-scheduler",
                "securityContext": {
                    "runAsGroup": 10001,
                    "runAsNonRoot": true,
                    "runAsUser": 10001,
                    "seccompProfile": {
                        "type": "RuntimeDefault"
                    }
                },
                "serviceAccount": "assurance-probe",
                "serviceAccountName": "assurance-probe",
                "terminationGracePeriodSeconds": 30,
                "tolerations": [
                    {
                        "effect": "NoExecute",
                        "key": "node.kubernetes.io/not-ready",
                        "operator": "Exists",
                        "tolerationSeconds": 300
                    },
                    {
                        "effect": "NoExecute",
                        "key": "node.kubernetes.io/unreachable",
                        "operator": "Exists",
                        "tolerationSeconds": 300
                    }
                ],
                "volumes": [
                    {
                        "name": "health",
                        "secret": {
                            "defaultMode": 292,
                            "items": [
                                {
                                    "key": "ca.crt",
                                    "path": "ca.crt"
                                },
                                {
                                    "key": "health-token",
                                    "path": "health-token"
                                }
                            ],
                            "secretName": "assurance-runtime"
                        }
                    }
                ]
            },
            "status": {
                "allocatedResources": {
                    "cpu": "10m",
                    "memory": "32Mi"
                },
                "conditions": [
                    {
                        "lastProbeTime": null,
                        "lastTransitionTime": "2026-10-05T03:50:26Z",
                        "observedGeneration": 1,
                        "status": "True",
                        "type": "PodReadyToStartContainers"
                    },
                    {
                        "lastProbeTime": null,
                        "lastTransitionTime": "2026-10-05T03:50:25Z",
                        "observedGeneration": 1,
                        "status": "True",
                        "type": "Initialized"
                    },
                    {
                        "lastProbeTime": null,
                        "lastTransitionTime": "2026-10-05T03:50:26Z",
                        "observedGeneration": 1,
                        "status": "True",
                        "type": "Ready"
                    },
                    {
                        "lastProbeTime": null,
                        "lastTransitionTime": "2026-10-05T03:50:26Z",
                        "observedGeneration": 1,
                        "status": "True",
                        "type": "ContainersReady"
                    },
                    {
                        "lastProbeTime": null,
                        "lastTransitionTime": "2026-10-05T03:50:25Z",
                        "observedGeneration": 1,
                        "status": "True",
                        "type": "PodScheduled"
                    }
                ],
                "containerStatuses": [
                    {
                        "allocatedResources": {
                            "cpu": "10m",
                            "memory": "32Mi"
                        },
                        "containerID": "containerd://1ee14569a408a29563edd83b098957cbb8267637be4d55625c13e2df1a600079",
                        "image": "p01.local/planning:sha256-cbae52802671de2b85f9aa36a8c46631d4f0e5f877560ffde85a140ed75a8f0b",
                        "imageID": "docker.io/library/import-2026-10-05@sha256:fba5f4cfd255a2db04fa3dc8e7b62dd82ecfae48d3a8734aa5c695d7d5d7376f",
                        "lastState": {},
                        "name": "probe",
                        "ready": true,
                        "resources": {
                            "limits": {
                                "cpu": "250m",
                                "memory": "128Mi"
                            },
                            "requests": {
                                "cpu": "10m",
                                "memory": "32Mi"
                            }
                        },
                        "restartCount": 0,
                        "started": true,
                        "state": {
                            "running": {
                                "startedAt": "2026-10-05T03:50:26Z"
                            }
                        },
                        "user": {
                            "linux": {
                                "gid": 10001,
                                "supplementalGroups": [
                                    10001
                                ],
                                "uid": 10001
                            }
                        },
                        "volumeMounts": [
                            {
                                "mountPath": "/run/secrets",
                                "name": "health",
                                "readOnly": true,
                                "recursiveReadOnly": "Disabled"
                            }
                        ]
                    }
                ],
                "hostIP": "172.18.0.2",
                "hostIPs": [
                    {
                        "ip": "172.18.0.2"
                    }
                ],
                "observedGeneration": 1,
                "phase": "Running",
                "podIP": "10.244.1.248",
                "podIPs": [
                    {
                        "ip": "10.244.1.248"
                    }
                ],
                "qosClass": "Burstable",
                "resources": {
                    "limits": {
                        "cpu": "250m",
                        "memory": "128Mi"
                    },
                    "requests": {
                        "memory": "32Mi"
                    }
                },
                "startTime": "2026-10-05T03:50:25Z"
            }
        },
        {
            "apiVersion": "v1",
            "kind": "Pod",
            "metadata": {
                "creationTimestamp": "2026-10-05T03:50:03Z",
                "generateName": "assurance-proxy-86947f7bcb-",
                "generation": 1,
                "labels": {
                    "app.kubernetes.io/part-of": "p01-foundation",
                    "p01.role": "proxy",
                    "p01.service": "assurance",
                    "pod-template-hash": "86947f7bcb"
                },
                "name": "assurance-proxy-86947f7bcb-pk6lz",
                "namespace": "p01-72188a2dcf97-908488b6",
                "ownerReferences": [
                    {
                        "apiVersion": "apps/v1",
                        "blockOwnerDeletion": true,
                        "controller": true,
                        "kind": "ReplicaSet",
                        "name": "assurance-proxy-86947f7bcb",
                        "uid": "4c95afaa-7fe8-4160-8da3-9391efb61012"
                    }
                ],
                "resourceVersion": "1498",
                "uid": "611954d6-85c9-46e4-997f-4dde8dc54c4d"
            },
            "spec": {
                "automountServiceAccountToken": false,
                "containers": [
                    {
                        "args": [
                            "-g",
                            "daemon off;"
                        ],
                        "command": [
                            "/usr/sbin/nginx"
                        ],
                        "image": "p01.local/nginx:manifest-sha256-3d2f995522ddb52c3a4eb8008b8fa26f184f7146851df1da831f88885ac40aae",
                        "imagePullPolicy": "Never",
                        "livenessProbe": {
                            "failureThreshold": 3,
                            "periodSeconds": 10,
                            "successThreshold": 1,
                            "tcpSocket": {
                                "port": 8443
                            },
                            "timeoutSeconds": 2
                        },
                        "name": "assurance-proxy",
                        "readinessProbe": {
                            "failureThreshold": 3,
                            "periodSeconds": 5,
                            "successThreshold": 1,
                            "tcpSocket": {
                                "port": 8443
                            },
                            "timeoutSeconds": 2
                        },
                        "resources": {
                            "limits": {
                                "cpu": "1",
                                "memory": "128Mi"
                            },
                            "requests": {
                                "cpu": "25m",
                                "memory": "64Mi"
                            }
                        },
                        "securityContext": {
                            "allowPrivilegeEscalation": false,
                            "capabilities": {
                                "drop": [
                                    "ALL"
                                ]
                            },
                            "readOnlyRootFilesystem": true,
                            "runAsGroup": 10001,
                            "runAsNonRoot": true,
                            "runAsUser": 10001
                        },
                        "terminationMessagePath": "/dev/termination-log",
                        "terminationMessagePolicy": "File",
                        "volumeMounts": [
                            {
                                "mountPath": "/run/secrets",
                                "name": "secrets",
                                "readOnly": true
                            },
                            {
                                "mountPath": "/tmp",
                                "name": "tmp"
                            },
                            {
                                "mountPath": "/etc/nginx/nginx.conf",
                                "name": "config",
                                "readOnly": true,
                                "subPath": "nginx.conf"
                            },
                            {
                                "mountPath": "/srv/public",
                                "name": "public",
                                "readOnly": true
                            }
                        ]
                    }
                ],
                "dnsPolicy": "ClusterFirst",
                "enableServiceLinks": false,
                "initContainers": [
                    {
                        "command": [
                            "/bin/sh",
                            "-ec",
                            "cp -R /app/public/. /srv/public/"
                        ],
                        "image": "p01.local/assurance:sha256-049a5ac37f2c71fc57ffe65a33d4526172140dc697750f28b9a6f8e834b5d229",
                        "imagePullPolicy": "Never",
                        "name": "copy-public-assets",
                        "resources": {
                            "limits": {
                                "cpu": "1",
                                "memory": "256Mi"
                            },
                            "requests": {
                                "cpu": "25m",
                                "memory": "64Mi"
                            }
                        },
                        "securityContext": {
                            "allowPrivilegeEscalation": false,
                            "capabilities": {
                                "drop": [
                                    "ALL"
                                ]
                            },
                            "readOnlyRootFilesystem": true,
                            "runAsGroup": 10001,
                            "runAsNonRoot": true,
                            "runAsUser": 10001
                        },
                        "terminationMessagePath": "/dev/termination-log",
                        "terminationMessagePolicy": "File",
                        "volumeMounts": [
                            {
                                "mountPath": "/srv/public",
                                "name": "public"
                            }
                        ]
                    }
                ],
                "nodeName": "p01-72188a2dcf97-908488b6-worker",
                "preemptionPolicy": "PreemptLowerPriority",
                "priority": 0,
                "restartPolicy": "Always",
                "schedulerName": "default-scheduler",
                "securityContext": {
                    "fsGroup": 10001,
                    "runAsGroup": 10001,
                    "runAsNonRoot": true,
                    "runAsUser": 10001,
                    "seccompProfile": {
                        "type": "RuntimeDefault"
                    }
                },
                "serviceAccount": "assurance-proxy",
                "serviceAccountName": "assurance-proxy",
                "terminationGracePeriodSeconds": 30,
                "tolerations": [
                    {
                        "effect": "NoExecute",
                        "key": "node.kubernetes.io/not-ready",
                        "operator": "Exists",
                        "tolerationSeconds": 300
                    },
                    {
                        "effect": "NoExecute",
                        "key": "node.kubernetes.io/unreachable",
                        "operator": "Exists",
                        "tolerationSeconds": 300
                    }
                ],
                "volumes": [
                    {
                        "name": "secrets",
                        "secret": {
                            "defaultMode": 292,
                            "secretName": "assurance-tls"
                        }
                    },
                    {
                        "emptyDir": {
                            "medium": "Memory",
                            "sizeLimit": "32Mi"
                        },
                        "name": "tmp"
                    },
                    {
                        "configMap": {
                            "defaultMode": 420,
                            "name": "assurance-proxy"
                        },
                        "name": "config"
                    },
                    {
                        "emptyDir": {
                            "sizeLimit": "64Mi"
                        },
                        "name": "public"
                    }
                ]
            },
            "status": {
                "allocatedResources": {
                    "cpu": "25m",
                    "memory": "64Mi"
                },
                "conditions": [
                    {
                        "lastProbeTime": null,
                        "lastTransitionTime": "2026-10-05T03:50:06Z",
                        "observedGeneration": 1,
                        "status": "True",
                        "type": "PodReadyToStartContainers"
                    },
                    {
                        "lastProbeTime": null,
                        "lastTransitionTime": "2026-10-05T03:50:08Z",
                        "observedGeneration": 1,
                        "status": "True",
                        "type": "Initialized"
                    },
                    {
                        "lastProbeTime": null,
                        "lastTransitionTime": "2026-10-05T03:50:09Z",
                        "observedGeneration": 1,
                        "status": "True",
                        "type": "Ready"
                    },
                    {
                        "lastProbeTime": null,
                        "lastTransitionTime": "2026-10-05T03:50:09Z",
                        "observedGeneration": 1,
                        "status": "True",
                        "type": "ContainersReady"
                    },
                    {
                        "lastProbeTime": null,
                        "lastTransitionTime": "2026-10-05T03:50:03Z",
                        "observedGeneration": 1,
                        "status": "True",
                        "type": "PodScheduled"
                    }
                ],
                "containerStatuses": [
                    {
                        "allocatedResources": {
                            "cpu": "25m",
                            "memory": "64Mi"
                        },
                        "containerID": "containerd://957c70a7b7ac6a824b97036b57b4163671b886b34f7f407ea3063eb3cb1c282f",
                        "image": "p01.local/nginx:manifest-sha256-3d2f995522ddb52c3a4eb8008b8fa26f184f7146851df1da831f88885ac40aae",
                        "imageID": "docker.io/library/import-2026-10-05@sha256:5c7e4ac215c73965ec024805e7feb2f942e4570d89003814734678eb756ea3de",
                        "lastState": {},
                        "name": "assurance-proxy",
                        "ready": true,
                        "resources": {
                            "limits": {
                                "cpu": "1",
                                "memory": "128Mi"
                            },
                            "requests": {
                                "cpu": "25m",
                                "memory": "64Mi"
                            }
                        },
                        "restartCount": 0,
                        "started": true,
                        "state": {
                            "running": {
                                "startedAt": "2026-10-05T03:50:08Z"
                            }
                        },
                        "user": {
                            "linux": {
                                "gid": 10001,
                                "supplementalGroups": [
                                    10001
                                ],
                                "uid": 10001
                            }
                        },
                        "volumeMounts": [
                            {
                                "mountPath": "/run/secrets",
                                "name": "secrets",
                                "readOnly": true,
                                "recursiveReadOnly": "Disabled"
                            },
                            {
                                "mountPath": "/tmp",
                                "name": "tmp"
                            },
                            {
                                "mountPath": "/etc/nginx/nginx.conf",
                                "name": "config",
                                "readOnly": true,
                                "recursiveReadOnly": "Disabled"
                            },
                            {
                                "mountPath": "/srv/public",
                                "name": "public",
                                "readOnly": true,
                                "recursiveReadOnly": "Disabled"
                            }
                        ]
                    }
                ],
                "hostIP": "172.18.0.2",
                "hostIPs": [
                    {
                        "ip": "172.18.0.2"
                    }
                ],
                "initContainerStatuses": [
                    {
                        "allocatedResources": {
                            "cpu": "25m",
                            "memory": "64Mi"
                        },
                        "containerID": "containerd://da5db373da0fe3272e77522fbc562320edf3189dfacd07f1ddbd65a67ec53daf",
                        "image": "p01.local/assurance:sha256-049a5ac37f2c71fc57ffe65a33d4526172140dc697750f28b9a6f8e834b5d229",
                        "imageID": "docker.io/library/import-2026-10-05@sha256:4a42c9575a709920810ca5c34127151cfbb71f4ee918613dc3153b76a13f2db7",
                        "lastState": {},
                        "name": "copy-public-assets",
                        "ready": true,
                        "resources": {
                            "limits": {
                                "cpu": "1",
                                "memory": "256Mi"
                            },
                            "requests": {
                                "cpu": "25m",
                                "memory": "64Mi"
                            }
                        },
                        "restartCount": 0,
                        "started": false,
                        "state": {
                            "terminated": {
                                "containerID": "containerd://da5db373da0fe3272e77522fbc562320edf3189dfacd07f1ddbd65a67ec53daf",
                                "exitCode": 0,
                                "finishedAt": "2026-10-05T03:50:08Z",
                                "reason": "Completed",
                                "startedAt": "2026-10-05T03:50:07Z"
                            }
                        },
                        "user": {
                            "linux": {
                                "gid": 10001,
                                "supplementalGroups": [
                                    10001
                                ],
                                "uid": 10001
                            }
                        },
                        "volumeMounts": [
                            {
                                "mountPath": "/srv/public",
                                "name": "public"
                            }
                        ]
                    }
                ],
                "observedGeneration": 1,
                "phase": "Running",
                "podIP": "10.244.1.211",
                "podIPs": [
                    {
                        "ip": "10.244.1.211"
                    }
                ],
                "qosClass": "Burstable",
                "resources": {
                    "limits": {
                        "cpu": "1",
                        "memory": "256Mi"
                    },
                    "requests": {
                        "memory": "64Mi"
                    }
                },
                "startTime": "2026-10-05T03:50:03Z"
            }
        },
        {
            "apiVersion": "v1",
            "kind": "Pod",
            "metadata": {
                "creationTimestamp": "2026-10-05T03:50:03Z",
                "generateName": "catalogue-65967f6fc7-",
                "generation": 1,
                "labels": {
                    "app.kubernetes.io/part-of": "p01-foundation",
                    "p01.role": "app",
                    "p01.service": "catalogue",
                    "pod-template-hash": "65967f6fc7"
                },
                "name": "catalogue-65967f6fc7-6pz5p",
                "namespace": "p01-72188a2dcf97-908488b6",
                "ownerReferences": [
                    {
                        "apiVersion": "apps/v1",
                        "blockOwnerDeletion": true,
                        "controller": true,
                        "kind": "ReplicaSet",
                        "name": "catalogue-65967f6fc7",
                        "uid": "9d86d708-bede-48c7-bc5d-a7faa4691a8f"
                    }
                ],
                "resourceVersion": "2411",
                "uid": "9a2bbb86-7411-430b-b109-f61ed639700c"
            },
            "spec": {
                "automountServiceAccountToken": false,
                "containers": [
                    {
                        "args": [
                            "sh",
                            "-ec",
                            "php artisan config:cache \u0026\u0026 exec php-fpm -F"
                        ],
                        "env": [
                            {
                                "name": "APP_DEBUG",
                                "value": "false"
                            },
                            {
                                "name": "APP_ENV",
                                "value": "production"
                            },
                            {
                                "name": "APP_KEY_FILE",
                                "value": "/run/secrets/app-key"
                            },
                            {
                                "name": "DB_DATABASE",
                                "value": "catalogue"
                            },
                            {
                                "name": "DB_HOST",
                                "value": "postgres"
                            },
                            {
                                "name": "DB_PASSWORD_FILE",
                                "value": "/run/secrets/db-password"
                            },
                            {
                                "name": "DB_PORT",
                                "value": "5432"
                            },
                            {
                                "name": "DB_SSLMODE",
                                "value": "verify-full"
                            },
                            {
                                "name": "DB_SSLROOTCERT",
                                "value": "/run/secrets/ca.crt"
                            },
                            {
                                "name": "DB_USERNAME",
                                "value": "catalogue_runtime"
                            },
                            {
                                "name": "HEALTH_TOKEN_FILE",
                                "value": "/run/secrets/health-token"
                            }
                        ],
                        "image": "p01.local/catalogue:sha256-3c26b91a5a930142955de972bae9eb853df7c97b92e541192e2edf416976a7a5",
                        "imagePullPolicy": "Never",
                        "livenessProbe": {
                            "failureThreshold": 3,
                            "periodSeconds": 10,
                            "successThreshold": 1,
                            "tcpSocket": {
                                "port": 9000
                            },
                            "timeoutSeconds": 2
                        },
                        "name": "catalogue",
                        "readinessProbe": {
                            "exec": {
                                "command": [
                                    "php",
                                    "-r",
                                    "try { require '/app/vendor/autoload.php'; $app = require '/app/bootstrap/app.php';\n$app-\u003emake(Illuminate\\Contracts\\Console\\Kernel::class)-\u003ebootstrap();\n$token = trim((string) file_get_contents('/run/secrets/health-token'));\n$status = $app-\u003emake(App\\Application\\Foundation\\Actions\\InspectDependencies::class)-\u003ehandle($token);\nexit($status === App\\Application\\Foundation\\Data\\DependencyStatus::Ready ? 0 : 1);\n} catch (Throwable) { exit(1); }"
                                ]
                            },
                            "failureThreshold": 1,
                            "periodSeconds": 10,
                            "successThreshold": 1,
                            "timeoutSeconds": 8
                        },
                        "resources": {
                            "limits": {
                                "cpu": "1",
                                "memory": "512Mi"
                            },
                            "requests": {
                                "cpu": "25m",
                                "memory": "64Mi"
                            }
                        },
                        "securityContext": {
                            "allowPrivilegeEscalation": false,
                            "capabilities": {
                                "drop": [
                                    "ALL"
                                ]
                            },
                            "readOnlyRootFilesystem": true,
                            "runAsGroup": 10001,
                            "runAsNonRoot": true,
                            "runAsUser": 10001
                        },
                        "startupProbe": {
                            "failureThreshold": 60,
                            "periodSeconds": 2,
                            "successThreshold": 1,
                            "tcpSocket": {
                                "port": 9000
                            },
                            "timeoutSeconds": 1
                        },
                        "terminationMessagePath": "/dev/termination-log",
                        "terminationMessagePolicy": "File",
                        "volumeMounts": [
                            {
                                "mountPath": "/run/secrets",
                                "name": "secrets",
                                "readOnly": true
                            },
                            {
                                "mountPath": "/tmp",
                                "name": "tmp"
                            },
                            {
                                "mountPath": "/app/storage",
                                "name": "storage"
                            },
                            {
                                "mountPath": "/app/bootstrap/cache",
                                "name": "config-cache"
                            }
                        ]
                    }
                ],
                "dnsPolicy": "ClusterFirst",
                "enableServiceLinks": false,
                "nodeName": "p01-72188a2dcf97-908488b6-worker",
                "preemptionPolicy": "PreemptLowerPriority",
                "priority": 0,
                "restartPolicy": "Always",
                "schedulerName": "default-scheduler",
                "securityContext": {
                    "fsGroup": 10001,
                    "runAsGroup": 10001,
                    "runAsNonRoot": true,
                    "runAsUser": 10001,
                    "seccompProfile": {
                        "type": "RuntimeDefault"
                    }
                },
                "serviceAccount": "catalogue",
                "serviceAccountName": "catalogue",
                "terminationGracePeriodSeconds": 30,
                "tolerations": [
                    {
                        "effect": "NoExecute",
                        "key": "node.kubernetes.io/not-ready",
                        "operator": "Exists",
                        "tolerationSeconds": 300
                    },
                    {
                        "effect": "NoExecute",
                        "key": "node.kubernetes.io/unreachable",
                        "operator": "Exists",
                        "tolerationSeconds": 300
                    }
                ],
                "volumes": [
                    {
                        "name": "secrets",
                        "secret": {
                            "defaultMode": 292,
                            "secretName": "catalogue-runtime"
                        }
                    },
                    {
                        "emptyDir": {
                            "medium": "Memory",
                            "sizeLimit": "32Mi"
                        },
                        "name": "tmp"
                    },
                    {
                        "emptyDir": {
                            "medium": "Memory",
                            "sizeLimit": "32Mi"
                        },
                        "name": "storage"
                    },
                    {
                        "emptyDir": {
                            "medium": "Memory",
                            "sizeLimit": "16Mi"
                        },
                        "name": "config-cache"
                    }
                ]
            },
            "status": {
                "allocatedResources": {
                    "cpu": "25m",
                    "memory": "64Mi"
                },
                "conditions": [
                    {
                        "lastProbeTime": null,
                        "lastTransitionTime": "2026-10-05T03:50:05Z",
                        "observedGeneration": 1,
                        "status": "True",
                        "type": "PodReadyToStartContainers"
                    },
                    {
                        "lastProbeTime": null,
                        "lastTransitionTime": "2026-10-05T03:50:03Z",
                        "observedGeneration": 1,
                        "status": "True",
                        "type": "Initialized"
                    },
                    {
                        "lastProbeTime": null,
                        "lastTransitionTime": "2026-10-05T03:53:33Z",
                        "observedGeneration": 1,
                        "status": "True",
                        "type": "Ready"
                    },
                    {
                        "lastProbeTime": null,
                        "lastTransitionTime": "2026-10-05T03:53:33Z",
                        "observedGeneration": 1,
                        "status": "True",
                        "type": "ContainersReady"
                    },
                    {
                        "lastProbeTime": null,
                        "lastTransitionTime": "2026-10-05T03:50:03Z",
                        "observedGeneration": 1,
                        "status": "True",
                        "type": "PodScheduled"
                    }
                ],
                "containerStatuses": [
                    {
                        "allocatedResources": {
                            "cpu": "25m",
                            "memory": "64Mi"
                        },
                        "containerID": "containerd://529ff3004670dc47068aa557229c070c42804aeb63cc46d205bc3118e01f8b83",
                        "image": "p01.local/catalogue:sha256-3c26b91a5a930142955de972bae9eb853df7c97b92e541192e2edf416976a7a5",
                        "imageID": "docker.io/library/import-2026-10-05@sha256:a8f38ef42a7d17f73bc8f80e48b25a0b6b849a29122e1a2d7c1d950c1e9663ab",
                        "lastState": {},
                        "name": "catalogue",
                        "ready": true,
                        "resources": {
                            "limits": {
                                "cpu": "1",
                                "memory": "512Mi"
                            },
                            "requests": {
                                "cpu": "25m",
                                "memory": "64Mi"
                            }
                        },
                        "restartCount": 0,
                        "started": true,
                        "state": {
                            "running": {
                                "startedAt": "2026-10-05T03:50:06Z"
                            }
                        },
                        "user": {
                            "linux": {
                                "gid": 10001,
                                "supplementalGroups": [
                                    10001
                                ],
                                "uid": 10001
                            }
                        },
                        "volumeMounts": [
                            {
                                "mountPath": "/run/secrets",
                                "name": "secrets",
                                "readOnly": true,
                                "recursiveReadOnly": "Disabled"
                            },
                            {
                                "mountPath": "/tmp",
                                "name": "tmp"
                            },
                            {
                                "mountPath": "/app/storage",
                                "name": "storage"
                            },
                            {
                                "mountPath": "/app/bootstrap/cache",
                                "name": "config-cache"
                            }
                        ]
                    }
                ],
                "hostIP": "172.18.0.2",
                "hostIPs": [
                    {
                        "ip": "172.18.0.2"
                    }
                ],
                "observedGeneration": 1,
                "phase": "Running",
                "podIP": "10.244.1.18",
                "podIPs": [
                    {
                        "ip": "10.244.1.18"
                    }
                ],
                "qosClass": "Burstable",
                "resources": {
                    "limits": {
                        "cpu": "1",
                        "memory": "512Mi"
                    },
                    "requests": {
                        "memory": "64Mi"
                    }
                },
                "startTime": "2026-10-05T03:50:03Z"
            }
        },
        {
            "apiVersion": "v1",
            "kind": "Pod",
            "metadata": {
                "creationTimestamp": "2026-10-05T03:50:16Z",
                "generateName": "catalogue-migrator-",
                "generation": 1,
                "labels": {
                    "app.kubernetes.io/part-of": "p01-foundation",
                    "batch.kubernetes.io/controller-uid": "f51472af-a334-4183-9335-a3ce326d0438",
                    "batch.kubernetes.io/job-name": "catalogue-migrator",
                    "controller-uid": "f51472af-a334-4183-9335-a3ce326d0438",
                    "job-name": "catalogue-migrator",
                    "p01.role": "migrator",
                    "p01.service": "catalogue"
                },
                "name": "catalogue-migrator-jsxpx",
                "namespace": "p01-72188a2dcf97-908488b6",
                "ownerReferences": [
                    {
                        "apiVersion": "batch/v1",
                        "blockOwnerDeletion": true,
                        "controller": true,
                        "kind": "Job",
                        "name": "catalogue-migrator",
                        "uid": "f51472af-a334-4183-9335-a3ce326d0438"
                    }
                ],
                "resourceVersion": "1694",
                "uid": "d32d2ddf-311f-491c-9acd-53da74f39ac4"
            },
            "spec": {
                "automountServiceAccountToken": false,
                "containers": [
                    {
                        "command": [
                            "/bin/sh",
                            "-ec",
                            "export PGPASSWORD=\"$(cat /run/secrets/db-password)\"; exec psql -X --quiet --set=ON_ERROR_STOP=1 --set=owner=catalogue_owner --set=runtime=catalogue_runtime \"host=postgres port=5432 dbname=catalogue user=catalogue_migrator sslmode=verify-full sslrootcert=/run/secrets/ca.crt connect_timeout=3\" --file=/opt/foundation/migrate.sql"
                        ],
                        "image": "p01.local/postgres:manifest-sha256-9e73daeb439141c2b11eea2463f5f1a3b269fd90d897b41cddb7cb440f21aa5d",
                        "imagePullPolicy": "Never",
                        "name": "migrate",
                        "resources": {
                            "limits": {
                                "cpu": "1",
                                "memory": "256Mi"
                            },
                            "requests": {
                                "cpu": "25m",
                                "memory": "64Mi"
                            }
                        },
                        "securityContext": {
                            "allowPrivilegeEscalation": false,
                            "capabilities": {
                                "drop": [
                                    "ALL"
                                ]
                            },
                            "readOnlyRootFilesystem": true,
                            "runAsGroup": 10001,
                            "runAsNonRoot": true,
                            "runAsUser": 10001
                        },
                        "terminationMessagePath": "/dev/termination-log",
                        "terminationMessagePolicy": "File",
                        "volumeMounts": [
                            {
                                "mountPath": "/run/secrets",
                                "name": "secrets",
                                "readOnly": true
                            },
                            {
                                "mountPath": "/opt/foundation/migrate.sql",
                                "name": "migration",
                                "readOnly": true,
                                "subPath": "migrate.sql"
                            },
                            {
                                "mountPath": "/opt/foundation/console.sql",
                                "name": "migration",
                                "readOnly": true,
                                "subPath": "console.sql"
                            }
                        ]
                    }
                ],
                "dnsPolicy": "ClusterFirst",
                "enableServiceLinks": false,
                "nodeName": "p01-72188a2dcf97-908488b6-worker",
                "preemptionPolicy": "PreemptLowerPriority",
                "priority": 0,
                "restartPolicy": "Never",
                "schedulerName": "default-scheduler",
                "securityContext": {
                    "fsGroup": 10001,
                    "runAsGroup": 10001,
                    "runAsNonRoot": true,
                    "runAsUser": 10001,
                    "seccompProfile": {
                        "type": "RuntimeDefault"
                    }
                },
                "serviceAccount": "catalogue-migrator",
                "serviceAccountName": "catalogue-migrator",
                "terminationGracePeriodSeconds": 30,
                "tolerations": [
                    {
                        "effect": "NoExecute",
                        "key": "node.kubernetes.io/not-ready",
                        "operator": "Exists",
                        "tolerationSeconds": 300
                    },
                    {
                        "effect": "NoExecute",
                        "key": "node.kubernetes.io/unreachable",
                        "operator": "Exists",
                        "tolerationSeconds": 300
                    }
                ],
                "volumes": [
                    {
                        "name": "secrets",
                        "secret": {
                            "defaultMode": 292,
                            "secretName": "catalogue-migration"
                        }
                    },
                    {
                        "configMap": {
                            "defaultMode": 420,
                            "name": "postgres-scripts"
                        },
                        "name": "migration"
                    }
                ]
            },
            "status": {
                "allocatedResources": {
                    "cpu": "25m",
                    "memory": "64Mi"
                },
                "conditions": [
                    {
                        "lastProbeTime": null,
                        "lastTransitionTime": "2026-10-05T03:50:18Z",
                        "observedGeneration": 1,
                        "status": "False",
                        "type": "PodReadyToStartContainers"
                    },
                    {
                        "lastProbeTime": null,
                        "lastTransitionTime": "2026-10-05T03:50:16Z",
                        "observedGeneration": 1,
                        "reason": "PodCompleted",
                        "status": "True",
                        "type": "Initialized"
                    },
                    {
                        "lastProbeTime": null,
                        "lastTransitionTime": "2026-10-05T03:50:17Z",
                        "observedGeneration": 1,
                        "reason": "PodCompleted",
                        "status": "False",
                        "type": "Ready"
                    },
                    {
                        "lastProbeTime": null,
                        "lastTransitionTime": "2026-10-05T03:50:17Z",
                        "observedGeneration": 1,
                        "reason": "PodCompleted",
                        "status": "False",
                        "type": "ContainersReady"
                    },
                    {
                        "lastProbeTime": null,
                        "lastTransitionTime": "2026-10-05T03:50:16Z",
                        "observedGeneration": 1,
                        "status": "True",
                        "type": "PodScheduled"
                    }
                ],
                "containerStatuses": [
                    {
                        "allocatedResources": {
                            "cpu": "25m",
                            "memory": "64Mi"
                        },
                        "containerID": "containerd://6b5c0c20e61706911f0d2f628a97104ac29a253847ee0b81ac657e6317998f6b",
                        "image": "p01.local/postgres:manifest-sha256-9e73daeb439141c2b11eea2463f5f1a3b269fd90d897b41cddb7cb440f21aa5d",
                        "imageID": "docker.io/library/import-2026-10-05@sha256:a73366f9c26d0167be14b0a23ba05e7d044534d10215b1017fe8b34946867e8c",
                        "lastState": {},
                        "name": "migrate",
                        "ready": false,
                        "resources": {
                            "limits": {
                                "cpu": "1",
                                "memory": "256Mi"
                            },
                            "requests": {
                                "cpu": "25m",
                                "memory": "64Mi"
                            }
                        },
                        "restartCount": 0,
                        "started": false,
                        "state": {
                            "terminated": {
                                "containerID": "containerd://6b5c0c20e61706911f0d2f628a97104ac29a253847ee0b81ac657e6317998f6b",
                                "exitCode": 0,
                                "finishedAt": "2026-10-05T03:50:17Z",
                                "reason": "Completed",
                                "startedAt": "2026-10-05T03:50:17Z"
                            }
                        },
                        "user": {
                            "linux": {
                                "gid": 10001,
                                "supplementalGroups": [
                                    10001
                                ],
                                "uid": 10001
                            }
                        },
                        "volumeMounts": [
                            {
                                "mountPath": "/run/secrets",
                                "name": "secrets",
                                "readOnly": true,
                                "recursiveReadOnly": "Disabled"
                            },
                            {
                                "mountPath": "/opt/foundation/migrate.sql",
                                "name": "migration",
                                "readOnly": true,
                                "recursiveReadOnly": "Disabled"
                            },
                            {
                                "mountPath": "/opt/foundation/console.sql",
                                "name": "migration",
                                "readOnly": true,
                                "recursiveReadOnly": "Disabled"
                            }
                        ]
                    }
                ],
                "hostIP": "172.18.0.2",
                "hostIPs": [
                    {
                        "ip": "172.18.0.2"
                    }
                ],
                "observedGeneration": 1,
                "phase": "Succeeded",
                "podIP": "10.244.1.229",
                "podIPs": [
                    {
                        "ip": "10.244.1.229"
                    }
                ],
                "qosClass": "Burstable",
                "resources": {
                    "limits": {
                        "cpu": "1",
                        "memory": "256Mi"
                    },
                    "requests": {
                        "memory": "64Mi"
                    }
                },
                "startTime": "2026-10-05T03:50:16Z"
            }
        },
        {
            "apiVersion": "v1",
            "kind": "Pod",
            "metadata": {
                "creationTimestamp": "2026-10-05T03:50:25Z",
                "generateName": "catalogue-probe-7c9755dd46-",
                "generation": 1,
                "labels": {
                    "app.kubernetes.io/part-of": "p01-foundation",
                    "p01.role": "probe",
                    "p01.service": "catalogue",
                    "pod-template-hash": "7c9755dd46"
                },
                "name": "catalogue-probe-7c9755dd46-pmdnf",
                "namespace": "p01-72188a2dcf97-908488b6",
                "ownerReferences": [
                    {
                        "apiVersion": "apps/v1",
                        "blockOwnerDeletion": true,
                        "controller": true,
                        "kind": "ReplicaSet",
                        "name": "catalogue-probe-7c9755dd46",
                        "uid": "bc302eb3-96d6-47df-9da5-2eb623aadcc3"
                    }
                ],
                "resourceVersion": "2095",
                "uid": "f4054cfd-2781-4716-8b78-f1b6f10a2ca8"
            },
            "spec": {
                "automountServiceAccountToken": false,
                "containers": [
                    {
                        "command": [
                            "/opt/venv/bin/python",
                            "-I",
                            "-c",
                            "import time; time.sleep(2400)"
                        ],
                        "image": "p01.local/planning:sha256-cbae52802671de2b85f9aa36a8c46631d4f0e5f877560ffde85a140ed75a8f0b",
                        "imagePullPolicy": "Never",
                        "name": "probe",
                        "resources": {
                            "limits": {
                                "cpu": "250m",
                                "memory": "128Mi"
                            },
                            "requests": {
                                "cpu": "10m",
                                "memory": "32Mi"
                            }
                        },
                        "securityContext": {
                            "allowPrivilegeEscalation": false,
                            "capabilities": {
                                "drop": [
                                    "ALL"
                                ]
                            },
                            "readOnlyRootFilesystem": true
                        },
                        "terminationMessagePath": "/dev/termination-log",
                        "terminationMessagePolicy": "File",
                        "volumeMounts": [
                            {
                                "mountPath": "/run/secrets",
                                "name": "health",
                                "readOnly": true
                            }
                        ]
                    }
                ],
                "dnsPolicy": "ClusterFirst",
                "enableServiceLinks": false,
                "nodeName": "p01-72188a2dcf97-908488b6-worker",
                "preemptionPolicy": "PreemptLowerPriority",
                "priority": 0,
                "restartPolicy": "Always",
                "schedulerName": "default-scheduler",
                "securityContext": {
                    "runAsGroup": 10001,
                    "runAsNonRoot": true,
                    "runAsUser": 10001,
                    "seccompProfile": {
                        "type": "RuntimeDefault"
                    }
                },
                "serviceAccount": "catalogue-probe",
                "serviceAccountName": "catalogue-probe",
                "terminationGracePeriodSeconds": 30,
                "tolerations": [
                    {
                        "effect": "NoExecute",
                        "key": "node.kubernetes.io/not-ready",
                        "operator": "Exists",
                        "tolerationSeconds": 300
                    },
                    {
                        "effect": "NoExecute",
                        "key": "node.kubernetes.io/unreachable",
                        "operator": "Exists",
                        "tolerationSeconds": 300
                    }
                ],
                "volumes": [
                    {
                        "name": "health",
                        "secret": {
                            "defaultMode": 292,
                            "items": [
                                {
                                    "key": "ca.crt",
                                    "path": "ca.crt"
                                },
                                {
                                    "key": "health-token",
                                    "path": "health-token"
                                }
                            ],
                            "secretName": "catalogue-runtime"
                        }
                    }
                ]
            },
            "status": {
                "allocatedResources": {
                    "cpu": "10m",
                    "memory": "32Mi"
                },
                "conditions": [
                    {
                        "lastProbeTime": null,
                        "lastTransitionTime": "2026-10-05T03:50:26Z",
                        "observedGeneration": 1,
                        "status": "True",
                        "type": "PodReadyToStartContainers"
                    },
                    {
                        "lastProbeTime": null,
                        "lastTransitionTime": "2026-10-05T03:50:25Z",
                        "observedGeneration": 1,
                        "status": "True",
                        "type": "Initialized"
                    },
                    {
                        "lastProbeTime": null,
                        "lastTransitionTime": "2026-10-05T03:50:27Z",
                        "observedGeneration": 1,
                        "status": "True",
                        "type": "Ready"
                    },
                    {
                        "lastProbeTime": null,
                        "lastTransitionTime": "2026-10-05T03:50:27Z",
                        "observedGeneration": 1,
                        "status": "True",
                        "type": "ContainersReady"
                    },
                    {
                        "lastProbeTime": null,
                        "lastTransitionTime": "2026-10-05T03:50:25Z",
                        "observedGeneration": 1,
                        "status": "True",
                        "type": "PodScheduled"
                    }
                ],
                "containerStatuses": [
                    {
                        "allocatedResources": {
                            "cpu": "10m",
                            "memory": "32Mi"
                        },
                        "containerID": "containerd://8dfe4de4553ef6681c1a9fb2f19e332d78e0c85a42e5c97b7d386a260f55f16a",
                        "image": "p01.local/planning:sha256-cbae52802671de2b85f9aa36a8c46631d4f0e5f877560ffde85a140ed75a8f0b",
                        "imageID": "docker.io/library/import-2026-10-05@sha256:fba5f4cfd255a2db04fa3dc8e7b62dd82ecfae48d3a8734aa5c695d7d5d7376f",
                        "lastState": {},
                        "name": "probe",
                        "ready": true,
                        "resources": {
                            "limits": {
                                "cpu": "250m",
                                "memory": "128Mi"
                            },
                            "requests": {
                                "cpu": "10m",
                                "memory": "32Mi"
                            }
                        },
                        "restartCount": 0,
                        "started": true,
                        "state": {
                            "running": {
                                "startedAt": "2026-10-05T03:50:27Z"
                            }
                        },
                        "user": {
                            "linux": {
                                "gid": 10001,
                                "supplementalGroups": [
                                    10001
                                ],
                                "uid": 10001
                            }
                        },
                        "volumeMounts": [
                            {
                                "mountPath": "/run/secrets",
                                "name": "health",
                                "readOnly": true,
                                "recursiveReadOnly": "Disabled"
                            }
                        ]
                    }
                ],
                "hostIP": "172.18.0.2",
                "hostIPs": [
                    {
                        "ip": "172.18.0.2"
                    }
                ],
                "observedGeneration": 1,
                "phase": "Running",
                "podIP": "10.244.1.91",
                "podIPs": [
                    {
                        "ip": "10.244.1.91"
                    }
                ],
                "qosClass": "Burstable",
                "resources": {
                    "limits": {
                        "cpu": "250m",
                        "memory": "128Mi"
                    },
                    "requests": {
                        "memory": "32Mi"
                    }
                },
                "startTime": "2026-10-05T03:50:25Z"
            }
        },
        {
            "apiVersion": "v1",
            "kind": "Pod",
            "metadata": {
                "creationTimestamp": "2026-10-05T03:50:03Z",
                "generateName": "catalogue-proxy-6d6fb6bb8-",
                "generation": 1,
                "labels": {
                    "app.kubernetes.io/part-of": "p01-foundation",
                    "p01.role": "proxy",
                    "p01.service": "catalogue",
                    "pod-template-hash": "6d6fb6bb8"
                },
                "name": "catalogue-proxy-6d6fb6bb8-789md",
                "namespace": "p01-72188a2dcf97-908488b6",
                "ownerReferences": [
                    {
                        "apiVersion": "apps/v1",
                        "blockOwnerDeletion": true,
                        "controller": true,
                        "kind": "ReplicaSet",
                        "name": "catalogue-proxy-6d6fb6bb8",
                        "uid": "7837a3a3-1ecb-4d9d-a421-bb41501942d4"
                    }
                ],
                "resourceVersion": "2072",
                "uid": "d70fd1a4-8294-4ede-a352-f620f513d5b7"
            },
            "spec": {
                "automountServiceAccountToken": false,
                "containers": [
                    {
                        "args": [
                            "-g",
                            "daemon off;"
                        ],
                        "command": [
                            "/usr/sbin/nginx"
                        ],
                        "image": "p01.local/nginx:manifest-sha256-3d2f995522ddb52c3a4eb8008b8fa26f184f7146851df1da831f88885ac40aae",
                        "imagePullPolicy": "Never",
                        "livenessProbe": {
                            "failureThreshold": 3,
                            "periodSeconds": 10,
                            "successThreshold": 1,
                            "tcpSocket": {
                                "port": 8443
                            },
                            "timeoutSeconds": 2
                        },
                        "name": "catalogue-proxy",
                        "readinessProbe": {
                            "failureThreshold": 3,
                            "periodSeconds": 5,
                            "successThreshold": 1,
                            "tcpSocket": {
                                "port": 8443
                            },
                            "timeoutSeconds": 2
                        },
                        "resources": {
                            "limits": {
                                "cpu": "1",
                                "memory": "128Mi"
                            },
                            "requests": {
                                "cpu": "25m",
                                "memory": "64Mi"
                            }
                        },
                        "securityContext": {
                            "allowPrivilegeEscalation": false,
                            "capabilities": {
                                "drop": [
                                    "ALL"
                                ]
                            },
                            "readOnlyRootFilesystem": true,
                            "runAsGroup": 10001,
                            "runAsNonRoot": true,
                            "runAsUser": 10001
                        },
                        "terminationMessagePath": "/dev/termination-log",
                        "terminationMessagePolicy": "File",
                        "volumeMounts": [
                            {
                                "mountPath": "/run/secrets",
                                "name": "secrets",
                                "readOnly": true
                            },
                            {
                                "mountPath": "/tmp",
                                "name": "tmp"
                            },
                            {
                                "mountPath": "/etc/nginx/nginx.conf",
                                "name": "config",
                                "readOnly": true,
                                "subPath": "nginx.conf"
                            },
                            {
                                "mountPath": "/srv/public",
                                "name": "public",
                                "readOnly": true
                            }
                        ]
                    }
                ],
                "dnsPolicy": "ClusterFirst",
                "enableServiceLinks": false,
                "initContainers": [
                    {
                        "command": [
                            "/bin/sh",
                            "-ec",
                            "cp -R /app/public/. /srv/public/"
                        ],
                        "image": "p01.local/catalogue:sha256-3c26b91a5a930142955de972bae9eb853df7c97b92e541192e2edf416976a7a5",
                        "imagePullPolicy": "Never",
                        "name": "copy-public-assets",
                        "resources": {
                            "limits": {
                                "cpu": "1",
                                "memory": "256Mi"
                            },
                            "requests": {
                                "cpu": "25m",
                                "memory": "64Mi"
                            }
                        },
                        "securityContext": {
                            "allowPrivilegeEscalation": false,
                            "capabilities": {
                                "drop": [
                                    "ALL"
                                ]
                            },
                            "readOnlyRootFilesystem": true,
                            "runAsGroup": 10001,
                            "runAsNonRoot": true,
                            "runAsUser": 10001
                        },
                        "terminationMessagePath": "/dev/termination-log",
                        "terminationMessagePolicy": "File",
                        "volumeMounts": [
                            {
                                "mountPath": "/srv/public",
                                "name": "public"
                            }
                        ]
                    }
                ],
                "nodeName": "p01-72188a2dcf97-908488b6-worker",
                "preemptionPolicy": "PreemptLowerPriority",
                "priority": 0,
                "restartPolicy": "Always",
                "schedulerName": "default-scheduler",
                "securityContext": {
                    "fsGroup": 10001,
                    "runAsGroup": 10001,
                    "runAsNonRoot": true,
                    "runAsUser": 10001,
                    "seccompProfile": {
                        "type": "RuntimeDefault"
                    }
                },
                "serviceAccount": "catalogue-proxy",
                "serviceAccountName": "catalogue-proxy",
                "terminationGracePeriodSeconds": 30,
                "tolerations": [
                    {
                        "effect": "NoExecute",
                        "key": "node.kubernetes.io/not-ready",
                        "operator": "Exists",
                        "tolerationSeconds": 300
                    },
                    {
                        "effect": "NoExecute",
                        "key": "node.kubernetes.io/unreachable",
                        "operator": "Exists",
                        "tolerationSeconds": 300
                    }
                ],
                "volumes": [
                    {
                        "name": "secrets",
                        "secret": {
                            "defaultMode": 292,
                            "secretName": "catalogue-tls"
                        }
                    },
                    {
                        "emptyDir": {
                            "medium": "Memory",
                            "sizeLimit": "32Mi"
                        },
                        "name": "tmp"
                    },
                    {
                        "configMap": {
                            "defaultMode": 420,
                            "name": "catalogue-proxy"
                        },
                        "name": "config"
                    },
                    {
                        "emptyDir": {
                            "sizeLimit": "64Mi"
                        },
                        "name": "public"
                    }
                ]
            },
            "status": {
                "allocatedResources": {
                    "cpu": "25m",
                    "memory": "64Mi"
                },
                "conditions": [
                    {
                        "lastProbeTime": null,
                        "lastTransitionTime": "2026-10-05T03:50:04Z",
                        "observedGeneration": 1,
                        "status": "True",
                        "type": "PodReadyToStartContainers"
                    },
                    {
                        "lastProbeTime": null,
                        "lastTransitionTime": "2026-10-05T03:50:07Z",
                        "observedGeneration": 1,
                        "status": "True",
                        "type": "Initialized"
                    },
                    {
                        "lastProbeTime": null,
                        "lastTransitionTime": "2026-10-05T03:50:08Z",
                        "observedGeneration": 1,
                        "status": "True",
                        "type": "Ready"
                    },
                    {
                        "lastProbeTime": null,
                        "lastTransitionTime": "2026-10-05T03:50:08Z",
                        "observedGeneration": 1,
                        "status": "True",
                        "type": "ContainersReady"
                    },
                    {
                        "lastProbeTime": null,
                        "lastTransitionTime": "2026-10-05T03:50:03Z",
                        "observedGeneration": 1,
                        "status": "True",
                        "type": "PodScheduled"
                    }
                ],
                "containerStatuses": [
                    {
                        "allocatedResources": {
                            "cpu": "25m",
                            "memory": "64Mi"
                        },
                        "containerID": "containerd://2f3fd1ebec0c57290c9f92e2887d0d83d88150e1f0f6d61c97312cc2d0a6e4c0",
                        "image": "p01.local/nginx:manifest-sha256-3d2f995522ddb52c3a4eb8008b8fa26f184f7146851df1da831f88885ac40aae",
                        "imageID": "docker.io/library/import-2026-10-05@sha256:5c7e4ac215c73965ec024805e7feb2f942e4570d89003814734678eb756ea3de",
                        "lastState": {},
                        "name": "catalogue-proxy",
                        "ready": true,
                        "resources": {
                            "limits": {
                                "cpu": "1",
                                "memory": "128Mi"
                            },
                            "requests": {
                                "cpu": "25m",
                                "memory": "64Mi"
                            }
                        },
                        "restartCount": 0,
                        "started": true,
                        "state": {
                            "running": {
                                "startedAt": "2026-10-05T03:50:08Z"
                            }
                        },
                        "user": {
                            "linux": {
                                "gid": 10001,
                                "supplementalGroups": [
                                    10001
                                ],
                                "uid": 10001
                            }
                        },
                        "volumeMounts": [
                            {
                                "mountPath": "/run/secrets",
                                "name": "secrets",
                                "readOnly": true,
                                "recursiveReadOnly": "Disabled"
                            },
                            {
                                "mountPath": "/tmp",
                                "name": "tmp"
                            },
                            {
                                "mountPath": "/etc/nginx/nginx.conf",
                                "name": "config",
                                "readOnly": true,
                                "recursiveReadOnly": "Disabled"
                            },
                            {
                                "mountPath": "/srv/public",
                                "name": "public",
                                "readOnly": true,
                                "recursiveReadOnly": "Disabled"
                            }
                        ]
                    }
                ],
                "hostIP": "172.18.0.2",
                "hostIPs": [
                    {
                        "ip": "172.18.0.2"
                    }
                ],
                "initContainerStatuses": [
                    {
                        "allocatedResources": {
                            "cpu": "25m",
                            "memory": "64Mi"
                        },
                        "containerID": "containerd://72e22b4c4d29c3475bccd5888b8a4f8be0dd1ce21ed456286529a9855dc97f65",
                        "image": "p01.local/catalogue:sha256-3c26b91a5a930142955de972bae9eb853df7c97b92e541192e2edf416976a7a5",
                        "imageID": "docker.io/library/import-2026-10-05@sha256:a8f38ef42a7d17f73bc8f80e48b25a0b6b849a29122e1a2d7c1d950c1e9663ab",
                        "lastState": {},
                        "name": "copy-public-assets",
                        "ready": true,
                        "resources": {
                            "limits": {
                                "cpu": "1",
                                "memory": "256Mi"
                            },
                            "requests": {
                                "cpu": "25m",
                                "memory": "64Mi"
                            }
                        },
                        "restartCount": 0,
                        "started": false,
                        "state": {
                            "terminated": {
                                "containerID": "containerd://72e22b4c4d29c3475bccd5888b8a4f8be0dd1ce21ed456286529a9855dc97f65",
                                "exitCode": 0,
                                "finishedAt": "2026-10-05T03:50:05Z",
                                "reason": "Completed",
                                "startedAt": "2026-10-05T03:50:05Z"
                            }
                        },
                        "user": {
                            "linux": {
                                "gid": 10001,
                                "supplementalGroups": [
                                    10001
                                ],
                                "uid": 10001
                            }
                        },
                        "volumeMounts": [
                            {
                                "mountPath": "/srv/public",
                                "name": "public"
                            }
                        ]
                    }
                ],
                "observedGeneration": 1,
                "phase": "Running",
                "podIP": "10.244.1.10",
                "podIPs": [
                    {
                        "ip": "10.244.1.10"
                    }
                ],
                "qosClass": "Burstable",
                "resources": {
                    "limits": {
                        "cpu": "1",
                        "memory": "256Mi"
                    },
                    "requests": {
                        "memory": "64Mi"
                    }
                },
                "startTime": "2026-10-05T03:50:03Z"
            }
        },
        {
            "apiVersion": "v1",
            "kind": "Pod",
            "metadata": {
                "annotations": {
                    "kubectl.kubernetes.io/restartedAt": "2026-10-05T03:53:52Z"
                },
                "creationTimestamp": "2026-10-05T03:54:34Z",
                "generateName": "console-57f5b5588f-",
                "generation": 1,
                "labels": {
                    "app.kubernetes.io/part-of": "p01-foundation",
                    "p01.role": "app",
                    "p01.service": "console",
                    "pod-template-hash": "57f5b5588f"
                },
                "name": "console-57f5b5588f-zxtt8",
                "namespace": "p01-72188a2dcf97-908488b6",
                "ownerReferences": [
                    {
                        "apiVersion": "apps/v1",
                        "blockOwnerDeletion": true,
                        "controller": true,
                        "kind": "ReplicaSet",
                        "name": "console-57f5b5588f",
                        "uid": "1132e076-9e21-4af5-86fd-ccbc1672c8aa"
                    }
                ],
                "resourceVersion": "2732",
                "uid": "968ea503-c6b1-4279-a631-a6807fb72289"
            },
            "spec": {
                "automountServiceAccountToken": false,
                "containers": [
                    {
                        "args": [
                            "sh",
                            "-ec",
                            "php artisan config:cache \u0026\u0026 exec php-fpm -F"
                        ],
                        "env": [
                            {
                                "name": "APP_DEBUG",
                                "value": "false"
                            },
                            {
                                "name": "APP_ENV",
                                "value": "production"
                            },
                            {
                                "name": "APP_KEY_FILE",
                                "value": "/run/secrets/app-key"
                            },
                            {
                                "name": "DB_DATABASE",
                                "value": "console"
                            },
                            {
                                "name": "DB_HOST",
                                "value": "postgres"
                            },
                            {
                                "name": "DB_PASSWORD_FILE",
                                "value": "/run/secrets/db-password"
                            },
                            {
                                "name": "DB_PORT",
                                "value": "5432"
                            },
                            {
                                "name": "DB_SSLMODE",
                                "value": "verify-full"
                            },
                            {
                                "name": "DB_SSLROOTCERT",
                                "value": "/run/secrets/ca.crt"
                            },
                            {
                                "name": "DB_USERNAME",
                                "value": "console_runtime"
                            },
                            {
                                "name": "HEALTH_TOKEN_FILE",
                                "value": "/run/secrets/health-token"
                            }
                        ],
                        "image": "p01.local/console:sha256-5255ed3ded9769272bc8058433896e73eab0b5f582072a12025fba905c3a7c00",
                        "imagePullPolicy": "Never",
                        "livenessProbe": {
                            "failureThreshold": 3,
                            "periodSeconds": 10,
                            "successThreshold": 1,
                            "tcpSocket": {
                                "port": 9000
                            },
                            "timeoutSeconds": 2
                        },
                        "name": "console",
                        "readinessProbe": {
                            "exec": {
                                "command": [
                                    "php",
                                    "-r",
                                    "try { require '/app/vendor/autoload.php'; $app = require '/app/bootstrap/app.php';\n$app-\u003emake(Illuminate\\Contracts\\Console\\Kernel::class)-\u003ebootstrap();\n$token = trim((string) file_get_contents('/run/secrets/health-token'));\n$status = $app-\u003emake(App\\Application\\Foundation\\Actions\\InspectDependencies::class)-\u003ehandle($token);\nexit($status === App\\Application\\Foundation\\Data\\DependencyStatus::Ready ? 0 : 1);\n} catch (Throwable) { exit(1); }"
                                ]
                            },
                            "failureThreshold": 1,
                            "periodSeconds": 10,
                            "successThreshold": 1,
                            "timeoutSeconds": 8
                        },
                        "resources": {
                            "limits": {
                                "cpu": "1",
                                "memory": "512Mi"
                            },
                            "requests": {
                                "cpu": "25m",
                                "memory": "64Mi"
                            }
                        },
                        "securityContext": {
                            "allowPrivilegeEscalation": false,
                            "capabilities": {
                                "drop": [
                                    "ALL"
                                ]
                            },
                            "readOnlyRootFilesystem": true,
                            "runAsGroup": 10001,
                            "runAsNonRoot": true,
                            "runAsUser": 10001
                        },
                        "startupProbe": {
                            "failureThreshold": 60,
                            "periodSeconds": 2,
                            "successThreshold": 1,
                            "tcpSocket": {
                                "port": 9000
                            },
                            "timeoutSeconds": 1
                        },
                        "terminationMessagePath": "/dev/termination-log",
                        "terminationMessagePolicy": "File",
                        "volumeMounts": [
                            {
                                "mountPath": "/run/secrets",
                                "name": "secrets",
                                "readOnly": true
                            },
                            {
                                "mountPath": "/tmp",
                                "name": "tmp"
                            },
                            {
                                "mountPath": "/app/storage",
                                "name": "storage"
                            },
                            {
                                "mountPath": "/app/bootstrap/cache",
                                "name": "config-cache"
                            }
                        ]
                    }
                ],
                "dnsPolicy": "ClusterFirst",
                "enableServiceLinks": false,
                "nodeName": "p01-72188a2dcf97-908488b6-worker",
                "preemptionPolicy": "PreemptLowerPriority",
                "priority": 0,
                "restartPolicy": "Always",
                "schedulerName": "default-scheduler",
                "securityContext": {
                    "fsGroup": 10001,
                    "runAsGroup": 10001,
                    "runAsNonRoot": true,
                    "runAsUser": 10001,
                    "seccompProfile": {
                        "type": "RuntimeDefault"
                    }
                },
                "serviceAccount": "console",
                "serviceAccountName": "console",
                "terminationGracePeriodSeconds": 30,
                "tolerations": [
                    {
                        "effect": "NoExecute",
                        "key": "node.kubernetes.io/not-ready",
                        "operator": "Exists",
                        "tolerationSeconds": 300
                    },
                    {
                        "effect": "NoExecute",
                        "key": "node.kubernetes.io/unreachable",
                        "operator": "Exists",
                        "tolerationSeconds": 300
                    }
                ],
                "volumes": [
                    {
                        "name": "secrets",
                        "secret": {
                            "defaultMode": 292,
                            "secretName": "console-runtime"
                        }
                    },
                    {
                        "emptyDir": {
                            "medium": "Memory",
                            "sizeLimit": "32Mi"
                        },
                        "name": "tmp"
                    },
                    {
                        "emptyDir": {
                            "medium": "Memory",
                            "sizeLimit": "32Mi"
                        },
                        "name": "storage"
                    },
                    {
                        "emptyDir": {
                            "medium": "Memory",
                            "sizeLimit": "16Mi"
                        },
                        "name": "config-cache"
                    }
                ]
            },
            "status": {
                "allocatedResources": {
                    "cpu": "25m",
                    "memory": "64Mi"
                },
                "conditions": [
                    {
                        "lastProbeTime": null,
                        "lastTransitionTime": "2026-10-05T03:54:35Z",
                        "observedGeneration": 1,
                        "status": "True",
                        "type": "PodReadyToStartContainers"
                    },
                    {
                        "lastProbeTime": null,
                        "lastTransitionTime": "2026-10-05T03:54:34Z",
                        "observedGeneration": 1,
                        "status": "True",
                        "type": "Initialized"
                    },
                    {
                        "lastProbeTime": null,
                        "lastTransitionTime": "2026-10-05T03:54:37Z",
                        "observedGeneration": 1,
                        "status": "True",
                        "type": "Ready"
                    },
                    {
                        "lastProbeTime": null,
                        "lastTransitionTime": "2026-10-05T03:54:37Z",
                        "observedGeneration": 1,
                        "status": "True",
                        "type": "ContainersReady"
                    },
                    {
                        "lastProbeTime": null,
                        "lastTransitionTime": "2026-10-05T03:54:34Z",
                        "observedGeneration": 1,
                        "status": "True",
                        "type": "PodScheduled"
                    }
                ],
                "containerStatuses": [
                    {
                        "allocatedResources": {
                            "cpu": "25m",
                            "memory": "64Mi"
                        },
                        "containerID": "containerd://9539da75c22763c14328cba88b38f3ea08317a3b765e8453cc7f598403b25fa4",
                        "image": "p01.local/console:sha256-5255ed3ded9769272bc8058433896e73eab0b5f582072a12025fba905c3a7c00",
                        "imageID": "docker.io/library/import-2026-10-05@sha256:46f31ff7a6303ebfc9b4c59f9539605ade4039d70e2d23ef30da8e2bb16773cd",
                        "lastState": {},
                        "name": "console",
                        "ready": true,
                        "resources": {
                            "limits": {
                                "cpu": "1",
                                "memory": "512Mi"
                            },
                            "requests": {
                                "cpu": "25m",
                                "memory": "64Mi"
                            }
                        },
                        "restartCount": 0,
                        "started": true,
                        "state": {
                            "running": {
                                "startedAt": "2026-10-05T03:54:35Z"
                            }
                        },
                        "user": {
                            "linux": {
                                "gid": 10001,
                                "supplementalGroups": [
                                    10001
                                ],
                                "uid": 10001
                            }
                        },
                        "volumeMounts": [
                            {
                                "mountPath": "/run/secrets",
                                "name": "secrets",
                                "readOnly": true,
                                "recursiveReadOnly": "Disabled"
                            },
                            {
                                "mountPath": "/tmp",
                                "name": "tmp"
                            },
                            {
                                "mountPath": "/app/storage",
                                "name": "storage"
                            },
                            {
                                "mountPath": "/app/bootstrap/cache",
                                "name": "config-cache"
                            }
                        ]
                    }
                ],
                "hostIP": "172.18.0.2",
                "hostIPs": [
                    {
                        "ip": "172.18.0.2"
                    }
                ],
                "observedGeneration": 1,
                "phase": "Running",
                "podIP": "10.244.1.198",
                "podIPs": [
                    {
                        "ip": "10.244.1.198"
                    }
                ],
                "qosClass": "Burstable",
                "resources": {
                    "limits": {
                        "cpu": "1",
                        "memory": "512Mi"
                    },
                    "requests": {
                        "memory": "64Mi"
                    }
                },
                "startTime": "2026-10-05T03:54:34Z"
            }
        },
        {
            "apiVersion": "v1",
            "kind": "Pod",
            "metadata": {
                "creationTimestamp": "2026-10-05T03:50:16Z",
                "generateName": "console-migrator-",
                "generation": 1,
                "labels": {
                    "app.kubernetes.io/part-of": "p01-foundation",
                    "batch.kubernetes.io/controller-uid": "1c1aa16b-2559-448d-9960-7459484ba83e",
                    "batch.kubernetes.io/job-name": "console-migrator",
                    "controller-uid": "1c1aa16b-2559-448d-9960-7459484ba83e",
                    "job-name": "console-migrator",
                    "p01.role": "migrator",
                    "p01.service": "console"
                },
                "name": "console-migrator-9npjb",
                "namespace": "p01-72188a2dcf97-908488b6",
                "ownerReferences": [
                    {
                        "apiVersion": "batch/v1",
                        "blockOwnerDeletion": true,
                        "controller": true,
                        "kind": "Job",
                        "name": "console-migrator",
                        "uid": "1c1aa16b-2559-448d-9960-7459484ba83e"
                    }
                ],
                "resourceVersion": "1699",
                "uid": "e4e27382-cf71-4fd3-a21a-369c63edaf2d"
            },
            "spec": {
                "automountServiceAccountToken": false,
                "containers": [
                    {
                        "command": [
                            "/bin/sh",
                            "-ec",
                            "export PGPASSWORD=\"$(cat /run/secrets/db-password)\"; exec psql -X --quiet --set=ON_ERROR_STOP=1 --set=owner=console_owner --set=runtime=console_runtime \"host=postgres port=5432 dbname=console user=console_migrator sslmode=verify-full sslrootcert=/run/secrets/ca.crt connect_timeout=3\" --file=/opt/foundation/migrate.sql --file=/opt/foundation/console.sql"
                        ],
                        "image": "p01.local/postgres:manifest-sha256-9e73daeb439141c2b11eea2463f5f1a3b269fd90d897b41cddb7cb440f21aa5d",
                        "imagePullPolicy": "Never",
                        "name": "migrate",
                        "resources": {
                            "limits": {
                                "cpu": "1",
                                "memory": "256Mi"
                            },
                            "requests": {
                                "cpu": "25m",
                                "memory": "64Mi"
                            }
                        },
                        "securityContext": {
                            "allowPrivilegeEscalation": false,
                            "capabilities": {
                                "drop": [
                                    "ALL"
                                ]
                            },
                            "readOnlyRootFilesystem": true,
                            "runAsGroup": 10001,
                            "runAsNonRoot": true,
                            "runAsUser": 10001
                        },
                        "terminationMessagePath": "/dev/termination-log",
                        "terminationMessagePolicy": "File",
                        "volumeMounts": [
                            {
                                "mountPath": "/run/secrets",
                                "name": "secrets",
                                "readOnly": true
                            },
                            {
                                "mountPath": "/opt/foundation/migrate.sql",
                                "name": "migration",
                                "readOnly": true,
                                "subPath": "migrate.sql"
                            },
                            {
                                "mountPath": "/opt/foundation/console.sql",
                                "name": "migration",
                                "readOnly": true,
                                "subPath": "console.sql"
                            }
                        ]
                    }
                ],
                "dnsPolicy": "ClusterFirst",
                "enableServiceLinks": false,
                "nodeName": "p01-72188a2dcf97-908488b6-worker",
                "preemptionPolicy": "PreemptLowerPriority",
                "priority": 0,
                "restartPolicy": "Never",
                "schedulerName": "default-scheduler",
                "securityContext": {
                    "fsGroup": 10001,
                    "runAsGroup": 10001,
                    "runAsNonRoot": true,
                    "runAsUser": 10001,
                    "seccompProfile": {
                        "type": "RuntimeDefault"
                    }
                },
                "serviceAccount": "console-migrator",
                "serviceAccountName": "console-migrator",
                "terminationGracePeriodSeconds": 30,
                "tolerations": [
                    {
                        "effect": "NoExecute",
                        "key": "node.kubernetes.io/not-ready",
                        "operator": "Exists",
                        "tolerationSeconds": 300
                    },
                    {
                        "effect": "NoExecute",
                        "key": "node.kubernetes.io/unreachable",
                        "operator": "Exists",
                        "tolerationSeconds": 300
                    }
                ],
                "volumes": [
                    {
                        "name": "secrets",
                        "secret": {
                            "defaultMode": 292,
                            "secretName": "console-migration"
                        }
                    },
                    {
                        "configMap": {
                            "defaultMode": 420,
                            "name": "postgres-scripts"
                        },
                        "name": "migration"
                    }
                ]
            },
            "status": {
                "allocatedResources": {
                    "cpu": "25m",
                    "memory": "64Mi"
                },
                "conditions": [
                    {
                        "lastProbeTime": null,
                        "lastTransitionTime": "2026-10-05T03:50:18Z",
                        "observedGeneration": 1,
                        "status": "False",
                        "type": "PodReadyToStartContainers"
                    },
                    {
                        "lastProbeTime": null,
                        "lastTransitionTime": "2026-10-05T03:50:16Z",
                        "observedGeneration": 1,
                        "reason": "PodCompleted",
                        "status": "True",
                        "type": "Initialized"
                    },
                    {
                        "lastProbeTime": null,
                        "lastTransitionTime": "2026-10-05T03:50:17Z",
                        "observedGeneration": 1,
                        "reason": "PodCompleted",
                        "status": "False",
                        "type": "Ready"
                    },
                    {
                        "lastProbeTime": null,
                        "lastTransitionTime": "2026-10-05T03:50:17Z",
                        "observedGeneration": 1,
                        "reason": "PodCompleted",
                        "status": "False",
                        "type": "ContainersReady"
                    },
                    {
                        "lastProbeTime": null,
                        "lastTransitionTime": "2026-10-05T03:50:16Z",
                        "observedGeneration": 1,
                        "status": "True",
                        "type": "PodScheduled"
                    }
                ],
                "containerStatuses": [
                    {
                        "allocatedResources": {
                            "cpu": "25m",
                            "memory": "64Mi"
                        },
                        "containerID": "containerd://5a301fb6030f650721a1ae8a6b21a6a041cebf538a4749ccd345f56720a236f5",
                        "image": "p01.local/postgres:manifest-sha256-9e73daeb439141c2b11eea2463f5f1a3b269fd90d897b41cddb7cb440f21aa5d",
                        "imageID": "docker.io/library/import-2026-10-05@sha256:a73366f9c26d0167be14b0a23ba05e7d044534d10215b1017fe8b34946867e8c",
                        "lastState": {},
                        "name": "migrate",
                        "ready": false,
                        "resources": {
                            "limits": {
                                "cpu": "1",
                                "memory": "256Mi"
                            },
                            "requests": {
                                "cpu": "25m",
                                "memory": "64Mi"
                            }
                        },
                        "restartCount": 0,
                        "started": false,
                        "state": {
                            "terminated": {
                                "containerID": "containerd://5a301fb6030f650721a1ae8a6b21a6a041cebf538a4749ccd345f56720a236f5",
                                "exitCode": 0,
                                "finishedAt": "2026-10-05T03:50:17Z",
                                "reason": "Completed",
                                "startedAt": "2026-10-05T03:50:17Z"
                            }
                        },
                        "user": {
                            "linux": {
                                "gid": 10001,
                                "supplementalGroups": [
                                    10001
                                ],
                                "uid": 10001
                            }
                        },
                        "volumeMounts": [
                            {
                                "mountPath": "/run/secrets",
                                "name": "secrets",
                                "readOnly": true,
                                "recursiveReadOnly": "Disabled"
                            },
                            {
                                "mountPath": "/opt/foundation/migrate.sql",
                                "name": "migration",
                                "readOnly": true,
                                "recursiveReadOnly": "Disabled"
                            },
                            {
                                "mountPath": "/opt/foundation/console.sql",
                                "name": "migration",
                                "readOnly": true,
                                "recursiveReadOnly": "Disabled"
                            }
                        ]
                    }
                ],
                "hostIP": "172.18.0.2",
                "hostIPs": [
                    {
                        "ip": "172.18.0.2"
                    }
                ],
                "observedGeneration": 1,
                "phase": "Succeeded",
                "podIP": "10.244.1.51",
                "podIPs": [
                    {
                        "ip": "10.244.1.51"
                    }
                ],
                "qosClass": "Burstable",
                "resources": {
                    "requests": {
                        "memory": "64Mi"
                    }
                },
                "startTime": "2026-10-05T03:50:16Z"
            }
        },
        {
            "apiVersion": "v1",
            "kind": "Pod",
            "metadata": {
                "creationTimestamp": "2026-10-05T03:50:25Z",
                "generateName": "console-probe-64c9b4db6-",
                "generation": 1,
                "labels": {
                    "app.kubernetes.io/part-of": "p01-foundation",
                    "p01.role": "probe",
                    "p01.service": "console",
                    "pod-template-hash": "64c9b4db6"
                },
                "name": "console-probe-64c9b4db6-qqtpt",
                "namespace": "p01-72188a2dcf97-908488b6",
                "ownerReferences": [
                    {
                        "apiVersion": "apps/v1",
                        "blockOwnerDeletion": true,
                        "controller": true,
                        "kind": "ReplicaSet",
                        "name": "console-probe-64c9b4db6",
                        "uid": "fd298d48-9b5a-49ff-85a5-c8593a795479"
                    }
                ],
                "resourceVersion": "2107",
                "uid": "40dcfd42-c7ff-440a-8390-ff271108488b"
            },
            "spec": {
                "automountServiceAccountToken": false,
                "containers": [
                    {
                        "command": [
                            "/opt/venv/bin/python",
                            "-I",
                            "-c",
                            "import time; time.sleep(2400)"
                        ],
                        "image": "p01.local/planning:sha256-cbae52802671de2b85f9aa36a8c46631d4f0e5f877560ffde85a140ed75a8f0b",
                        "imagePullPolicy": "Never",
                        "name": "probe",
                        "resources": {
                            "limits": {
                                "cpu": "250m",
                                "memory": "128Mi"
                            },
                            "requests": {
                                "cpu": "10m",
                                "memory": "32Mi"
                            }
                        },
                        "securityContext": {
                            "allowPrivilegeEscalation": false,
                            "capabilities": {
                                "drop": [
                                    "ALL"
                                ]
                            },
                            "readOnlyRootFilesystem": true
                        },
                        "terminationMessagePath": "/dev/termination-log",
                        "terminationMessagePolicy": "File",
                        "volumeMounts": [
                            {
                                "mountPath": "/run/secrets",
                                "name": "health",
                                "readOnly": true
                            }
                        ]
                    }
                ],
                "dnsPolicy": "ClusterFirst",
                "enableServiceLinks": false,
                "nodeName": "p01-72188a2dcf97-908488b6-worker",
                "preemptionPolicy": "PreemptLowerPriority",
                "priority": 0,
                "restartPolicy": "Always",
                "schedulerName": "default-scheduler",
                "securityContext": {
                    "runAsGroup": 10001,
                    "runAsNonRoot": true,
                    "runAsUser": 10001,
                    "seccompProfile": {
                        "type": "RuntimeDefault"
                    }
                },
                "serviceAccount": "console-probe",
                "serviceAccountName": "console-probe",
                "terminationGracePeriodSeconds": 30,
                "tolerations": [
                    {
                        "effect": "NoExecute",
                        "key": "node.kubernetes.io/not-ready",
                        "operator": "Exists",
                        "tolerationSeconds": 300
                    },
                    {
                        "effect": "NoExecute",
                        "key": "node.kubernetes.io/unreachable",
                        "operator": "Exists",
                        "tolerationSeconds": 300
                    }
                ],
                "volumes": [
                    {
                        "name": "health",
                        "secret": {
                            "defaultMode": 292,
                            "items": [
                                {
                                    "key": "ca.crt",
                                    "path": "ca.crt"
                                },
                                {
                                    "key": "health-token",
                                    "path": "health-token"
                                }
                            ],
                            "secretName": "console-runtime"
                        }
                    }
                ]
            },
            "status": {
                "allocatedResources": {
                    "cpu": "10m",
                    "memory": "32Mi"
                },
                "conditions": [
                    {
                        "lastProbeTime": null,
                        "lastTransitionTime": "2026-10-05T03:50:26Z",
                        "observedGeneration": 1,
                        "status": "True",
                        "type": "PodReadyToStartContainers"
                    },
                    {
                        "lastProbeTime": null,
                        "lastTransitionTime": "2026-10-05T03:50:25Z",
                        "observedGeneration": 1,
                        "status": "True",
                        "type": "Initialized"
                    },
                    {
                        "lastProbeTime": null,
                        "lastTransitionTime": "2026-10-05T03:50:26Z",
                        "observedGeneration": 1,
                        "status": "True",
                        "type": "Ready"
                    },
                    {
                        "lastProbeTime": null,
                        "lastTransitionTime": "2026-10-05T03:50:26Z",
                        "observedGeneration": 1,
                        "status": "True",
                        "type": "ContainersReady"
                    },
                    {
                        "lastProbeTime": null,
                        "lastTransitionTime": "2026-10-05T03:50:25Z",
                        "observedGeneration": 1,
                        "status": "True",
                        "type": "PodScheduled"
                    }
                ],
                "containerStatuses": [
                    {
                        "allocatedResources": {
                            "cpu": "10m",
                            "memory": "32Mi"
                        },
                        "containerID": "containerd://7c3172c71cb410a7b98618e32ae74ab3ee6cf31203d15dfc7d0fb637cf9d0521",
                        "image": "p01.local/planning:sha256-cbae52802671de2b85f9aa36a8c46631d4f0e5f877560ffde85a140ed75a8f0b",
                        "imageID": "docker.io/library/import-2026-10-05@sha256:fba5f4cfd255a2db04fa3dc8e7b62dd82ecfae48d3a8734aa5c695d7d5d7376f",
                        "lastState": {},
                        "name": "probe",
                        "ready": true,
                        "resources": {
                            "limits": {
                                "cpu": "250m",
                                "memory": "128Mi"
                            },
                            "requests": {
                                "cpu": "10m",
                                "memory": "32Mi"
                            }
                        },
                        "restartCount": 0,
                        "started": true,
                        "state": {
                            "running": {
                                "startedAt": "2026-10-05T03:50:26Z"
                            }
                        },
                        "user": {
                            "linux": {
                                "gid": 10001,
                                "supplementalGroups": [
                                    10001
                                ],
                                "uid": 10001
                            }
                        },
                        "volumeMounts": [
                            {
                                "mountPath": "/run/secrets",
                                "name": "health",
                                "readOnly": true,
                                "recursiveReadOnly": "Disabled"
                            }
                        ]
                    }
                ],
                "hostIP": "172.18.0.2",
                "hostIPs": [
                    {
                        "ip": "172.18.0.2"
                    }
                ],
                "observedGeneration": 1,
                "phase": "Running",
                "podIP": "10.244.1.34",
                "podIPs": [
                    {
                        "ip": "10.244.1.34"
                    }
                ],
                "qosClass": "Burstable",
                "resources": {
                    "limits": {
                        "cpu": "250m",
                        "memory": "128Mi"
                    },
                    "requests": {
                        "memory": "32Mi"
                    }
                },
                "startTime": "2026-10-05T03:50:25Z"
            }
        },
        {
            "apiVersion": "v1",
            "kind": "Pod",
            "metadata": {
                "creationTimestamp": "2026-10-05T03:50:02Z",
                "generateName": "console-proxy-67d5b6f975-",
                "generation": 1,
                "labels": {
                    "app.kubernetes.io/part-of": "p01-foundation",
                    "p01.role": "proxy",
                    "p01.service": "console",
                    "pod-template-hash": "67d5b6f975"
                },
                "name": "console-proxy-67d5b6f975-lvvrd",
                "namespace": "p01-72188a2dcf97-908488b6",
                "ownerReferences": [
                    {
                        "apiVersion": "apps/v1",
                        "blockOwnerDeletion": true,
                        "controller": true,
                        "kind": "ReplicaSet",
                        "name": "console-proxy-67d5b6f975",
                        "uid": "9144c070-b1d5-4a96-a0db-308db72aa7dc"
                    }
                ],
                "resourceVersion": "2014",
                "uid": "d4e14018-3d3f-428b-9a65-ac4350b58ba4"
            },
            "spec": {
                "automountServiceAccountToken": false,
                "containers": [
                    {
                        "args": [
                            "-g",
                            "daemon off;"
                        ],
                        "command": [
                            "/usr/sbin/nginx"
                        ],
                        "image": "p01.local/nginx:manifest-sha256-3d2f995522ddb52c3a4eb8008b8fa26f184f7146851df1da831f88885ac40aae",
                        "imagePullPolicy": "Never",
                        "livenessProbe": {
                            "failureThreshold": 3,
                            "periodSeconds": 10,
                            "successThreshold": 1,
                            "tcpSocket": {
                                "port": 8443
                            },
                            "timeoutSeconds": 2
                        },
                        "name": "console-proxy",
                        "readinessProbe": {
                            "failureThreshold": 3,
                            "periodSeconds": 5,
                            "successThreshold": 1,
                            "tcpSocket": {
                                "port": 8443
                            },
                            "timeoutSeconds": 2
                        },
                        "resources": {
                            "limits": {
                                "cpu": "1",
                                "memory": "128Mi"
                            },
                            "requests": {
                                "cpu": "25m",
                                "memory": "64Mi"
                            }
                        },
                        "securityContext": {
                            "allowPrivilegeEscalation": false,
                            "capabilities": {
                                "drop": [
                                    "ALL"
                                ]
                            },
                            "readOnlyRootFilesystem": true,
                            "runAsGroup": 10001,
                            "runAsNonRoot": true,
                            "runAsUser": 10001
                        },
                        "terminationMessagePath": "/dev/termination-log",
                        "terminationMessagePolicy": "File",
                        "volumeMounts": [
                            {
                                "mountPath": "/run/secrets",
                                "name": "secrets",
                                "readOnly": true
                            },
                            {
                                "mountPath": "/tmp",
                                "name": "tmp"
                            },
                            {
                                "mountPath": "/etc/nginx/nginx.conf",
                                "name": "config",
                                "readOnly": true,
                                "subPath": "nginx.conf"
                            },
                            {
                                "mountPath": "/srv/public",
                                "name": "public",
                                "readOnly": true
                            }
                        ]
                    }
                ],
                "dnsPolicy": "ClusterFirst",
                "enableServiceLinks": false,
                "initContainers": [
                    {
                        "command": [
                            "/bin/sh",
                            "-ec",
                            "cp -R /app/public/. /srv/public/"
                        ],
                        "image": "p01.local/console:sha256-5255ed3ded9769272bc8058433896e73eab0b5f582072a12025fba905c3a7c00",
                        "imagePullPolicy": "Never",
                        "name": "copy-public-assets",
                        "resources": {
                            "limits": {
                                "cpu": "1",
                                "memory": "256Mi"
                            },
                            "requests": {
                                "cpu": "25m",
                                "memory": "64Mi"
                            }
                        },
                        "securityContext": {
                            "allowPrivilegeEscalation": false,
                            "capabilities": {
                                "drop": [
                                    "ALL"
                                ]
                            },
                            "readOnlyRootFilesystem": true,
                            "runAsGroup": 10001,
                            "runAsNonRoot": true,
                            "runAsUser": 10001
                        },
                        "terminationMessagePath": "/dev/termination-log",
                        "terminationMessagePolicy": "File",
                        "volumeMounts": [
                            {
                                "mountPath": "/srv/public",
                                "name": "public"
                            }
                        ]
                    }
                ],
                "nodeName": "p01-72188a2dcf97-908488b6-worker",
                "preemptionPolicy": "PreemptLowerPriority",
                "priority": 0,
                "restartPolicy": "Always",
                "schedulerName": "default-scheduler",
                "securityContext": {
                    "fsGroup": 10001,
                    "runAsGroup": 10001,
                    "runAsNonRoot": true,
                    "runAsUser": 10001,
                    "seccompProfile": {
                        "type": "RuntimeDefault"
                    }
                },
                "serviceAccount": "console-proxy",
                "serviceAccountName": "console-proxy",
                "terminationGracePeriodSeconds": 30,
                "tolerations": [
                    {
                        "effect": "NoExecute",
                        "key": "node.kubernetes.io/not-ready",
                        "operator": "Exists",
                        "tolerationSeconds": 300
                    },
                    {
                        "effect": "NoExecute",
                        "key": "node.kubernetes.io/unreachable",
                        "operator": "Exists",
                        "tolerationSeconds": 300
                    }
                ],
                "volumes": [
                    {
                        "name": "secrets",
                        "secret": {
                            "defaultMode": 292,
                            "secretName": "console-tls"
                        }
                    },
                    {
                        "emptyDir": {
                            "medium": "Memory",
                            "sizeLimit": "32Mi"
                        },
                        "name": "tmp"
                    },
                    {
                        "configMap": {
                            "defaultMode": 420,
                            "name": "console-proxy"
                        },
                        "name": "config"
                    },
                    {
                        "emptyDir": {
                            "sizeLimit": "64Mi"
                        },
                        "name": "public"
                    }
                ]
            },
            "status": {
                "allocatedResources": {
                    "cpu": "25m",
                    "memory": "64Mi"
                },
                "conditions": [
                    {
                        "lastProbeTime": null,
                        "lastTransitionTime": "2026-10-05T03:50:04Z",
                        "observedGeneration": 1,
                        "status": "True",
                        "type": "PodReadyToStartContainers"
                    },
                    {
                        "lastProbeTime": null,
                        "lastTransitionTime": "2026-10-05T03:50:07Z",
                        "observedGeneration": 1,
                        "status": "True",
                        "type": "Initialized"
                    },
                    {
                        "lastProbeTime": null,
                        "lastTransitionTime": "2026-10-05T03:50:08Z",
                        "observedGeneration": 1,
                        "status": "True",
                        "type": "Ready"
                    },
                    {
                        "lastProbeTime": null,
                        "lastTransitionTime": "2026-10-05T03:50:08Z",
                        "observedGeneration": 1,
                        "status": "True",
                        "type": "ContainersReady"
                    },
                    {
                        "lastProbeTime": null,
                        "lastTransitionTime": "2026-10-05T03:50:02Z",
                        "observedGeneration": 1,
                        "status": "True",
                        "type": "PodScheduled"
                    }
                ],
                "containerStatuses": [
                    {
                        "allocatedResources": {
                            "cpu": "25m",
                            "memory": "64Mi"
                        },
                        "containerID": "containerd://9c6e3d7e6632aadf405f7e276f99c13e5145882162a28ecc9451399a017421eb",
                        "image": "p01.local/nginx:manifest-sha256-3d2f995522ddb52c3a4eb8008b8fa26f184f7146851df1da831f88885ac40aae",
                        "imageID": "docker.io/library/import-2026-10-05@sha256:5c7e4ac215c73965ec024805e7feb2f942e4570d89003814734678eb756ea3de",
                        "lastState": {},
                        "name": "console-proxy",
                        "ready": true,
                        "resources": {
                            "limits": {
                                "cpu": "1",
                                "memory": "128Mi"
                            },
                            "requests": {
                                "cpu": "25m",
                                "memory": "64Mi"
                            }
                        },
                        "restartCount": 0,
                        "started": true,
                        "state": {
                            "running": {
                                "startedAt": "2026-10-05T03:50:08Z"
                            }
                        },
                        "user": {
                            "linux": {
                                "gid": 10001,
                                "supplementalGroups": [
                                    10001
                                ],
                                "uid": 10001
                            }
                        },
                        "volumeMounts": [
                            {
                                "mountPath": "/run/secrets",
                                "name": "secrets",
                                "readOnly": true,
                                "recursiveReadOnly": "Disabled"
                            },
                            {
                                "mountPath": "/tmp",
                                "name": "tmp"
                            },
                            {
                                "mountPath": "/etc/nginx/nginx.conf",
                                "name": "config",
                                "readOnly": true,
                                "recursiveReadOnly": "Disabled"
                            },
                            {
                                "mountPath": "/srv/public",
                                "name": "public",
                                "readOnly": true,
                                "recursiveReadOnly": "Disabled"
                            }
                        ]
                    }
                ],
                "hostIP": "172.18.0.2",
                "hostIPs": [
                    {
                        "ip": "172.18.0.2"
                    }
                ],
                "initContainerStatuses": [
                    {
                        "allocatedResources": {
                            "cpu": "25m",
                            "memory": "64Mi"
                        },
                        "containerID": "containerd://f4f747a1c930f1c6cb0f8d4fad22b9839694c43b75568f69d00e875cd46d5a68",
                        "image": "p01.local/console:sha256-5255ed3ded9769272bc8058433896e73eab0b5f582072a12025fba905c3a7c00",
                        "imageID": "docker.io/library/import-2026-10-05@sha256:46f31ff7a6303ebfc9b4c59f9539605ade4039d70e2d23ef30da8e2bb16773cd",
                        "lastState": {},
                        "name": "copy-public-assets",
                        "ready": true,
                        "resources": {
                            "limits": {
                                "cpu": "1",
                                "memory": "256Mi"
                            },
                            "requests": {
                                "cpu": "25m",
                                "memory": "64Mi"
                            }
                        },
                        "restartCount": 0,
                        "started": false,
                        "state": {
                            "terminated": {
                                "containerID": "containerd://f4f747a1c930f1c6cb0f8d4fad22b9839694c43b75568f69d00e875cd46d5a68",
                                "exitCode": 0,
                                "finishedAt": "2026-10-05T03:50:05Z",
                                "reason": "Completed",
                                "startedAt": "2026-10-05T03:50:05Z"
                            }
                        },
                        "user": {
                            "linux": {
                                "gid": 10001,
                                "supplementalGroups": [
                                    10001
                                ],
                                "uid": 10001
                            }
                        },
                        "volumeMounts": [
                            {
                                "mountPath": "/srv/public",
                                "name": "public"
                            }
                        ]
                    }
                ],
                "observedGeneration": 1,
                "phase": "Running",
                "podIP": "10.244.1.197",
                "podIPs": [
                    {
                        "ip": "10.244.1.197"
                    }
                ],
                "qosClass": "Burstable",
                "resources": {
                    "limits": {
                        "cpu": "1",
                        "memory": "256Mi"
                    },
                    "requests": {
                        "memory": "64Mi"
                    }
                },
                "startTime": "2026-10-05T03:50:02Z"
            }
        },
        {
            "apiVersion": "v1",
            "kind": "Pod",
            "metadata": {
                "creationTimestamp": "2026-10-05T03:50:02Z",
                "generateName": "governance-7fc968ffdc-",
                "generation": 1,
                "labels": {
                    "app.kubernetes.io/part-of": "p01-foundation",
                    "p01.role": "app",
                    "p01.service": "governance",
                    "pod-template-hash": "7fc968ffdc"
                },
                "name": "governance-7fc968ffdc-lvdzl",
                "namespace": "p01-72188a2dcf97-908488b6",
                "ownerReferences": [
                    {
                        "apiVersion": "apps/v1",
                        "blockOwnerDeletion": true,
                        "controller": true,
                        "kind": "ReplicaSet",
                        "name": "governance-7fc968ffdc",
                        "uid": "25b48b7c-5056-4d47-958b-e850e2101327"
                    }
                ],
                "resourceVersion": "2457",
                "uid": "590e0a3b-62f4-474c-95b5-045782901d14"
            },
            "spec": {
                "automountServiceAccountToken": false,
                "containers": [
                    {
                        "args": [
                            "sh",
                            "-ec",
                            "php artisan config:cache \u0026\u0026 exec php-fpm -F"
                        ],
                        "env": [
                            {
                                "name": "APP_DEBUG",
                                "value": "false"
                            },
                            {
                                "name": "APP_ENV",
                                "value": "production"
                            },
                            {
                                "name": "APP_KEY_FILE",
                                "value": "/run/secrets/app-key"
                            },
                            {
                                "name": "DB_DATABASE",
                                "value": "governance"
                            },
                            {
                                "name": "DB_HOST",
                                "value": "postgres"
                            },
                            {
                                "name": "DB_PASSWORD_FILE",
                                "value": "/run/secrets/db-password"
                            },
                            {
                                "name": "DB_PORT",
                                "value": "5432"
                            },
                            {
                                "name": "DB_SSLMODE",
                                "value": "verify-full"
                            },
                            {
                                "name": "DB_SSLROOTCERT",
                                "value": "/run/secrets/ca.crt"
                            },
                            {
                                "name": "DB_USERNAME",
                                "value": "governance_runtime"
                            },
                            {
                                "name": "HEALTH_TOKEN_FILE",
                                "value": "/run/secrets/health-token"
                            }
                        ],
                        "image": "p01.local/governance:sha256-3fd401c2b406525137f517cec5ae4b5d84d35d34d0679ea9138babce7f0731e3",
                        "imagePullPolicy": "Never",
                        "livenessProbe": {
                            "failureThreshold": 3,
                            "periodSeconds": 10,
                            "successThreshold": 1,
                            "tcpSocket": {
                                "port": 9000
                            },
                            "timeoutSeconds": 2
                        },
                        "name": "governance",
                        "readinessProbe": {
                            "exec": {
                                "command": [
                                    "php",
                                    "-r",
                                    "try { require '/app/vendor/autoload.php'; $app = require '/app/bootstrap/app.php';\n$app-\u003emake(Illuminate\\Contracts\\Console\\Kernel::class)-\u003ebootstrap();\n$token = trim((string) file_get_contents('/run/secrets/health-token'));\n$status = $app-\u003emake(App\\Application\\Foundation\\Actions\\InspectDependencies::class)-\u003ehandle($token);\nexit($status === App\\Application\\Foundation\\Data\\DependencyStatus::Ready ? 0 : 1);\n} catch (Throwable) { exit(1); }"
                                ]
                            },
                            "failureThreshold": 1,
                            "periodSeconds": 10,
                            "successThreshold": 1,
                            "timeoutSeconds": 8
                        },
                        "resources": {
                            "limits": {
                                "cpu": "1",
                                "memory": "512Mi"
                            },
                            "requests": {
                                "cpu": "25m",
                                "memory": "64Mi"
                            }
                        },
                        "securityContext": {
                            "allowPrivilegeEscalation": false,
                            "capabilities": {
                                "drop": [
                                    "ALL"
                                ]
                            },
                            "readOnlyRootFilesystem": true,
                            "runAsGroup": 10001,
                            "runAsNonRoot": true,
                            "runAsUser": 10001
                        },
                        "startupProbe": {
                            "failureThreshold": 60,
                            "periodSeconds": 2,
                            "successThreshold": 1,
                            "tcpSocket": {
                                "port": 9000
                            },
                            "timeoutSeconds": 1
                        },
                        "terminationMessagePath": "/dev/termination-log",
                        "terminationMessagePolicy": "File",
                        "volumeMounts": [
                            {
                                "mountPath": "/run/secrets",
                                "name": "secrets",
                                "readOnly": true
                            },
                            {
                                "mountPath": "/tmp",
                                "name": "tmp"
                            },
                            {
                                "mountPath": "/app/storage",
                                "name": "storage"
                            },
                            {
                                "mountPath": "/app/bootstrap/cache",
                                "name": "config-cache"
                            }
                        ]
                    }
                ],
                "dnsPolicy": "ClusterFirst",
                "enableServiceLinks": false,
                "nodeName": "p01-72188a2dcf97-908488b6-worker",
                "preemptionPolicy": "PreemptLowerPriority",
                "priority": 0,
                "restartPolicy": "Always",
                "schedulerName": "default-scheduler",
                "securityContext": {
                    "fsGroup": 10001,
                    "runAsGroup": 10001,
                    "runAsNonRoot": true,
                    "runAsUser": 10001,
                    "seccompProfile": {
                        "type": "RuntimeDefault"
                    }
                },
                "serviceAccount": "governance",
                "serviceAccountName": "governance",
                "terminationGracePeriodSeconds": 30,
                "tolerations": [
                    {
                        "effect": "NoExecute",
                        "key": "node.kubernetes.io/not-ready",
                        "operator": "Exists",
                        "tolerationSeconds": 300
                    },
                    {
                        "effect": "NoExecute",
                        "key": "node.kubernetes.io/unreachable",
                        "operator": "Exists",
                        "tolerationSeconds": 300
                    }
                ],
                "volumes": [
                    {
                        "name": "secrets",
                        "secret": {
                            "defaultMode": 292,
                            "secretName": "governance-runtime"
                        }
                    },
                    {
                        "emptyDir": {
                            "medium": "Memory",
                            "sizeLimit": "32Mi"
                        },
                        "name": "tmp"
                    },
                    {
                        "emptyDir": {
                            "medium": "Memory",
                            "sizeLimit": "32Mi"
                        },
                        "name": "storage"
                    },
                    {
                        "emptyDir": {
                            "medium": "Memory",
                            "sizeLimit": "16Mi"
                        },
                        "name": "config-cache"
                    }
                ]
            },
            "status": {
                "allocatedResources": {
                    "cpu": "25m",
                    "memory": "64Mi"
                },
                "conditions": [
                    {
                        "lastProbeTime": null,
                        "lastTransitionTime": "2026-10-05T03:50:04Z",
                        "observedGeneration": 1,
                        "status": "True",
                        "type": "PodReadyToStartContainers"
                    },
                    {
                        "lastProbeTime": null,
                        "lastTransitionTime": "2026-10-05T03:50:03Z",
                        "observedGeneration": 1,
                        "status": "True",
                        "type": "Initialized"
                    },
                    {
                        "lastProbeTime": null,
                        "lastTransitionTime": "2026-10-05T03:53:42Z",
                        "observedGeneration": 1,
                        "status": "True",
                        "type": "Ready"
                    },
                    {
                        "lastProbeTime": null,
                        "lastTransitionTime": "2026-10-05T03:53:42Z",
                        "observedGeneration": 1,
                        "status": "True",
                        "type": "ContainersReady"
                    },
                    {
                        "lastProbeTime": null,
                        "lastTransitionTime": "2026-10-05T03:50:03Z",
                        "observedGeneration": 1,
                        "status": "True",
                        "type": "PodScheduled"
                    }
                ],
                "containerStatuses": [
                    {
                        "allocatedResources": {
                            "cpu": "25m",
                            "memory": "64Mi"
                        },
                        "containerID": "containerd://6c49d6f6a364a38e21b8fb0b6840d4de8e843de511c403e34006473df552261d",
                        "image": "p01.local/governance:sha256-3fd401c2b406525137f517cec5ae4b5d84d35d34d0679ea9138babce7f0731e3",
                        "imageID": "docker.io/library/import-2026-10-05@sha256:5a78e285c8da7911ee6800b89bc149eb1d2a2c23f8b5da5877f40e1dee24e7fe",
                        "lastState": {},
                        "name": "governance",
                        "ready": true,
                        "resources": {
                            "limits": {
                                "cpu": "1",
                                "memory": "512Mi"
                            },
                            "requests": {
                                "cpu": "25m",
                                "memory": "64Mi"
                            }
                        },
                        "restartCount": 0,
                        "started": true,
                        "state": {
                            "running": {
                                "startedAt": "2026-10-05T03:50:05Z"
                            }
                        },
                        "user": {
                            "linux": {
                                "gid": 10001,
                                "supplementalGroups": [
                                    10001
                                ],
                                "uid": 10001
                            }
                        },
                        "volumeMounts": [
                            {
                                "mountPath": "/run/secrets",
                                "name": "secrets",
                                "readOnly": true,
                                "recursiveReadOnly": "Disabled"
                            },
                            {
                                "mountPath": "/tmp",
                                "name": "tmp"
                            },
                            {
                                "mountPath": "/app/storage",
                                "name": "storage"
                            },
                            {
                                "mountPath": "/app/bootstrap/cache",
                                "name": "config-cache"
                            }
                        ]
                    }
                ],
                "hostIP": "172.18.0.2",
                "hostIPs": [
                    {
                        "ip": "172.18.0.2"
                    }
                ],
                "observedGeneration": 1,
                "phase": "Running",
                "podIP": "10.244.1.76",
                "podIPs": [
                    {
                        "ip": "10.244.1.76"
                    }
                ],
                "qosClass": "Burstable",
                "resources": {
                    "limits": {
                        "cpu": "1",
                        "memory": "512Mi"
                    },
                    "requests": {
                        "memory": "64Mi"
                    }
                },
                "startTime": "2026-10-05T03:50:03Z"
            }
        },
        {
            "apiVersion": "v1",
            "kind": "Pod",
            "metadata": {
                "creationTimestamp": "2026-10-05T03:50:16Z",
                "generateName": "governance-migrator-",
                "generation": 1,
                "labels": {
                    "app.kubernetes.io/part-of": "p01-foundation",
                    "batch.kubernetes.io/controller-uid": "e76e0f7c-7267-4340-9109-bc3343469a04",
                    "batch.kubernetes.io/job-name": "governance-migrator",
                    "controller-uid": "e76e0f7c-7267-4340-9109-bc3343469a04",
                    "job-name": "governance-migrator",
                    "p01.role": "migrator",
                    "p01.service": "governance"
                },
                "name": "governance-migrator-jxgkw",
                "namespace": "p01-72188a2dcf97-908488b6",
                "ownerReferences": [
                    {
                        "apiVersion": "batch/v1",
                        "blockOwnerDeletion": true,
                        "controller": true,
                        "kind": "Job",
                        "name": "governance-migrator",
                        "uid": "e76e0f7c-7267-4340-9109-bc3343469a04"
                    }
                ],
                "resourceVersion": "1700",
                "uid": "7713205c-6337-4482-83d9-f3375dae097b"
            },
            "spec": {
                "automountServiceAccountToken": false,
                "containers": [
                    {
                        "command": [
                            "/bin/sh",
                            "-ec",
                            "export PGPASSWORD=\"$(cat /run/secrets/db-password)\"; exec psql -X --quiet --set=ON_ERROR_STOP=1 --set=owner=governance_owner --set=runtime=governance_runtime \"host=postgres port=5432 dbname=governance user=governance_migrator sslmode=verify-full sslrootcert=/run/secrets/ca.crt connect_timeout=3\" --file=/opt/foundation/migrate.sql"
                        ],
                        "image": "p01.local/postgres:manifest-sha256-9e73daeb439141c2b11eea2463f5f1a3b269fd90d897b41cddb7cb440f21aa5d",
                        "imagePullPolicy": "Never",
                        "name": "migrate",
                        "resources": {
                            "limits": {
                                "cpu": "1",
                                "memory": "256Mi"
                            },
                            "requests": {
                                "cpu": "25m",
                                "memory": "64Mi"
                            }
                        },
                        "securityContext": {
                            "allowPrivilegeEscalation": false,
                            "capabilities": {
                                "drop": [
                                    "ALL"
                                ]
                            },
                            "readOnlyRootFilesystem": true,
                            "runAsGroup": 10001,
                            "runAsNonRoot": true,
                            "runAsUser": 10001
                        },
                        "terminationMessagePath": "/dev/termination-log",
                        "terminationMessagePolicy": "File",
                        "volumeMounts": [
                            {
                                "mountPath": "/run/secrets",
                                "name": "secrets",
                                "readOnly": true
                            },
                            {
                                "mountPath": "/opt/foundation/migrate.sql",
                                "name": "migration",
                                "readOnly": true,
                                "subPath": "migrate.sql"
                            },
                            {
                                "mountPath": "/opt/foundation/console.sql",
                                "name": "migration",
                                "readOnly": true,
                                "subPath": "console.sql"
                            }
                        ]
                    }
                ],
                "dnsPolicy": "ClusterFirst",
                "enableServiceLinks": false,
                "nodeName": "p01-72188a2dcf97-908488b6-worker",
                "preemptionPolicy": "PreemptLowerPriority",
                "priority": 0,
                "restartPolicy": "Never",
                "schedulerName": "default-scheduler",
                "securityContext": {
                    "fsGroup": 10001,
                    "runAsGroup": 10001,
                    "runAsNonRoot": true,
                    "runAsUser": 10001,
                    "seccompProfile": {
                        "type": "RuntimeDefault"
                    }
                },
                "serviceAccount": "governance-migrator",
                "serviceAccountName": "governance-migrator",
                "terminationGracePeriodSeconds": 30,
                "tolerations": [
                    {
                        "effect": "NoExecute",
                        "key": "node.kubernetes.io/not-ready",
                        "operator": "Exists",
                        "tolerationSeconds": 300
                    },
                    {
                        "effect": "NoExecute",
                        "key": "node.kubernetes.io/unreachable",
                        "operator": "Exists",
                        "tolerationSeconds": 300
                    }
                ],
                "volumes": [
                    {
                        "name": "secrets",
                        "secret": {
                            "defaultMode": 292,
                            "secretName": "governance-migration"
                        }
                    },
                    {
                        "configMap": {
                            "defaultMode": 420,
                            "name": "postgres-scripts"
                        },
                        "name": "migration"
                    }
                ]
            },
            "status": {
                "allocatedResources": {
                    "cpu": "25m",
                    "memory": "64Mi"
                },
                "conditions": [
                    {
                        "lastProbeTime": null,
                        "lastTransitionTime": "2026-10-05T03:50:18Z",
                        "observedGeneration": 1,
                        "status": "False",
                        "type": "PodReadyToStartContainers"
                    },
                    {
                        "lastProbeTime": null,
                        "lastTransitionTime": "2026-10-05T03:50:16Z",
                        "observedGeneration": 1,
                        "reason": "PodCompleted",
                        "status": "True",
                        "type": "Initialized"
                    },
                    {
                        "lastProbeTime": null,
                        "lastTransitionTime": "2026-10-05T03:50:17Z",
                        "observedGeneration": 1,
                        "reason": "PodCompleted",
                        "status": "False",
                        "type": "Ready"
                    },
                    {
                        "lastProbeTime": null,
                        "lastTransitionTime": "2026-10-05T03:50:17Z",
                        "observedGeneration": 1,
                        "reason": "PodCompleted",
                        "status": "False",
                        "type": "ContainersReady"
                    },
                    {
                        "lastProbeTime": null,
                        "lastTransitionTime": "2026-10-05T03:50:16Z",
                        "observedGeneration": 1,
                        "status": "True",
                        "type": "PodScheduled"
                    }
                ],
                "containerStatuses": [
                    {
                        "allocatedResources": {
                            "cpu": "25m",
                            "memory": "64Mi"
                        },
                        "containerID": "containerd://5a1d60b3ea5adec130aa6b0aa637004bc07f6157cfc2fd4d97d5e970a7e4fa94",
                        "image": "p01.local/postgres:manifest-sha256-9e73daeb439141c2b11eea2463f5f1a3b269fd90d897b41cddb7cb440f21aa5d",
                        "imageID": "docker.io/library/import-2026-10-05@sha256:a73366f9c26d0167be14b0a23ba05e7d044534d10215b1017fe8b34946867e8c",
                        "lastState": {},
                        "name": "migrate",
                        "ready": false,
                        "resources": {
                            "limits": {
                                "cpu": "1",
                                "memory": "256Mi"
                            },
                            "requests": {
                                "cpu": "25m",
                                "memory": "64Mi"
                            }
                        },
                        "restartCount": 0,
                        "started": false,
                        "state": {
                            "terminated": {
                                "containerID": "containerd://5a1d60b3ea5adec130aa6b0aa637004bc07f6157cfc2fd4d97d5e970a7e4fa94",
                                "exitCode": 0,
                                "finishedAt": "2026-10-05T03:50:17Z",
                                "reason": "Completed",
                                "startedAt": "2026-10-05T03:50:17Z"
                            }
                        },
                        "user": {
                            "linux": {
                                "gid": 10001,
                                "supplementalGroups": [
                                    10001
                                ],
                                "uid": 10001
                            }
                        },
                        "volumeMounts": [
                            {
                                "mountPath": "/run/secrets",
                                "name": "secrets",
                                "readOnly": true,
                                "recursiveReadOnly": "Disabled"
                            },
                            {
                                "mountPath": "/opt/foundation/migrate.sql",
                                "name": "migration",
                                "readOnly": true,
                                "recursiveReadOnly": "Disabled"
                            },
                            {
                                "mountPath": "/opt/foundation/console.sql",
                                "name": "migration",
                                "readOnly": true,
                                "recursiveReadOnly": "Disabled"
                            }
                        ]
                    }
                ],
                "hostIP": "172.18.0.2",
                "hostIPs": [
                    {
                        "ip": "172.18.0.2"
                    }
                ],
                "observedGeneration": 1,
                "phase": "Succeeded",
                "podIP": "10.244.1.57",
                "podIPs": [
                    {
                        "ip": "10.244.1.57"
                    }
                ],
                "qosClass": "Burstable",
                "resources": {
                    "requests": {
                        "memory": "64Mi"
                    }
                },
                "startTime": "2026-10-05T03:50:16Z"
            }
        },
        {
            "apiVersion": "v1",
            "kind": "Pod",
            "metadata": {
                "creationTimestamp": "2026-10-05T03:50:25Z",
                "generateName": "governance-probe-6d6bb9cccd-",
                "generation": 1,
                "labels": {
                    "app.kubernetes.io/part-of": "p01-foundation",
                    "p01.role": "probe",
                    "p01.service": "governance",
                    "pod-template-hash": "6d6bb9cccd"
                },
                "name": "governance-probe-6d6bb9cccd-cdswh",
                "namespace": "p01-72188a2dcf97-908488b6",
                "ownerReferences": [
                    {
                        "apiVersion": "apps/v1",
                        "blockOwnerDeletion": true,
                        "controller": true,
                        "kind": "ReplicaSet",
                        "name": "governance-probe-6d6bb9cccd",
                        "uid": "8ec9faf7-7fc9-42f5-b0ba-7c940335c140"
                    }
                ],
                "resourceVersion": "2090",
                "uid": "941c2bb7-56e3-4b76-abc4-dfe98806c196"
            },
            "spec": {
                "automountServiceAccountToken": false,
                "containers": [
                    {
                        "command": [
                            "/opt/venv/bin/python",
                            "-I",
                            "-c",
                            "import time; time.sleep(2400)"
                        ],
                        "image": "p01.local/planning:sha256-cbae52802671de2b85f9aa36a8c46631d4f0e5f877560ffde85a140ed75a8f0b",
                        "imagePullPolicy": "Never",
                        "name": "probe",
                        "resources": {
                            "limits": {
                                "cpu": "250m",
                                "memory": "128Mi"
                            },
                            "requests": {
                                "cpu": "10m",
                                "memory": "32Mi"
                            }
                        },
                        "securityContext": {
                            "allowPrivilegeEscalation": false,
                            "capabilities": {
                                "drop": [
                                    "ALL"
                                ]
                            },
                            "readOnlyRootFilesystem": true
                        },
                        "terminationMessagePath": "/dev/termination-log",
                        "terminationMessagePolicy": "File",
                        "volumeMounts": [
                            {
                                "mountPath": "/run/secrets",
                                "name": "health",
                                "readOnly": true
                            }
                        ]
                    }
                ],
                "dnsPolicy": "ClusterFirst",
                "enableServiceLinks": false,
                "nodeName": "p01-72188a2dcf97-908488b6-worker",
                "preemptionPolicy": "PreemptLowerPriority",
                "priority": 0,
                "restartPolicy": "Always",
                "schedulerName": "default-scheduler",
                "securityContext": {
                    "runAsGroup": 10001,
                    "runAsNonRoot": true,
                    "runAsUser": 10001,
                    "seccompProfile": {
                        "type": "RuntimeDefault"
                    }
                },
                "serviceAccount": "governance-probe",
                "serviceAccountName": "governance-probe",
                "terminationGracePeriodSeconds": 30,
                "tolerations": [
                    {
                        "effect": "NoExecute",
                        "key": "node.kubernetes.io/not-ready",
                        "operator": "Exists",
                        "tolerationSeconds": 300
                    },
                    {
                        "effect": "NoExecute",
                        "key": "node.kubernetes.io/unreachable",
                        "operator": "Exists",
                        "tolerationSeconds": 300
                    }
                ],
                "volumes": [
                    {
                        "name": "health",
                        "secret": {
                            "defaultMode": 292,
                            "items": [
                                {
                                    "key": "ca.crt",
                                    "path": "ca.crt"
                                },
                                {
                                    "key": "health-token",
                                    "path": "health-token"
                                }
                            ],
                            "secretName": "governance-runtime"
                        }
                    }
                ]
            },
            "status": {
                "allocatedResources": {
                    "cpu": "10m",
                    "memory": "32Mi"
                },
                "conditions": [
                    {
                        "lastProbeTime": null,
                        "lastTransitionTime": "2026-10-05T03:50:26Z",
                        "observedGeneration": 1,
                        "status": "True",
                        "type": "PodReadyToStartContainers"
                    },
                    {
                        "lastProbeTime": null,
                        "lastTransitionTime": "2026-10-05T03:50:25Z",
                        "observedGeneration": 1,
                        "status": "True",
                        "type": "Initialized"
                    },
                    {
                        "lastProbeTime": null,
                        "lastTransitionTime": "2026-10-05T03:50:26Z",
                        "observedGeneration": 1,
                        "status": "True",
                        "type": "Ready"
                    },
                    {
                        "lastProbeTime": null,
                        "lastTransitionTime": "2026-10-05T03:50:26Z",
                        "observedGeneration": 1,
                        "status": "True",
                        "type": "ContainersReady"
                    },
                    {
                        "lastProbeTime": null,
                        "lastTransitionTime": "2026-10-05T03:50:25Z",
                        "observedGeneration": 1,
                        "status": "True",
                        "type": "PodScheduled"
                    }
                ],
                "containerStatuses": [
                    {
                        "allocatedResources": {
                            "cpu": "10m",
                            "memory": "32Mi"
                        },
                        "containerID": "containerd://8b907255a67263e89f68f7c18cc153f6d626b18ba829c18b7555eb001f4ce6cc",
                        "image": "p01.local/planning:sha256-cbae52802671de2b85f9aa36a8c46631d4f0e5f877560ffde85a140ed75a8f0b",
                        "imageID": "docker.io/library/import-2026-10-05@sha256:fba5f4cfd255a2db04fa3dc8e7b62dd82ecfae48d3a8734aa5c695d7d5d7376f",
                        "lastState": {},
                        "name": "probe",
                        "ready": true,
                        "resources": {
                            "limits": {
                                "cpu": "250m",
                                "memory": "128Mi"
                            },
                            "requests": {
                                "cpu": "10m",
                                "memory": "32Mi"
                            }
                        },
                        "restartCount": 0,
                        "started": true,
                        "state": {
                            "running": {
                                "startedAt": "2026-10-05T03:50:26Z"
                            }
                        },
                        "user": {
                            "linux": {
                                "gid": 10001,
                                "supplementalGroups": [
                                    10001
                                ],
                                "uid": 10001
                            }
                        },
                        "volumeMounts": [
                            {
                                "mountPath": "/run/secrets",
                                "name": "health",
                                "readOnly": true,
                                "recursiveReadOnly": "Disabled"
                            }
                        ]
                    }
                ],
                "hostIP": "172.18.0.2",
                "hostIPs": [
                    {
                        "ip": "172.18.0.2"
                    }
                ],
                "observedGeneration": 1,
                "phase": "Running",
                "podIP": "10.244.1.247",
                "podIPs": [
                    {
                        "ip": "10.244.1.247"
                    }
                ],
                "qosClass": "Burstable",
                "resources": {
                    "limits": {
                        "cpu": "250m",
                        "memory": "128Mi"
                    },
                    "requests": {
                        "memory": "32Mi"
                    }
                },
                "startTime": "2026-10-05T03:50:25Z"
            }
        },
        {
            "apiVersion": "v1",
            "kind": "Pod",
            "metadata": {
                "creationTimestamp": "2026-10-05T03:50:03Z",
                "generateName": "governance-proxy-76b4cf4f-",
                "generation": 1,
                "labels": {
                    "app.kubernetes.io/part-of": "p01-foundation",
                    "p01.role": "proxy",
                    "p01.service": "governance",
                    "pod-template-hash": "76b4cf4f"
                },
                "name": "governance-proxy-76b4cf4f-r7n57",
                "namespace": "p01-72188a2dcf97-908488b6",
                "ownerReferences": [
                    {
                        "apiVersion": "apps/v1",
                        "blockOwnerDeletion": true,
                        "controller": true,
                        "kind": "ReplicaSet",
                        "name": "governance-proxy-76b4cf4f",
                        "uid": "d18e6306-3218-4b68-9e31-cd007a96d79b"
                    }
                ],
                "resourceVersion": "2030",
                "uid": "e9b34f57-329b-4d1c-abde-eeb1acd271d3"
            },
            "spec": {
                "automountServiceAccountToken": false,
                "containers": [
                    {
                        "args": [
                            "-g",
                            "daemon off;"
                        ],
                        "command": [
                            "/usr/sbin/nginx"
                        ],
                        "image": "p01.local/nginx:manifest-sha256-3d2f995522ddb52c3a4eb8008b8fa26f184f7146851df1da831f88885ac40aae",
                        "imagePullPolicy": "Never",
                        "livenessProbe": {
                            "failureThreshold": 3,
                            "periodSeconds": 10,
                            "successThreshold": 1,
                            "tcpSocket": {
                                "port": 8443
                            },
                            "timeoutSeconds": 2
                        },
                        "name": "governance-proxy",
                        "readinessProbe": {
                            "failureThreshold": 3,
                            "periodSeconds": 5,
                            "successThreshold": 1,
                            "tcpSocket": {
                                "port": 8443
                            },
                            "timeoutSeconds": 2
                        },
                        "resources": {
                            "limits": {
                                "cpu": "1",
                                "memory": "128Mi"
                            },
                            "requests": {
                                "cpu": "25m",
                                "memory": "64Mi"
                            }
                        },
                        "securityContext": {
                            "allowPrivilegeEscalation": false,
                            "capabilities": {
                                "drop": [
                                    "ALL"
                                ]
                            },
                            "readOnlyRootFilesystem": true,
                            "runAsGroup": 10001,
                            "runAsNonRoot": true,
                            "runAsUser": 10001
                        },
                        "terminationMessagePath": "/dev/termination-log",
                        "terminationMessagePolicy": "File",
                        "volumeMounts": [
                            {
                                "mountPath": "/run/secrets",
                                "name": "secrets",
                                "readOnly": true
                            },
                            {
                                "mountPath": "/tmp",
                                "name": "tmp"
                            },
                            {
                                "mountPath": "/etc/nginx/nginx.conf",
                                "name": "config",
                                "readOnly": true,
                                "subPath": "nginx.conf"
                            },
                            {
                                "mountPath": "/srv/public",
                                "name": "public",
                                "readOnly": true
                            }
                        ]
                    }
                ],
                "dnsPolicy": "ClusterFirst",
                "enableServiceLinks": false,
                "initContainers": [
                    {
                        "command": [
                            "/bin/sh",
                            "-ec",
                            "cp -R /app/public/. /srv/public/"
                        ],
                        "image": "p01.local/governance:sha256-3fd401c2b406525137f517cec5ae4b5d84d35d34d0679ea9138babce7f0731e3",
                        "imagePullPolicy": "Never",
                        "name": "copy-public-assets",
                        "resources": {
                            "limits": {
                                "cpu": "1",
                                "memory": "256Mi"
                            },
                            "requests": {
                                "cpu": "25m",
                                "memory": "64Mi"
                            }
                        },
                        "securityContext": {
                            "allowPrivilegeEscalation": false,
                            "capabilities": {
                                "drop": [
                                    "ALL"
                                ]
                            },
                            "readOnlyRootFilesystem": true,
                            "runAsGroup": 10001,
                            "runAsNonRoot": true,
                            "runAsUser": 10001
                        },
                        "terminationMessagePath": "/dev/termination-log",
                        "terminationMessagePolicy": "File",
                        "volumeMounts": [
                            {
                                "mountPath": "/srv/public",
                                "name": "public"
                            }
                        ]
                    }
                ],
                "nodeName": "p01-72188a2dcf97-908488b6-worker",
                "preemptionPolicy": "PreemptLowerPriority",
                "priority": 0,
                "restartPolicy": "Always",
                "schedulerName": "default-scheduler",
                "securityContext": {
                    "fsGroup": 10001,
                    "runAsGroup": 10001,
                    "runAsNonRoot": true,
                    "runAsUser": 10001,
                    "seccompProfile": {
                        "type": "RuntimeDefault"
                    }
                },
                "serviceAccount": "governance-proxy",
                "serviceAccountName": "governance-proxy",
                "terminationGracePeriodSeconds": 30,
                "tolerations": [
                    {
                        "effect": "NoExecute",
                        "key": "node.kubernetes.io/not-ready",
                        "operator": "Exists",
                        "tolerationSeconds": 300
                    },
                    {
                        "effect": "NoExecute",
                        "key": "node.kubernetes.io/unreachable",
                        "operator": "Exists",
                        "tolerationSeconds": 300
                    }
                ],
                "volumes": [
                    {
                        "name": "secrets",
                        "secret": {
                            "defaultMode": 292,
                            "secretName": "governance-tls"
                        }
                    },
                    {
                        "emptyDir": {
                            "medium": "Memory",
                            "sizeLimit": "32Mi"
                        },
                        "name": "tmp"
                    },
                    {
                        "configMap": {
                            "defaultMode": 420,
                            "name": "governance-proxy"
                        },
                        "name": "config"
                    },
                    {
                        "emptyDir": {
                            "sizeLimit": "64Mi"
                        },
                        "name": "public"
                    }
                ]
            },
            "status": {
                "allocatedResources": {
                    "cpu": "25m",
                    "memory": "64Mi"
                },
                "conditions": [
                    {
                        "lastProbeTime": null,
                        "lastTransitionTime": "2026-10-05T03:50:04Z",
                        "observedGeneration": 1,
                        "status": "True",
                        "type": "PodReadyToStartContainers"
                    },
                    {
                        "lastProbeTime": null,
                        "lastTransitionTime": "2026-10-05T03:50:07Z",
                        "observedGeneration": 1,
                        "status": "True",
                        "type": "Initialized"
                    },
                    {
                        "lastProbeTime": null,
                        "lastTransitionTime": "2026-10-05T03:50:08Z",
                        "observedGeneration": 1,
                        "status": "True",
                        "type": "Ready"
                    },
                    {
                        "lastProbeTime": null,
                        "lastTransitionTime": "2026-10-05T03:50:08Z",
                        "observedGeneration": 1,
                        "status": "True",
                        "type": "ContainersReady"
                    },
                    {
                        "lastProbeTime": null,
                        "lastTransitionTime": "2026-10-05T03:50:03Z",
                        "observedGeneration": 1,
                        "status": "True",
                        "type": "PodScheduled"
                    }
                ],
                "containerStatuses": [
                    {
                        "allocatedResources": {
                            "cpu": "25m",
                            "memory": "64Mi"
                        },
                        "containerID": "containerd://07848038616e60d8cc707c22fd02e2ce470a888c01c918ea109d9fca1cb88553",
                        "image": "p01.local/nginx:manifest-sha256-3d2f995522ddb52c3a4eb8008b8fa26f184f7146851df1da831f88885ac40aae",
                        "imageID": "docker.io/library/import-2026-10-05@sha256:5c7e4ac215c73965ec024805e7feb2f942e4570d89003814734678eb756ea3de",
                        "lastState": {},
                        "name": "governance-proxy",
                        "ready": true,
                        "resources": {
                            "limits": {
                                "cpu": "1",
                                "memory": "128Mi"
                            },
                            "requests": {
                                "cpu": "25m",
                                "memory": "64Mi"
                            }
                        },
                        "restartCount": 0,
                        "started": true,
                        "state": {
                            "running": {
                                "startedAt": "2026-10-05T03:50:08Z"
                            }
                        },
                        "user": {
                            "linux": {
                                "gid": 10001,
                                "supplementalGroups": [
                                    10001
                                ],
                                "uid": 10001
                            }
                        },
                        "volumeMounts": [
                            {
                                "mountPath": "/run/secrets",
                                "name": "secrets",
                                "readOnly": true,
                                "recursiveReadOnly": "Disabled"
                            },
                            {
                                "mountPath": "/tmp",
                                "name": "tmp"
                            },
                            {
                                "mountPath": "/etc/nginx/nginx.conf",
                                "name": "config",
                                "readOnly": true,
                                "recursiveReadOnly": "Disabled"
                            },
                            {
                                "mountPath": "/srv/public",
                                "name": "public",
                                "readOnly": true,
                                "recursiveReadOnly": "Disabled"
                            }
                        ]
                    }
                ],
                "hostIP": "172.18.0.2",
                "hostIPs": [
                    {
                        "ip": "172.18.0.2"
                    }
                ],
                "initContainerStatuses": [
                    {
                        "allocatedResources": {
                            "cpu": "25m",
                            "memory": "64Mi"
                        },
                        "containerID": "containerd://50e139dca67e07832b26901f325aa01efc23c5979cfa60288be7f1ce2fd9be3c",
                        "image": "p01.local/governance:sha256-3fd401c2b406525137f517cec5ae4b5d84d35d34d0679ea9138babce7f0731e3",
                        "imageID": "docker.io/library/import-2026-10-05@sha256:5a78e285c8da7911ee6800b89bc149eb1d2a2c23f8b5da5877f40e1dee24e7fe",
                        "lastState": {},
                        "name": "copy-public-assets",
                        "ready": true,
                        "resources": {
                            "limits": {
                                "cpu": "1",
                                "memory": "256Mi"
                            },
                            "requests": {
                                "cpu": "25m",
                                "memory": "64Mi"
                            }
                        },
                        "restartCount": 0,
                        "started": false,
                        "state": {
                            "terminated": {
                                "containerID": "containerd://50e139dca67e07832b26901f325aa01efc23c5979cfa60288be7f1ce2fd9be3c",
                                "exitCode": 0,
                                "finishedAt": "2026-10-05T03:50:05Z",
                                "reason": "Completed",
                                "startedAt": "2026-10-05T03:50:05Z"
                            }
                        },
                        "user": {
                            "linux": {
                                "gid": 10001,
                                "supplementalGroups": [
                                    10001
                                ],
                                "uid": 10001
                            }
                        },
                        "volumeMounts": [
                            {
                                "mountPath": "/srv/public",
                                "name": "public"
                            }
                        ]
                    }
                ],
                "observedGeneration": 1,
                "phase": "Running",
                "podIP": "10.244.1.196",
                "podIPs": [
                    {
                        "ip": "10.244.1.196"
                    }
                ],
                "qosClass": "Burstable",
                "resources": {
                    "limits": {
                        "cpu": "1",
                        "memory": "256Mi"
                    },
                    "requests": {
                        "memory": "64Mi"
                    }
                },
                "startTime": "2026-10-05T03:50:03Z"
            }
        },
        {
            "apiVersion": "v1",
            "kind": "Pod",
            "metadata": {
                "creationTimestamp": "2026-10-05T03:50:03Z",
                "generateName": "inventory-64b758c4d8-",
                "generation": 1,
                "labels": {
                    "app.kubernetes.io/part-of": "p01-foundation",
                    "p01.role": "app",
                    "p01.service": "inventory",
                    "pod-template-hash": "64b758c4d8"
                },
                "name": "inventory-64b758c4d8-hv7fl",
                "namespace": "p01-72188a2dcf97-908488b6",
                "ownerReferences": [
                    {
                        "apiVersion": "apps/v1",
                        "blockOwnerDeletion": true,
                        "controller": true,
                        "kind": "ReplicaSet",
                        "name": "inventory-64b758c4d8",
                        "uid": "0698e452-70ca-4bdf-8779-0951b70122d6"
                    }
                ],
                "resourceVersion": "2432",
                "uid": "05ec2a4b-6905-4192-be74-4b1672056ece"
            },
            "spec": {
                "automountServiceAccountToken": false,
                "containers": [
                    {
                        "command": [
                            "/opt/venv/bin/inventory-serve"
                        ],
                        "env": [
                            {
                                "name": "APP_DEBUG",
                                "value": "false"
                            },
                            {
                                "name": "APP_ENV",
                                "value": "production"
                            },
                            {
                                "name": "DB_DATABASE",
                                "value": "inventory"
                            },
                            {
                                "name": "DB_HOST",
                                "value": "postgres"
                            },
                            {
                                "name": "DB_PASSWORD_FILE",
                                "value": "/run/secrets/db-password"
                            },
                            {
                                "name": "DB_PORT",
                                "value": "5432"
                            },
                            {
                                "name": "DB_SSLMODE",
                                "value": "verify-full"
                            },
                            {
                                "name": "DB_SSLROOTCERT",
                                "value": "/run/secrets/ca.crt"
                            },
                            {
                                "name": "DB_USERNAME",
                                "value": "inventory_runtime"
                            },
                            {
                                "name": "HEALTH_TOKEN_FILE",
                                "value": "/run/secrets/health-token"
                            }
                        ],
                        "image": "p01.local/inventory:sha256-741a678aa65d1c94e3ef1a9f20927ed1ede00c5b4e341bbe145c5f432e635f71",
                        "imagePullPolicy": "Never",
                        "livenessProbe": {
                            "failureThreshold": 3,
                            "periodSeconds": 10,
                            "successThreshold": 1,
                            "tcpSocket": {
                                "port": 8080
                            },
                            "timeoutSeconds": 2
                        },
                        "name": "inventory",
                        "readinessProbe": {
                            "exec": {
                                "command": [
                                    "/opt/venv/bin/python",
                                    "-c",
                                    "import pathlib,urllib.request; token=pathlib.Path('/run/secrets/health-token').read_text().strip(); request=urllib.request.Request('http://127.0.0.1:8080/health/dependencies', headers={'Authorization':'Bearer '+token}); response=urllib.request.urlopen(request,timeout=5); raise SystemExit(0 if response.status==200 else 1)"
                                ]
                            },
                            "failureThreshold": 1,
                            "periodSeconds": 10,
                            "successThreshold": 1,
                            "timeoutSeconds": 8
                        },
                        "resources": {
                            "limits": {
                                "cpu": "1",
                                "memory": "256Mi"
                            },
                            "requests": {
                                "cpu": "25m",
                                "memory": "64Mi"
                            }
                        },
                        "securityContext": {
                            "allowPrivilegeEscalation": false,
                            "capabilities": {
                                "drop": [
                                    "ALL"
                                ]
                            },
                            "readOnlyRootFilesystem": true,
                            "runAsGroup": 10001,
                            "runAsNonRoot": true,
                            "runAsUser": 10001
                        },
                        "startupProbe": {
                            "failureThreshold": 60,
                            "periodSeconds": 2,
                            "successThreshold": 1,
                            "tcpSocket": {
                                "port": 8080
                            },
                            "timeoutSeconds": 1
                        },
                        "terminationMessagePath": "/dev/termination-log",
                        "terminationMessagePolicy": "File",
                        "volumeMounts": [
                            {
                                "mountPath": "/run/secrets",
                                "name": "secrets",
                                "readOnly": true
                            },
                            {
                                "mountPath": "/tmp",
                                "name": "tmp"
                            }
                        ]
                    }
                ],
                "dnsPolicy": "ClusterFirst",
                "enableServiceLinks": false,
                "nodeName": "p01-72188a2dcf97-908488b6-worker",
                "preemptionPolicy": "PreemptLowerPriority",
                "priority": 0,
                "restartPolicy": "Always",
                "schedulerName": "default-scheduler",
                "securityContext": {
                    "fsGroup": 10001,
                    "runAsGroup": 10001,
                    "runAsNonRoot": true,
                    "runAsUser": 10001,
                    "seccompProfile": {
                        "type": "RuntimeDefault"
                    }
                },
                "serviceAccount": "inventory",
                "serviceAccountName": "inventory",
                "terminationGracePeriodSeconds": 30,
                "tolerations": [
                    {
                        "effect": "NoExecute",
                        "key": "node.kubernetes.io/not-ready",
                        "operator": "Exists",
                        "tolerationSeconds": 300
                    },
                    {
                        "effect": "NoExecute",
                        "key": "node.kubernetes.io/unreachable",
                        "operator": "Exists",
                        "tolerationSeconds": 300
                    }
                ],
                "volumes": [
                    {
                        "name": "secrets",
                        "secret": {
                            "defaultMode": 292,
                            "secretName": "inventory-runtime"
                        }
                    },
                    {
                        "emptyDir": {
                            "medium": "Memory",
                            "sizeLimit": "32Mi"
                        },
                        "name": "tmp"
                    }
                ]
            },
            "status": {
                "allocatedResources": {
                    "cpu": "25m",
                    "memory": "64Mi"
                },
                "conditions": [
                    {
                        "lastProbeTime": null,
                        "lastTransitionTime": "2026-10-05T03:50:07Z",
                        "observedGeneration": 1,
                        "status": "True",
                        "type": "PodReadyToStartContainers"
                    },
                    {
                        "lastProbeTime": null,
                        "lastTransitionTime": "2026-10-05T03:50:03Z",
                        "observedGeneration": 1,
                        "status": "True",
                        "type": "Initialized"
                    },
                    {
                        "lastProbeTime": null,
                        "lastTransitionTime": "2026-10-05T03:53:35Z",
                        "observedGeneration": 1,
                        "status": "True",
                        "type": "Ready"
                    },
                    {
                        "lastProbeTime": null,
                        "lastTransitionTime": "2026-10-05T03:53:35Z",
                        "observedGeneration": 1,
                        "status": "True",
                        "type": "ContainersReady"
                    },
                    {
                        "lastProbeTime": null,
                        "lastTransitionTime": "2026-10-05T03:50:03Z",
                        "observedGeneration": 1,
                        "status": "True",
                        "type": "PodScheduled"
                    }
                ],
                "containerStatuses": [
                    {
                        "allocatedResources": {
                            "cpu": "25m",
                            "memory": "64Mi"
                        },
                        "containerID": "containerd://c8dc5206bceae6d0129e7e27e87ec8b42d74871baa918b181f77d1d9cb7a5c8a",
                        "image": "p01.local/inventory:sha256-741a678aa65d1c94e3ef1a9f20927ed1ede00c5b4e341bbe145c5f432e635f71",
                        "imageID": "docker.io/library/import-2026-10-05@sha256:00b7aa97d5131ef150134efe683a083d4580cb948430c0c817c458003340c640",
                        "lastState": {},
                        "name": "inventory",
                        "ready": true,
                        "resources": {
                            "limits": {
                                "cpu": "1",
                                "memory": "256Mi"
                            },
                            "requests": {
                                "cpu": "25m",
                                "memory": "64Mi"
                            }
                        },
                        "restartCount": 0,
                        "started": true,
                        "state": {
                            "running": {
                                "startedAt": "2026-10-05T03:50:08Z"
                            }
                        },
                        "user": {
                            "linux": {
                                "gid": 10001,
                                "supplementalGroups": [
                                    10001
                                ],
                                "uid": 10001
                            }
                        },
                        "volumeMounts": [
                            {
                                "mountPath": "/run/secrets",
                                "name": "secrets",
                                "readOnly": true,
                                "recursiveReadOnly": "Disabled"
                            },
                            {
                                "mountPath": "/tmp",
                                "name": "tmp"
                            }
                        ]
                    }
                ],
                "hostIP": "172.18.0.2",
                "hostIPs": [
                    {
                        "ip": "172.18.0.2"
                    }
                ],
                "observedGeneration": 1,
                "phase": "Running",
                "podIP": "10.244.1.7",
                "podIPs": [
                    {
                        "ip": "10.244.1.7"
                    }
                ],
                "qosClass": "Burstable",
                "resources": {
                    "limits": {
                        "cpu": "1",
                        "memory": "256Mi"
                    },
                    "requests": {
                        "memory": "64Mi"
                    }
                },
                "startTime": "2026-10-05T03:50:03Z"
            }
        },
        {
            "apiVersion": "v1",
            "kind": "Pod",
            "metadata": {
                "creationTimestamp": "2026-10-05T03:50:16Z",
                "generateName": "inventory-migrator-",
                "generation": 1,
                "labels": {
                    "app.kubernetes.io/part-of": "p01-foundation",
                    "batch.kubernetes.io/controller-uid": "2c9fbfc9-36d6-490f-acb4-36a2fe0a7f1a",
                    "batch.kubernetes.io/job-name": "inventory-migrator",
                    "controller-uid": "2c9fbfc9-36d6-490f-acb4-36a2fe0a7f1a",
                    "job-name": "inventory-migrator",
                    "p01.role": "migrator",
                    "p01.service": "inventory"
                },
                "name": "inventory-migrator-bd6sv",
                "namespace": "p01-72188a2dcf97-908488b6",
                "ownerReferences": [
                    {
                        "apiVersion": "batch/v1",
                        "blockOwnerDeletion": true,
                        "controller": true,
                        "kind": "Job",
                        "name": "inventory-migrator",
                        "uid": "2c9fbfc9-36d6-490f-acb4-36a2fe0a7f1a"
                    }
                ],
                "resourceVersion": "1740",
                "uid": "a6a07482-4c45-4eaa-be97-e54df9198497"
            },
            "spec": {
                "automountServiceAccountToken": false,
                "containers": [
                    {
                        "command": [
                            "/bin/sh",
                            "-ec",
                            "export PGPASSWORD=\"$(cat /run/secrets/db-password)\"; exec psql -X --quiet --set=ON_ERROR_STOP=1 --set=owner=inventory_owner --set=runtime=inventory_runtime \"host=postgres port=5432 dbname=inventory user=inventory_migrator sslmode=verify-full sslrootcert=/run/secrets/ca.crt connect_timeout=3\" --file=/opt/foundation/migrate.sql"
                        ],
                        "image": "p01.local/postgres:manifest-sha256-9e73daeb439141c2b11eea2463f5f1a3b269fd90d897b41cddb7cb440f21aa5d",
                        "imagePullPolicy": "Never",
                        "name": "migrate",
                        "resources": {
                            "limits": {
                                "cpu": "1",
                                "memory": "256Mi"
                            },
                            "requests": {
                                "cpu": "25m",
                                "memory": "64Mi"
                            }
                        },
                        "securityContext": {
                            "allowPrivilegeEscalation": false,
                            "capabilities": {
                                "drop": [
                                    "ALL"
                                ]
                            },
                            "readOnlyRootFilesystem": true,
                            "runAsGroup": 10001,
                            "runAsNonRoot": true,
                            "runAsUser": 10001
                        },
                        "terminationMessagePath": "/dev/termination-log",
                        "terminationMessagePolicy": "File",
                        "volumeMounts": [
                            {
                                "mountPath": "/run/secrets",
                                "name": "secrets",
                                "readOnly": true
                            },
                            {
                                "mountPath": "/opt/foundation/migrate.sql",
                                "name": "migration",
                                "readOnly": true,
                                "subPath": "migrate.sql"
                            },
                            {
                                "mountPath": "/opt/foundation/console.sql",
                                "name": "migration",
                                "readOnly": true,
                                "subPath": "console.sql"
                            }
                        ]
                    }
                ],
                "dnsPolicy": "ClusterFirst",
                "enableServiceLinks": false,
                "nodeName": "p01-72188a2dcf97-908488b6-worker",
                "preemptionPolicy": "PreemptLowerPriority",
                "priority": 0,
                "restartPolicy": "Never",
                "schedulerName": "default-scheduler",
                "securityContext": {
                    "fsGroup": 10001,
                    "runAsGroup": 10001,
                    "runAsNonRoot": true,
                    "runAsUser": 10001,
                    "seccompProfile": {
                        "type": "RuntimeDefault"
                    }
                },
                "serviceAccount": "inventory-migrator",
                "serviceAccountName": "inventory-migrator",
                "terminationGracePeriodSeconds": 30,
                "tolerations": [
                    {
                        "effect": "NoExecute",
                        "key": "node.kubernetes.io/not-ready",
                        "operator": "Exists",
                        "tolerationSeconds": 300
                    },
                    {
                        "effect": "NoExecute",
                        "key": "node.kubernetes.io/unreachable",
                        "operator": "Exists",
                        "tolerationSeconds": 300
                    }
                ],
                "volumes": [
                    {
                        "name": "secrets",
                        "secret": {
                            "defaultMode": 292,
                            "secretName": "inventory-migration"
                        }
                    },
                    {
                        "configMap": {
                            "defaultMode": 420,
                            "name": "postgres-scripts"
                        },
                        "name": "migration"
                    }
                ]
            },
            "status": {
                "allocatedResources": {
                    "cpu": "25m",
                    "memory": "64Mi"
                },
                "conditions": [
                    {
                        "lastProbeTime": null,
                        "lastTransitionTime": "2026-10-05T03:50:20Z",
                        "observedGeneration": 1,
                        "status": "False",
                        "type": "PodReadyToStartContainers"
                    },
                    {
                        "lastProbeTime": null,
                        "lastTransitionTime": "2026-10-05T03:50:16Z",
                        "observedGeneration": 1,
                        "reason": "PodCompleted",
                        "status": "True",
                        "type": "Initialized"
                    },
                    {
                        "lastProbeTime": null,
                        "lastTransitionTime": "2026-10-05T03:50:19Z",
                        "observedGeneration": 1,
                        "reason": "PodCompleted",
                        "status": "False",
                        "type": "Ready"
                    },
                    {
                        "lastProbeTime": null,
                        "lastTransitionTime": "2026-10-05T03:50:19Z",
                        "observedGeneration": 1,
                        "reason": "PodCompleted",
                        "status": "False",
                        "type": "ContainersReady"
                    },
                    {
                        "lastProbeTime": null,
                        "lastTransitionTime": "2026-10-05T03:50:16Z",
                        "observedGeneration": 1,
                        "status": "True",
                        "type": "PodScheduled"
                    }
                ],
                "containerStatuses": [
                    {
                        "allocatedResources": {
                            "cpu": "25m",
                            "memory": "64Mi"
                        },
                        "containerID": "containerd://1e0eebee2062a6e564b0fc550330272d5dedf01018eb6719ddd728cc9a8723b3",
                        "image": "p01.local/postgres:manifest-sha256-9e73daeb439141c2b11eea2463f5f1a3b269fd90d897b41cddb7cb440f21aa5d",
                        "imageID": "docker.io/library/import-2026-10-05@sha256:a73366f9c26d0167be14b0a23ba05e7d044534d10215b1017fe8b34946867e8c",
                        "lastState": {},
                        "name": "migrate",
                        "ready": false,
                        "resources": {
                            "limits": {
                                "cpu": "1",
                                "memory": "256Mi"
                            },
                            "requests": {
                                "cpu": "25m",
                                "memory": "64Mi"
                            }
                        },
                        "restartCount": 0,
                        "started": false,
                        "state": {
                            "terminated": {
                                "containerID": "containerd://1e0eebee2062a6e564b0fc550330272d5dedf01018eb6719ddd728cc9a8723b3",
                                "exitCode": 0,
                                "finishedAt": "2026-10-05T03:50:19Z",
                                "reason": "Completed",
                                "startedAt": "2026-10-05T03:50:19Z"
                            }
                        },
                        "user": {
                            "linux": {
                                "gid": 10001,
                                "supplementalGroups": [
                                    10001
                                ],
                                "uid": 10001
                            }
                        },
                        "volumeMounts": [
                            {
                                "mountPath": "/run/secrets",
                                "name": "secrets",
                                "readOnly": true,
                                "recursiveReadOnly": "Disabled"
                            },
                            {
                                "mountPath": "/opt/foundation/migrate.sql",
                                "name": "migration",
                                "readOnly": true,
                                "recursiveReadOnly": "Disabled"
                            },
                            {
                                "mountPath": "/opt/foundation/console.sql",
                                "name": "migration",
                                "readOnly": true,
                                "recursiveReadOnly": "Disabled"
                            }
                        ]
                    }
                ],
                "hostIP": "172.18.0.2",
                "hostIPs": [
                    {
                        "ip": "172.18.0.2"
                    }
                ],
                "observedGeneration": 1,
                "phase": "Succeeded",
                "podIP": "10.244.1.192",
                "podIPs": [
                    {
                        "ip": "10.244.1.192"
                    }
                ],
                "qosClass": "Burstable",
                "resources": {
                    "requests": {
                        "memory": "64Mi"
                    }
                },
                "startTime": "2026-10-05T03:50:16Z"
            }
        },
        {
            "apiVersion": "v1",
            "kind": "Pod",
            "metadata": {
                "creationTimestamp": "2026-10-05T03:50:25Z",
                "generateName": "inventory-probe-5759d5c46d-",
                "generation": 1,
                "labels": {
                    "app.kubernetes.io/part-of": "p01-foundation",
                    "p01.role": "probe",
                    "p01.service": "inventory",
                    "pod-template-hash": "5759d5c46d"
                },
                "name": "inventory-probe-5759d5c46d-zck8k",
                "namespace": "p01-72188a2dcf97-908488b6",
                "ownerReferences": [
                    {
                        "apiVersion": "apps/v1",
                        "blockOwnerDeletion": true,
                        "controller": true,
                        "kind": "ReplicaSet",
                        "name": "inventory-probe-5759d5c46d",
                        "uid": "0b7b197b-8829-4616-b3c5-53be6338e489"
                    }
                ],
                "resourceVersion": "2076",
                "uid": "8e820068-04e1-44e3-b093-9b8f41c6930b"
            },
            "spec": {
                "automountServiceAccountToken": false,
                "containers": [
                    {
                        "command": [
                            "/opt/venv/bin/python",
                            "-I",
                            "-c",
                            "import time; time.sleep(2400)"
                        ],
                        "image": "p01.local/planning:sha256-cbae52802671de2b85f9aa36a8c46631d4f0e5f877560ffde85a140ed75a8f0b",
                        "imagePullPolicy": "Never",
                        "name": "probe",
                        "resources": {
                            "limits": {
                                "cpu": "250m",
                                "memory": "128Mi"
                            },
                            "requests": {
                                "cpu": "10m",
                                "memory": "32Mi"
                            }
                        },
                        "securityContext": {
                            "allowPrivilegeEscalation": false,
                            "capabilities": {
                                "drop": [
                                    "ALL"
                                ]
                            },
                            "readOnlyRootFilesystem": true
                        },
                        "terminationMessagePath": "/dev/termination-log",
                        "terminationMessagePolicy": "File",
                        "volumeMounts": [
                            {
                                "mountPath": "/run/secrets",
                                "name": "health",
                                "readOnly": true
                            }
                        ]
                    }
                ],
                "dnsPolicy": "ClusterFirst",
                "enableServiceLinks": false,
                "nodeName": "p01-72188a2dcf97-908488b6-worker",
                "preemptionPolicy": "PreemptLowerPriority",
                "priority": 0,
                "restartPolicy": "Always",
                "schedulerName": "default-scheduler",
                "securityContext": {
                    "runAsGroup": 10001,
                    "runAsNonRoot": true,
                    "runAsUser": 10001,
                    "seccompProfile": {
                        "type": "RuntimeDefault"
                    }
                },
                "serviceAccount": "inventory-probe",
                "serviceAccountName": "inventory-probe",
                "terminationGracePeriodSeconds": 30,
                "tolerations": [
                    {
                        "effect": "NoExecute",
                        "key": "node.kubernetes.io/not-ready",
                        "operator": "Exists",
                        "tolerationSeconds": 300
                    },
                    {
                        "effect": "NoExecute",
                        "key": "node.kubernetes.io/unreachable",
                        "operator": "Exists",
                        "tolerationSeconds": 300
                    }
                ],
                "volumes": [
                    {
                        "name": "health",
                        "secret": {
                            "defaultMode": 292,
                            "items": [
                                {
                                    "key": "ca.crt",
                                    "path": "ca.crt"
                                },
                                {
                                    "key": "health-token",
                                    "path": "health-token"
                                }
                            ],
                            "secretName": "inventory-runtime"
                        }
                    }
                ]
            },
            "status": {
                "allocatedResources": {
                    "cpu": "10m",
                    "memory": "32Mi"
                },
                "conditions": [
                    {
                        "lastProbeTime": null,
                        "lastTransitionTime": "2026-10-05T03:50:26Z",
                        "observedGeneration": 1,
                        "status": "True",
                        "type": "PodReadyToStartContainers"
                    },
                    {
                        "lastProbeTime": null,
                        "lastTransitionTime": "2026-10-05T03:50:25Z",
                        "observedGeneration": 1,
                        "status": "True",
                        "type": "Initialized"
                    },
                    {
                        "lastProbeTime": null,
                        "lastTransitionTime": "2026-10-05T03:50:27Z",
                        "observedGeneration": 1,
                        "status": "True",
                        "type": "Ready"
                    },
                    {
                        "lastProbeTime": null,
                        "lastTransitionTime": "2026-10-05T03:50:27Z",
                        "observedGeneration": 1,
                        "status": "True",
                        "type": "ContainersReady"
                    },
                    {
                        "lastProbeTime": null,
                        "lastTransitionTime": "2026-10-05T03:50:25Z",
                        "observedGeneration": 1,
                        "status": "True",
                        "type": "PodScheduled"
                    }
                ],
                "containerStatuses": [
                    {
                        "allocatedResources": {
                            "cpu": "10m",
                            "memory": "32Mi"
                        },
                        "containerID": "containerd://f919d0d9e83d9f8761024b17e87952b2f3152ca5c330bf9ede60b65269c470b4",
                        "image": "p01.local/planning:sha256-cbae52802671de2b85f9aa36a8c46631d4f0e5f877560ffde85a140ed75a8f0b",
                        "imageID": "docker.io/library/import-2026-10-05@sha256:fba5f4cfd255a2db04fa3dc8e7b62dd82ecfae48d3a8734aa5c695d7d5d7376f",
                        "lastState": {},
                        "name": "probe",
                        "ready": true,
                        "resources": {
                            "limits": {
                                "cpu": "250m",
                                "memory": "128Mi"
                            },
                            "requests": {
                                "cpu": "10m",
                                "memory": "32Mi"
                            }
                        },
                        "restartCount": 0,
                        "started": true,
                        "state": {
                            "running": {
                                "startedAt": "2026-10-05T03:50:27Z"
                            }
                        },
                        "user": {
                            "linux": {
                                "gid": 10001,
                                "supplementalGroups": [
                                    10001
                                ],
                                "uid": 10001
                            }
                        },
                        "volumeMounts": [
                            {
                                "mountPath": "/run/secrets",
                                "name": "health",
                                "readOnly": true,
                                "recursiveReadOnly": "Disabled"
                            }
                        ]
                    }
                ],
                "hostIP": "172.18.0.2",
                "hostIPs": [
                    {
                        "ip": "172.18.0.2"
                    }
                ],
                "observedGeneration": 1,
                "phase": "Running",
                "podIP": "10.244.1.184",
                "podIPs": [
                    {
                        "ip": "10.244.1.184"
                    }
                ],
                "qosClass": "Burstable",
                "resources": {
                    "limits": {
                        "cpu": "250m",
                        "memory": "128Mi"
                    },
                    "requests": {
                        "memory": "32Mi"
                    }
                },
                "startTime": "2026-10-05T03:50:25Z"
            }
        },
        {
            "apiVersion": "v1",
            "kind": "Pod",
            "metadata": {
                "creationTimestamp": "2026-10-05T03:50:04Z",
                "generateName": "inventory-proxy-b4d4954c-",
                "generation": 1,
                "labels": {
                    "app.kubernetes.io/part-of": "p01-foundation",
                    "p01.role": "proxy",
                    "p01.service": "inventory",
                    "pod-template-hash": "b4d4954c"
                },
                "name": "inventory-proxy-b4d4954c-vp5fq",
                "namespace": "p01-72188a2dcf97-908488b6",
                "ownerReferences": [
                    {
                        "apiVersion": "apps/v1",
                        "blockOwnerDeletion": true,
                        "controller": true,
                        "kind": "ReplicaSet",
                        "name": "inventory-proxy-b4d4954c",
                        "uid": "37ca8269-7969-4b4d-a5b5-bd8bb9576f43"
                    }
                ],
                "resourceVersion": "1520",
                "uid": "439e5dfc-cfcc-496a-9a25-4509f5114f72"
            },
            "spec": {
                "automountServiceAccountToken": false,
                "containers": [
                    {
                        "args": [
                            "-g",
                            "daemon off;"
                        ],
                        "command": [
                            "/usr/sbin/nginx"
                        ],
                        "image": "p01.local/nginx:manifest-sha256-3d2f995522ddb52c3a4eb8008b8fa26f184f7146851df1da831f88885ac40aae",
                        "imagePullPolicy": "Never",
                        "livenessProbe": {
                            "failureThreshold": 3,
                            "periodSeconds": 10,
                            "successThreshold": 1,
                            "tcpSocket": {
                                "port": 8443
                            },
                            "timeoutSeconds": 2
                        },
                        "name": "inventory-proxy",
                        "readinessProbe": {
                            "failureThreshold": 3,
                            "periodSeconds": 5,
                            "successThreshold": 1,
                            "tcpSocket": {
                                "port": 8443
                            },
                            "timeoutSeconds": 2
                        },
                        "resources": {
                            "limits": {
                                "cpu": "1",
                                "memory": "128Mi"
                            },
                            "requests": {
                                "cpu": "25m",
                                "memory": "64Mi"
                            }
                        },
                        "securityContext": {
                            "allowPrivilegeEscalation": false,
                            "capabilities": {
                                "drop": [
                                    "ALL"
                                ]
                            },
                            "readOnlyRootFilesystem": true,
                            "runAsGroup": 10001,
                            "runAsNonRoot": true,
                            "runAsUser": 10001
                        },
                        "terminationMessagePath": "/dev/termination-log",
                        "terminationMessagePolicy": "File",
                        "volumeMounts": [
                            {
                                "mountPath": "/run/secrets",
                                "name": "secrets",
                                "readOnly": true
                            },
                            {
                                "mountPath": "/tmp",
                                "name": "tmp"
                            },
                            {
                                "mountPath": "/etc/nginx/nginx.conf",
                                "name": "config",
                                "readOnly": true,
                                "subPath": "nginx.conf"
                            }
                        ]
                    }
                ],
                "dnsPolicy": "ClusterFirst",
                "enableServiceLinks": false,
                "nodeName": "p01-72188a2dcf97-908488b6-worker",
                "preemptionPolicy": "PreemptLowerPriority",
                "priority": 0,
                "restartPolicy": "Always",
                "schedulerName": "default-scheduler",
                "securityContext": {
                    "fsGroup": 10001,
                    "runAsGroup": 10001,
                    "runAsNonRoot": true,
                    "runAsUser": 10001,
                    "seccompProfile": {
                        "type": "RuntimeDefault"
                    }
                },
                "serviceAccount": "inventory-proxy",
                "serviceAccountName": "inventory-proxy",
                "terminationGracePeriodSeconds": 30,
                "tolerations": [
                    {
                        "effect": "NoExecute",
                        "key": "node.kubernetes.io/not-ready",
                        "operator": "Exists",
                        "tolerationSeconds": 300
                    },
                    {
                        "effect": "NoExecute",
                        "key": "node.kubernetes.io/unreachable",
                        "operator": "Exists",
                        "tolerationSeconds": 300
                    }
                ],
                "volumes": [
                    {
                        "name": "secrets",
                        "secret": {
                            "defaultMode": 292,
                            "secretName": "inventory-tls"
                        }
                    },
                    {
                        "emptyDir": {
                            "medium": "Memory",
                            "sizeLimit": "32Mi"
                        },
                        "name": "tmp"
                    },
                    {
                        "configMap": {
                            "defaultMode": 420,
                            "name": "inventory-proxy"
                        },
                        "name": "config"
                    }
                ]
            },
            "status": {
                "allocatedResources": {
                    "cpu": "25m",
                    "memory": "64Mi"
                },
                "conditions": [
                    {
                        "lastProbeTime": null,
                        "lastTransitionTime": "2026-10-05T03:50:07Z",
                        "observedGeneration": 1,
                        "status": "True",
                        "type": "PodReadyToStartContainers"
                    },
                    {
                        "lastProbeTime": null,
                        "lastTransitionTime": "2026-10-05T03:50:04Z",
                        "observedGeneration": 1,
                        "status": "True",
                        "type": "Initialized"
                    },
                    {
                        "lastProbeTime": null,
                        "lastTransitionTime": "2026-10-05T03:50:09Z",
                        "observedGeneration": 1,
                        "status": "True",
                        "type": "Ready"
                    },
                    {
                        "lastProbeTime": null,
                        "lastTransitionTime": "2026-10-05T03:50:09Z",
                        "observedGeneration": 1,
                        "status": "True",
                        "type": "ContainersReady"
                    },
                    {
                        "lastProbeTime": null,
                        "lastTransitionTime": "2026-10-05T03:50:04Z",
                        "observedGeneration": 1,
                        "status": "True",
                        "type": "PodScheduled"
                    }
                ],
                "containerStatuses": [
                    {
                        "allocatedResources": {
                            "cpu": "25m",
                            "memory": "64Mi"
                        },
                        "containerID": "containerd://f6bb29cf642791281a702dfab8242a7c7cf749925a8a74ed9e818b50cfdaf83f",
                        "image": "p01.local/nginx:manifest-sha256-3d2f995522ddb52c3a4eb8008b8fa26f184f7146851df1da831f88885ac40aae",
                        "imageID": "docker.io/library/import-2026-10-05@sha256:5c7e4ac215c73965ec024805e7feb2f942e4570d89003814734678eb756ea3de",
                        "lastState": {},
                        "name": "inventory-proxy",
                        "ready": true,
                        "resources": {
                            "limits": {
                                "cpu": "1",
                                "memory": "128Mi"
                            },
                            "requests": {
                                "cpu": "25m",
                                "memory": "64Mi"
                            }
                        },
                        "restartCount": 0,
                        "started": true,
                        "state": {
                            "running": {
                                "startedAt": "2026-10-05T03:50:08Z"
                            }
                        },
                        "user": {
                            "linux": {
                                "gid": 10001,
                                "supplementalGroups": [
                                    10001
                                ],
                                "uid": 10001
                            }
                        },
                        "volumeMounts": [
                            {
                                "mountPath": "/run/secrets",
                                "name": "secrets",
                                "readOnly": true,
                                "recursiveReadOnly": "Disabled"
                            },
                            {
                                "mountPath": "/tmp",
                                "name": "tmp"
                            },
                            {
                                "mountPath": "/etc/nginx/nginx.conf",
                                "name": "config",
                                "readOnly": true,
                                "recursiveReadOnly": "Disabled"
                            }
                        ]
                    }
                ],
                "hostIP": "172.18.0.2",
                "hostIPs": [
                    {
                        "ip": "172.18.0.2"
                    }
                ],
                "observedGeneration": 1,
                "phase": "Running",
                "podIP": "10.244.1.219",
                "podIPs": [
                    {
                        "ip": "10.244.1.219"
                    }
                ],
                "qosClass": "Burstable",
                "resources": {
                    "limits": {
                        "cpu": "1",
                        "memory": "128Mi"
                    },
                    "requests": {
                        "memory": "64Mi"
                    }
                },
                "startTime": "2026-10-05T03:50:04Z"
            }
        },
        {
            "apiVersion": "v1",
            "kind": "Pod",
            "metadata": {
                "creationTimestamp": "2026-10-05T03:50:04Z",
                "generateName": "lifecycle-56f5444846-",
                "generation": 1,
                "labels": {
                    "app.kubernetes.io/part-of": "p01-foundation",
                    "p01.role": "app",
                    "p01.service": "lifecycle",
                    "pod-template-hash": "56f5444846"
                },
                "name": "lifecycle-56f5444846-t6k7p",
                "namespace": "p01-72188a2dcf97-908488b6",
                "ownerReferences": [
                    {
                        "apiVersion": "apps/v1",
                        "blockOwnerDeletion": true,
                        "controller": true,
                        "kind": "ReplicaSet",
                        "name": "lifecycle-56f5444846",
                        "uid": "1bfcdf65-fe0f-4641-8301-4d7789976695"
                    }
                ],
                "resourceVersion": "2437",
                "uid": "bacab0e1-e0d1-46ee-a63d-eb438f21c229"
            },
            "spec": {
                "automountServiceAccountToken": false,
                "containers": [
                    {
                        "command": [
                            "/opt/venv/bin/lifecycle-serve"
                        ],
                        "env": [
                            {
                                "name": "APP_DEBUG",
                                "value": "false"
                            },
                            {
                                "name": "APP_ENV",
                                "value": "production"
                            },
                            {
                                "name": "DB_DATABASE",
                                "value": "lifecycle"
                            },
                            {
                                "name": "DB_HOST",
                                "value": "postgres"
                            },
                            {
                                "name": "DB_PASSWORD_FILE",
                                "value": "/run/secrets/db-password"
                            },
                            {
                                "name": "DB_PORT",
                                "value": "5432"
                            },
                            {
                                "name": "DB_SSLMODE",
                                "value": "verify-full"
                            },
                            {
                                "name": "DB_SSLROOTCERT",
                                "value": "/run/secrets/ca.crt"
                            },
                            {
                                "name": "DB_USERNAME",
                                "value": "lifecycle_runtime"
                            },
                            {
                                "name": "HEALTH_TOKEN_FILE",
                                "value": "/run/secrets/health-token"
                            }
                        ],
                        "image": "p01.local/lifecycle:sha256-c25d199ed0c3e9779e30dda356debfcf8e00e8a8f00693c4158dc02a487fd861",
                        "imagePullPolicy": "Never",
                        "livenessProbe": {
                            "failureThreshold": 3,
                            "periodSeconds": 10,
                            "successThreshold": 1,
                            "tcpSocket": {
                                "port": 8080
                            },
                            "timeoutSeconds": 2
                        },
                        "name": "lifecycle",
                        "readinessProbe": {
                            "exec": {
                                "command": [
                                    "/opt/venv/bin/python",
                                    "-c",
                                    "import pathlib,urllib.request; token=pathlib.Path('/run/secrets/health-token').read_text().strip(); request=urllib.request.Request('http://127.0.0.1:8080/health/dependencies', headers={'Authorization':'Bearer '+token}); response=urllib.request.urlopen(request,timeout=5); raise SystemExit(0 if response.status==200 else 1)"
                                ]
                            },
                            "failureThreshold": 1,
                            "periodSeconds": 10,
                            "successThreshold": 1,
                            "timeoutSeconds": 8
                        },
                        "resources": {
                            "limits": {
                                "cpu": "1",
                                "memory": "256Mi"
                            },
                            "requests": {
                                "cpu": "25m",
                                "memory": "64Mi"
                            }
                        },
                        "securityContext": {
                            "allowPrivilegeEscalation": false,
                            "capabilities": {
                                "drop": [
                                    "ALL"
                                ]
                            },
                            "readOnlyRootFilesystem": true,
                            "runAsGroup": 10001,
                            "runAsNonRoot": true,
                            "runAsUser": 10001
                        },
                        "startupProbe": {
                            "failureThreshold": 60,
                            "periodSeconds": 2,
                            "successThreshold": 1,
                            "tcpSocket": {
                                "port": 8080
                            },
                            "timeoutSeconds": 1
                        },
                        "terminationMessagePath": "/dev/termination-log",
                        "terminationMessagePolicy": "File",
                        "volumeMounts": [
                            {
                                "mountPath": "/run/secrets",
                                "name": "secrets",
                                "readOnly": true
                            },
                            {
                                "mountPath": "/tmp",
                                "name": "tmp"
                            }
                        ]
                    }
                ],
                "dnsPolicy": "ClusterFirst",
                "enableServiceLinks": false,
                "nodeName": "p01-72188a2dcf97-908488b6-worker",
                "preemptionPolicy": "PreemptLowerPriority",
                "priority": 0,
                "restartPolicy": "Always",
                "schedulerName": "default-scheduler",
                "securityContext": {
                    "fsGroup": 10001,
                    "runAsGroup": 10001,
                    "runAsNonRoot": true,
                    "runAsUser": 10001,
                    "seccompProfile": {
                        "type": "RuntimeDefault"
                    }
                },
                "serviceAccount": "lifecycle",
                "serviceAccountName": "lifecycle",
                "terminationGracePeriodSeconds": 30,
                "tolerations": [
                    {
                        "effect": "NoExecute",
                        "key": "node.kubernetes.io/not-ready",
                        "operator": "Exists",
                        "tolerationSeconds": 300
                    },
                    {
                        "effect": "NoExecute",
                        "key": "node.kubernetes.io/unreachable",
                        "operator": "Exists",
                        "tolerationSeconds": 300
                    }
                ],
                "volumes": [
                    {
                        "name": "secrets",
                        "secret": {
                            "defaultMode": 292,
                            "secretName": "lifecycle-runtime"
                        }
                    },
                    {
                        "emptyDir": {
                            "medium": "Memory",
                            "sizeLimit": "32Mi"
                        },
                        "name": "tmp"
                    }
                ]
            },
            "status": {
                "allocatedResources": {
                    "cpu": "25m",
                    "memory": "64Mi"
                },
                "conditions": [
                    {
                        "lastProbeTime": null,
                        "lastTransitionTime": "2026-10-05T03:50:08Z",
                        "observedGeneration": 1,
                        "status": "True",
                        "type": "PodReadyToStartContainers"
                    },
                    {
                        "lastProbeTime": null,
                        "lastTransitionTime": "2026-10-05T03:50:04Z",
                        "observedGeneration": 1,
                        "status": "True",
                        "type": "Initialized"
                    },
                    {
                        "lastProbeTime": null,
                        "lastTransitionTime": "2026-10-05T03:53:36Z",
                        "observedGeneration": 1,
                        "status": "True",
                        "type": "Ready"
                    },
                    {
                        "lastProbeTime": null,
                        "lastTransitionTime": "2026-10-05T03:53:36Z",
                        "observedGeneration": 1,
                        "status": "True",
                        "type": "ContainersReady"
                    },
                    {
                        "lastProbeTime": null,
                        "lastTransitionTime": "2026-10-05T03:50:04Z",
                        "observedGeneration": 1,
                        "status": "True",
                        "type": "PodScheduled"
                    }
                ],
                "containerStatuses": [
                    {
                        "allocatedResources": {
                            "cpu": "25m",
                            "memory": "64Mi"
                        },
                        "containerID": "containerd://3aaae9b3899e0b50a10c1178d5713b903f8f4169d275db5f7b15f3f6c9daf463",
                        "image": "p01.local/lifecycle:sha256-c25d199ed0c3e9779e30dda356debfcf8e00e8a8f00693c4158dc02a487fd861",
                        "imageID": "docker.io/library/import-2026-10-05@sha256:943ca96e3af1ec4f79cd1ef9a9806ae3e7523c00b523a4d8062dc25215b28ef7",
                        "lastState": {},
                        "name": "lifecycle",
                        "ready": true,
                        "resources": {
                            "limits": {
                                "cpu": "1",
                                "memory": "256Mi"
                            },
                            "requests": {
                                "cpu": "25m",
                                "memory": "64Mi"
                            }
                        },
                        "restartCount": 0,
                        "started": true,
                        "state": {
                            "running": {
                                "startedAt": "2026-10-05T03:50:08Z"
                            }
                        },
                        "user": {
                            "linux": {
                                "gid": 10001,
                                "supplementalGroups": [
                                    10001
                                ],
                                "uid": 10001
                            }
                        },
                        "volumeMounts": [
                            {
                                "mountPath": "/run/secrets",
                                "name": "secrets",
                                "readOnly": true,
                                "recursiveReadOnly": "Disabled"
                            },
                            {
                                "mountPath": "/tmp",
                                "name": "tmp"
                            }
                        ]
                    }
                ],
                "hostIP": "172.18.0.2",
                "hostIPs": [
                    {
                        "ip": "172.18.0.2"
                    }
                ],
                "observedGeneration": 1,
                "phase": "Running",
                "podIP": "10.244.1.172",
                "podIPs": [
                    {
                        "ip": "10.244.1.172"
                    }
                ],
                "qosClass": "Burstable",
                "resources": {
                    "limits": {
                        "cpu": "1",
                        "memory": "256Mi"
                    },
                    "requests": {
                        "memory": "64Mi"
                    }
                },
                "startTime": "2026-10-05T03:50:04Z"
            }
        },
        {
            "apiVersion": "v1",
            "kind": "Pod",
            "metadata": {
                "creationTimestamp": "2026-10-05T03:50:16Z",
                "generateName": "lifecycle-migrator-",
                "generation": 1,
                "labels": {
                    "app.kubernetes.io/part-of": "p01-foundation",
                    "batch.kubernetes.io/controller-uid": "bc0772c3-188f-471f-8db3-14392b05e41d",
                    "batch.kubernetes.io/job-name": "lifecycle-migrator",
                    "controller-uid": "bc0772c3-188f-471f-8db3-14392b05e41d",
                    "job-name": "lifecycle-migrator",
                    "p01.role": "migrator",
                    "p01.service": "lifecycle"
                },
                "name": "lifecycle-migrator-dfgnn",
                "namespace": "p01-72188a2dcf97-908488b6",
                "ownerReferences": [
                    {
                        "apiVersion": "batch/v1",
                        "blockOwnerDeletion": true,
                        "controller": true,
                        "kind": "Job",
                        "name": "lifecycle-migrator",
                        "uid": "bc0772c3-188f-471f-8db3-14392b05e41d"
                    }
                ],
                "resourceVersion": "1717",
                "uid": "34853448-57ed-464a-88bc-027ee7d93bc9"
            },
            "spec": {
                "automountServiceAccountToken": false,
                "containers": [
                    {
                        "command": [
                            "/bin/sh",
                            "-ec",
                            "export PGPASSWORD=\"$(cat /run/secrets/db-password)\"; exec psql -X --quiet --set=ON_ERROR_STOP=1 --set=owner=lifecycle_owner --set=runtime=lifecycle_runtime \"host=postgres port=5432 dbname=lifecycle user=lifecycle_migrator sslmode=verify-full sslrootcert=/run/secrets/ca.crt connect_timeout=3\" --file=/opt/foundation/migrate.sql"
                        ],
                        "image": "p01.local/postgres:manifest-sha256-9e73daeb439141c2b11eea2463f5f1a3b269fd90d897b41cddb7cb440f21aa5d",
                        "imagePullPolicy": "Never",
                        "name": "migrate",
                        "resources": {
                            "limits": {
                                "cpu": "1",
                                "memory": "256Mi"
                            },
                            "requests": {
                                "cpu": "25m",
                                "memory": "64Mi"
                            }
                        },
                        "securityContext": {
                            "allowPrivilegeEscalation": false,
                            "capabilities": {
                                "drop": [
                                    "ALL"
                                ]
                            },
                            "readOnlyRootFilesystem": true,
                            "runAsGroup": 10001,
                            "runAsNonRoot": true,
                            "runAsUser": 10001
                        },
                        "terminationMessagePath": "/dev/termination-log",
                        "terminationMessagePolicy": "File",
                        "volumeMounts": [
                            {
                                "mountPath": "/run/secrets",
                                "name": "secrets",
                                "readOnly": true
                            },
                            {
                                "mountPath": "/opt/foundation/migrate.sql",
                                "name": "migration",
                                "readOnly": true,
                                "subPath": "migrate.sql"
                            },
                            {
                                "mountPath": "/opt/foundation/console.sql",
                                "name": "migration",
                                "readOnly": true,
                                "subPath": "console.sql"
                            }
                        ]
                    }
                ],
                "dnsPolicy": "ClusterFirst",
                "enableServiceLinks": false,
                "nodeName": "p01-72188a2dcf97-908488b6-worker",
                "preemptionPolicy": "PreemptLowerPriority",
                "priority": 0,
                "restartPolicy": "Never",
                "schedulerName": "default-scheduler",
                "securityContext": {
                    "fsGroup": 10001,
                    "runAsGroup": 10001,
                    "runAsNonRoot": true,
                    "runAsUser": 10001,
                    "seccompProfile": {
                        "type": "RuntimeDefault"
                    }
                },
                "serviceAccount": "lifecycle-migrator",
                "serviceAccountName": "lifecycle-migrator",
                "terminationGracePeriodSeconds": 30,
                "tolerations": [
                    {
                        "effect": "NoExecute",
                        "key": "node.kubernetes.io/not-ready",
                        "operator": "Exists",
                        "tolerationSeconds": 300
                    },
                    {
                        "effect": "NoExecute",
                        "key": "node.kubernetes.io/unreachable",
                        "operator": "Exists",
                        "tolerationSeconds": 300
                    }
                ],
                "volumes": [
                    {
                        "name": "secrets",
                        "secret": {
                            "defaultMode": 292,
                            "secretName": "lifecycle-migration"
                        }
                    },
                    {
                        "configMap": {
                            "defaultMode": 420,
                            "name": "postgres-scripts"
                        },
                        "name": "migration"
                    }
                ]
            },
            "status": {
                "allocatedResources": {
                    "cpu": "25m",
                    "memory": "64Mi"
                },
                "conditions": [
                    {
                        "lastProbeTime": null,
                        "lastTransitionTime": "2026-10-05T03:50:19Z",
                        "observedGeneration": 1,
                        "status": "False",
                        "type": "PodReadyToStartContainers"
                    },
                    {
                        "lastProbeTime": null,
                        "lastTransitionTime": "2026-10-05T03:50:16Z",
                        "observedGeneration": 1,
                        "reason": "PodCompleted",
                        "status": "True",
                        "type": "Initialized"
                    },
                    {
                        "lastProbeTime": null,
                        "lastTransitionTime": "2026-10-05T03:50:18Z",
                        "observedGeneration": 1,
                        "reason": "PodCompleted",
                        "status": "False",
                        "type": "Ready"
                    },
                    {
                        "lastProbeTime": null,
                        "lastTransitionTime": "2026-10-05T03:50:18Z",
                        "observedGeneration": 1,
                        "reason": "PodCompleted",
                        "status": "False",
                        "type": "ContainersReady"
                    },
                    {
                        "lastProbeTime": null,
                        "lastTransitionTime": "2026-10-05T03:50:16Z",
                        "observedGeneration": 1,
                        "status": "True",
                        "type": "PodScheduled"
                    }
                ],
                "containerStatuses": [
                    {
                        "allocatedResources": {
                            "cpu": "25m",
                            "memory": "64Mi"
                        },
                        "containerID": "containerd://3b81fa8ec7b0ded38574a9abf99917646e5508c0ae24b922f71fc91db1042188",
                        "image": "p01.local/postgres:manifest-sha256-9e73daeb439141c2b11eea2463f5f1a3b269fd90d897b41cddb7cb440f21aa5d",
                        "imageID": "docker.io/library/import-2026-10-05@sha256:a73366f9c26d0167be14b0a23ba05e7d044534d10215b1017fe8b34946867e8c",
                        "lastState": {},
                        "name": "migrate",
                        "ready": false,
                        "resources": {
                            "limits": {
                                "cpu": "1",
                                "memory": "256Mi"
                            },
                            "requests": {
                                "cpu": "25m",
                                "memory": "64Mi"
                            }
                        },
                        "restartCount": 0,
                        "started": false,
                        "state": {
                            "terminated": {
                                "containerID": "containerd://3b81fa8ec7b0ded38574a9abf99917646e5508c0ae24b922f71fc91db1042188",
                                "exitCode": 0,
                                "finishedAt": "2026-10-05T03:50:18Z",
                                "reason": "Completed",
                                "startedAt": "2026-10-05T03:50:18Z"
                            }
                        },
                        "user": {
                            "linux": {
                                "gid": 10001,
                                "supplementalGroups": [
                                    10001
                                ],
                                "uid": 10001
                            }
                        },
                        "volumeMounts": [
                            {
                                "mountPath": "/run/secrets",
                                "name": "secrets",
                                "readOnly": true,
                                "recursiveReadOnly": "Disabled"
                            },
                            {
                                "mountPath": "/opt/foundation/migrate.sql",
                                "name": "migration",
                                "readOnly": true,
                                "recursiveReadOnly": "Disabled"
                            },
                            {
                                "mountPath": "/opt/foundation/console.sql",
                                "name": "migration",
                                "readOnly": true,
                                "recursiveReadOnly": "Disabled"
                            }
                        ]
                    }
                ],
                "hostIP": "172.18.0.2",
                "hostIPs": [
                    {
                        "ip": "172.18.0.2"
                    }
                ],
                "observedGeneration": 1,
                "phase": "Succeeded",
                "podIP": "10.244.1.119",
                "podIPs": [
                    {
                        "ip": "10.244.1.119"
                    }
                ],
                "qosClass": "Burstable",
                "resources": {
                    "limits": {
                        "cpu": "1",
                        "memory": "256Mi"
                    },
                    "requests": {
                        "memory": "64Mi"
                    }
                },
                "startTime": "2026-10-05T03:50:16Z"
            }
        },
        {
            "apiVersion": "v1",
            "kind": "Pod",
            "metadata": {
                "creationTimestamp": "2026-10-05T03:50:25Z",
                "generateName": "lifecycle-probe-78744866bd-",
                "generation": 1,
                "labels": {
                    "app.kubernetes.io/part-of": "p01-foundation",
                    "p01.role": "probe",
                    "p01.service": "lifecycle",
                    "pod-template-hash": "78744866bd"
                },
                "name": "lifecycle-probe-78744866bd-wnrt9",
                "namespace": "p01-72188a2dcf97-908488b6",
                "ownerReferences": [
                    {
                        "apiVersion": "apps/v1",
                        "blockOwnerDeletion": true,
                        "controller": true,
                        "kind": "ReplicaSet",
                        "name": "lifecycle-probe-78744866bd",
                        "uid": "27c5251d-3677-46ef-8f4e-45536a920b97"
                    }
                ],
                "resourceVersion": "2110",
                "uid": "7593b2b7-4206-4e6e-b8e1-63cc9fd1dda3"
            },
            "spec": {
                "automountServiceAccountToken": false,
                "containers": [
                    {
                        "command": [
                            "/opt/venv/bin/python",
                            "-I",
                            "-c",
                            "import time; time.sleep(2400)"
                        ],
                        "image": "p01.local/planning:sha256-cbae52802671de2b85f9aa36a8c46631d4f0e5f877560ffde85a140ed75a8f0b",
                        "imagePullPolicy": "Never",
                        "name": "probe",
                        "resources": {
                            "limits": {
                                "cpu": "250m",
                                "memory": "128Mi"
                            },
                            "requests": {
                                "cpu": "10m",
                                "memory": "32Mi"
                            }
                        },
                        "securityContext": {
                            "allowPrivilegeEscalation": false,
                            "capabilities": {
                                "drop": [
                                    "ALL"
                                ]
                            },
                            "readOnlyRootFilesystem": true
                        },
                        "terminationMessagePath": "/dev/termination-log",
                        "terminationMessagePolicy": "File",
                        "volumeMounts": [
                            {
                                "mountPath": "/run/secrets",
                                "name": "health",
                                "readOnly": true
                            }
                        ]
                    }
                ],
                "dnsPolicy": "ClusterFirst",
                "enableServiceLinks": false,
                "nodeName": "p01-72188a2dcf97-908488b6-worker",
                "preemptionPolicy": "PreemptLowerPriority",
                "priority": 0,
                "restartPolicy": "Always",
                "schedulerName": "default-scheduler",
                "securityContext": {
                    "runAsGroup": 10001,
                    "runAsNonRoot": true,
                    "runAsUser": 10001,
                    "seccompProfile": {
                        "type": "RuntimeDefault"
                    }
                },
                "serviceAccount": "lifecycle-probe",
                "serviceAccountName": "lifecycle-probe",
                "terminationGracePeriodSeconds": 30,
                "tolerations": [
                    {
                        "effect": "NoExecute",
                        "key": "node.kubernetes.io/not-ready",
                        "operator": "Exists",
                        "tolerationSeconds": 300
                    },
                    {
                        "effect": "NoExecute",
                        "key": "node.kubernetes.io/unreachable",
                        "operator": "Exists",
                        "tolerationSeconds": 300
                    }
                ],
                "volumes": [
                    {
                        "name": "health",
                        "secret": {
                            "defaultMode": 292,
                            "items": [
                                {
                                    "key": "ca.crt",
                                    "path": "ca.crt"
                                },
                                {
                                    "key": "health-token",
                                    "path": "health-token"
                                }
                            ],
                            "secretName": "lifecycle-runtime"
                        }
                    }
                ]
            },
            "status": {
                "allocatedResources": {
                    "cpu": "10m",
                    "memory": "32Mi"
                },
                "conditions": [
                    {
                        "lastProbeTime": null,
                        "lastTransitionTime": "2026-10-05T03:50:27Z",
                        "observedGeneration": 1,
                        "status": "True",
                        "type": "PodReadyToStartContainers"
                    },
                    {
                        "lastProbeTime": null,
                        "lastTransitionTime": "2026-10-05T03:50:25Z",
                        "observedGeneration": 1,
                        "status": "True",
                        "type": "Initialized"
                    },
                    {
                        "lastProbeTime": null,
                        "lastTransitionTime": "2026-10-05T03:50:27Z",
                        "observedGeneration": 1,
                        "status": "True",
                        "type": "Ready"
                    },
                    {
                        "lastProbeTime": null,
                        "lastTransitionTime": "2026-10-05T03:50:27Z",
                        "observedGeneration": 1,
                        "status": "True",
                        "type": "ContainersReady"
                    },
                    {
                        "lastProbeTime": null,
                        "lastTransitionTime": "2026-10-05T03:50:25Z",
                        "observedGeneration": 1,
                        "status": "True",
                        "type": "PodScheduled"
                    }
                ],
                "containerStatuses": [
                    {
                        "allocatedResources": {
                            "cpu": "10m",
                            "memory": "32Mi"
                        },
                        "containerID": "containerd://f49aa03c564cbee327e166cb2a93bf28edf6382bb9f54946bb6ddb46c0156b54",
                        "image": "p01.local/planning:sha256-cbae52802671de2b85f9aa36a8c46631d4f0e5f877560ffde85a140ed75a8f0b",
                        "imageID": "docker.io/library/import-2026-10-05@sha256:fba5f4cfd255a2db04fa3dc8e7b62dd82ecfae48d3a8734aa5c695d7d5d7376f",
                        "lastState": {},
                        "name": "probe",
                        "ready": true,
                        "resources": {
                            "limits": {
                                "cpu": "250m",
                                "memory": "128Mi"
                            },
                            "requests": {
                                "cpu": "10m",
                                "memory": "32Mi"
                            }
                        },
                        "restartCount": 0,
                        "started": true,
                        "state": {
                            "running": {
                                "startedAt": "2026-10-05T03:50:27Z"
                            }
                        },
                        "user": {
                            "linux": {
                                "gid": 10001,
                                "supplementalGroups": [
                                    10001
                                ],
                                "uid": 10001
                            }
                        },
                        "volumeMounts": [
                            {
                                "mountPath": "/run/secrets",
                                "name": "health",
                                "readOnly": true,
                                "recursiveReadOnly": "Disabled"
                            }
                        ]
                    }
                ],
                "hostIP": "172.18.0.2",
                "hostIPs": [
                    {
                        "ip": "172.18.0.2"
                    }
                ],
                "observedGeneration": 1,
                "phase": "Running",
                "podIP": "10.244.1.251",
                "podIPs": [
                    {
                        "ip": "10.244.1.251"
                    }
                ],
                "qosClass": "Burstable",
                "resources": {
                    "limits": {
                        "cpu": "250m",
                        "memory": "128Mi"
                    },
                    "requests": {
                        "memory": "32Mi"
                    }
                },
                "startTime": "2026-10-05T03:50:25Z"
            }
        },
        {
            "apiVersion": "v1",
            "kind": "Pod",
            "metadata": {
                "creationTimestamp": "2026-10-05T03:50:04Z",
                "generateName": "lifecycle-proxy-5544f47567-",
                "generation": 1,
                "labels": {
                    "app.kubernetes.io/part-of": "p01-foundation",
                    "p01.role": "proxy",
                    "p01.service": "lifecycle",
                    "pod-template-hash": "5544f47567"
                },
                "name": "lifecycle-proxy-5544f47567-lgrlq",
                "namespace": "p01-72188a2dcf97-908488b6",
                "ownerReferences": [
                    {
                        "apiVersion": "apps/v1",
                        "blockOwnerDeletion": true,
                        "controller": true,
                        "kind": "ReplicaSet",
                        "name": "lifecycle-proxy-5544f47567",
                        "uid": "24d39421-a2ce-4892-9d72-2666a1ef40ac"
                    }
                ],
                "resourceVersion": "1499",
                "uid": "0ce19d9c-a2cd-4c27-8795-865d47d623ef"
            },
            "spec": {
                "automountServiceAccountToken": false,
                "containers": [
                    {
                        "args": [
                            "-g",
                            "daemon off;"
                        ],
                        "command": [
                            "/usr/sbin/nginx"
                        ],
                        "image": "p01.local/nginx:manifest-sha256-3d2f995522ddb52c3a4eb8008b8fa26f184f7146851df1da831f88885ac40aae",
                        "imagePullPolicy": "Never",
                        "livenessProbe": {
                            "failureThreshold": 3,
                            "periodSeconds": 10,
                            "successThreshold": 1,
                            "tcpSocket": {
                                "port": 8443
                            },
                            "timeoutSeconds": 2
                        },
                        "name": "lifecycle-proxy",
                        "readinessProbe": {
                            "failureThreshold": 3,
                            "periodSeconds": 5,
                            "successThreshold": 1,
                            "tcpSocket": {
                                "port": 8443
                            },
                            "timeoutSeconds": 2
                        },
                        "resources": {
                            "limits": {
                                "cpu": "1",
                                "memory": "128Mi"
                            },
                            "requests": {
                                "cpu": "25m",
                                "memory": "64Mi"
                            }
                        },
                        "securityContext": {
                            "allowPrivilegeEscalation": false,
                            "capabilities": {
                                "drop": [
                                    "ALL"
                                ]
                            },
                            "readOnlyRootFilesystem": true,
                            "runAsGroup": 10001,
                            "runAsNonRoot": true,
                            "runAsUser": 10001
                        },
                        "terminationMessagePath": "/dev/termination-log",
                        "terminationMessagePolicy": "File",
                        "volumeMounts": [
                            {
                                "mountPath": "/run/secrets",
                                "name": "secrets",
                                "readOnly": true
                            },
                            {
                                "mountPath": "/tmp",
                                "name": "tmp"
                            },
                            {
                                "mountPath": "/etc/nginx/nginx.conf",
                                "name": "config",
                                "readOnly": true,
                                "subPath": "nginx.conf"
                            }
                        ]
                    }
                ],
                "dnsPolicy": "ClusterFirst",
                "enableServiceLinks": false,
                "nodeName": "p01-72188a2dcf97-908488b6-worker",
                "preemptionPolicy": "PreemptLowerPriority",
                "priority": 0,
                "restartPolicy": "Always",
                "schedulerName": "default-scheduler",
                "securityContext": {
                    "fsGroup": 10001,
                    "runAsGroup": 10001,
                    "runAsNonRoot": true,
                    "runAsUser": 10001,
                    "seccompProfile": {
                        "type": "RuntimeDefault"
                    }
                },
                "serviceAccount": "lifecycle-proxy",
                "serviceAccountName": "lifecycle-proxy",
                "terminationGracePeriodSeconds": 30,
                "tolerations": [
                    {
                        "effect": "NoExecute",
                        "key": "node.kubernetes.io/not-ready",
                        "operator": "Exists",
                        "tolerationSeconds": 300
                    },
                    {
                        "effect": "NoExecute",
                        "key": "node.kubernetes.io/unreachable",
                        "operator": "Exists",
                        "tolerationSeconds": 300
                    }
                ],
                "volumes": [
                    {
                        "name": "secrets",
                        "secret": {
                            "defaultMode": 292,
                            "secretName": "lifecycle-tls"
                        }
                    },
                    {
                        "emptyDir": {
                            "medium": "Memory",
                            "sizeLimit": "32Mi"
                        },
                        "name": "tmp"
                    },
                    {
                        "configMap": {
                            "defaultMode": 420,
                            "name": "lifecycle-proxy"
                        },
                        "name": "config"
                    }
                ]
            },
            "status": {
                "allocatedResources": {
                    "cpu": "25m",
                    "memory": "64Mi"
                },
                "conditions": [
                    {
                        "lastProbeTime": null,
                        "lastTransitionTime": "2026-10-05T03:50:07Z",
                        "observedGeneration": 1,
                        "status": "True",
                        "type": "PodReadyToStartContainers"
                    },
                    {
                        "lastProbeTime": null,
                        "lastTransitionTime": "2026-10-05T03:50:04Z",
                        "observedGeneration": 1,
                        "status": "True",
                        "type": "Initialized"
                    },
                    {
                        "lastProbeTime": null,
                        "lastTransitionTime": "2026-10-05T03:50:09Z",
                        "observedGeneration": 1,
                        "status": "True",
                        "type": "Ready"
                    },
                    {
                        "lastProbeTime": null,
                        "lastTransitionTime": "2026-10-05T03:50:09Z",
                        "observedGeneration": 1,
                        "status": "True",
                        "type": "ContainersReady"
                    },
                    {
                        "lastProbeTime": null,
                        "lastTransitionTime": "2026-10-05T03:50:04Z",
                        "observedGeneration": 1,
                        "status": "True",
                        "type": "PodScheduled"
                    }
                ],
                "containerStatuses": [
                    {
                        "allocatedResources": {
                            "cpu": "25m",
                            "memory": "64Mi"
                        },
                        "containerID": "containerd://18dc493c87ae5f4964e3d92dd8aae248edaa9ae8a692cbadf6f931055e66b0c8",
                        "image": "p01.local/nginx:manifest-sha256-3d2f995522ddb52c3a4eb8008b8fa26f184f7146851df1da831f88885ac40aae",
                        "imageID": "docker.io/library/import-2026-10-05@sha256:5c7e4ac215c73965ec024805e7feb2f942e4570d89003814734678eb756ea3de",
                        "lastState": {},
                        "name": "lifecycle-proxy",
                        "ready": true,
                        "resources": {
                            "limits": {
                                "cpu": "1",
                                "memory": "128Mi"
                            },
                            "requests": {
                                "cpu": "25m",
                                "memory": "64Mi"
                            }
                        },
                        "restartCount": 0,
                        "started": true,
                        "state": {
                            "running": {
                                "startedAt": "2026-10-05T03:50:08Z"
                            }
                        },
                        "user": {
                            "linux": {
                                "gid": 10001,
                                "supplementalGroups": [
                                    10001
                                ],
                                "uid": 10001
                            }
                        },
                        "volumeMounts": [
                            {
                                "mountPath": "/run/secrets",
                                "name": "secrets",
                                "readOnly": true,
                                "recursiveReadOnly": "Disabled"
                            },
                            {
                                "mountPath": "/tmp",
                                "name": "tmp"
                            },
                            {
                                "mountPath": "/etc/nginx/nginx.conf",
                                "name": "config",
                                "readOnly": true,
                                "recursiveReadOnly": "Disabled"
                            }
                        ]
                    }
                ],
                "hostIP": "172.18.0.2",
                "hostIPs": [
                    {
                        "ip": "172.18.0.2"
                    }
                ],
                "observedGeneration": 1,
                "phase": "Running",
                "podIP": "10.244.1.74",
                "podIPs": [
                    {
                        "ip": "10.244.1.74"
                    }
                ],
                "qosClass": "Burstable",
                "resources": {
                    "limits": {
                        "cpu": "1",
                        "memory": "128Mi"
                    },
                    "requests": {
                        "memory": "64Mi"
                    }
                },
                "startTime": "2026-10-05T03:50:04Z"
            }
        },
        {
            "apiVersion": "v1",
            "kind": "Pod",
            "metadata": {
                "creationTimestamp": "2026-10-05T03:50:03Z",
                "generateName": "planning-854567c644-",
                "generation": 1,
                "labels": {
                    "app.kubernetes.io/part-of": "p01-foundation",
                    "p01.role": "app",
                    "p01.service": "planning",
                    "pod-template-hash": "854567c644"
                },
                "name": "planning-854567c644-gkf2r",
                "namespace": "p01-72188a2dcf97-908488b6",
                "ownerReferences": [
                    {
                        "apiVersion": "apps/v1",
                        "blockOwnerDeletion": true,
                        "controller": true,
                        "kind": "ReplicaSet",
                        "name": "planning-854567c644",
                        "uid": "9eba7720-39be-450f-af46-eec50e96bb91"
                    }
                ],
                "resourceVersion": "2442",
                "uid": "ea5fcf26-a5e3-46f4-b130-165cea7ba4d8"
            },
            "spec": {
                "automountServiceAccountToken": false,
                "containers": [
                    {
                        "command": [
                            "/opt/venv/bin/planning-serve"
                        ],
                        "env": [
                            {
                                "name": "APP_DEBUG",
                                "value": "false"
                            },
                            {
                                "name": "APP_ENV",
                                "value": "production"
                            },
                            {
                                "name": "DB_DATABASE",
                                "value": "planning"
                            },
                            {
                                "name": "DB_HOST",
                                "value": "postgres"
                            },
                            {
                                "name": "DB_PASSWORD_FILE",
                                "value": "/run/secrets/db-password"
                            },
                            {
                                "name": "DB_PORT",
                                "value": "5432"
                            },
                            {
                                "name": "DB_SSLMODE",
                                "value": "verify-full"
                            },
                            {
                                "name": "DB_SSLROOTCERT",
                                "value": "/run/secrets/ca.crt"
                            },
                            {
                                "name": "DB_USERNAME",
                                "value": "planning_runtime"
                            },
                            {
                                "name": "HEALTH_TOKEN_FILE",
                                "value": "/run/secrets/health-token"
                            }
                        ],
                        "image": "p01.local/planning:sha256-cbae52802671de2b85f9aa36a8c46631d4f0e5f877560ffde85a140ed75a8f0b",
                        "imagePullPolicy": "Never",
                        "livenessProbe": {
                            "failureThreshold": 3,
                            "periodSeconds": 10,
                            "successThreshold": 1,
                            "tcpSocket": {
                                "port": 8080
                            },
                            "timeoutSeconds": 2
                        },
                        "name": "planning",
                        "readinessProbe": {
                            "exec": {
                                "command": [
                                    "/opt/venv/bin/python",
                                    "-c",
                                    "import pathlib,urllib.request; token=pathlib.Path('/run/secrets/health-token').read_text().strip(); request=urllib.request.Request('http://127.0.0.1:8080/health/dependencies', headers={'Authorization':'Bearer '+token}); response=urllib.request.urlopen(request,timeout=5); raise SystemExit(0 if response.status==200 else 1)"
                                ]
                            },
                            "failureThreshold": 1,
                            "periodSeconds": 10,
                            "successThreshold": 1,
                            "timeoutSeconds": 8
                        },
                        "resources": {
                            "limits": {
                                "cpu": "1",
                                "memory": "256Mi"
                            },
                            "requests": {
                                "cpu": "25m",
                                "memory": "64Mi"
                            }
                        },
                        "securityContext": {
                            "allowPrivilegeEscalation": false,
                            "capabilities": {
                                "drop": [
                                    "ALL"
                                ]
                            },
                            "readOnlyRootFilesystem": true,
                            "runAsGroup": 10001,
                            "runAsNonRoot": true,
                            "runAsUser": 10001
                        },
                        "startupProbe": {
                            "failureThreshold": 60,
                            "periodSeconds": 2,
                            "successThreshold": 1,
                            "tcpSocket": {
                                "port": 8080
                            },
                            "timeoutSeconds": 1
                        },
                        "terminationMessagePath": "/dev/termination-log",
                        "terminationMessagePolicy": "File",
                        "volumeMounts": [
                            {
                                "mountPath": "/run/secrets",
                                "name": "secrets",
                                "readOnly": true
                            },
                            {
                                "mountPath": "/tmp",
                                "name": "tmp"
                            }
                        ]
                    }
                ],
                "dnsPolicy": "ClusterFirst",
                "enableServiceLinks": false,
                "nodeName": "p01-72188a2dcf97-908488b6-worker",
                "preemptionPolicy": "PreemptLowerPriority",
                "priority": 0,
                "restartPolicy": "Always",
                "schedulerName": "default-scheduler",
                "securityContext": {
                    "fsGroup": 10001,
                    "runAsGroup": 10001,
                    "runAsNonRoot": true,
                    "runAsUser": 10001,
                    "seccompProfile": {
                        "type": "RuntimeDefault"
                    }
                },
                "serviceAccount": "planning",
                "serviceAccountName": "planning",
                "terminationGracePeriodSeconds": 30,
                "tolerations": [
                    {
                        "effect": "NoExecute",
                        "key": "node.kubernetes.io/not-ready",
                        "operator": "Exists",
                        "tolerationSeconds": 300
                    },
                    {
                        "effect": "NoExecute",
                        "key": "node.kubernetes.io/unreachable",
                        "operator": "Exists",
                        "tolerationSeconds": 300
                    }
                ],
                "volumes": [
                    {
                        "name": "secrets",
                        "secret": {
                            "defaultMode": 292,
                            "secretName": "planning-runtime"
                        }
                    },
                    {
                        "emptyDir": {
                            "medium": "Memory",
                            "sizeLimit": "32Mi"
                        },
                        "name": "tmp"
                    }
                ]
            },
            "status": {
                "allocatedResources": {
                    "cpu": "25m",
                    "memory": "64Mi"
                },
                "conditions": [
                    {
                        "lastProbeTime": null,
                        "lastTransitionTime": "2026-10-05T03:50:07Z",
                        "observedGeneration": 1,
                        "status": "True",
                        "type": "PodReadyToStartContainers"
                    },
                    {
                        "lastProbeTime": null,
                        "lastTransitionTime": "2026-10-05T03:50:03Z",
                        "observedGeneration": 1,
                        "status": "True",
                        "type": "Initialized"
                    },
                    {
                        "lastProbeTime": null,
                        "lastTransitionTime": "2026-10-05T03:53:36Z",
                        "observedGeneration": 1,
                        "status": "True",
                        "type": "Ready"
                    },
                    {
                        "lastProbeTime": null,
                        "lastTransitionTime": "2026-10-05T03:53:36Z",
                        "observedGeneration": 1,
                        "status": "True",
                        "type": "ContainersReady"
                    },
                    {
                        "lastProbeTime": null,
                        "lastTransitionTime": "2026-10-05T03:50:03Z",
                        "observedGeneration": 1,
                        "status": "True",
                        "type": "PodScheduled"
                    }
                ],
                "containerStatuses": [
                    {
                        "allocatedResources": {
                            "cpu": "25m",
                            "memory": "64Mi"
                        },
                        "containerID": "containerd://3f6cd6741ba5ee1584a6c3cf16734dadf1184fb50ad61529aca3efc4db23967c",
                        "image": "p01.local/planning:sha256-cbae52802671de2b85f9aa36a8c46631d4f0e5f877560ffde85a140ed75a8f0b",
                        "imageID": "docker.io/library/import-2026-10-05@sha256:fba5f4cfd255a2db04fa3dc8e7b62dd82ecfae48d3a8734aa5c695d7d5d7376f",
                        "lastState": {},
                        "name": "planning",
                        "ready": true,
                        "resources": {
                            "limits": {
                                "cpu": "1",
                                "memory": "256Mi"
                            },
                            "requests": {
                                "cpu": "25m",
                                "memory": "64Mi"
                            }
                        },
                        "restartCount": 0,
                        "started": true,
                        "state": {
                            "running": {
                                "startedAt": "2026-10-05T03:50:08Z"
                            }
                        },
                        "user": {
                            "linux": {
                                "gid": 10001,
                                "supplementalGroups": [
                                    10001
                                ],
                                "uid": 10001
                            }
                        },
                        "volumeMounts": [
                            {
                                "mountPath": "/run/secrets",
                                "name": "secrets",
                                "readOnly": true,
                                "recursiveReadOnly": "Disabled"
                            },
                            {
                                "mountPath": "/tmp",
                                "name": "tmp"
                            }
                        ]
                    }
                ],
                "hostIP": "172.18.0.2",
                "hostIPs": [
                    {
                        "ip": "172.18.0.2"
                    }
                ],
                "observedGeneration": 1,
                "phase": "Running",
                "podIP": "10.244.1.154",
                "podIPs": [
                    {
                        "ip": "10.244.1.154"
                    }
                ],
                "qosClass": "Burstable",
                "resources": {
                    "limits": {
                        "cpu": "1",
                        "memory": "256Mi"
                    },
                    "requests": {
                        "memory": "64Mi"
                    }
                },
                "startTime": "2026-10-05T03:50:03Z"
            }
        },
        {
            "apiVersion": "v1",
            "kind": "Pod",
            "metadata": {
                "creationTimestamp": "2026-10-05T03:50:16Z",
                "generateName": "planning-migrator-",
                "generation": 1,
                "labels": {
                    "app.kubernetes.io/part-of": "p01-foundation",
                    "batch.kubernetes.io/controller-uid": "86731a96-4626-4950-9c03-a635a112efed",
                    "batch.kubernetes.io/job-name": "planning-migrator",
                    "controller-uid": "86731a96-4626-4950-9c03-a635a112efed",
                    "job-name": "planning-migrator",
                    "p01.role": "migrator",
                    "p01.service": "planning"
                },
                "name": "planning-migrator-6pbwm",
                "namespace": "p01-72188a2dcf97-908488b6",
                "ownerReferences": [
                    {
                        "apiVersion": "batch/v1",
                        "blockOwnerDeletion": true,
                        "controller": true,
                        "kind": "Job",
                        "name": "planning-migrator",
                        "uid": "86731a96-4626-4950-9c03-a635a112efed"
                    }
                ],
                "resourceVersion": "1690",
                "uid": "e4f86013-926b-4402-ae03-1a755a99e4b3"
            },
            "spec": {
                "automountServiceAccountToken": false,
                "containers": [
                    {
                        "command": [
                            "/bin/sh",
                            "-ec",
                            "export PGPASSWORD=\"$(cat /run/secrets/db-password)\"; exec psql -X --quiet --set=ON_ERROR_STOP=1 --set=owner=planning_owner --set=runtime=planning_runtime \"host=postgres port=5432 dbname=planning user=planning_migrator sslmode=verify-full sslrootcert=/run/secrets/ca.crt connect_timeout=3\" --file=/opt/foundation/migrate.sql"
                        ],
                        "image": "p01.local/postgres:manifest-sha256-9e73daeb439141c2b11eea2463f5f1a3b269fd90d897b41cddb7cb440f21aa5d",
                        "imagePullPolicy": "Never",
                        "name": "migrate",
                        "resources": {
                            "limits": {
                                "cpu": "1",
                                "memory": "256Mi"
                            },
                            "requests": {
                                "cpu": "25m",
                                "memory": "64Mi"
                            }
                        },
                        "securityContext": {
                            "allowPrivilegeEscalation": false,
                            "capabilities": {
                                "drop": [
                                    "ALL"
                                ]
                            },
                            "readOnlyRootFilesystem": true,
                            "runAsGroup": 10001,
                            "runAsNonRoot": true,
                            "runAsUser": 10001
                        },
                        "terminationMessagePath": "/dev/termination-log",
                        "terminationMessagePolicy": "File",
                        "volumeMounts": [
                            {
                                "mountPath": "/run/secrets",
                                "name": "secrets",
                                "readOnly": true
                            },
                            {
                                "mountPath": "/opt/foundation/migrate.sql",
                                "name": "migration",
                                "readOnly": true,
                                "subPath": "migrate.sql"
                            },
                            {
                                "mountPath": "/opt/foundation/console.sql",
                                "name": "migration",
                                "readOnly": true,
                                "subPath": "console.sql"
                            }
                        ]
                    }
                ],
                "dnsPolicy": "ClusterFirst",
                "enableServiceLinks": false,
                "nodeName": "p01-72188a2dcf97-908488b6-worker",
                "preemptionPolicy": "PreemptLowerPriority",
                "priority": 0,
                "restartPolicy": "Never",
                "schedulerName": "default-scheduler",
                "securityContext": {
                    "fsGroup": 10001,
                    "runAsGroup": 10001,
                    "runAsNonRoot": true,
                    "runAsUser": 10001,
                    "seccompProfile": {
                        "type": "RuntimeDefault"
                    }
                },
                "serviceAccount": "planning-migrator",
                "serviceAccountName": "planning-migrator",
                "terminationGracePeriodSeconds": 30,
                "tolerations": [
                    {
                        "effect": "NoExecute",
                        "key": "node.kubernetes.io/not-ready",
                        "operator": "Exists",
                        "tolerationSeconds": 300
                    },
                    {
                        "effect": "NoExecute",
                        "key": "node.kubernetes.io/unreachable",
                        "operator": "Exists",
                        "tolerationSeconds": 300
                    }
                ],
                "volumes": [
                    {
                        "name": "secrets",
                        "secret": {
                            "defaultMode": 292,
                            "secretName": "planning-migration"
                        }
                    },
                    {
                        "configMap": {
                            "defaultMode": 420,
                            "name": "postgres-scripts"
                        },
                        "name": "migration"
                    }
                ]
            },
            "status": {
                "allocatedResources": {
                    "cpu": "25m",
                    "memory": "64Mi"
                },
                "conditions": [
                    {
                        "lastProbeTime": null,
                        "lastTransitionTime": "2026-10-05T03:50:18Z",
                        "observedGeneration": 1,
                        "status": "False",
                        "type": "PodReadyToStartContainers"
                    },
                    {
                        "lastProbeTime": null,
                        "lastTransitionTime": "2026-10-05T03:50:16Z",
                        "observedGeneration": 1,
                        "reason": "PodCompleted",
                        "status": "True",
                        "type": "Initialized"
                    },
                    {
                        "lastProbeTime": null,
                        "lastTransitionTime": "2026-10-05T03:50:17Z",
                        "observedGeneration": 1,
                        "reason": "PodCompleted",
                        "status": "False",
                        "type": "Ready"
                    },
                    {
                        "lastProbeTime": null,
                        "lastTransitionTime": "2026-10-05T03:50:17Z",
                        "observedGeneration": 1,
                        "reason": "PodCompleted",
                        "status": "False",
                        "type": "ContainersReady"
                    },
                    {
                        "lastProbeTime": null,
                        "lastTransitionTime": "2026-10-05T03:50:16Z",
                        "observedGeneration": 1,
                        "status": "True",
                        "type": "PodScheduled"
                    }
                ],
                "containerStatuses": [
                    {
                        "allocatedResources": {
                            "cpu": "25m",
                            "memory": "64Mi"
                        },
                        "containerID": "containerd://8d334a61773c7ee158bd138b95d007a872f1783cee745c2852671138b6ce051a",
                        "image": "p01.local/postgres:manifest-sha256-9e73daeb439141c2b11eea2463f5f1a3b269fd90d897b41cddb7cb440f21aa5d",
                        "imageID": "docker.io/library/import-2026-10-05@sha256:a73366f9c26d0167be14b0a23ba05e7d044534d10215b1017fe8b34946867e8c",
                        "lastState": {},
                        "name": "migrate",
                        "ready": false,
                        "resources": {
                            "limits": {
                                "cpu": "1",
                                "memory": "256Mi"
                            },
                            "requests": {
                                "cpu": "25m",
                                "memory": "64Mi"
                            }
                        },
                        "restartCount": 0,
                        "started": false,
                        "state": {
                            "terminated": {
                                "containerID": "containerd://8d334a61773c7ee158bd138b95d007a872f1783cee745c2852671138b6ce051a",
                                "exitCode": 0,
                                "finishedAt": "2026-10-05T03:50:17Z",
                                "reason": "Completed",
                                "startedAt": "2026-10-05T03:50:17Z"
                            }
                        },
                        "user": {
                            "linux": {
                                "gid": 10001,
                                "supplementalGroups": [
                                    10001
                                ],
                                "uid": 10001
                            }
                        },
                        "volumeMounts": [
                            {
                                "mountPath": "/run/secrets",
                                "name": "secrets",
                                "readOnly": true,
                                "recursiveReadOnly": "Disabled"
                            },
                            {
                                "mountPath": "/opt/foundation/migrate.sql",
                                "name": "migration",
                                "readOnly": true,
                                "recursiveReadOnly": "Disabled"
                            },
                            {
                                "mountPath": "/opt/foundation/console.sql",
                                "name": "migration",
                                "readOnly": true,
                                "recursiveReadOnly": "Disabled"
                            }
                        ]
                    }
                ],
                "hostIP": "172.18.0.2",
                "hostIPs": [
                    {
                        "ip": "172.18.0.2"
                    }
                ],
                "observedGeneration": 1,
                "phase": "Succeeded",
                "podIP": "10.244.1.207",
                "podIPs": [
                    {
                        "ip": "10.244.1.207"
                    }
                ],
                "qosClass": "Burstable",
                "resources": {
                    "requests": {
                        "memory": "64Mi"
                    }
                },
                "startTime": "2026-10-05T03:50:16Z"
            }
        },
        {
            "apiVersion": "v1",
            "kind": "Pod",
            "metadata": {
                "creationTimestamp": "2026-10-05T03:50:25Z",
                "generateName": "planning-probe-66b867944d-",
                "generation": 1,
                "labels": {
                    "app.kubernetes.io/part-of": "p01-foundation",
                    "p01.role": "probe",
                    "p01.service": "planning",
                    "pod-template-hash": "66b867944d"
                },
                "name": "planning-probe-66b867944d-zppb5",
                "namespace": "p01-72188a2dcf97-908488b6",
                "ownerReferences": [
                    {
                        "apiVersion": "apps/v1",
                        "blockOwnerDeletion": true,
                        "controller": true,
                        "kind": "ReplicaSet",
                        "name": "planning-probe-66b867944d",
                        "uid": "5c90978b-154e-4ee8-83f6-b20d0a3f9a1c"
                    }
                ],
                "resourceVersion": "2054",
                "uid": "d5fa9868-7422-4ad1-a326-22058ed12e59"
            },
            "spec": {
                "automountServiceAccountToken": false,
                "containers": [
                    {
                        "command": [
                            "/opt/venv/bin/python",
                            "-I",
                            "-c",
                            "import time; time.sleep(2400)"
                        ],
                        "image": "p01.local/planning:sha256-cbae52802671de2b85f9aa36a8c46631d4f0e5f877560ffde85a140ed75a8f0b",
                        "imagePullPolicy": "Never",
                        "name": "probe",
                        "resources": {
                            "limits": {
                                "cpu": "250m",
                                "memory": "128Mi"
                            },
                            "requests": {
                                "cpu": "10m",
                                "memory": "32Mi"
                            }
                        },
                        "securityContext": {
                            "allowPrivilegeEscalation": false,
                            "capabilities": {
                                "drop": [
                                    "ALL"
                                ]
                            },
                            "readOnlyRootFilesystem": true
                        },
                        "terminationMessagePath": "/dev/termination-log",
                        "terminationMessagePolicy": "File",
                        "volumeMounts": [
                            {
                                "mountPath": "/run/secrets",
                                "name": "health",
                                "readOnly": true
                            }
                        ]
                    }
                ],
                "dnsPolicy": "ClusterFirst",
                "enableServiceLinks": false,
                "nodeName": "p01-72188a2dcf97-908488b6-worker",
                "preemptionPolicy": "PreemptLowerPriority",
                "priority": 0,
                "restartPolicy": "Always",
                "schedulerName": "default-scheduler",
                "securityContext": {
                    "runAsGroup": 10001,
                    "runAsNonRoot": true,
                    "runAsUser": 10001,
                    "seccompProfile": {
                        "type": "RuntimeDefault"
                    }
                },
                "serviceAccount": "planning-probe",
                "serviceAccountName": "planning-probe",
                "terminationGracePeriodSeconds": 30,
                "tolerations": [
                    {
                        "effect": "NoExecute",
                        "key": "node.kubernetes.io/not-ready",
                        "operator": "Exists",
                        "tolerationSeconds": 300
                    },
                    {
                        "effect": "NoExecute",
                        "key": "node.kubernetes.io/unreachable",
                        "operator": "Exists",
                        "tolerationSeconds": 300
                    }
                ],
                "volumes": [
                    {
                        "name": "health",
                        "secret": {
                            "defaultMode": 292,
                            "items": [
                                {
                                    "key": "ca.crt",
                                    "path": "ca.crt"
                                },
                                {
                                    "key": "health-token",
                                    "path": "health-token"
                                }
                            ],
                            "secretName": "planning-runtime"
                        }
                    }
                ]
            },
            "status": {
                "allocatedResources": {
                    "cpu": "10m",
                    "memory": "32Mi"
                },
                "conditions": [
                    {
                        "lastProbeTime": null,
                        "lastTransitionTime": "2026-10-05T03:50:26Z",
                        "observedGeneration": 1,
                        "status": "True",
                        "type": "PodReadyToStartContainers"
                    },
                    {
                        "lastProbeTime": null,
                        "lastTransitionTime": "2026-10-05T03:50:25Z",
                        "observedGeneration": 1,
                        "status": "True",
                        "type": "Initialized"
                    },
                    {
                        "lastProbeTime": null,
                        "lastTransitionTime": "2026-10-05T03:50:27Z",
                        "observedGeneration": 1,
                        "status": "True",
                        "type": "Ready"
                    },
                    {
                        "lastProbeTime": null,
                        "lastTransitionTime": "2026-10-05T03:50:27Z",
                        "observedGeneration": 1,
                        "status": "True",
                        "type": "ContainersReady"
                    },
                    {
                        "lastProbeTime": null,
                        "lastTransitionTime": "2026-10-05T03:50:25Z",
                        "observedGeneration": 1,
                        "status": "True",
                        "type": "PodScheduled"
                    }
                ],
                "containerStatuses": [
                    {
                        "allocatedResources": {
                            "cpu": "10m",
                            "memory": "32Mi"
                        },
                        "containerID": "containerd://64c99fd6dfff9c66d33fbe7332fbe6a87a61f62916027b1541bb1d5840ce1e9d",
                        "image": "p01.local/planning:sha256-cbae52802671de2b85f9aa36a8c46631d4f0e5f877560ffde85a140ed75a8f0b",
                        "imageID": "docker.io/library/import-2026-10-05@sha256:fba5f4cfd255a2db04fa3dc8e7b62dd82ecfae48d3a8734aa5c695d7d5d7376f",
                        "lastState": {},
                        "name": "probe",
                        "ready": true,
                        "resources": {
                            "limits": {
                                "cpu": "250m",
                                "memory": "128Mi"
                            },
                            "requests": {
                                "cpu": "10m",
                                "memory": "32Mi"
                            }
                        },
                        "restartCount": 0,
                        "started": true,
                        "state": {
                            "running": {
                                "startedAt": "2026-10-05T03:50:27Z"
                            }
                        },
                        "user": {
                            "linux": {
                                "gid": 10001,
                                "supplementalGroups": [
                                    10001
                                ],
                                "uid": 10001
                            }
                        },
                        "volumeMounts": [
                            {
                                "mountPath": "/run/secrets",
                                "name": "health",
                                "readOnly": true,
                                "recursiveReadOnly": "Disabled"
                            }
                        ]
                    }
                ],
                "hostIP": "172.18.0.2",
                "hostIPs": [
                    {
                        "ip": "172.18.0.2"
                    }
                ],
                "observedGeneration": 1,
                "phase": "Running",
                "podIP": "10.244.1.12",
                "podIPs": [
                    {
                        "ip": "10.244.1.12"
                    }
                ],
                "qosClass": "Burstable",
                "resources": {
                    "limits": {
                        "cpu": "250m",
                        "memory": "128Mi"
                    },
                    "requests": {
                        "memory": "32Mi"
                    }
                },
                "startTime": "2026-10-05T03:50:25Z"
            }
        },
        {
            "apiVersion": "v1",
            "kind": "Pod",
            "metadata": {
                "creationTimestamp": "2026-10-05T03:50:03Z",
                "generateName": "planning-proxy-7dbdf4f755-",
                "generation": 1,
                "labels": {
                    "app.kubernetes.io/part-of": "p01-foundation",
                    "p01.role": "proxy",
                    "p01.service": "planning",
                    "pod-template-hash": "7dbdf4f755"
                },
                "name": "planning-proxy-7dbdf4f755-ffjx5",
                "namespace": "p01-72188a2dcf97-908488b6",
                "ownerReferences": [
                    {
                        "apiVersion": "apps/v1",
                        "blockOwnerDeletion": true,
                        "controller": true,
                        "kind": "ReplicaSet",
                        "name": "planning-proxy-7dbdf4f755",
                        "uid": "8f7f0d67-7e33-47fc-99e3-ff96e98cf26f"
                    }
                ],
                "resourceVersion": "1491",
                "uid": "b411c577-5118-403e-adf1-a036b7304f8a"
            },
            "spec": {
                "automountServiceAccountToken": false,
                "containers": [
                    {
                        "args": [
                            "-g",
                            "daemon off;"
                        ],
                        "command": [
                            "/usr/sbin/nginx"
                        ],
                        "image": "p01.local/nginx:manifest-sha256-3d2f995522ddb52c3a4eb8008b8fa26f184f7146851df1da831f88885ac40aae",
                        "imagePullPolicy": "Never",
                        "livenessProbe": {
                            "failureThreshold": 3,
                            "periodSeconds": 10,
                            "successThreshold": 1,
                            "tcpSocket": {
                                "port": 8443
                            },
                            "timeoutSeconds": 2
                        },
                        "name": "planning-proxy",
                        "readinessProbe": {
                            "failureThreshold": 3,
                            "periodSeconds": 5,
                            "successThreshold": 1,
                            "tcpSocket": {
                                "port": 8443
                            },
                            "timeoutSeconds": 2
                        },
                        "resources": {
                            "limits": {
                                "cpu": "1",
                                "memory": "128Mi"
                            },
                            "requests": {
                                "cpu": "25m",
                                "memory": "64Mi"
                            }
                        },
                        "securityContext": {
                            "allowPrivilegeEscalation": false,
                            "capabilities": {
                                "drop": [
                                    "ALL"
                                ]
                            },
                            "readOnlyRootFilesystem": true,
                            "runAsGroup": 10001,
                            "runAsNonRoot": true,
                            "runAsUser": 10001
                        },
                        "terminationMessagePath": "/dev/termination-log",
                        "terminationMessagePolicy": "File",
                        "volumeMounts": [
                            {
                                "mountPath": "/run/secrets",
                                "name": "secrets",
                                "readOnly": true
                            },
                            {
                                "mountPath": "/tmp",
                                "name": "tmp"
                            },
                            {
                                "mountPath": "/etc/nginx/nginx.conf",
                                "name": "config",
                                "readOnly": true,
                                "subPath": "nginx.conf"
                            }
                        ]
                    }
                ],
                "dnsPolicy": "ClusterFirst",
                "enableServiceLinks": false,
                "nodeName": "p01-72188a2dcf97-908488b6-worker",
                "preemptionPolicy": "PreemptLowerPriority",
                "priority": 0,
                "restartPolicy": "Always",
                "schedulerName": "default-scheduler",
                "securityContext": {
                    "fsGroup": 10001,
                    "runAsGroup": 10001,
                    "runAsNonRoot": true,
                    "runAsUser": 10001,
                    "seccompProfile": {
                        "type": "RuntimeDefault"
                    }
                },
                "serviceAccount": "planning-proxy",
                "serviceAccountName": "planning-proxy",
                "terminationGracePeriodSeconds": 30,
                "tolerations": [
                    {
                        "effect": "NoExecute",
                        "key": "node.kubernetes.io/not-ready",
                        "operator": "Exists",
                        "tolerationSeconds": 300
                    },
                    {
                        "effect": "NoExecute",
                        "key": "node.kubernetes.io/unreachable",
                        "operator": "Exists",
                        "tolerationSeconds": 300
                    }
                ],
                "volumes": [
                    {
                        "name": "secrets",
                        "secret": {
                            "defaultMode": 292,
                            "secretName": "planning-tls"
                        }
                    },
                    {
                        "emptyDir": {
                            "medium": "Memory",
                            "sizeLimit": "32Mi"
                        },
                        "name": "tmp"
                    },
                    {
                        "configMap": {
                            "defaultMode": 420,
                            "name": "planning-proxy"
                        },
                        "name": "config"
                    }
                ]
            },
            "status": {
                "allocatedResources": {
                    "cpu": "25m",
                    "memory": "64Mi"
                },
                "conditions": [
                    {
                        "lastProbeTime": null,
                        "lastTransitionTime": "2026-10-05T03:50:07Z",
                        "observedGeneration": 1,
                        "status": "True",
                        "type": "PodReadyToStartContainers"
                    },
                    {
                        "lastProbeTime": null,
                        "lastTransitionTime": "2026-10-05T03:50:03Z",
                        "observedGeneration": 1,
                        "status": "True",
                        "type": "Initialized"
                    },
                    {
                        "lastProbeTime": null,
                        "lastTransitionTime": "2026-10-05T03:50:08Z",
                        "observedGeneration": 1,
                        "status": "True",
                        "type": "Ready"
                    },
                    {
                        "lastProbeTime": null,
                        "lastTransitionTime": "2026-10-05T03:50:08Z",
                        "observedGeneration": 1,
                        "status": "True",
                        "type": "ContainersReady"
                    },
                    {
                        "lastProbeTime": null,
                        "lastTransitionTime": "2026-10-05T03:50:03Z",
                        "observedGeneration": 1,
                        "status": "True",
                        "type": "PodScheduled"
                    }
                ],
                "containerStatuses": [
                    {
                        "allocatedResources": {
                            "cpu": "25m",
                            "memory": "64Mi"
                        },
                        "containerID": "containerd://84dfd6114d4e256a297e2eadbd02b5307ab68b046d048168d3ef638eeefdddd7",
                        "image": "p01.local/nginx:manifest-sha256-3d2f995522ddb52c3a4eb8008b8fa26f184f7146851df1da831f88885ac40aae",
                        "imageID": "docker.io/library/import-2026-10-05@sha256:5c7e4ac215c73965ec024805e7feb2f942e4570d89003814734678eb756ea3de",
                        "lastState": {},
                        "name": "planning-proxy",
                        "ready": true,
                        "resources": {
                            "limits": {
                                "cpu": "1",
                                "memory": "128Mi"
                            },
                            "requests": {
                                "cpu": "25m",
                                "memory": "64Mi"
                            }
                        },
                        "restartCount": 0,
                        "started": true,
                        "state": {
                            "running": {
                                "startedAt": "2026-10-05T03:50:07Z"
                            }
                        },
                        "user": {
                            "linux": {
                                "gid": 10001,
                                "supplementalGroups": [
                                    10001
                                ],
                                "uid": 10001
                            }
                        },
                        "volumeMounts": [
                            {
                                "mountPath": "/run/secrets",
                                "name": "secrets",
                                "readOnly": true,
                                "recursiveReadOnly": "Disabled"
                            },
                            {
                                "mountPath": "/tmp",
                                "name": "tmp"
                            },
                            {
                                "mountPath": "/etc/nginx/nginx.conf",
                                "name": "config",
                                "readOnly": true,
                                "recursiveReadOnly": "Disabled"
                            }
                        ]
                    }
                ],
                "hostIP": "172.18.0.2",
                "hostIPs": [
                    {
                        "ip": "172.18.0.2"
                    }
                ],
                "observedGeneration": 1,
                "phase": "Running",
                "podIP": "10.244.1.53",
                "podIPs": [
                    {
                        "ip": "10.244.1.53"
                    }
                ],
                "qosClass": "Burstable",
                "resources": {
                    "limits": {
                        "cpu": "1",
                        "memory": "128Mi"
                    },
                    "requests": {
                        "memory": "64Mi"
                    }
                },
                "startTime": "2026-10-05T03:50:03Z"
            }
        },
        {
            "apiVersion": "v1",
            "kind": "Pod",
            "metadata": {
                "creationTimestamp": "2026-10-05T03:53:30Z",
                "generateName": "postgres-7d5d87db8c-",
                "generation": 1,
                "labels": {
                    "app.kubernetes.io/part-of": "p01-foundation",
                    "p01.role": "postgres",
                    "p01.service": "postgres",
                    "pod-template-hash": "7d5d87db8c"
                },
                "name": "postgres-7d5d87db8c-4fpfr",
                "namespace": "p01-72188a2dcf97-908488b6",
                "ownerReferences": [
                    {
                        "apiVersion": "apps/v1",
                        "blockOwnerDeletion": true,
                        "controller": true,
                        "kind": "ReplicaSet",
                        "name": "postgres-7d5d87db8c",
                        "uid": "7c4b7e0c-d77f-4fdf-ab09-e6276326daa6"
                    }
                ],
                "resourceVersion": "2402",
                "uid": "b146b67a-cdc1-4335-a6d2-42b1e10e109d"
            },
            "spec": {
                "automountServiceAccountToken": false,
                "containers": [
                    {
                        "args": [
                            "postgres"
                        ],
                        "command": [
                            "/bin/bash",
                            "/opt/foundation/entrypoint.sh"
                        ],
                        "image": "p01.local/postgres:manifest-sha256-9e73daeb439141c2b11eea2463f5f1a3b269fd90d897b41cddb7cb440f21aa5d",
                        "imagePullPolicy": "Never",
                        "livenessProbe": {
                            "failureThreshold": 3,
                            "periodSeconds": 10,
                            "successThreshold": 1,
                            "tcpSocket": {
                                "port": 5432
                            },
                            "timeoutSeconds": 2
                        },
                        "name": "postgres",
                        "ports": [
                            {
                                "containerPort": 5432,
                                "protocol": "TCP"
                            }
                        ],
                        "readinessProbe": {
                            "failureThreshold": 3,
                            "periodSeconds": 5,
                            "successThreshold": 1,
                            "tcpSocket": {
                                "port": 5432
                            },
                            "timeoutSeconds": 2
                        },
                        "resources": {
                            "limits": {
                                "cpu": "1",
                                "memory": "512Mi"
                            },
                            "requests": {
                                "cpu": "25m",
                                "memory": "64Mi"
                            }
                        },
                        "securityContext": {
                            "allowPrivilegeEscalation": false,
                            "capabilities": {
                                "add": [
                                    "CHOWN",
                                    "DAC_OVERRIDE",
                                    "FOWNER",
                                    "SETGID",
                                    "SETUID"
                                ],
                                "drop": [
                                    "ALL"
                                ]
                            },
                            "readOnlyRootFilesystem": true,
                            "runAsGroup": 0,
                            "runAsNonRoot": false,
                            "runAsUser": 0
                        },
                        "startupProbe": {
                            "failureThreshold": 60,
                            "periodSeconds": 2,
                            "successThreshold": 1,
                            "tcpSocket": {
                                "port": 5432
                            },
                            "timeoutSeconds": 1
                        },
                        "terminationMessagePath": "/dev/termination-log",
                        "terminationMessagePolicy": "File",
                        "volumeMounts": [
                            {
                                "mountPath": "/run/secrets",
                                "name": "secrets",
                                "readOnly": true
                            },
                            {
                                "mountPath": "/tmp",
                                "name": "tmp"
                            },
                            {
                                "mountPath": "/var/run/postgresql",
                                "name": "socket"
                            },
                            {
                                "mountPath": "/var/lib/postgresql",
                                "name": "data"
                            },
                            {
                                "mountPath": "/opt/foundation",
                                "name": "scripts",
                                "readOnly": true
                            },
                            {
                                "mountPath": "/docker-entrypoint-initdb.d/10-private-identities.sh",
                                "name": "scripts",
                                "readOnly": true,
                                "subPath": "initialize.sh"
                            }
                        ]
                    }
                ],
                "dnsPolicy": "ClusterFirst",
                "enableServiceLinks": false,
                "nodeName": "p01-72188a2dcf97-908488b6-worker",
                "preemptionPolicy": "PreemptLowerPriority",
                "priority": 0,
                "restartPolicy": "Always",
                "schedulerName": "default-scheduler",
                "securityContext": {
                    "runAsGroup": 0,
                    "runAsUser": 0,
                    "seccompProfile": {
                        "type": "RuntimeDefault"
                    }
                },
                "serviceAccount": "postgres",
                "serviceAccountName": "postgres",
                "terminationGracePeriodSeconds": 30,
                "tolerations": [
                    {
                        "effect": "NoExecute",
                        "key": "node.kubernetes.io/not-ready",
                        "operator": "Exists",
                        "tolerationSeconds": 300
                    },
                    {
                        "effect": "NoExecute",
                        "key": "node.kubernetes.io/unreachable",
                        "operator": "Exists",
                        "tolerationSeconds": 300
                    }
                ],
                "volumes": [
                    {
                        "name": "secrets",
                        "secret": {
                            "defaultMode": 292,
                            "secretName": "postgres-bootstrap"
                        }
                    },
                    {
                        "emptyDir": {
                            "medium": "Memory",
                            "sizeLimit": "64Mi"
                        },
                        "name": "tmp"
                    },
                    {
                        "emptyDir": {
                            "medium": "Memory",
                            "sizeLimit": "16Mi"
                        },
                        "name": "socket"
                    },
                    {
                        "name": "data",
                        "persistentVolumeClaim": {
                            "claimName": "postgres-data"
                        }
                    },
                    {
                        "configMap": {
                            "defaultMode": 365,
                            "name": "postgres-scripts"
                        },
                        "name": "scripts"
                    }
                ]
            },
            "status": {
                "allocatedResources": {
                    "cpu": "25m",
                    "memory": "64Mi"
                },
                "conditions": [
                    {
                        "lastProbeTime": null,
                        "lastTransitionTime": "2026-10-05T03:53:30Z",
                        "observedGeneration": 1,
                        "status": "True",
                        "type": "PodReadyToStartContainers"
                    },
                    {
                        "lastProbeTime": null,
                        "lastTransitionTime": "2026-10-05T03:53:30Z",
                        "observedGeneration": 1,
                        "status": "True",
                        "type": "Initialized"
                    },
                    {
                        "lastProbeTime": null,
                        "lastTransitionTime": "2026-10-05T03:53:33Z",
                        "observedGeneration": 1,
                        "status": "True",
                        "type": "Ready"
                    },
                    {
                        "lastProbeTime": null,
                        "lastTransitionTime": "2026-10-05T03:53:33Z",
                        "observedGeneration": 1,
                        "status": "True",
                        "type": "ContainersReady"
                    },
                    {
                        "lastProbeTime": null,
                        "lastTransitionTime": "2026-10-05T03:53:30Z",
                        "observedGeneration": 1,
                        "status": "True",
                        "type": "PodScheduled"
                    }
                ],
                "containerStatuses": [
                    {
                        "allocatedResources": {
                            "cpu": "25m",
                            "memory": "64Mi"
                        },
                        "containerID": "containerd://43368052de78241e126e680f991d2cd4359d9077e0d494652d21adde9af18293",
                        "image": "p01.local/postgres:manifest-sha256-9e73daeb439141c2b11eea2463f5f1a3b269fd90d897b41cddb7cb440f21aa5d",
                        "imageID": "docker.io/library/import-2026-10-05@sha256:a73366f9c26d0167be14b0a23ba05e7d044534d10215b1017fe8b34946867e8c",
                        "lastState": {},
                        "name": "postgres",
                        "ready": true,
                        "resources": {
                            "limits": {
                                "cpu": "1",
                                "memory": "512Mi"
                            },
                            "requests": {
                                "cpu": "25m",
                                "memory": "64Mi"
                            }
                        },
                        "restartCount": 0,
                        "started": true,
                        "state": {
                            "running": {
                                "startedAt": "2026-10-05T03:53:31Z"
                            }
                        },
                        "user": {
                            "linux": {
                                "gid": 0,
                                "supplementalGroups": [
                                    0
                                ],
                                "uid": 0
                            }
                        },
                        "volumeMounts": [
                            {
                                "mountPath": "/run/secrets",
                                "name": "secrets",
                                "readOnly": true,
                                "recursiveReadOnly": "Disabled"
                            },
                            {
                                "mountPath": "/tmp",
                                "name": "tmp"
                            },
                            {
                                "mountPath": "/var/run/postgresql",
                                "name": "socket"
                            },
                            {
                                "mountPath": "/var/lib/postgresql",
                                "name": "data"
                            },
                            {
                                "mountPath": "/opt/foundation",
                                "name": "scripts",
                                "readOnly": true,
                                "recursiveReadOnly": "Disabled"
                            },
                            {
                                "mountPath": "/docker-entrypoint-initdb.d/10-private-identities.sh",
                                "name": "scripts",
                                "readOnly": true,
                                "recursiveReadOnly": "Disabled"
                            }
                        ]
                    }
                ],
                "hostIP": "172.18.0.2",
                "hostIPs": [
                    {
                        "ip": "172.18.0.2"
                    }
                ],
                "observedGeneration": 1,
                "phase": "Running",
                "podIP": "10.244.1.128",
                "podIPs": [
                    {
                        "ip": "10.244.1.128"
                    }
                ],
                "qosClass": "Burstable",
                "resources": {
                    "limits": {
                        "cpu": "1",
                        "memory": "512Mi"
                    },
                    "requests": {
                        "memory": "64Mi"
                    }
                },
                "startTime": "2026-10-05T03:53:30Z"
            }
        }
    ],
    "kind": "List",
    "metadata": {
        "resourceVersion": ""
    }
}
