2026-10-06T13:31:16.0036643Z Current runner version: '2.337.0'
2026-10-06T13:31:16.0061896Z ##[group]Runner Image Provisioner
2026-10-06T13:31:16.0063300Z Hosted Compute Agent
2026-10-06T13:31:16.0063961Z Version: 20260901.588
2026-10-06T13:31:16.0064663Z Commit: f88ec8081b781fac6c440065ac7ff9e710ce3d0b
2026-10-06T13:31:16.0065450Z Build Date: 2026-09-01T19:56:44Z
2026-10-06T13:31:16.0066165Z Worker ID: {60f35eb7-e962-4d0b-9406-07d32c22bae1}
2026-10-06T13:31:16.0067221Z Azure Region: westcentralus
2026-10-06T13:31:16.0067898Z ##[endgroup]
2026-10-06T13:31:16.0069455Z ##[group]Operating System
2026-10-06T13:31:16.0070115Z Ubuntu
2026-10-06T13:31:16.0070673Z 24.04.5
2026-10-06T13:31:16.0071259Z LTS
2026-10-06T13:31:16.0071874Z ##[endgroup]
2026-10-06T13:31:16.0072442Z ##[group]Runner Image
2026-10-06T13:31:16.0073138Z Image: ubuntu-24.04
2026-10-06T13:31:16.0073734Z Version: 20260927.320.1
2026-10-06T13:31:16.0075120Z Included Software: https://github.com/actions/runner-images/blob/ubuntu24/20260927.320/images/ubuntu/Ubuntu2404-Readme.md
2026-10-06T13:31:16.0076706Z Image Release: https://github.com/actions/runner-images/releases/tag/ubuntu24%2F20260927.320
2026-10-06T13:31:16.0077976Z ##[endgroup]
2026-10-06T13:31:16.0079129Z ##[group]GITHUB_TOKEN Permissions
2026-10-06T13:31:16.0081129Z Contents: read
2026-10-06T13:31:16.0081797Z Metadata: read
2026-10-06T13:31:16.0082472Z ##[endgroup]
2026-10-06T13:31:16.0084593Z Secret source: Actions
2026-10-06T13:31:16.0085615Z Cache mode: write
2026-10-06T13:31:16.0086439Z Prepare workflow directory
2026-10-06T13:31:16.0647845Z Prepare all required actions
2026-10-06T13:31:16.0696052Z Getting action download info
2026-10-06T13:31:16.3807615Z Download action repository 'actions/checkout@fbc6f3992d24b796d5a048ff273f7fcc4a7b6c09' (SHA:fbc6f3992d24b796d5a048ff273f7fcc4a7b6c09)
2026-10-06T13:31:16.4565695Z Download action repository 'shivammathur/setup-php@f3e473d116dcccaddc5834248c87452386958240' (SHA:f3e473d116dcccaddc5834248c87452386958240)
2026-10-06T13:31:16.8171028Z Download action repository 'actions/setup-node@249970729cb0ef3589644e2896645e5dc5ba9c38' (SHA:249970729cb0ef3589644e2896645e5dc5ba9c38)
2026-10-06T13:31:16.9093479Z Download action repository 'actions/setup-python@ece7cb06caefa5fff74198d8649806c4678c61a1' (SHA:ece7cb06caefa5fff74198d8649806c4678c61a1)
2026-10-06T13:31:16.9838889Z Download action repository 'astral-sh/setup-uv@37802adc94f370d6bfd71619e3f0bf239e1f3b78' (SHA:37802adc94f370d6bfd71619e3f0bf239e1f3b78)
2026-10-06T13:31:17.7490248Z Download action repository 'actions/upload-artifact@ea165f8d65b6e75b540449e92b4886f43607fa02' (SHA:ea165f8d65b6e75b540449e92b4886f43607fa02)
2026-10-06T13:31:18.0123980Z Complete job name: P05 live discovery, Console and delivery (webkit)
2026-10-06T13:31:18.0687769Z ##[group]Checking docker version
2026-10-06T13:31:18.0701363Z ##[command]/usr/bin/docker version --format '{{.Server.APIVersion}}'
2026-10-06T13:31:18.1347778Z '1.48'
2026-10-06T13:31:18.1366579Z Docker daemon API version: '1.48'
2026-10-06T13:31:18.1368552Z ##[command]/usr/bin/docker version --format '{{.Client.APIVersion}}'
2026-10-06T13:31:18.1538578Z '1.48'
2026-10-06T13:31:18.1554956Z Docker client API version: '1.48'
2026-10-06T13:31:18.1562012Z ##[endgroup]
2026-10-06T13:31:18.1565458Z ##[group]Clean up resources from previous jobs
2026-10-06T13:31:18.1573044Z ##[command]/usr/bin/docker ps --all --quiet --no-trunc --filter "label=40c326"
2026-10-06T13:31:18.1722094Z ##[command]/usr/bin/docker network prune --force --filter "label=40c326"
2026-10-06T13:31:18.1860421Z ##[endgroup]
2026-10-06T13:31:18.1861393Z ##[group]Create local container network
2026-10-06T13:31:18.1873171Z ##[command]/usr/bin/docker network create --label 40c326 github_network_8c0b68b2d31941fb8e4da2f369d2697a
2026-10-06T13:31:18.2443264Z 8c256f16d26b44733648a1844328174383cf5d5ff43079b114aeb9b2c4d3bde9
2026-10-06T13:31:18.2462501Z ##[endgroup]
2026-10-06T13:31:18.2490262Z ##[group]Starting postgres service container
2026-10-06T13:31:18.2513447Z ##[command]/usr/bin/docker pull postgres@sha256:9e73daeb439141c2b11eea2463f5f1a3b269fd90d897b41cddb7cb440f21aa5d
2026-10-06T13:31:18.7300556Z docker.io/library/postgres@sha256:9e73daeb439141c2b11eea2463f5f1a3b269fd90d897b41cddb7cb440f21aa5d: Pulling from library/postgres
2026-10-06T13:31:18.7307977Z 774043ccc8cc: Pulling fs layer
2026-10-06T13:31:18.7308576Z 211cec8da20e: Pulling fs layer
2026-10-06T13:31:18.7309086Z c56d732b49fe: Pulling fs layer
2026-10-06T13:31:18.7309542Z a9bacfc8d232: Pulling fs layer
2026-10-06T13:31:18.7310015Z c043c1caa591: Pulling fs layer
2026-10-06T13:31:18.7310429Z 6bd876b3b38f: Pulling fs layer
2026-10-06T13:31:18.7310861Z bdbb8057313b: Pulling fs layer
2026-10-06T13:31:18.7311159Z d1c18bcbca3a: Pulling fs layer
2026-10-06T13:31:18.7311617Z 0e6c3beb32b1: Pulling fs layer
2026-10-06T13:31:18.7311967Z 980abddbe295: Pulling fs layer
2026-10-06T13:31:18.7312274Z 5178c10d12ba: Pulling fs layer
2026-10-06T13:31:18.7312590Z 9dd6e8795674: Pulling fs layer
2026-10-06T13:31:18.7312883Z ddda533f81f8: Pulling fs layer
2026-10-06T13:31:18.7313186Z d1c18bcbca3a: Waiting
2026-10-06T13:31:18.7313535Z 0e6c3beb32b1: Waiting
2026-10-06T13:31:18.7381544Z 980abddbe295: Waiting
2026-10-06T13:31:18.7381874Z a9bacfc8d232: Waiting
2026-10-06T13:31:18.7382154Z 5178c10d12ba: Waiting
2026-10-06T13:31:18.7382414Z 9dd6e8795674: Waiting
2026-10-06T13:31:18.7382673Z ddda533f81f8: Waiting
2026-10-06T13:31:18.7382942Z c043c1caa591: Waiting
2026-10-06T13:31:18.7383254Z 6bd876b3b38f: Waiting
2026-10-06T13:31:18.7383552Z bdbb8057313b: Waiting
2026-10-06T13:31:18.9228848Z 211cec8da20e: Verifying Checksum
2026-10-06T13:31:18.9229550Z 211cec8da20e: Download complete
2026-10-06T13:31:19.1101464Z c56d732b49fe: Verifying Checksum
2026-10-06T13:31:19.1102396Z c56d732b49fe: Download complete
2026-10-06T13:31:19.1969529Z 774043ccc8cc: Verifying Checksum
2026-10-06T13:31:19.1970219Z 774043ccc8cc: Download complete
2026-10-06T13:31:19.2157613Z a9bacfc8d232: Verifying Checksum
2026-10-06T13:31:19.2158270Z a9bacfc8d232: Download complete
2026-10-06T13:31:19.4059792Z bdbb8057313b: Verifying Checksum
2026-10-06T13:31:19.4060525Z bdbb8057313b: Download complete
2026-10-06T13:31:19.5014132Z 6bd876b3b38f: Download complete
2026-10-06T13:31:19.5027585Z c043c1caa591: Verifying Checksum
2026-10-06T13:31:19.5028319Z c043c1caa591: Download complete
2026-10-06T13:31:19.6011232Z d1c18bcbca3a: Verifying Checksum
2026-10-06T13:31:19.6011876Z d1c18bcbca3a: Download complete
2026-10-06T13:31:19.6972695Z 980abddbe295: Verifying Checksum
2026-10-06T13:31:19.6974429Z 980abddbe295: Download complete
2026-10-06T13:31:19.7902632Z 5178c10d12ba: Verifying Checksum
2026-10-06T13:31:19.7903311Z 5178c10d12ba: Download complete
2026-10-06T13:31:19.8877412Z 9dd6e8795674: Verifying Checksum
2026-10-06T13:31:19.8878805Z 9dd6e8795674: Download complete
2026-10-06T13:31:20.0047929Z ddda533f81f8: Verifying Checksum
2026-10-06T13:31:20.0048483Z ddda533f81f8: Download complete
2026-10-06T13:31:20.3034100Z 0e6c3beb32b1: Verifying Checksum
2026-10-06T13:31:20.3035549Z 0e6c3beb32b1: Download complete
2026-10-06T13:31:20.4506769Z 774043ccc8cc: Pull complete
2026-10-06T13:31:23.4076249Z 211cec8da20e: Pull complete
2026-10-06T13:31:23.5374795Z c56d732b49fe: Pull complete
2026-10-06T13:31:23.5775359Z a9bacfc8d232: Pull complete
2026-10-06T13:31:23.8690150Z c043c1caa591: Pull complete
2026-10-06T13:31:23.9547401Z 6bd876b3b38f: Pull complete
2026-10-06T13:31:23.9610031Z bdbb8057313b: Pull complete
2026-10-06T13:31:23.9687033Z d1c18bcbca3a: Pull complete
2026-10-06T13:31:27.0063580Z 0e6c3beb32b1: Pull complete
2026-10-06T13:31:27.0194592Z 980abddbe295: Pull complete
2026-10-06T13:31:27.0309973Z 5178c10d12ba: Pull complete
2026-10-06T13:31:27.0411473Z 9dd6e8795674: Pull complete
2026-10-06T13:31:27.0484782Z ddda533f81f8: Pull complete
2026-10-06T13:31:27.0513510Z Digest: sha256:9e73daeb439141c2b11eea2463f5f1a3b269fd90d897b41cddb7cb440f21aa5d
2026-10-06T13:31:27.0518454Z Status: Downloaded newer image for postgres@sha256:9e73daeb439141c2b11eea2463f5f1a3b269fd90d897b41cddb7cb440f21aa5d
2026-10-06T13:31:27.0527920Z docker.io/library/postgres@sha256:9e73daeb439141c2b11eea2463f5f1a3b269fd90d897b41cddb7cb440f21aa5d
2026-10-06T13:31:27.0595121Z ##[command]/usr/bin/docker create --name fc12e9d4f7f043e3be92840006664205_postgressha2569e73daeb439141c2b11eea2463f5f1a3b269fd90d897b41cddb7cb440f21aa5d_f86418 --label 40c326 --network github_network_8c0b68b2d31941fb8e4da2f369d2697a --network-alias postgres -p 5432:5432 --health-cmd "pg_isready -U postgres" --health-interval 5s --health-timeout 5s --health-retries 10 -e "POSTGRES_PASSWORD=synthetic-p05-disposable-postgres" -e "POSTGRES_DB=p05_live_test" -e GITHUB_ACTIONS=true -e CI=true postgres@sha256:9e73daeb439141c2b11eea2463f5f1a3b269fd90d897b41cddb7cb440f21aa5d
2026-10-06T13:31:27.0831915Z 94173344f711c84f4f2ff314bb3665c87c8169cf9f2370fc58718be05923480d
2026-10-06T13:31:27.0855631Z ##[command]/usr/bin/docker start 94173344f711c84f4f2ff314bb3665c87c8169cf9f2370fc58718be05923480d
2026-10-06T13:31:27.2807823Z 94173344f711c84f4f2ff314bb3665c87c8169cf9f2370fc58718be05923480d
2026-10-06T13:31:27.2832281Z ##[command]/usr/bin/docker ps --all --filter id=94173344f711c84f4f2ff314bb3665c87c8169cf9f2370fc58718be05923480d --filter status=running --no-trunc --format "{{.ID}} {{.Status}}"
2026-10-06T13:31:27.2975528Z 94173344f711c84f4f2ff314bb3665c87c8169cf9f2370fc58718be05923480d Up Less than a second (health: starting)
2026-10-06T13:31:27.3008860Z ##[command]/usr/bin/docker port 94173344f711c84f4f2ff314bb3665c87c8169cf9f2370fc58718be05923480d
2026-10-06T13:31:27.3149661Z 5432/tcp -> 0.0.0.0:5432
2026-10-06T13:31:27.3150437Z 5432/tcp -> [::]:5432
2026-10-06T13:31:27.3215035Z ##[endgroup]
2026-10-06T13:31:27.3227000Z ##[group]Waiting for all services to be ready
2026-10-06T13:31:27.3246130Z ##[command]/usr/bin/docker inspect --format="{{if .Config.Healthcheck}}{{print .State.Health.Status}}{{end}}" 94173344f711c84f4f2ff314bb3665c87c8169cf9f2370fc58718be05923480d
2026-10-06T13:31:27.3382555Z starting
2026-10-06T13:31:27.3405779Z postgres service is starting, waiting 2 seconds before checking again.
2026-10-06T13:31:29.3400647Z ##[command]/usr/bin/docker inspect --format="{{if .Config.Healthcheck}}{{print .State.Health.Status}}{{end}}" 94173344f711c84f4f2ff314bb3665c87c8169cf9f2370fc58718be05923480d
2026-10-06T13:31:29.3527349Z starting
2026-10-06T13:31:29.3540802Z postgres service is starting, waiting 4 seconds before checking again.
2026-10-06T13:31:33.4646213Z ##[command]/usr/bin/docker inspect --format="{{if .Config.Healthcheck}}{{print .State.Health.Status}}{{end}}" 94173344f711c84f4f2ff314bb3665c87c8169cf9f2370fc58718be05923480d
2026-10-06T13:31:33.4771763Z healthy
2026-10-06T13:31:33.4788178Z postgres service is healthy.
2026-10-06T13:31:33.4788926Z ##[endgroup]
2026-10-06T13:31:33.5045773Z ##[group]Run actions/checkout@fbc6f3992d24b796d5a048ff273f7fcc4a7b6c09
2026-10-06T13:31:33.5046391Z with:
2026-10-06T13:31:33.5046632Z   persist-credentials: false
2026-10-06T13:31:33.5047084Z   repository: awalker0878/multi-tenant
2026-10-06T13:31:33.5049412Z   token: ***
2026-10-06T13:31:33.5049631Z   ssh-strict: true
2026-10-06T13:31:33.5049848Z   ssh-user: git
2026-10-06T13:31:33.5050066Z   clean: true
2026-10-06T13:31:33.5050289Z   sparse-checkout-cone-mode: true
2026-10-06T13:31:33.5050560Z   fetch-depth: 1
2026-10-06T13:31:33.5050769Z   fetch-tags: false
2026-10-06T13:31:33.5050987Z   show-progress: true
2026-10-06T13:31:33.5051199Z   lfs: false
2026-10-06T13:31:33.5051396Z   submodules: false
2026-10-06T13:31:33.5051609Z   set-safe-directory: true
2026-10-06T13:31:33.5051861Z   allow-unsafe-pr-checkout: false
2026-10-06T13:31:33.5052313Z env:
2026-10-06T13:31:33.5052513Z   P05_BROWSER_ENGINE: webkit
2026-10-06T13:31:33.5052753Z ##[endgroup]
2026-10-06T13:31:33.6065241Z Syncing repository: awalker0878/multi-tenant
2026-10-06T13:31:33.6067388Z ##[group]Getting Git version info
2026-10-06T13:31:33.6067845Z Working directory is '/home/runner/work/multi-tenant/multi-tenant'
2026-10-06T13:31:33.6068759Z [command]/usr/bin/git version
2026-10-06T13:31:33.6118028Z git version 2.55.0
2026-10-06T13:31:33.6139108Z ##[endgroup]
2026-10-06T13:31:33.6155685Z Temporarily overriding HOME='/home/runner/work/_temp/709c34c7-97b8-45c2-a066-fce6d679be38' before making global git config changes
2026-10-06T13:31:33.6157482Z Adding repository directory to the temporary git global config as a safe directory
2026-10-06T13:31:33.6163267Z [command]/usr/bin/git config --global --add safe.directory /home/runner/work/multi-tenant/multi-tenant
2026-10-06T13:31:33.6214143Z Deleting the contents of '/home/runner/work/multi-tenant/multi-tenant'
2026-10-06T13:31:33.6218968Z ##[group]Initializing the repository
2026-10-06T13:31:33.6222982Z [command]/usr/bin/git init /home/runner/work/multi-tenant/multi-tenant
2026-10-06T13:31:33.6305179Z hint: Using 'master' as the name for the initial branch. This default branch name
2026-10-06T13:31:33.6306059Z hint: will change to "main" in Git 3.0. To configure the initial branch name
2026-10-06T13:31:33.6307057Z hint: to use in all of your new repositories, which will suppress this warning,
2026-10-06T13:31:33.6307548Z hint: call:
2026-10-06T13:31:33.6307755Z hint:
2026-10-06T13:31:33.6308059Z hint: 	git config --global init.defaultBranch <name>
2026-10-06T13:31:33.6308412Z hint:
2026-10-06T13:31:33.6308718Z hint: Names commonly chosen instead of 'master' are 'main', 'trunk' and
2026-10-06T13:31:33.6309209Z hint: 'development'. The just-created branch can be renamed via this command:
2026-10-06T13:31:33.6309586Z hint:
2026-10-06T13:31:33.6309813Z hint: 	git branch -m <name>
2026-10-06T13:31:33.6310050Z hint:
2026-10-06T13:31:33.6310371Z hint: Disable this message with "git config set advice.defaultBranchName false"
2026-10-06T13:31:33.6315611Z Initialized empty Git repository in /home/runner/work/multi-tenant/multi-tenant/.git/
2026-10-06T13:31:33.6325295Z [command]/usr/bin/git remote add origin https://github.com/awalker0878/multi-tenant
2026-10-06T13:31:33.6369961Z ##[endgroup]
2026-10-06T13:31:33.6370590Z ##[group]Disabling automatic garbage collection
2026-10-06T13:31:33.6375408Z [command]/usr/bin/git config --local gc.auto 0
2026-10-06T13:31:33.6407816Z ##[endgroup]
2026-10-06T13:31:33.6408419Z ##[group]Setting up auth
2026-10-06T13:31:33.6415197Z [command]/usr/bin/git config --local --name-only --get-regexp core\.sshCommand
2026-10-06T13:31:33.6448919Z [command]/usr/bin/git submodule foreach --recursive sh -c "git config --local --name-only --get-regexp 'core\.sshCommand' && git config --local --unset-all 'core.sshCommand' || :"
2026-10-06T13:31:33.6818980Z [command]/usr/bin/git config --local --name-only --get-regexp http\.https\:\/\/github\.com\/\.extraheader
2026-10-06T13:31:33.6859085Z [command]/usr/bin/git submodule foreach --recursive sh -c "git config --local --name-only --get-regexp 'http\.https\:\/\/github\.com\/\.extraheader' && git config --local --unset-all 'http.https://github.com/.extraheader' || :"
2026-10-06T13:31:33.7136707Z [command]/usr/bin/git config --local --name-only --get-regexp ^includeIf\.gitdir:
2026-10-06T13:31:33.7176563Z [command]/usr/bin/git submodule foreach --recursive git config --local --show-origin --name-only --get-regexp remote.origin.url
2026-10-06T13:31:33.7419979Z [command]/usr/bin/git config --local http.https://github.com/.extraheader AUTHORIZATION: basic ***
2026-10-06T13:31:33.7462956Z ##[endgroup]
2026-10-06T13:31:33.7463591Z ##[group]Fetching the repository
2026-10-06T13:31:33.7474513Z [command]/usr/bin/git -c protocol.version=2 fetch --no-tags --prune --no-recurse-submodules --depth=1 origin +c045badc852960f3671942adf4ca2338821b4f67:refs/remotes/origin/greenfield/enterprise-microservices-plan
2026-10-06T13:31:35.4284541Z From https://github.com/awalker0878/multi-tenant
2026-10-06T13:31:35.4285500Z  * [new ref]         c045badc852960f3671942adf4ca2338821b4f67 -> origin/greenfield/enterprise-microservices-plan
2026-10-06T13:31:35.4289126Z ##[endgroup]
2026-10-06T13:31:35.4289696Z ##[group]Determining the checkout info
2026-10-06T13:31:35.4291878Z ##[endgroup]
2026-10-06T13:31:35.4297864Z [command]/usr/bin/git sparse-checkout disable
2026-10-06T13:31:35.4359620Z [command]/usr/bin/git config --local --unset-all extensions.worktreeConfig
2026-10-06T13:31:35.4396458Z ##[group]Checking out the ref
2026-10-06T13:31:35.4401784Z [command]/usr/bin/git checkout --progress --force -B greenfield/enterprise-microservices-plan refs/remotes/origin/greenfield/enterprise-microservices-plan
2026-10-06T13:31:35.9881647Z Switched to a new branch 'greenfield/enterprise-microservices-plan'
2026-10-06T13:31:35.9886188Z branch 'greenfield/enterprise-microservices-plan' set up to track 'origin/greenfield/enterprise-microservices-plan'.
2026-10-06T13:31:35.9912565Z ##[endgroup]
2026-10-06T13:31:35.9962032Z [command]/usr/bin/git log -1 --format=%H
2026-10-06T13:31:35.9992435Z c045badc852960f3671942adf4ca2338821b4f67
2026-10-06T13:31:36.0002663Z ##[group]Removing auth
2026-10-06T13:31:36.0005745Z [command]/usr/bin/git config --local --name-only --get-regexp core\.sshCommand
2026-10-06T13:31:36.0042753Z [command]/usr/bin/git submodule foreach --recursive sh -c "git config --local --name-only --get-regexp 'core\.sshCommand' && git config --local --unset-all 'core.sshCommand' || :"
2026-10-06T13:31:36.0304283Z [command]/usr/bin/git config --local --name-only --get-regexp http\.https\:\/\/github\.com\/\.extraheader
2026-10-06T13:31:36.0333876Z http.https://github.com/.extraheader
2026-10-06T13:31:36.0340904Z [command]/usr/bin/git config --local --unset-all http.https://github.com/.extraheader
2026-10-06T13:31:36.0379264Z [command]/usr/bin/git submodule foreach --recursive sh -c "git config --local --name-only --get-regexp 'http\.https\:\/\/github\.com\/\.extraheader' && git config --local --unset-all 'http.https://github.com/.extraheader' || :"
2026-10-06T13:31:36.0638011Z [command]/usr/bin/git config --local --name-only --get-regexp ^includeIf\.gitdir:
2026-10-06T13:31:36.0675439Z [command]/usr/bin/git submodule foreach --recursive git config --local --show-origin --name-only --get-regexp remote.origin.url
2026-10-06T13:31:36.0933187Z ##[endgroup]
2026-10-06T13:31:36.1141825Z ##[group]Run shivammathur/setup-php@f3e473d116dcccaddc5834248c87452386958240
2026-10-06T13:31:36.1142363Z with:
2026-10-06T13:31:36.1142677Z   php-version: 8.5.11
2026-10-06T13:31:36.1143189Z   extensions: ctype, curl, dom, fileinfo, mbstring, openssl, pdo, pdo_pgsql, pdo_sqlite, sockets, tokenizer, xml, xmlwriter
2026-10-06T13:31:36.1143731Z   coverage: none
2026-10-06T13:31:36.1143968Z   tools: composer:2.10.3
2026-10-06T13:31:36.1144225Z   ini-file: production
2026-10-06T13:31:36.1146545Z   github-token: ***
2026-10-06T13:31:36.1146783Z env:
2026-10-06T13:31:36.1147230Z   P05_BROWSER_ENGINE: webkit
2026-10-06T13:31:36.1147507Z ##[endgroup]
2026-10-06T13:31:36.1560648Z [command]/usr/bin/bash /home/runner/work/_actions/shivammathur/setup-php/f3e473d116dcccaddc5834248c87452386958240/src/scripts/run.sh
2026-10-06T13:31:36.1994793Z 
2026-10-06T13:31:36.1995970Z [90;1m==> [0m[37;1mSetup PHP[0m
2026-10-06T13:31:39.7480808Z [32;1m✓ [0m[34;1mPHP [0m[90;1mInstalled PHP 8.5.11[0m
2026-10-06T13:31:39.7481340Z 
2026-10-06T13:31:39.7481631Z [90;1m==> [0m[37;1mSetup Extensions[0m
2026-10-06T13:31:39.8070218Z [32;1m✓ [0m[34;1mctype [0m[90;1mEnabled[0m
2026-10-06T13:31:39.8100613Z [32;1m✓ [0m[34;1mcurl [0m[90;1mEnabled[0m
2026-10-06T13:31:39.8133005Z [32;1m✓ [0m[34;1mdom [0m[90;1mEnabled[0m
2026-10-06T13:31:39.8167109Z [32;1m✓ [0m[34;1mfileinfo [0m[90;1mEnabled[0m
2026-10-06T13:31:39.8205746Z [32;1m✓ [0m[34;1mmbstring [0m[90;1mEnabled[0m
2026-10-06T13:31:39.8238314Z [32;1m✓ [0m[34;1mopenssl [0m[90;1mEnabled[0m
2026-10-06T13:31:39.8270981Z [32;1m✓ [0m[34;1mpdo [0m[90;1mEnabled[0m
2026-10-06T13:31:39.8287530Z [32;1m✓ [0m[34;1mpdo_pgsql [0m[90;1mEnabled[0m
2026-10-06T13:31:39.8303746Z [32;1m✓ [0m[34;1mpdo_sqlite [0m[90;1mEnabled[0m
2026-10-06T13:31:39.8335482Z [32;1m✓ [0m[34;1msockets [0m[90;1mEnabled[0m
2026-10-06T13:31:39.8368835Z [32;1m✓ [0m[34;1mtokenizer [0m[90;1mEnabled[0m
2026-10-06T13:31:39.8400119Z [32;1m✓ [0m[34;1mxml [0m[90;1mEnabled[0m
2026-10-06T13:31:39.8432790Z [32;1m✓ [0m[34;1mxmlwriter [0m[90;1mEnabled[0m
2026-10-06T13:31:39.8433549Z 
2026-10-06T13:31:39.8433792Z [90;1m==> [0m[37;1mSetup Tools[0m
2026-10-06T13:31:40.4609720Z [32;1m✓ [0m[34;1mcomposer [0m[90;1mAdded composer 2.10.3[0m
2026-10-06T13:31:40.4610365Z 
2026-10-06T13:31:40.4610775Z [90;1m==> [0m[37;1mSetup Coverage[0m
2026-10-06T13:31:40.7199580Z [32;1m✓ [0m[34;1mnone [0m[90;1mDisabled Xdebug and PCOV[0m
2026-10-06T13:31:40.7200164Z 
2026-10-06T13:31:40.7200752Z [90;1m==> [0m[37;1mSponsor setup-php[0m
2026-10-06T13:31:40.7201573Z [32;1m✓ [0m[34;1msetup-php [0m[90;1mhttps://setup-php.com/sponsor[0m
2026-10-06T13:31:40.7455963Z ##[group]Run actions/setup-node@249970729cb0ef3589644e2896645e5dc5ba9c38
2026-10-06T13:31:40.7456360Z with:
2026-10-06T13:31:40.7456572Z   node-version: 24.19.0
2026-10-06T13:31:40.7456808Z   check-latest: false
2026-10-06T13:31:40.7459429Z   token: ***
2026-10-06T13:31:40.7459659Z   package-manager-cache: true
2026-10-06T13:31:40.7459913Z env:
2026-10-06T13:31:40.7460121Z   P05_BROWSER_ENGINE: webkit
2026-10-06T13:31:40.7460399Z   COMPOSER_PROCESS_TIMEOUT: 0
2026-10-06T13:31:40.7460645Z   COMPOSER_NO_INTERACTION: 1
2026-10-06T13:31:40.7460882Z   COMPOSER_NO_AUDIT: 1
2026-10-06T13:31:40.7461104Z ##[endgroup]
2026-10-06T13:31:40.8814050Z Attempting to download 24.19.0...
2026-10-06T13:31:41.8835785Z Acquiring 24.19.0 - x64 from https://github.com/actions/node-versions/releases/download/24.19.0-30872449280/node-24.19.0-linux-x64.tar.gz
2026-10-06T13:31:42.5762334Z Extracting ...
2026-10-06T13:31:42.5894458Z [command]/usr/bin/tar xz --strip 1 --warning=no-unknown-keyword --overwrite -C /home/runner/work/_temp/c3e51256-c719-4beb-b11e-d528051b0fb0 -f /home/runner/work/_temp/4aabc3ee-ba13-476e-b4ea-4141602b7bd8
2026-10-06T13:31:43.9346553Z Adding to the cache ...
2026-10-06T13:31:45.5620366Z ##[group]Environment details
2026-10-06T13:31:45.7921724Z node: v24.19.0
2026-10-06T13:31:45.7922016Z npm: 11.17.0
2026-10-06T13:31:45.7922224Z yarn: 1.22.22
2026-10-06T13:31:45.7922729Z ##[endgroup]
2026-10-06T13:31:45.8137740Z ##[group]Run actions/setup-python@ece7cb06caefa5fff74198d8649806c4678c61a1
2026-10-06T13:31:45.8138192Z with:
2026-10-06T13:31:45.8138410Z   python-version: 3.12.14
2026-10-06T13:31:45.8138659Z   check-latest: false
2026-10-06T13:31:45.8140900Z   token: ***
2026-10-06T13:31:45.8141133Z   update-environment: true
2026-10-06T13:31:45.8141389Z   allow-prereleases: false
2026-10-06T13:31:45.8141635Z   freethreaded: false
2026-10-06T13:31:45.8141850Z env:
2026-10-06T13:31:45.8142050Z   P05_BROWSER_ENGINE: webkit
2026-10-06T13:31:45.8142303Z   COMPOSER_PROCESS_TIMEOUT: 0
2026-10-06T13:31:45.8142553Z   COMPOSER_NO_INTERACTION: 1
2026-10-06T13:31:45.8142794Z   COMPOSER_NO_AUDIT: 1
2026-10-06T13:31:45.8143012Z ##[endgroup]
2026-10-06T13:31:45.9451347Z ##[group]Installed versions
2026-10-06T13:31:45.9495144Z Successfully set up CPython (3.12.14)
2026-10-06T13:31:45.9495969Z ##[endgroup]
2026-10-06T13:31:45.9659387Z ##[group]Run astral-sh/setup-uv@37802adc94f370d6bfd71619e3f0bf239e1f3b78
2026-10-06T13:31:45.9659796Z with:
2026-10-06T13:31:45.9660006Z   version: 0.12.19
2026-10-06T13:31:45.9660228Z   enable-cache: false
2026-10-06T13:31:45.9660472Z   activate-environment: false
2026-10-06T13:31:45.9660819Z   working-directory: /home/runner/work/multi-tenant/multi-tenant
2026-10-06T13:31:45.9663206Z   github-token: ***
2026-10-06T13:31:45.9663790Z   cache-dependency-glob: **/*requirements*.txt
**/*requirements*.in
**/*constraints*.txt
**/*constraints*.in
**/pyproject.toml
**/uv.lock
**/*.py.lock

2026-10-06T13:31:45.9664391Z   restore-cache: true
2026-10-06T13:31:45.9664611Z   save-cache: true
2026-10-06T13:31:45.9664824Z   prune-cache: true
2026-10-06T13:31:45.9665046Z   cache-python: false
2026-10-06T13:31:45.9665283Z   ignore-nothing-to-cache: false
2026-10-06T13:31:45.9665562Z   ignore-empty-workdir: false
2026-10-06T13:31:45.9665826Z   add-problem-matchers: true
2026-10-06T13:31:45.9666112Z   resolution-strategy: highest
2026-10-06T13:31:45.9666353Z env:
2026-10-06T13:31:45.9666554Z   P05_BROWSER_ENGINE: webkit
2026-10-06T13:31:45.9667212Z   COMPOSER_PROCESS_TIMEOUT: 0
2026-10-06T13:31:45.9667463Z   COMPOSER_NO_INTERACTION: 1
2026-10-06T13:31:45.9667699Z   COMPOSER_NO_AUDIT: 1
2026-10-06T13:31:45.9667992Z   pythonLocation: /opt/hostedtoolcache/Python/3.12.14/x64
2026-10-06T13:31:45.9668435Z   PKG_CONFIG_PATH: /opt/hostedtoolcache/Python/3.12.14/x64/lib/pkgconfig
2026-10-06T13:31:45.9668865Z   Python_ROOT_DIR: /opt/hostedtoolcache/Python/3.12.14/x64
2026-10-06T13:31:45.9669251Z   Python2_ROOT_DIR: /opt/hostedtoolcache/Python/3.12.14/x64
2026-10-06T13:31:45.9669631Z   Python3_ROOT_DIR: /opt/hostedtoolcache/Python/3.12.14/x64
2026-10-06T13:31:45.9670002Z   LD_LIBRARY_PATH: /opt/hostedtoolcache/Python/3.12.14/x64/lib
2026-10-06T13:31:45.9670323Z ##[endgroup]
2026-10-06T13:31:46.1490569Z Fetching version data from https://raw.githubusercontent.com/astral-sh/versions/main/v1/uv.ndjson ...
2026-10-06T13:31:46.3050142Z Downloading uv from "https://releases.astral.sh/github/uv/releases/download/0.12.19/uv-x86_64-unknown-linux-gnu.tar.gz" ...
2026-10-06T13:31:46.7536665Z [command]/usr/bin/tar xz --warning=no-unknown-keyword --overwrite -C /home/runner/work/_temp/4673e9fc-3659-4295-bcf6-cdc4326db47f -f /home/runner/work/_temp/1639378a-2bef-44de-8a2a-ea1b07fb525f
2026-10-06T13:31:47.2007882Z Added /home/runner/.local/bin to the path
2026-10-06T13:31:47.2011518Z Added /opt/hostedtoolcache/uv/0.12.19/x86_64 to the path
2026-10-06T13:31:47.2013343Z Set UV_PYTHON_INSTALL_DIR to /home/runner/work/_temp/uv-python-dir
2026-10-06T13:31:47.2014142Z Added /home/runner/work/_temp/uv-python-dir to the path
2026-10-06T13:31:47.2020504Z Successfully installed uv version 0.12.19
2026-10-06T13:31:47.3660083Z ##[group]Run for component in services/governance services/catalogue services/assurance apps/console; do
2026-10-06T13:31:47.3660881Z [36;1mfor component in services/governance services/catalogue services/assurance apps/console; do[0m
2026-10-06T13:31:47.3661662Z [36;1m  mkdir -p "$component/bootstrap/cache" "$component/storage/framework/"{cache,sessions,views} "$component/storage/logs"[0m
2026-10-06T13:31:47.3662262Z [36;1m  touch "$component/.env"[0m
2026-10-06T13:31:47.3662768Z [36;1m  composer install --working-dir="$component" --no-scripts --no-interaction --prefer-dist --no-progress[0m
2026-10-06T13:31:47.3663254Z [36;1mdone[0m
2026-10-06T13:31:47.3663528Z [36;1muv sync --project services/planning --locked[0m
2026-10-06T13:31:47.3663889Z [36;1muv sync --project services/inventory --locked[0m
2026-10-06T13:31:47.3664240Z [36;1muv sync --project workers/inventory --locked[0m
2026-10-06T13:31:47.3664686Z [36;1mnpm ci --prefix apps/console --ignore-scripts --no-audit --no-fund[0m
2026-10-06T13:31:47.3665100Z [36;1mnpm run build --prefix apps/console[0m
2026-10-06T13:31:47.3665394Z [36;1mcd apps/console[0m
2026-10-06T13:31:47.3665723Z [36;1mnpx playwright install --with-deps "${P05_BROWSER_ENGINE}"[0m
2026-10-06T13:31:47.3879832Z shell: /usr/bin/bash -e {0}
2026-10-06T13:31:47.3880115Z env:
2026-10-06T13:31:47.3880340Z   P05_BROWSER_ENGINE: webkit
2026-10-06T13:31:47.3880638Z   COMPOSER_PROCESS_TIMEOUT: 0
2026-10-06T13:31:47.3880890Z   COMPOSER_NO_INTERACTION: 1
2026-10-06T13:31:47.3881123Z   COMPOSER_NO_AUDIT: 1
2026-10-06T13:31:47.3881414Z   pythonLocation: /opt/hostedtoolcache/Python/3.12.14/x64
2026-10-06T13:31:47.3881854Z   PKG_CONFIG_PATH: /opt/hostedtoolcache/Python/3.12.14/x64/lib/pkgconfig
2026-10-06T13:31:47.3882286Z   Python_ROOT_DIR: /opt/hostedtoolcache/Python/3.12.14/x64
2026-10-06T13:31:47.3882663Z   Python2_ROOT_DIR: /opt/hostedtoolcache/Python/3.12.14/x64
2026-10-06T13:31:47.3883046Z   Python3_ROOT_DIR: /opt/hostedtoolcache/Python/3.12.14/x64
2026-10-06T13:31:47.3883435Z   LD_LIBRARY_PATH: /opt/hostedtoolcache/Python/3.12.14/x64/lib
2026-10-06T13:31:47.3883831Z   UV_PYTHON_INSTALL_DIR: /home/runner/work/_temp/uv-python-dir
2026-10-06T13:31:47.3884156Z ##[endgroup]
2026-10-06T13:31:47.5446310Z Installing dependencies from lock file (including require-dev)
2026-10-06T13:31:47.5498699Z Verifying lock file contents can be installed on current platform.
2026-10-06T13:31:47.8224498Z Package operations: 140 installs, 0 updates, 0 removals
2026-10-06T13:31:47.8233313Z   - Downloading pestphp/pest-plugin (v4.0.0)
2026-10-06T13:31:47.8237620Z   - Downloading symfony/process (v8.1.7)
2026-10-06T13:31:47.8239947Z   - Downloading symfony/polyfill-mbstring (v1.43.0)
2026-10-06T13:31:47.8242354Z   - Downloading symfony/polyfill-intl-normalizer (v1.43.0)
2026-10-06T13:31:47.8244734Z   - Downloading symfony/polyfill-intl-grapheme (v1.43.0)
2026-10-06T13:31:47.8247350Z   - Downloading symfony/polyfill-ctype (v1.37.0)
2026-10-06T13:31:47.8250140Z   - Downloading symfony/string (v8.1.7)
2026-10-06T13:31:47.8252623Z   - Downloading symfony/deprecation-contracts (v3.7.1)
2026-10-06T13:31:47.8255383Z   - Downloading psr/container (2.0.2)
2026-10-06T13:31:47.8258019Z   - Downloading symfony/service-contracts (v3.7.3)
2026-10-06T13:31:47.8260411Z   - Downloading symfony/polyfill-php85 (v1.43.0)
2026-10-06T13:31:47.8262816Z   - Downloading symfony/console (v8.1.8)
2026-10-06T13:31:47.8265841Z   - Downloading sebastian/environment (8.1.2)
2026-10-06T13:31:47.8268027Z   - Downloading staabm/side-effects-detector (1.0.5)
2026-10-06T13:31:47.8269222Z   - Downloading sebastian/version (6.0.1)
2026-10-06T13:31:47.8270584Z   - Downloading sebastian/type (6.0.4)
2026-10-06T13:31:47.8272022Z   - Downloading sebastian/recursion-context (7.0.1)
2026-10-06T13:31:47.8273301Z   - Downloading sebastian/object-reflector (5.0.0)
2026-10-06T13:31:47.8274715Z   - Downloading sebastian/object-enumerator (7.0.0)
2026-10-06T13:31:47.8276475Z   - Downloading sebastian/global-state (8.0.3)
2026-10-06T13:31:47.8278803Z   - Downloading sebastian/exporter (7.0.3)
2026-10-06T13:31:47.8280246Z   - Downloading sebastian/diff (7.0.1)
2026-10-06T13:31:47.8282453Z   - Downloading sebastian/comparator (7.1.8)
2026-10-06T13:31:47.8284715Z   - Downloading sebastian/cli-parser (4.2.1)
2026-10-06T13:31:47.8287520Z   - Downloading phpunit/php-timer (8.0.0)
2026-10-06T13:31:47.8289422Z   - Downloading phpunit/php-text-template (5.0.1)
2026-10-06T13:31:47.8291057Z   - Downloading phpunit/php-invoker (6.0.0)
2026-10-06T13:31:47.8292858Z   - Downloading phpunit/php-file-iterator (6.0.2)
2026-10-06T13:31:47.8295330Z   - Downloading theseer/tokenizer (2.0.1)
2026-10-06T13:31:47.8297811Z   - Downloading nikic/php-parser (v5.9.0)
2026-10-06T13:31:47.8299669Z   - Downloading sebastian/lines-of-code (4.0.1)
2026-10-06T13:31:47.8300980Z   - Downloading sebastian/complexity (5.0.0)
2026-10-06T13:31:47.8302442Z   - Downloading phpunit/php-code-coverage (12.5.8)
2026-10-06T13:31:47.8304314Z   - Downloading phar-io/version (3.2.1)
2026-10-06T13:31:47.8305585Z   - Downloading phar-io/manifest (2.0.4)
2026-10-06T13:31:47.8307480Z   - Downloading myclabs/deep-copy (1.14.0)
2026-10-06T13:31:47.8308805Z   - Downloading phpunit/phpunit (12.5.33)
2026-10-06T13:31:47.8310747Z   - Downloading jean85/pretty-package-versions (2.1.1)
2026-10-06T13:31:47.8312411Z   - Downloading fidry/cpu-core-counter (1.4.1)
2026-10-06T13:31:47.8314231Z   - Downloading brianium/paratest (v7.20.0)
2026-10-06T13:31:47.8315444Z   - Downloading composer/pcre (3.4.0)
2026-10-06T13:31:47.8316741Z   - Downloading symfony/yaml (v8.1.8)
2026-10-06T13:31:47.8318288Z   - Downloading symfony/finder (v8.1.8)
2026-10-06T13:31:47.8320925Z   - Downloading symfony/filesystem (v8.1.6)
2026-10-06T13:31:47.8322245Z   - Downloading psr/event-dispatcher (1.0.0)
2026-10-06T13:31:47.8323629Z   - Downloading symfony/event-dispatcher-contracts (v3.7.1)
2026-10-06T13:31:47.8324873Z   - Downloading symfony/event-dispatcher (v8.1.5)
2026-10-06T13:31:47.8326206Z   - Downloading symfony/polyfill-deepclone (v1.43.0)
2026-10-06T13:31:47.8327714Z   - Downloading symfony/var-exporter (v8.1.6)
2026-10-06T13:31:47.8329117Z   - Downloading symfony/dependency-injection (v8.1.8)
2026-10-06T13:31:47.8330440Z   - Downloading symfony/config (v8.1.5)
2026-10-06T13:31:47.8332918Z   - Downloading phpstan/phpstan (2.2.16)
2026-10-06T13:31:47.8334734Z   - Downloading phpstan/phpdoc-parser (2.3.6)
2026-10-06T13:31:47.8337339Z   - Downloading phpdocumentor/reflection-common (2.2.1)
2026-10-06T13:31:47.8339819Z   - Downloading doctrine/deprecations (1.1.6)
2026-10-06T13:31:47.8341343Z   - Downloading phpdocumentor/type-resolver (2.1.0)
2026-10-06T13:31:47.8343122Z   - Downloading phpdocumentor/graphviz (2.1.0)
2026-10-06T13:31:47.8345216Z   - Downloading jetbrains/phpstorm-stubs (v2026.2)
2026-10-06T13:31:47.8346592Z   - Downloading psr/log (3.0.2)
2026-10-06T13:31:47.8348551Z   - Downloading composer/xdebug-handler (3.0.5)
2026-10-06T13:31:47.8351039Z   - Downloading deptrac/deptrac (4.7.2)
2026-10-06T13:31:47.8353035Z   - Downloading doctrine/inflector (2.1.0)
2026-10-06T13:31:47.8354685Z   - Downloading doctrine/lexer (3.0.3)
2026-10-06T13:31:47.8356786Z   - Downloading dragonmantank/cron-expression (v3.6.0)
2026-10-06T13:31:47.8358891Z   - Downloading firebase/php-jwt (v7.2.1)
2026-10-06T13:31:47.8360449Z   - Downloading symfony/http-foundation (v8.1.8)
2026-10-06T13:31:47.8362360Z   - Downloading fruitcake/php-cors (v1.4.0)
2026-10-06T13:31:47.8363895Z   - Downloading symfony/polyfill-php82 (v1.43.0)
2026-10-06T13:31:47.8365182Z   - Downloading symfony/polyfill-php80 (v1.43.0)
2026-10-06T13:31:47.8366712Z   - Downloading psr/http-message (2.0)
2026-10-06T13:31:47.8368340Z   - Downloading psr/http-factory (1.1.0)
2026-10-06T13:31:47.8371585Z   - Downloading psr/http-client (1.0.3)
2026-10-06T13:31:47.8398083Z   - Downloading guzzlehttp/psr7 (3.1.0)
2026-10-06T13:31:47.8398608Z   - Downloading guzzlehttp/promises (3.0.2)
2026-10-06T13:31:47.8399162Z   - Downloading guzzlehttp/guzzle (8.2.0)
2026-10-06T13:31:47.8399996Z   - Downloading guzzlehttp/uri-template (v2.0.1)
2026-10-06T13:31:47.8400452Z   - Downloading voku/portable-ascii (2.1.1)
2026-10-06T13:31:47.8400979Z   - Downloading phpoption/phpoption (1.10.0)
2026-10-06T13:31:47.8401563Z   - Downloading graham-campbell/result-type (v1.2.0)
2026-10-06T13:31:47.8402022Z   - Downloading vlucas/phpdotenv (v5.7.0)
2026-10-06T13:31:47.8402372Z   - Downloading symfony/css-selector (v8.1.6)
2026-10-06T13:31:47.8402971Z   - Downloading tijsverkoyen/css-to-inline-styles (v2.4.0)
2026-10-06T13:31:47.8403555Z   - Downloading symfony/var-dumper (v8.1.7)
2026-10-06T13:31:47.8403970Z   - Downloading symfony/polyfill-uuid (v1.43.0)
2026-10-06T13:31:47.8404529Z   - Downloading symfony/uid (v8.1.8)
2026-10-06T13:31:47.8405002Z   - Downloading symfony/routing (v8.1.8)
2026-10-06T13:31:47.8405435Z   - Downloading symfony/polyfill-php86 (v1.43.0)
2026-10-06T13:31:47.8406004Z   - Downloading symfony/polyfill-php84 (v1.43.0)
2026-10-06T13:31:47.8406606Z   - Downloading symfony/polyfill-intl-idn (v1.43.0)
2026-10-06T13:31:47.8407331Z   - Downloading symfony/mime (v8.1.7)
2026-10-06T13:31:47.8407848Z   - Downloading egulias/email-validator (4.0.4)
2026-10-06T13:31:47.8408370Z   - Downloading symfony/mailer (v8.1.7)
2026-10-06T13:31:47.8408706Z   - Downloading symfony/error-handler (v8.1.8)
2026-10-06T13:31:47.8409165Z   - Downloading symfony/http-kernel (v8.1.8)
2026-10-06T13:31:47.8409708Z   - Downloading ramsey/collection (2.1.1)
2026-10-06T13:31:47.8411512Z   - Downloading brick/math (1.0.0)
2026-10-06T13:31:47.8412703Z   - Downloading ramsey/uuid (4.9.4)
2026-10-06T13:31:47.8414269Z   - Downloading psr/simple-cache (3.0.0)
2026-10-06T13:31:47.8416092Z   - Downloading nunomaduro/termwind (v2.4.0)
2026-10-06T13:31:47.8417323Z   - Downloading symfony/translation-contracts (v3.7.1)
2026-10-06T13:31:47.8418812Z   - Downloading symfony/translation (v8.1.5)
2026-10-06T13:31:47.8420255Z   - Downloading psr/clock (1.0.0)
2026-10-06T13:31:47.8421590Z   - Downloading symfony/clock (v8.1.0)
2026-10-06T13:31:47.8423558Z   - Downloading carbonphp/carbon-doctrine-types (3.2.1)
2026-10-06T13:31:47.8425277Z   - Downloading nesbot/carbon (3.14.2)
2026-10-06T13:31:47.8427210Z   - Downloading monolog/monolog (3.12.1)
2026-10-06T13:31:47.8429107Z   - Downloading league/uri-interfaces (7.8.1)
2026-10-06T13:31:47.8430317Z   - Downloading league/uri (7.8.1)
2026-10-06T13:31:47.8431720Z   - Downloading league/mime-type-detection (1.17.0)
2026-10-06T13:31:47.8432974Z   - Downloading league/flysystem-local (3.35.3)
2026-10-06T13:31:47.8434244Z   - Downloading league/flysystem (3.36.0)
2026-10-06T13:31:47.8436096Z   - Downloading nette/utils (v4.1.5)
2026-10-06T13:31:47.8437284Z   - Downloading nette/schema (v1.3.6)
2026-10-06T13:31:47.8439295Z   - Downloading dflydev/dot-access-data (v3.0.3)
2026-10-06T13:31:47.8440473Z   - Downloading league/config (v1.2.0)
2026-10-06T13:31:47.8441839Z   - Downloading league/commonmark (2.10.3)
2026-10-06T13:31:47.8443848Z   - Downloading laravel/serializable-closure (v2.1.0)
2026-10-06T13:31:47.8445033Z   - Downloading laravel/prompts (v0.3.24)
2026-10-06T13:31:47.8446287Z   - Downloading laravel/framework (v13.34.0)
2026-10-06T13:31:47.8448427Z   - Downloading iamcal/sql-parser (v0.7)
2026-10-06T13:31:47.8450262Z   - Downloading larastan/larastan (v3.12.2)
2026-10-06T13:31:47.8451554Z   - Downloading laravel/pint (v1.32.1)
2026-10-06T13:31:47.8453436Z   - Downloading hamcrest/hamcrest-php (v3.0.0)
2026-10-06T13:31:47.8455151Z   - Downloading mockery/mockery (1.6.15)
2026-10-06T13:31:47.8457023Z   - Downloading filp/whoops (2.18.6)
2026-10-06T13:31:47.8458377Z   - Downloading nunomaduro/collision (v8.9.5)
2026-10-06T13:31:47.8460202Z   - Downloading opis/string (2.1.0)
2026-10-06T13:31:47.8462579Z   - Downloading opis/uri (1.1.0)
2026-10-06T13:31:47.8463795Z   - Downloading opis/json-schema (2.6.0)
2026-10-06T13:31:47.8465685Z   - Downloading webmozart/assert (2.4.1)
2026-10-06T13:31:47.8467139Z   - Downloading phpdocumentor/reflection-docblock (6.0.3)
2026-10-06T13:31:47.8469461Z   - Downloading ta-tikoma/phpunit-architecture-test (0.8.7)
2026-10-06T13:31:47.8470407Z   - Downloading pestphp/pest-plugin-arch (v4.0.2)
2026-10-06T13:31:47.8471734Z   - Downloading pestphp/pest-plugin-profanity (v4.2.1)
2026-10-06T13:31:47.8472981Z   - Downloading pestphp/pest-plugin-mutate (v4.0.1)
2026-10-06T13:31:47.8474254Z   - Downloading pestphp/pest (v4.7.8)
2026-10-06T13:31:47.8475572Z   - Downloading pestphp/pest-plugin-laravel (v4.1.0)
2026-10-06T13:31:47.8477582Z   - Downloading paragonie/constant_time_encoding (v3.1.3)
2026-10-06T13:31:47.8479415Z   - Downloading phpseclib/phpseclib (4.0.1)
2026-10-06T13:31:47.8481275Z   - Downloading php-amqplib/php-amqplib (v3.7.5)
2026-10-06T13:31:51.7855034Z   - Installing pestphp/pest-plugin (v4.0.0): Extracting archive
2026-10-06T13:31:51.8011467Z   - Installing symfony/process (v8.1.7): Extracting archive
2026-10-06T13:31:51.8017605Z   - Installing symfony/polyfill-mbstring (v1.43.0): Extracting archive
2026-10-06T13:31:51.8024222Z   - Installing symfony/polyfill-intl-normalizer (v1.43.0): Extracting archive
2026-10-06T13:31:51.8030811Z   - Installing symfony/polyfill-intl-grapheme (v1.43.0): Extracting archive
2026-10-06T13:31:51.8067328Z   - Installing symfony/polyfill-ctype (v1.37.0): Extracting archive
2026-10-06T13:31:51.8068387Z   - Installing symfony/string (v8.1.7): Extracting archive
2026-10-06T13:31:51.8081045Z   - Installing symfony/deprecation-contracts (v3.7.1): Extracting archive
2026-10-06T13:31:51.8098073Z   - Installing psr/container (2.0.2): Extracting archive
2026-10-06T13:31:51.8127935Z   - Installing symfony/service-contracts (v3.7.3): Extracting archive
2026-10-06T13:31:51.8143341Z   - Installing symfony/polyfill-php85 (v1.43.0): Extracting archive
2026-10-06T13:31:51.8157279Z   - Installing symfony/console (v8.1.8): Extracting archive
2026-10-06T13:31:51.8158040Z   - Installing sebastian/environment (8.1.2): Extracting archive
2026-10-06T13:31:51.8158819Z   - Installing staabm/side-effects-detector (1.0.5): Extracting archive
2026-10-06T13:31:51.8159623Z   - Installing sebastian/version (6.0.1): Extracting archive
2026-10-06T13:31:51.8160262Z   - Installing sebastian/type (6.0.4): Extracting archive
2026-10-06T13:31:51.8160976Z   - Installing sebastian/recursion-context (7.0.1): Extracting archive
2026-10-06T13:31:51.8161744Z   - Installing sebastian/object-reflector (5.0.0): Extracting archive
2026-10-06T13:31:51.8162810Z   - Installing sebastian/object-enumerator (7.0.0): Extracting archive
2026-10-06T13:31:51.8163575Z   - Installing sebastian/global-state (8.0.3): Extracting archive
2026-10-06T13:31:51.8164282Z   - Installing sebastian/exporter (7.0.3): Extracting archive
2026-10-06T13:31:51.8164927Z   - Installing sebastian/diff (7.0.1): Extracting archive
2026-10-06T13:31:51.8166392Z   - Installing sebastian/comparator (7.1.8): Extracting archive
2026-10-06T13:31:51.8169462Z   - Installing sebastian/cli-parser (4.2.1): Extracting archive
2026-10-06T13:31:51.8171712Z   - Installing phpunit/php-timer (8.0.0): Extracting archive
2026-10-06T13:31:51.8173770Z   - Installing phpunit/php-text-template (5.0.1): Extracting archive
2026-10-06T13:31:51.8175565Z   - Installing phpunit/php-invoker (6.0.0): Extracting archive
2026-10-06T13:31:51.8178421Z   - Installing phpunit/php-file-iterator (6.0.2): Extracting archive
2026-10-06T13:31:51.8180208Z   - Installing theseer/tokenizer (2.0.1): Extracting archive
2026-10-06T13:31:51.8182345Z   - Installing nikic/php-parser (v5.9.0): Extracting archive
2026-10-06T13:31:51.8184495Z   - Installing sebastian/lines-of-code (4.0.1): Extracting archive
2026-10-06T13:31:51.8186511Z   - Installing sebastian/complexity (5.0.0): Extracting archive
2026-10-06T13:31:51.8188859Z   - Installing phpunit/php-code-coverage (12.5.8): Extracting archive
2026-10-06T13:31:51.8190876Z   - Installing phar-io/version (3.2.1): Extracting archive
2026-10-06T13:31:51.8192955Z   - Installing phar-io/manifest (2.0.4): Extracting archive
2026-10-06T13:31:51.8194985Z   - Installing myclabs/deep-copy (1.14.0): Extracting archive
2026-10-06T13:31:51.8197411Z   - Installing phpunit/phpunit (12.5.33): Extracting archive
2026-10-06T13:31:51.8200771Z   - Installing jean85/pretty-package-versions (2.1.1): Extracting archive
2026-10-06T13:31:51.8201803Z   - Installing fidry/cpu-core-counter (1.4.1): Extracting archive
2026-10-06T13:31:51.8204045Z   - Installing brianium/paratest (v7.20.0): Extracting archive
2026-10-06T13:31:51.8206104Z   - Installing composer/pcre (3.4.0): Extracting archive
2026-10-06T13:31:51.8208444Z   - Installing symfony/yaml (v8.1.8): Extracting archive
2026-10-06T13:31:51.8210773Z   - Installing symfony/finder (v8.1.8): Extracting archive
2026-10-06T13:31:51.8213359Z   - Installing symfony/filesystem (v8.1.6): Extracting archive
2026-10-06T13:31:51.8215795Z   - Installing psr/event-dispatcher (1.0.0): Extracting archive
2026-10-06T13:31:51.8218480Z   - Installing symfony/event-dispatcher-contracts (v3.7.1): Extracting archive
2026-10-06T13:31:51.8220511Z   - Installing symfony/event-dispatcher (v8.1.5): Extracting archive
2026-10-06T13:31:51.8222600Z   - Installing symfony/polyfill-deepclone (v1.43.0): Extracting archive
2026-10-06T13:31:51.8224584Z   - Installing symfony/var-exporter (v8.1.6): Extracting archive
2026-10-06T13:31:51.8226643Z   - Installing symfony/dependency-injection (v8.1.8): Extracting archive
2026-10-06T13:31:51.8229020Z   - Installing symfony/config (v8.1.5): Extracting archive
2026-10-06T13:31:51.8231150Z   - Installing phpstan/phpstan (2.2.16): Extracting archive
2026-10-06T13:31:51.8233406Z   - Installing phpstan/phpdoc-parser (2.3.6): Extracting archive
2026-10-06T13:31:51.8235504Z   - Installing phpdocumentor/reflection-common (2.2.1): Extracting archive
2026-10-06T13:31:51.8238080Z   - Installing doctrine/deprecations (1.1.6): Extracting archive
2026-10-06T13:31:51.8240101Z   - Installing phpdocumentor/type-resolver (2.1.0): Extracting archive
2026-10-06T13:31:51.8242187Z   - Installing phpdocumentor/graphviz (2.1.0): Extracting archive
2026-10-06T13:31:51.8244390Z   - Installing jetbrains/phpstorm-stubs (v2026.2): Extracting archive
2026-10-06T13:31:51.8246345Z   - Installing psr/log (3.0.2): Extracting archive
2026-10-06T13:31:51.8248812Z   - Installing composer/xdebug-handler (3.0.5): Extracting archive
2026-10-06T13:31:51.8250936Z   - Installing deptrac/deptrac (4.7.2): Extracting archive
2026-10-06T13:31:51.8253057Z   - Installing doctrine/inflector (2.1.0): Extracting archive
2026-10-06T13:31:51.8255172Z   - Installing doctrine/lexer (3.0.3): Extracting archive
2026-10-06T13:31:51.8257563Z   - Installing dragonmantank/cron-expression (v3.6.0): Extracting archive
2026-10-06T13:31:51.8259636Z   - Installing firebase/php-jwt (v7.2.1): Extracting archive
2026-10-06T13:31:51.8261806Z   - Installing symfony/http-foundation (v8.1.8): Extracting archive
2026-10-06T13:31:51.8264125Z   - Installing fruitcake/php-cors (v1.4.0): Extracting archive
2026-10-06T13:31:51.8266293Z   - Installing symfony/polyfill-php82 (v1.43.0): Extracting archive
2026-10-06T13:31:51.8269060Z   - Installing symfony/polyfill-php80 (v1.43.0): Extracting archive
2026-10-06T13:31:51.8271150Z   - Installing psr/http-message (2.0): Extracting archive
2026-10-06T13:31:51.8273245Z   - Installing psr/http-factory (1.1.0): Extracting archive
2026-10-06T13:31:51.8275316Z   - Installing psr/http-client (1.0.3): Extracting archive
2026-10-06T13:31:51.8277590Z   - Installing guzzlehttp/psr7 (3.1.0): Extracting archive
2026-10-06T13:31:51.8279779Z   - Installing guzzlehttp/promises (3.0.2): Extracting archive
2026-10-06T13:31:51.8281836Z   - Installing guzzlehttp/guzzle (8.2.0): Extracting archive
2026-10-06T13:31:51.8283961Z   - Installing guzzlehttp/uri-template (v2.0.1): Extracting archive
2026-10-06T13:31:51.8286002Z   - Installing voku/portable-ascii (2.1.1): Extracting archive
2026-10-06T13:31:51.8288378Z   - Installing phpoption/phpoption (1.10.0): Extracting archive
2026-10-06T13:31:51.8295846Z   - Installing graham-campbell/result-type (v1.2.0): Extracting archive
2026-10-06T13:31:51.8296523Z   - Installing vlucas/phpdotenv (v5.7.0): Extracting archive
2026-10-06T13:31:51.8297440Z   - Installing symfony/css-selector (v8.1.6): Extracting archive
2026-10-06T13:31:51.8297995Z   - Installing tijsverkoyen/css-to-inline-styles (v2.4.0): Extracting archive
2026-10-06T13:31:51.8299162Z   - Installing symfony/var-dumper (v8.1.7): Extracting archive
2026-10-06T13:31:51.8301505Z   - Installing symfony/polyfill-uuid (v1.43.0): Extracting archive
2026-10-06T13:31:51.8303683Z   - Installing symfony/uid (v8.1.8): Extracting archive
2026-10-06T13:31:51.8305892Z   - Installing symfony/routing (v8.1.8): Extracting archive
2026-10-06T13:31:51.8308307Z   - Installing symfony/polyfill-php86 (v1.43.0): Extracting archive
2026-10-06T13:31:51.8310701Z   - Installing symfony/polyfill-php84 (v1.43.0): Extracting archive
2026-10-06T13:31:51.8312998Z   - Installing symfony/polyfill-intl-idn (v1.43.0): Extracting archive
2026-10-06T13:31:51.8315149Z   - Installing symfony/mime (v8.1.7): Extracting archive
2026-10-06T13:31:51.8317326Z   - Installing egulias/email-validator (4.0.4): Extracting archive
2026-10-06T13:31:51.8319741Z   - Installing symfony/mailer (v8.1.7): Extracting archive
2026-10-06T13:31:51.8321994Z   - Installing symfony/error-handler (v8.1.8): Extracting archive
2026-10-06T13:31:51.8324189Z   - Installing symfony/http-kernel (v8.1.8): Extracting archive
2026-10-06T13:31:51.8326378Z   - Installing ramsey/collection (2.1.1): Extracting archive
2026-10-06T13:31:51.8328816Z   - Installing brick/math (1.0.0): Extracting archive
2026-10-06T13:31:51.8331127Z   - Installing ramsey/uuid (4.9.4): Extracting archive
2026-10-06T13:31:51.8333326Z   - Installing psr/simple-cache (3.0.0): Extracting archive
2026-10-06T13:31:51.8335514Z   - Installing nunomaduro/termwind (v2.4.0): Extracting archive
2026-10-06T13:31:51.8338193Z   - Installing symfony/translation-contracts (v3.7.1): Extracting archive
2026-10-06T13:31:51.8340346Z   - Installing symfony/translation (v8.1.5): Extracting archive
2026-10-06T13:31:51.8342476Z   - Installing psr/clock (1.0.0): Extracting archive
2026-10-06T13:31:51.8344702Z   - Installing symfony/clock (v8.1.0): Extracting archive
2026-10-06T13:31:51.8347156Z   - Installing carbonphp/carbon-doctrine-types (3.2.1): Extracting archive
2026-10-06T13:31:51.8349708Z   - Installing nesbot/carbon (3.14.2): Extracting archive
2026-10-06T13:31:51.8351932Z   - Installing monolog/monolog (3.12.1): Extracting archive
2026-10-06T13:31:51.8354192Z   - Installing league/uri-interfaces (7.8.1): Extracting archive
2026-10-06T13:31:51.8356370Z   - Installing league/uri (7.8.1): Extracting archive
2026-10-06T13:31:51.8358969Z   - Installing league/mime-type-detection (1.17.0): Extracting archive
2026-10-06T13:31:51.8361155Z   - Installing league/flysystem-local (3.35.3): Extracting archive
2026-10-06T13:31:51.8363289Z   - Installing league/flysystem (3.36.0): Extracting archive
2026-10-06T13:31:51.8365394Z   - Installing nette/utils (v4.1.5): Extracting archive
2026-10-06T13:31:51.8367793Z   - Installing nette/schema (v1.3.6): Extracting archive
2026-10-06T13:31:51.8369996Z   - Installing dflydev/dot-access-data (v3.0.3): Extracting archive
2026-10-06T13:31:51.8372112Z   - Installing league/config (v1.2.0): Extracting archive
2026-10-06T13:31:51.8374274Z   - Installing league/commonmark (2.10.3): Extracting archive
2026-10-06T13:31:51.8376452Z   - Installing laravel/serializable-closure (v2.1.0): Extracting archive
2026-10-06T13:31:51.8378681Z   - Installing laravel/prompts (v0.3.24): Extracting archive
2026-10-06T13:31:51.8380820Z   - Installing laravel/framework (v13.34.0): Extracting archive
2026-10-06T13:31:51.8382911Z   - Installing iamcal/sql-parser (v0.7): Extracting archive
2026-10-06T13:31:51.8385041Z   - Installing larastan/larastan (v3.12.2): Extracting archive
2026-10-06T13:31:51.8387294Z   - Installing laravel/pint (v1.32.1): Extracting archive
2026-10-06T13:31:51.8390489Z   - Installing hamcrest/hamcrest-php (v3.0.0): Extracting archive
2026-10-06T13:31:51.8391786Z   - Installing mockery/mockery (1.6.15): Extracting archive
2026-10-06T13:31:51.8394514Z   - Installing filp/whoops (2.18.6): Extracting archive
2026-10-06T13:31:51.8397059Z   - Installing nunomaduro/collision (v8.9.5): Extracting archive
2026-10-06T13:31:51.8403587Z   - Installing opis/string (2.1.0): Extracting archive
2026-10-06T13:31:51.8406274Z   - Installing opis/uri (1.1.0): Extracting archive
2026-10-06T13:31:51.8410839Z   - Installing opis/json-schema (2.6.0): Extracting archive
2026-10-06T13:31:51.8413930Z   - Installing webmozart/assert (2.4.1): Extracting archive
2026-10-06T13:31:51.8416485Z   - Installing phpdocumentor/reflection-docblock (6.0.3): Extracting archive
2026-10-06T13:31:51.8419616Z   - Installing ta-tikoma/phpunit-architecture-test (0.8.7): Extracting archive
2026-10-06T13:31:51.8422159Z   - Installing pestphp/pest-plugin-arch (v4.0.2): Extracting archive
2026-10-06T13:31:51.8424473Z   - Installing pestphp/pest-plugin-profanity (v4.2.1): Extracting archive
2026-10-06T13:31:51.8426539Z   - Installing pestphp/pest-plugin-mutate (v4.0.1): Extracting archive
2026-10-06T13:31:51.8430256Z   - Installing pestphp/pest (v4.7.8): Extracting archive
2026-10-06T13:31:51.8434006Z   - Installing pestphp/pest-plugin-laravel (v4.1.0): Extracting archive
2026-10-06T13:31:51.8437614Z   - Installing paragonie/constant_time_encoding (v3.1.3): Extracting archive
2026-10-06T13:31:51.8440344Z   - Installing phpseclib/phpseclib (4.0.1): Extracting archive
2026-10-06T13:31:51.8442619Z   - Installing php-amqplib/php-amqplib (v3.7.5): Extracting archive
2026-10-06T13:31:53.3235737Z Generating autoload files
2026-10-06T13:31:53.5862097Z 97 packages you are using are looking for funding.
2026-10-06T13:31:53.5862778Z Use the `composer fund` command to find out more!
2026-10-06T13:31:53.7505513Z Installing dependencies from lock file (including require-dev)
2026-10-06T13:31:53.7554728Z Verifying lock file contents can be installed on current platform.
2026-10-06T13:31:53.8606343Z Package operations: 139 installs, 0 updates, 0 removals
2026-10-06T13:31:53.8985184Z   - Installing pestphp/pest-plugin (v4.0.0): Extracting archive
2026-10-06T13:31:53.9114864Z   - Installing symfony/process (v8.1.7): Extracting archive
2026-10-06T13:31:53.9120891Z   - Installing symfony/polyfill-mbstring (v1.43.0): Extracting archive
2026-10-06T13:31:53.9126799Z   - Installing symfony/polyfill-intl-normalizer (v1.43.0): Extracting archive
2026-10-06T13:31:53.9132765Z   - Installing symfony/polyfill-intl-grapheme (v1.43.0): Extracting archive
2026-10-06T13:31:53.9176078Z   - Installing symfony/polyfill-ctype (v1.37.0): Extracting archive
2026-10-06T13:31:53.9208165Z   - Installing symfony/string (v8.1.7): Extracting archive
2026-10-06T13:31:53.9209268Z   - Installing symfony/deprecation-contracts (v3.7.1): Extracting archive
2026-10-06T13:31:53.9210452Z   - Installing psr/container (2.0.2): Extracting archive
2026-10-06T13:31:53.9217932Z   - Installing symfony/service-contracts (v3.7.3): Extracting archive
2026-10-06T13:31:53.9225913Z   - Installing symfony/polyfill-php85 (v1.43.0): Extracting archive
2026-10-06T13:31:53.9233909Z   - Installing symfony/console (v8.1.8): Extracting archive
2026-10-06T13:31:53.9258388Z   - Installing sebastian/environment (8.1.2): Extracting archive
2026-10-06T13:31:53.9277160Z   - Installing staabm/side-effects-detector (1.0.5): Extracting archive
2026-10-06T13:31:53.9278020Z   - Installing sebastian/version (6.0.1): Extracting archive
2026-10-06T13:31:53.9278696Z   - Installing sebastian/type (6.0.4): Extracting archive
2026-10-06T13:31:53.9279450Z   - Installing sebastian/recursion-context (7.0.1): Extracting archive
2026-10-06T13:31:53.9280271Z   - Installing sebastian/object-reflector (5.0.0): Extracting archive
2026-10-06T13:31:53.9281050Z   - Installing sebastian/object-enumerator (7.0.0): Extracting archive
2026-10-06T13:31:53.9281802Z   - Installing sebastian/global-state (8.0.3): Extracting archive
2026-10-06T13:31:53.9282552Z   - Installing sebastian/exporter (7.0.3): Extracting archive
2026-10-06T13:31:53.9283232Z   - Installing sebastian/diff (7.0.1): Extracting archive
2026-10-06T13:31:53.9284170Z   - Installing sebastian/comparator (7.1.8): Extracting archive
2026-10-06T13:31:53.9284934Z   - Installing sebastian/cli-parser (4.2.1): Extracting archive
2026-10-06T13:31:53.9285659Z   - Installing phpunit/php-timer (8.0.0): Extracting archive
2026-10-06T13:31:53.9286388Z   - Installing phpunit/php-text-template (5.0.1): Extracting archive
2026-10-06T13:31:53.9287351Z   - Installing phpunit/php-invoker (6.0.0): Extracting archive
2026-10-06T13:31:53.9288125Z   - Installing phpunit/php-file-iterator (6.0.2): Extracting archive
2026-10-06T13:31:53.9289014Z   - Installing theseer/tokenizer (2.0.1): Extracting archive
2026-10-06T13:31:53.9290832Z   - Installing nikic/php-parser (v5.9.0): Extracting archive
2026-10-06T13:31:53.9293242Z   - Installing sebastian/lines-of-code (4.0.1): Extracting archive
2026-10-06T13:31:53.9296653Z   - Installing sebastian/complexity (5.0.0): Extracting archive
2026-10-06T13:31:53.9299812Z   - Installing phpunit/php-code-coverage (12.5.8): Extracting archive
2026-10-06T13:31:53.9302901Z   - Installing phar-io/version (3.2.1): Extracting archive
2026-10-06T13:31:53.9306061Z   - Installing phar-io/manifest (2.0.4): Extracting archive
2026-10-06T13:31:53.9309033Z   - Installing myclabs/deep-copy (1.14.0): Extracting archive
2026-10-06T13:31:53.9311524Z   - Installing phpunit/phpunit (12.5.33): Extracting archive
2026-10-06T13:31:53.9313961Z   - Installing jean85/pretty-package-versions (2.1.1): Extracting archive
2026-10-06T13:31:53.9316187Z   - Installing fidry/cpu-core-counter (1.4.1): Extracting archive
2026-10-06T13:31:53.9318730Z   - Installing brianium/paratest (v7.20.0): Extracting archive
2026-10-06T13:31:53.9320969Z   - Installing composer/pcre (3.4.0): Extracting archive
2026-10-06T13:31:53.9323228Z   - Installing symfony/yaml (v8.1.8): Extracting archive
2026-10-06T13:31:53.9325497Z   - Installing symfony/finder (v8.1.8): Extracting archive
2026-10-06T13:31:53.9328022Z   - Installing symfony/filesystem (v8.1.6): Extracting archive
2026-10-06T13:31:53.9330364Z   - Installing psr/event-dispatcher (1.0.0): Extracting archive
2026-10-06T13:31:53.9332687Z   - Installing symfony/event-dispatcher-contracts (v3.7.1): Extracting archive
2026-10-06T13:31:53.9334872Z   - Installing symfony/event-dispatcher (v8.1.5): Extracting archive
2026-10-06T13:31:53.9337279Z   - Installing symfony/polyfill-deepclone (v1.43.0): Extracting archive
2026-10-06T13:31:53.9339593Z   - Installing symfony/var-exporter (v8.1.6): Extracting archive
2026-10-06T13:31:53.9342069Z   - Installing symfony/dependency-injection (v8.1.8): Extracting archive
2026-10-06T13:31:53.9344372Z   - Installing symfony/config (v8.1.5): Extracting archive
2026-10-06T13:31:53.9346596Z   - Installing phpstan/phpstan (2.2.16): Extracting archive
2026-10-06T13:31:53.9349164Z   - Installing phpstan/phpdoc-parser (2.3.6): Extracting archive
2026-10-06T13:31:53.9351489Z   - Installing phpdocumentor/reflection-common (2.2.1): Extracting archive
2026-10-06T13:31:53.9353689Z   - Installing doctrine/deprecations (1.1.6): Extracting archive
2026-10-06T13:31:53.9356011Z   - Installing phpdocumentor/type-resolver (2.1.0): Extracting archive
2026-10-06T13:31:53.9358476Z   - Installing phpdocumentor/graphviz (2.1.0): Extracting archive
2026-10-06T13:31:53.9360777Z   - Installing jetbrains/phpstorm-stubs (v2026.2): Extracting archive
2026-10-06T13:31:53.9362925Z   - Installing psr/log (3.0.2): Extracting archive
2026-10-06T13:31:53.9365310Z   - Installing composer/xdebug-handler (3.0.5): Extracting archive
2026-10-06T13:31:53.9367701Z   - Installing deptrac/deptrac (4.7.2): Extracting archive
2026-10-06T13:31:53.9370125Z   - Installing doctrine/inflector (2.1.0): Extracting archive
2026-10-06T13:31:53.9372450Z   - Installing doctrine/lexer (3.0.3): Extracting archive
2026-10-06T13:31:53.9374770Z   - Installing dragonmantank/cron-expression (v3.6.0): Extracting archive
2026-10-06T13:31:53.9377176Z   - Installing symfony/http-foundation (v8.1.8): Extracting archive
2026-10-06T13:31:53.9379892Z   - Installing fruitcake/php-cors (v1.4.0): Extracting archive
2026-10-06T13:31:53.9383079Z   - Installing symfony/polyfill-php82 (v1.43.0): Extracting archive
2026-10-06T13:31:53.9385061Z   - Installing symfony/polyfill-php80 (v1.43.0): Extracting archive
2026-10-06T13:31:53.9387721Z   - Installing psr/http-message (2.0): Extracting archive
2026-10-06T13:31:53.9391120Z   - Installing psr/http-factory (1.1.0): Extracting archive
2026-10-06T13:31:53.9393285Z   - Installing psr/http-client (1.0.3): Extracting archive
2026-10-06T13:31:53.9395909Z   - Installing guzzlehttp/psr7 (3.1.0): Extracting archive
2026-10-06T13:31:53.9398605Z   - Installing guzzlehttp/promises (3.0.2): Extracting archive
2026-10-06T13:31:53.9401067Z   - Installing guzzlehttp/guzzle (8.2.0): Extracting archive
2026-10-06T13:31:53.9403649Z   - Installing guzzlehttp/uri-template (v2.0.1): Extracting archive
2026-10-06T13:31:53.9405977Z   - Installing voku/portable-ascii (2.1.1): Extracting archive
2026-10-06T13:31:53.9408612Z   - Installing phpoption/phpoption (1.10.0): Extracting archive
2026-10-06T13:31:53.9411134Z   - Installing graham-campbell/result-type (v1.2.0): Extracting archive
2026-10-06T13:31:53.9413577Z   - Installing vlucas/phpdotenv (v5.7.0): Extracting archive
2026-10-06T13:31:53.9416340Z   - Installing symfony/css-selector (v8.1.6): Extracting archive
2026-10-06T13:31:53.9418513Z   - Installing tijsverkoyen/css-to-inline-styles (v2.4.0): Extracting archive
2026-10-06T13:31:53.9420818Z   - Installing symfony/var-dumper (v8.1.7): Extracting archive
2026-10-06T13:31:53.9423111Z   - Installing symfony/polyfill-uuid (v1.43.0): Extracting archive
2026-10-06T13:31:53.9425307Z   - Installing symfony/uid (v8.1.8): Extracting archive
2026-10-06T13:31:53.9427809Z   - Installing symfony/routing (v8.1.8): Extracting archive
2026-10-06T13:31:53.9430095Z   - Installing symfony/polyfill-php86 (v1.43.0): Extracting archive
2026-10-06T13:31:53.9432327Z   - Installing symfony/polyfill-php84 (v1.43.0): Extracting archive
2026-10-06T13:31:53.9434689Z   - Installing symfony/polyfill-intl-idn (v1.43.0): Extracting archive
2026-10-06T13:31:53.9437003Z   - Installing symfony/mime (v8.1.7): Extracting archive
2026-10-06T13:31:53.9439511Z   - Installing egulias/email-validator (4.0.4): Extracting archive
2026-10-06T13:31:53.9441740Z   - Installing symfony/mailer (v8.1.7): Extracting archive
2026-10-06T13:31:53.9444107Z   - Installing symfony/error-handler (v8.1.8): Extracting archive
2026-10-06T13:31:53.9446321Z   - Installing symfony/http-kernel (v8.1.8): Extracting archive
2026-10-06T13:31:53.9448740Z   - Installing ramsey/collection (2.1.1): Extracting archive
2026-10-06T13:31:53.9450986Z   - Installing brick/math (1.0.0): Extracting archive
2026-10-06T13:31:53.9453235Z   - Installing ramsey/uuid (4.9.4): Extracting archive
2026-10-06T13:31:53.9455515Z   - Installing psr/simple-cache (3.0.0): Extracting archive
2026-10-06T13:31:53.9457867Z   - Installing nunomaduro/termwind (v2.4.0): Extracting archive
2026-10-06T13:31:53.9460687Z   - Installing symfony/translation-contracts (v3.7.1): Extracting archive
2026-10-06T13:31:53.9462674Z   - Installing symfony/translation (v8.1.5): Extracting archive
2026-10-06T13:31:53.9465153Z   - Installing psr/clock (1.0.0): Extracting archive
2026-10-06T13:31:53.9467461Z   - Installing symfony/clock (v8.1.0): Extracting archive
2026-10-06T13:31:53.9470381Z   - Installing carbonphp/carbon-doctrine-types (3.2.1): Extracting archive
2026-10-06T13:31:53.9472685Z   - Installing nesbot/carbon (3.14.2): Extracting archive
2026-10-06T13:31:53.9475113Z   - Installing monolog/monolog (3.12.1): Extracting archive
2026-10-06T13:31:53.9478450Z   - Installing league/uri-interfaces (7.8.1): Extracting archive
2026-10-06T13:31:53.9480275Z   - Installing league/uri (7.8.1): Extracting archive
2026-10-06T13:31:53.9482757Z   - Installing league/mime-type-detection (1.17.0): Extracting archive
2026-10-06T13:31:53.9484929Z   - Installing league/flysystem-local (3.35.3): Extracting archive
2026-10-06T13:31:53.9487266Z   - Installing league/flysystem (3.36.0): Extracting archive
2026-10-06T13:31:53.9489792Z   - Installing nette/utils (v4.1.5): Extracting archive
2026-10-06T13:31:53.9491859Z   - Installing nette/schema (v1.3.6): Extracting archive
2026-10-06T13:31:53.9494243Z   - Installing dflydev/dot-access-data (v3.0.3): Extracting archive
2026-10-06T13:31:53.9496448Z   - Installing league/config (v1.2.0): Extracting archive
2026-10-06T13:31:53.9498987Z   - Installing league/commonmark (2.10.3): Extracting archive
2026-10-06T13:31:53.9501309Z   - Installing laravel/serializable-closure (v2.1.0): Extracting archive
2026-10-06T13:31:53.9503518Z   - Installing laravel/prompts (v0.3.24): Extracting archive
2026-10-06T13:31:53.9505691Z   - Installing laravel/framework (v13.34.0): Extracting archive
2026-10-06T13:31:53.9508094Z   - Installing iamcal/sql-parser (v0.7): Extracting archive
2026-10-06T13:31:53.9510367Z   - Installing larastan/larastan (v3.12.2): Extracting archive
2026-10-06T13:31:53.9512560Z   - Installing laravel/pint (v1.32.1): Extracting archive
2026-10-06T13:31:53.9514795Z   - Installing hamcrest/hamcrest-php (v3.0.0): Extracting archive
2026-10-06T13:31:53.9517135Z   - Installing mockery/mockery (1.6.15): Extracting archive
2026-10-06T13:31:53.9519529Z   - Installing filp/whoops (2.18.6): Extracting archive
2026-10-06T13:31:53.9521883Z   - Installing nunomaduro/collision (v8.9.5): Extracting archive
2026-10-06T13:31:53.9524040Z   - Installing opis/string (2.1.0): Extracting archive
2026-10-06T13:31:53.9526279Z   - Installing opis/uri (1.1.0): Extracting archive
2026-10-06T13:31:53.9528774Z   - Installing opis/json-schema (2.6.0): Extracting archive
2026-10-06T13:31:53.9531039Z   - Installing webmozart/assert (2.4.1): Extracting archive
2026-10-06T13:31:53.9533390Z   - Installing phpdocumentor/reflection-docblock (6.0.3): Extracting archive
2026-10-06T13:31:53.9535574Z   - Installing ta-tikoma/phpunit-architecture-test (0.8.7): Extracting archive
2026-10-06T13:31:53.9537964Z   - Installing pestphp/pest-plugin-arch (v4.0.2): Extracting archive
2026-10-06T13:31:53.9540209Z   - Installing pestphp/pest-plugin-profanity (v4.2.1): Extracting archive
2026-10-06T13:31:53.9543469Z   - Installing pestphp/pest-plugin-mutate (v4.0.1): Extracting archive
2026-10-06T13:31:53.9545629Z   - Installing pestphp/pest (v4.7.8): Extracting archive
2026-10-06T13:31:53.9548149Z   - Installing pestphp/pest-plugin-laravel (v4.1.0): Extracting archive
2026-10-06T13:31:53.9550461Z   - Installing paragonie/constant_time_encoding (v3.1.3): Extracting archive
2026-10-06T13:31:53.9553272Z   - Installing phpseclib/phpseclib (4.0.1): Extracting archive
2026-10-06T13:31:53.9555567Z   - Installing php-amqplib/php-amqplib (v3.7.5): Extracting archive
2026-10-06T13:31:55.2206772Z Generating autoload files
2026-10-06T13:31:55.4842962Z 97 packages you are using are looking for funding.
2026-10-06T13:31:55.4843711Z Use the `composer fund` command to find out more!
2026-10-06T13:31:55.6379060Z Installing dependencies from lock file (including require-dev)
2026-10-06T13:31:55.6428008Z Verifying lock file contents can be installed on current platform.
2026-10-06T13:31:55.7442906Z Package operations: 133 installs, 0 updates, 0 removals
2026-10-06T13:31:55.7805770Z   - Installing pestphp/pest-plugin (v4.0.0): Extracting archive
2026-10-06T13:31:55.7938061Z   - Installing symfony/process (v8.1.7): Extracting archive
2026-10-06T13:31:55.7943776Z   - Installing symfony/polyfill-mbstring (v1.43.0): Extracting archive
2026-10-06T13:31:55.7950236Z   - Installing symfony/polyfill-intl-normalizer (v1.43.0): Extracting archive
2026-10-06T13:31:55.7967755Z   - Installing symfony/polyfill-intl-grapheme (v1.43.0): Extracting archive
2026-10-06T13:31:55.8015060Z   - Installing symfony/polyfill-ctype (v1.37.0): Extracting archive
2026-10-06T13:31:55.8028159Z   - Installing symfony/string (v8.1.7): Extracting archive
2026-10-06T13:31:55.8029238Z   - Installing symfony/deprecation-contracts (v3.7.1): Extracting archive
2026-10-06T13:31:55.8030094Z   - Installing psr/container (2.0.2): Extracting archive
2026-10-06T13:31:55.8036788Z   - Installing symfony/service-contracts (v3.7.3): Extracting archive
2026-10-06T13:31:55.8066137Z   - Installing symfony/polyfill-php85 (v1.43.0): Extracting archive
2026-10-06T13:31:55.8072115Z   - Installing symfony/console (v8.1.8): Extracting archive
2026-10-06T13:31:55.8074251Z   - Installing sebastian/environment (8.1.2): Extracting archive
2026-10-06T13:31:55.8077782Z   - Installing staabm/side-effects-detector (1.0.5): Extracting archive
2026-10-06T13:31:55.8079926Z   - Installing sebastian/version (6.0.1): Extracting archive
2026-10-06T13:31:55.8082166Z   - Installing sebastian/type (6.0.4): Extracting archive
2026-10-06T13:31:55.8084493Z   - Installing sebastian/recursion-context (7.0.1): Extracting archive
2026-10-06T13:31:55.8086773Z   - Installing sebastian/object-reflector (5.0.0): Extracting archive
2026-10-06T13:31:55.8089516Z   - Installing sebastian/object-enumerator (7.0.0): Extracting archive
2026-10-06T13:31:55.8091741Z   - Installing sebastian/global-state (8.0.3): Extracting archive
2026-10-06T13:31:55.8093960Z   - Installing sebastian/exporter (7.0.3): Extracting archive
2026-10-06T13:31:55.8096170Z   - Installing sebastian/diff (7.0.1): Extracting archive
2026-10-06T13:31:55.8098681Z   - Installing sebastian/comparator (7.1.8): Extracting archive
2026-10-06T13:31:55.8100872Z   - Installing sebastian/cli-parser (4.2.1): Extracting archive
2026-10-06T13:31:55.8103128Z   - Installing phpunit/php-timer (8.0.0): Extracting archive
2026-10-06T13:31:55.8105534Z   - Installing phpunit/php-text-template (5.0.1): Extracting archive
2026-10-06T13:31:55.8108028Z   - Installing phpunit/php-invoker (6.0.0): Extracting archive
2026-10-06T13:31:55.8110394Z   - Installing phpunit/php-file-iterator (6.0.2): Extracting archive
2026-10-06T13:31:55.8112885Z   - Installing theseer/tokenizer (2.0.1): Extracting archive
2026-10-06T13:31:55.8115215Z   - Installing nikic/php-parser (v5.9.0): Extracting archive
2026-10-06T13:31:55.8117709Z   - Installing sebastian/lines-of-code (4.0.1): Extracting archive
2026-10-06T13:31:55.8119956Z   - Installing sebastian/complexity (5.0.0): Extracting archive
2026-10-06T13:31:55.8122181Z   - Installing phpunit/php-code-coverage (12.5.8): Extracting archive
2026-10-06T13:31:55.8124366Z   - Installing phar-io/version (3.2.1): Extracting archive
2026-10-06T13:31:55.8126664Z   - Installing phar-io/manifest (2.0.4): Extracting archive
2026-10-06T13:31:55.8129879Z   - Installing myclabs/deep-copy (1.14.0): Extracting archive
2026-10-06T13:31:55.8132215Z   - Installing phpunit/phpunit (12.5.33): Extracting archive
2026-10-06T13:31:55.8134702Z   - Installing jean85/pretty-package-versions (2.1.1): Extracting archive
2026-10-06T13:31:55.8138056Z   - Installing fidry/cpu-core-counter (1.4.1): Extracting archive
2026-10-06T13:31:55.8140462Z   - Installing brianium/paratest (v7.20.0): Extracting archive
2026-10-06T13:31:55.8142965Z   - Installing composer/pcre (3.4.0): Extracting archive
2026-10-06T13:31:55.8145428Z   - Installing symfony/yaml (v8.1.8): Extracting archive
2026-10-06T13:31:55.8148090Z   - Installing symfony/finder (v8.1.8): Extracting archive
2026-10-06T13:31:55.8150615Z   - Installing symfony/filesystem (v8.1.6): Extracting archive
2026-10-06T13:31:55.8152940Z   - Installing psr/event-dispatcher (1.0.0): Extracting archive
2026-10-06T13:31:55.8155600Z   - Installing symfony/event-dispatcher-contracts (v3.7.1): Extracting archive
2026-10-06T13:31:55.8157767Z   - Installing symfony/event-dispatcher (v8.1.5): Extracting archive
2026-10-06T13:31:55.8160552Z   - Installing symfony/polyfill-deepclone (v1.43.0): Extracting archive
2026-10-06T13:31:55.8162821Z   - Installing symfony/var-exporter (v8.1.6): Extracting archive
2026-10-06T13:31:55.8165372Z   - Installing symfony/dependency-injection (v8.1.8): Extracting archive
2026-10-06T13:31:55.8167490Z   - Installing symfony/config (v8.1.5): Extracting archive
2026-10-06T13:31:55.8170151Z   - Installing phpstan/phpstan (2.2.16): Extracting archive
2026-10-06T13:31:55.8172506Z   - Installing phpstan/phpdoc-parser (2.3.6): Extracting archive
2026-10-06T13:31:55.8175294Z   - Installing phpdocumentor/reflection-common (2.2.1): Extracting archive
2026-10-06T13:31:55.8177300Z   - Installing doctrine/deprecations (1.1.6): Extracting archive
2026-10-06T13:31:55.8180002Z   - Installing phpdocumentor/type-resolver (2.1.0): Extracting archive
2026-10-06T13:31:55.8182225Z   - Installing phpdocumentor/graphviz (2.1.0): Extracting archive
2026-10-06T13:31:55.8202276Z   - Installing jetbrains/phpstorm-stubs (v2026.2): Extracting archive
2026-10-06T13:31:55.8203193Z   - Installing psr/log (3.0.2): Extracting archive
2026-10-06T13:31:55.8203912Z   - Installing composer/xdebug-handler (3.0.5): Extracting archive
2026-10-06T13:31:55.8204653Z   - Installing deptrac/deptrac (4.7.2): Extracting archive
2026-10-06T13:31:55.8205334Z   - Installing doctrine/inflector (2.1.0): Extracting archive
2026-10-06T13:31:55.8205995Z   - Installing doctrine/lexer (3.0.3): Extracting archive
2026-10-06T13:31:55.8206754Z   - Installing dragonmantank/cron-expression (v3.6.0): Extracting archive
2026-10-06T13:31:55.8207787Z   - Installing symfony/http-foundation (v8.1.8): Extracting archive
2026-10-06T13:31:55.8208531Z   - Installing fruitcake/php-cors (v1.4.0): Extracting archive
2026-10-06T13:31:55.8209305Z   - Installing symfony/polyfill-php82 (v1.43.0): Extracting archive
2026-10-06T13:31:55.8210068Z   - Installing symfony/polyfill-php80 (v1.43.0): Extracting archive
2026-10-06T13:31:55.8210760Z   - Installing psr/http-message (2.0): Extracting archive
2026-10-06T13:31:55.8212249Z   - Installing psr/http-factory (1.1.0): Extracting archive
2026-10-06T13:31:55.8214858Z   - Installing psr/http-client (1.0.3): Extracting archive
2026-10-06T13:31:55.8217371Z   - Installing guzzlehttp/psr7 (3.1.0): Extracting archive
2026-10-06T13:31:55.8220015Z   - Installing guzzlehttp/promises (3.0.2): Extracting archive
2026-10-06T13:31:55.8222430Z   - Installing guzzlehttp/guzzle (8.2.0): Extracting archive
2026-10-06T13:31:55.8224893Z   - Installing guzzlehttp/uri-template (v2.0.1): Extracting archive
2026-10-06T13:31:55.8227464Z   - Installing voku/portable-ascii (2.1.1): Extracting archive
2026-10-06T13:31:55.8229952Z   - Installing phpoption/phpoption (1.10.0): Extracting archive
2026-10-06T13:31:55.8233525Z   - Installing graham-campbell/result-type (v1.2.0): Extracting archive
2026-10-06T13:31:55.8235677Z   - Installing vlucas/phpdotenv (v5.7.0): Extracting archive
2026-10-06T13:31:55.8238510Z   - Installing symfony/css-selector (v8.1.6): Extracting archive
2026-10-06T13:31:55.8240790Z   - Installing tijsverkoyen/css-to-inline-styles (v2.4.0): Extracting archive
2026-10-06T13:31:55.8243370Z   - Installing symfony/var-dumper (v8.1.7): Extracting archive
2026-10-06T13:31:55.8245699Z   - Installing symfony/polyfill-uuid (v1.43.0): Extracting archive
2026-10-06T13:31:55.8248266Z   - Installing symfony/uid (v8.1.8): Extracting archive
2026-10-06T13:31:55.8250720Z   - Installing symfony/routing (v8.1.8): Extracting archive
2026-10-06T13:31:55.8253240Z   - Installing symfony/polyfill-php86 (v1.43.0): Extracting archive
2026-10-06T13:31:55.8255507Z   - Installing symfony/polyfill-php84 (v1.43.0): Extracting archive
2026-10-06T13:31:55.8258136Z   - Installing symfony/polyfill-intl-idn (v1.43.0): Extracting archive
2026-10-06T13:31:55.8260536Z   - Installing symfony/mime (v8.1.7): Extracting archive
2026-10-06T13:31:55.8263203Z   - Installing egulias/email-validator (4.0.4): Extracting archive
2026-10-06T13:31:55.8265360Z   - Installing symfony/mailer (v8.1.7): Extracting archive
2026-10-06T13:31:55.8268143Z   - Installing symfony/error-handler (v8.1.8): Extracting archive
2026-10-06T13:31:55.8270487Z   - Installing symfony/http-kernel (v8.1.8): Extracting archive
2026-10-06T13:31:55.8272612Z   - Installing ramsey/collection (2.1.1): Extracting archive
2026-10-06T13:31:55.8275088Z   - Installing brick/math (1.0.0): Extracting archive
2026-10-06T13:31:55.8277616Z   - Installing ramsey/uuid (4.9.4): Extracting archive
2026-10-06T13:31:55.8280197Z   - Installing psr/simple-cache (3.0.0): Extracting archive
2026-10-06T13:31:55.8283073Z   - Installing nunomaduro/termwind (v2.4.0): Extracting archive
2026-10-06T13:31:55.8284954Z   - Installing symfony/translation-contracts (v3.7.1): Extracting archive
2026-10-06T13:31:55.8287396Z   - Installing symfony/translation (v8.1.5): Extracting archive
2026-10-06T13:31:55.8290060Z   - Installing psr/clock (1.0.0): Extracting archive
2026-10-06T13:31:55.8292433Z   - Installing symfony/clock (v8.1.0): Extracting archive
2026-10-06T13:31:55.8295489Z   - Installing carbonphp/carbon-doctrine-types (3.2.1): Extracting archive
2026-10-06T13:31:55.8297693Z   - Installing nesbot/carbon (3.14.2): Extracting archive
2026-10-06T13:31:55.8300412Z   - Installing monolog/monolog (3.12.1): Extracting archive
2026-10-06T13:31:55.8302915Z   - Installing league/uri-interfaces (7.8.1): Extracting archive
2026-10-06T13:31:55.8305195Z   - Installing league/uri (7.8.1): Extracting archive
2026-10-06T13:31:55.8307683Z   - Installing league/mime-type-detection (1.17.0): Extracting archive
2026-10-06T13:31:55.8310363Z   - Installing league/flysystem-local (3.35.3): Extracting archive
2026-10-06T13:31:55.8312607Z   - Installing league/flysystem (3.36.0): Extracting archive
2026-10-06T13:31:55.8315116Z   - Installing nette/utils (v4.1.5): Extracting archive
2026-10-06T13:31:55.8317626Z   - Installing nette/schema (v1.3.6): Extracting archive
2026-10-06T13:31:55.8320197Z   - Installing dflydev/dot-access-data (v3.0.3): Extracting archive
2026-10-06T13:31:55.8322286Z   - Installing league/config (v1.2.0): Extracting archive
2026-10-06T13:31:55.8324843Z   - Installing league/commonmark (2.10.3): Extracting archive
2026-10-06T13:31:55.8327225Z   - Installing laravel/serializable-closure (v2.1.0): Extracting archive
2026-10-06T13:31:55.8329644Z   - Installing laravel/prompts (v0.3.24): Extracting archive
2026-10-06T13:31:55.8332046Z   - Installing laravel/framework (v13.34.0): Extracting archive
2026-10-06T13:31:55.8334176Z   - Installing iamcal/sql-parser (v0.7): Extracting archive
2026-10-06T13:31:55.8336713Z   - Installing larastan/larastan (v3.12.2): Extracting archive
2026-10-06T13:31:55.8339829Z   - Installing laravel/pint (v1.32.1): Extracting archive
2026-10-06T13:31:55.8342221Z   - Installing hamcrest/hamcrest-php (v3.0.0): Extracting archive
2026-10-06T13:31:55.8344623Z   - Installing mockery/mockery (1.6.15): Extracting archive
2026-10-06T13:31:55.8347243Z   - Installing filp/whoops (2.18.6): Extracting archive
2026-10-06T13:31:55.8349425Z   - Installing nunomaduro/collision (v8.9.5): Extracting archive
2026-10-06T13:31:55.8352088Z   - Installing webmozart/assert (2.4.1): Extracting archive
2026-10-06T13:31:55.8354657Z   - Installing phpdocumentor/reflection-docblock (6.0.3): Extracting archive
2026-10-06T13:31:55.8356691Z   - Installing ta-tikoma/phpunit-architecture-test (0.8.7): Extracting archive
2026-10-06T13:31:55.8359407Z   - Installing pestphp/pest-plugin-arch (v4.0.2): Extracting archive
2026-10-06T13:31:55.8361873Z   - Installing pestphp/pest-plugin-profanity (v4.2.1): Extracting archive
2026-10-06T13:31:55.8364300Z   - Installing pestphp/pest-plugin-mutate (v4.0.1): Extracting archive
2026-10-06T13:31:55.8366302Z   - Installing pestphp/pest (v4.7.8): Extracting archive
2026-10-06T13:31:55.8369094Z   - Installing pestphp/pest-plugin-laravel (v4.1.0): Extracting archive
2026-10-06T13:31:57.1749487Z Generating autoload files
2026-10-06T13:31:57.4395917Z 96 packages you are using are looking for funding.
2026-10-06T13:31:57.4396620Z Use the `composer fund` command to find out more!
2026-10-06T13:31:57.5939486Z Installing dependencies from lock file (including require-dev)
2026-10-06T13:31:57.5990283Z Verifying lock file contents can be installed on current platform.
2026-10-06T13:31:57.7013775Z Package operations: 140 installs, 0 updates, 0 removals
2026-10-06T13:31:57.7409213Z   - Downloading inertiajs/inertia-laravel (v3.5.1)
2026-10-06T13:31:58.2452701Z   - Installing pestphp/pest-plugin (v4.0.0): Extracting archive
2026-10-06T13:31:58.2584210Z   - Installing symfony/process (v8.1.7): Extracting archive
2026-10-06T13:31:58.2590291Z   - Installing symfony/polyfill-mbstring (v1.43.0): Extracting archive
2026-10-06T13:31:58.2595867Z   - Installing symfony/polyfill-intl-normalizer (v1.43.0): Extracting archive
2026-10-06T13:31:58.2601686Z   - Installing symfony/polyfill-intl-grapheme (v1.43.0): Extracting archive
2026-10-06T13:31:58.2644812Z   - Installing symfony/polyfill-ctype (v1.37.0): Extracting archive
2026-10-06T13:31:58.2658562Z   - Installing symfony/string (v8.1.7): Extracting archive
2026-10-06T13:31:58.2659697Z   - Installing symfony/deprecation-contracts (v3.7.1): Extracting archive
2026-10-06T13:31:58.2666008Z   - Installing psr/container (2.0.2): Extracting archive
2026-10-06T13:31:58.2702525Z   - Installing symfony/service-contracts (v3.7.3): Extracting archive
2026-10-06T13:31:58.2703383Z   - Installing symfony/polyfill-php85 (v1.43.0): Extracting archive
2026-10-06T13:31:58.2705967Z   - Installing symfony/console (v8.1.8): Extracting archive
2026-10-06T13:31:58.2708763Z   - Installing sebastian/environment (8.1.2): Extracting archive
2026-10-06T13:31:58.2711227Z   - Installing staabm/side-effects-detector (1.0.5): Extracting archive
2026-10-06T13:31:58.2713686Z   - Installing sebastian/version (6.0.1): Extracting archive
2026-10-06T13:31:58.2737733Z   - Installing sebastian/type (6.0.4): Extracting archive
2026-10-06T13:31:58.2738542Z   - Installing sebastian/recursion-context (7.0.1): Extracting archive
2026-10-06T13:31:58.2739415Z   - Installing sebastian/object-reflector (5.0.0): Extracting archive
2026-10-06T13:31:58.2740234Z   - Installing sebastian/object-enumerator (7.0.0): Extracting archive
2026-10-06T13:31:58.2741076Z   - Installing sebastian/global-state (8.0.3): Extracting archive
2026-10-06T13:31:58.2741722Z   - Installing sebastian/exporter (7.0.3): Extracting archive
2026-10-06T13:31:58.2742154Z   - Installing sebastian/diff (7.0.1): Extracting archive
2026-10-06T13:31:58.2742574Z   - Installing sebastian/comparator (7.1.8): Extracting archive
2026-10-06T13:31:58.2743009Z   - Installing sebastian/cli-parser (4.2.1): Extracting archive
2026-10-06T13:31:58.2748045Z   - Installing phpunit/php-timer (8.0.0): Extracting archive
2026-10-06T13:31:58.2748873Z   - Installing phpunit/php-text-template (5.0.1): Extracting archive
2026-10-06T13:31:58.2749627Z   - Installing phpunit/php-invoker (6.0.0): Extracting archive
2026-10-06T13:31:58.2751457Z   - Installing phpunit/php-file-iterator (6.0.2): Extracting archive
2026-10-06T13:31:58.2754056Z   - Installing theseer/tokenizer (2.0.1): Extracting archive
2026-10-06T13:31:58.2756517Z   - Installing nikic/php-parser (v5.9.0): Extracting archive
2026-10-06T13:31:58.2759219Z   - Installing sebastian/lines-of-code (4.0.1): Extracting archive
2026-10-06T13:31:58.2761707Z   - Installing sebastian/complexity (5.0.0): Extracting archive
2026-10-06T13:31:58.2764134Z   - Installing phpunit/php-code-coverage (12.5.8): Extracting archive
2026-10-06T13:31:58.2766447Z   - Installing phar-io/version (3.2.1): Extracting archive
2026-10-06T13:31:58.2769180Z   - Installing phar-io/manifest (2.0.4): Extracting archive
2026-10-06T13:31:58.2771535Z   - Installing myclabs/deep-copy (1.14.0): Extracting archive
2026-10-06T13:31:58.2773946Z   - Installing phpunit/phpunit (12.5.33): Extracting archive
2026-10-06T13:31:58.2776404Z   - Installing jean85/pretty-package-versions (2.1.1): Extracting archive
2026-10-06T13:31:58.2779028Z   - Installing fidry/cpu-core-counter (1.4.1): Extracting archive
2026-10-06T13:31:58.2781431Z   - Installing brianium/paratest (v7.20.0): Extracting archive
2026-10-06T13:31:58.2783860Z   - Installing composer/pcre (3.4.0): Extracting archive
2026-10-06T13:31:58.2786234Z   - Installing symfony/yaml (v8.1.8): Extracting archive
2026-10-06T13:31:58.2788806Z   - Installing symfony/finder (v8.1.8): Extracting archive
2026-10-06T13:31:58.2791212Z   - Installing symfony/filesystem (v8.1.6): Extracting archive
2026-10-06T13:31:58.2793582Z   - Installing psr/event-dispatcher (1.0.0): Extracting archive
2026-10-06T13:31:58.2796084Z   - Installing symfony/event-dispatcher-contracts (v3.7.1): Extracting archive
2026-10-06T13:31:58.2798793Z   - Installing symfony/event-dispatcher (v8.1.5): Extracting archive
2026-10-06T13:31:58.2801161Z   - Installing symfony/polyfill-deepclone (v1.43.0): Extracting archive
2026-10-06T13:31:58.2803538Z   - Installing symfony/var-exporter (v8.1.6): Extracting archive
2026-10-06T13:31:58.2806136Z   - Installing symfony/dependency-injection (v8.1.8): Extracting archive
2026-10-06T13:31:58.2808930Z   - Installing symfony/config (v8.1.5): Extracting archive
2026-10-06T13:31:58.2811370Z   - Installing phpstan/phpstan (2.2.16): Extracting archive
2026-10-06T13:31:58.2813839Z   - Installing phpstan/phpdoc-parser (2.3.6): Extracting archive
2026-10-06T13:31:58.2816212Z   - Installing phpdocumentor/reflection-common (2.2.1): Extracting archive
2026-10-06T13:31:58.2818859Z   - Installing doctrine/deprecations (1.1.6): Extracting archive
2026-10-06T13:31:58.2821306Z   - Installing phpdocumentor/type-resolver (2.1.0): Extracting archive
2026-10-06T13:31:58.2823606Z   - Installing phpdocumentor/graphviz (2.1.0): Extracting archive
2026-10-06T13:31:58.2826598Z   - Installing jetbrains/phpstorm-stubs (v2026.2): Extracting archive
2026-10-06T13:31:58.2829111Z   - Installing psr/log (3.0.2): Extracting archive
2026-10-06T13:31:58.2831522Z   - Installing composer/xdebug-handler (3.0.5): Extracting archive
2026-10-06T13:31:58.2833802Z   - Installing deptrac/deptrac (4.7.2): Extracting archive
2026-10-06T13:31:58.2836295Z   - Installing doctrine/inflector (2.1.0): Extracting archive
2026-10-06T13:31:58.2838822Z   - Installing doctrine/lexer (3.0.3): Extracting archive
2026-10-06T13:31:58.2841466Z   - Installing dragonmantank/cron-expression (v3.6.0): Extracting archive
2026-10-06T13:31:58.2843795Z   - Installing symfony/http-foundation (v8.1.8): Extracting archive
2026-10-06T13:31:58.2846183Z   - Installing fruitcake/php-cors (v1.4.0): Extracting archive
2026-10-06T13:31:58.2848869Z   - Installing symfony/polyfill-php82 (v1.43.0): Extracting archive
2026-10-06T13:31:58.2852288Z   - Installing symfony/polyfill-php80 (v1.43.0): Extracting archive
2026-10-06T13:31:58.2854494Z   - Installing psr/http-message (2.0): Extracting archive
2026-10-06T13:31:58.2857049Z   - Installing psr/http-factory (1.1.0): Extracting archive
2026-10-06T13:31:58.2859527Z   - Installing psr/http-client (1.0.3): Extracting archive
2026-10-06T13:31:58.2861823Z   - Installing guzzlehttp/psr7 (3.1.0): Extracting archive
2026-10-06T13:31:58.2864166Z   - Installing guzzlehttp/promises (3.0.2): Extracting archive
2026-10-06T13:31:58.2866514Z   - Installing guzzlehttp/guzzle (8.2.0): Extracting archive
2026-10-06T13:31:58.2869105Z   - Installing guzzlehttp/uri-template (v2.0.1): Extracting archive
2026-10-06T13:31:58.2871376Z   - Installing voku/portable-ascii (2.1.1): Extracting archive
2026-10-06T13:31:58.2873767Z   - Installing phpoption/phpoption (1.10.0): Extracting archive
2026-10-06T13:31:58.2876127Z   - Installing graham-campbell/result-type (v1.2.0): Extracting archive
2026-10-06T13:31:58.2878943Z   - Installing vlucas/phpdotenv (v5.7.0): Extracting archive
2026-10-06T13:31:58.2881325Z   - Installing symfony/css-selector (v8.1.6): Extracting archive
2026-10-06T13:31:58.2883743Z   - Installing tijsverkoyen/css-to-inline-styles (v2.4.0): Extracting archive
2026-10-06T13:31:58.2885893Z   - Installing symfony/var-dumper (v8.1.7): Extracting archive
2026-10-06T13:31:58.2888565Z   - Installing symfony/polyfill-uuid (v1.43.0): Extracting archive
2026-10-06T13:31:58.2890647Z   - Installing symfony/uid (v8.1.8): Extracting archive
2026-10-06T13:31:58.2893127Z   - Installing symfony/routing (v8.1.8): Extracting archive
2026-10-06T13:31:58.2895435Z   - Installing symfony/polyfill-php86 (v1.43.0): Extracting archive
2026-10-06T13:31:58.2898009Z   - Installing symfony/polyfill-php84 (v1.43.0): Extracting archive
2026-10-06T13:31:58.2900338Z   - Installing symfony/polyfill-intl-idn (v1.43.0): Extracting archive
2026-10-06T13:31:58.2902398Z   - Installing symfony/mime (v8.1.7): Extracting archive
2026-10-06T13:31:58.2905057Z   - Installing egulias/email-validator (4.0.4): Extracting archive
2026-10-06T13:31:58.2907018Z   - Installing symfony/mailer (v8.1.7): Extracting archive
2026-10-06T13:31:58.2909624Z   - Installing symfony/error-handler (v8.1.8): Extracting archive
2026-10-06T13:31:58.2911903Z   - Installing symfony/http-kernel (v8.1.8): Extracting archive
2026-10-06T13:31:58.2914250Z   - Installing ramsey/collection (2.1.1): Extracting archive
2026-10-06T13:31:58.2916533Z   - Installing brick/math (1.0.0): Extracting archive
2026-10-06T13:31:58.2919294Z   - Installing ramsey/uuid (4.9.4): Extracting archive
2026-10-06T13:31:58.2921662Z   - Installing psr/simple-cache (3.0.0): Extracting archive
2026-10-06T13:31:58.2924010Z   - Installing nunomaduro/termwind (v2.4.0): Extracting archive
2026-10-06T13:31:58.2926420Z   - Installing symfony/translation-contracts (v3.7.1): Extracting archive
2026-10-06T13:31:58.2928987Z   - Installing symfony/translation (v8.1.5): Extracting archive
2026-10-06T13:31:58.2931264Z   - Installing psr/clock (1.0.0): Extracting archive
2026-10-06T13:31:58.2933670Z   - Installing symfony/clock (v8.1.0): Extracting archive
2026-10-06T13:31:58.2936229Z   - Installing carbonphp/carbon-doctrine-types (3.2.1): Extracting archive
2026-10-06T13:31:58.2938333Z   - Installing nesbot/carbon (3.14.2): Extracting archive
2026-10-06T13:31:58.2940967Z   - Installing monolog/monolog (3.12.1): Extracting archive
2026-10-06T13:31:58.2943301Z   - Installing league/uri-interfaces (7.8.1): Extracting archive
2026-10-06T13:31:58.2945611Z   - Installing league/uri (7.8.1): Extracting archive
2026-10-06T13:31:58.2948335Z   - Installing league/mime-type-detection (1.17.0): Extracting archive
2026-10-06T13:31:58.2950538Z   - Installing league/flysystem-local (3.35.3): Extracting archive
2026-10-06T13:31:58.2952996Z   - Installing league/flysystem (3.36.0): Extracting archive
2026-10-06T13:31:58.2955265Z   - Installing nette/utils (v4.1.5): Extracting archive
2026-10-06T13:31:58.2957921Z   - Installing nette/schema (v1.3.6): Extracting archive
2026-10-06T13:31:58.2960476Z   - Installing dflydev/dot-access-data (v3.0.3): Extracting archive
2026-10-06T13:31:58.2962797Z   - Installing league/config (v1.2.0): Extracting archive
2026-10-06T13:31:58.2965328Z   - Installing league/commonmark (2.10.3): Extracting archive
2026-10-06T13:31:58.2967992Z   - Installing laravel/serializable-closure (v2.1.0): Extracting archive
2026-10-06T13:31:58.2970107Z   - Installing laravel/prompts (v0.3.24): Extracting archive
2026-10-06T13:31:58.2972693Z   - Installing laravel/framework (v13.34.0): Extracting archive
2026-10-06T13:31:58.2974944Z   - Installing inertiajs/inertia-laravel (v3.5.1): Extracting archive
2026-10-06T13:31:58.2977454Z   - Installing iamcal/sql-parser (v0.7): Extracting archive
2026-10-06T13:31:58.2979929Z   - Installing larastan/larastan (v3.12.2): Extracting archive
2026-10-06T13:31:58.2982486Z   - Installing laravel/pint (v1.32.1): Extracting archive
2026-10-06T13:31:58.2984970Z   - Installing hamcrest/hamcrest-php (v3.0.0): Extracting archive
2026-10-06T13:31:58.2987530Z   - Installing mockery/mockery (1.6.15): Extracting archive
2026-10-06T13:31:58.2989877Z   - Installing filp/whoops (2.18.6): Extracting archive
2026-10-06T13:31:58.2992305Z   - Installing nunomaduro/collision (v8.9.5): Extracting archive
2026-10-06T13:31:58.2994692Z   - Installing opis/string (2.1.0): Extracting archive
2026-10-06T13:31:58.2997242Z   - Installing opis/uri (1.1.0): Extracting archive
2026-10-06T13:31:58.2999853Z   - Installing opis/json-schema (2.6.0): Extracting archive
2026-10-06T13:31:58.3002251Z   - Installing webmozart/assert (2.4.1): Extracting archive
2026-10-06T13:31:58.3004842Z   - Installing phpdocumentor/reflection-docblock (6.0.3): Extracting archive
2026-10-06T13:31:58.3007390Z   - Installing ta-tikoma/phpunit-architecture-test (0.8.7): Extracting archive
2026-10-06T13:31:58.3010333Z   - Installing pestphp/pest-plugin-arch (v4.0.2): Extracting archive
2026-10-06T13:31:58.3013707Z   - Installing pestphp/pest-plugin-profanity (v4.2.1): Extracting archive
2026-10-06T13:31:58.3016777Z   - Installing pestphp/pest-plugin-mutate (v4.0.1): Extracting archive
2026-10-06T13:31:58.3018743Z   - Installing pestphp/pest (v4.7.8): Extracting archive
2026-10-06T13:31:58.3021495Z   - Installing pestphp/pest-plugin-laravel (v4.1.0): Extracting archive
2026-10-06T13:31:58.3023526Z   - Installing paragonie/constant_time_encoding (v3.1.3): Extracting archive
2026-10-06T13:31:58.3026052Z   - Installing phpseclib/phpseclib (4.0.1): Extracting archive
2026-10-06T13:31:58.3028673Z   - Installing php-amqplib/php-amqplib (v3.7.5): Extracting archive
2026-10-06T13:31:59.7923008Z Generating autoload files
2026-10-06T13:32:00.0539282Z 97 packages you are using are looking for funding.
2026-10-06T13:32:00.0540064Z Use the `composer fund` command to find out more!
2026-10-06T13:32:00.1234657Z Using CPython 3.12.14 interpreter at: /opt/hostedtoolcache/Python/3.12.14/x64/bin/python3.12
2026-10-06T13:32:00.1235635Z Creating virtual environment at: services/planning/.venv
2026-10-06T13:32:00.1254017Z Resolved 28 packages in 0.72ms
2026-10-06T13:32:00.1331197Z    Building product-planning @ file:///home/runner/work/multi-tenant/multi-tenant/services/planning
2026-10-06T13:32:00.2661653Z Downloading ruff (9.9MiB)
2026-10-06T13:32:00.2664512Z Downloading ast-serialize (1.3MiB)
2026-10-06T13:32:00.2665228Z Downloading pygments (1.2MiB)
2026-10-06T13:32:00.2669397Z Downloading psycopg-binary (5.0MiB)
2026-10-06T13:32:00.2670235Z Downloading mypy (14.8MiB)
2026-10-06T13:32:00.4417507Z  Downloaded pygments
2026-10-06T13:32:00.4448482Z  Downloaded ast-serialize
2026-10-06T13:32:00.5030960Z  Downloaded psycopg-binary
2026-10-06T13:32:00.5581117Z  Downloaded ruff
2026-10-06T13:32:00.6549797Z  Downloaded mypy
2026-10-06T13:32:01.2781150Z       Built product-planning @ file:///home/runner/work/multi-tenant/multi-tenant/services/planning
2026-10-06T13:32:01.2791081Z Prepared 24 packages in 1.15s
2026-10-06T13:32:01.3145419Z Installed 24 packages in 35ms
2026-10-06T13:32:01.3145961Z  + ast-serialize==0.12.1
2026-10-06T13:32:01.3146391Z  + attrs==26.1.0
2026-10-06T13:32:01.3146724Z  + click==8.5.0
2026-10-06T13:32:01.3147231Z  + h11==0.16.0
2026-10-06T13:32:01.3147880Z  + iniconfig==2.3.0
2026-10-06T13:32:01.3148868Z  + jsonschema==4.26.0
2026-10-06T13:32:01.3149364Z  + jsonschema-specifications==2025.9.1
2026-10-06T13:32:01.3149826Z  + librt==0.16.0
2026-10-06T13:32:01.3150193Z  + mypy==2.4.0
2026-10-06T13:32:01.3150898Z  + mypy-extensions==1.1.0
2026-10-06T13:32:01.3151433Z  + packaging==26.3
2026-10-06T13:32:01.3151986Z  + pathspec==1.1.1
2026-10-06T13:32:01.3152533Z  + pika==1.4.4
2026-10-06T13:32:01.3153276Z  + pluggy==1.6.0
2026-10-06T13:32:01.3154849Z  + product-planning==0.1.0.dev0 (from file:///home/runner/work/multi-tenant/multi-tenant/services/planning)
2026-10-06T13:32:01.3155635Z  + psycopg==3.3.6
2026-10-06T13:32:01.3155990Z  + psycopg-binary==3.3.6
2026-10-06T13:32:01.3156381Z  + pygments==2.21.0
2026-10-06T13:32:01.3157121Z  + pytest==9.1.1
2026-10-06T13:32:01.3157878Z  + referencing==0.37.0
2026-10-06T13:32:01.3158323Z  + rpds-py==2026.9.1
2026-10-06T13:32:01.3159026Z  + ruff==0.16.10
2026-10-06T13:32:01.3159752Z  + typing-extensions==4.16.0
2026-10-06T13:32:01.3160333Z  + uvicorn==0.53.0
2026-10-06T13:32:01.3352785Z Using CPython 3.12.14 interpreter at: /opt/hostedtoolcache/Python/3.12.14/x64/bin/python3.12
2026-10-06T13:32:01.3353781Z Creating virtual environment at: services/inventory/.venv
2026-10-06T13:32:01.3370318Z Resolved 23 packages in 0.64ms
2026-10-06T13:32:01.3386608Z    Building product-inventory @ file:///home/runner/work/multi-tenant/multi-tenant/services/inventory
2026-10-06T13:32:02.0481942Z       Built product-inventory @ file:///home/runner/work/multi-tenant/multi-tenant/services/inventory
2026-10-06T13:32:02.0495318Z Prepared 1 package in 711ms
2026-10-06T13:32:02.0800677Z Installed 19 packages in 30ms
2026-10-06T13:32:02.0801169Z  + ast-serialize==0.12.1
2026-10-06T13:32:02.0801544Z  + click==8.5.0
2026-10-06T13:32:02.0801855Z  + h11==0.16.0
2026-10-06T13:32:02.0802301Z  + iniconfig==2.3.0
2026-10-06T13:32:02.0803120Z  + librt==0.16.0
2026-10-06T13:32:02.0803431Z  + mypy==2.4.0
2026-10-06T13:32:02.0803773Z  + mypy-extensions==1.1.0
2026-10-06T13:32:02.0804886Z  + packaging==26.3
2026-10-06T13:32:02.0805224Z  + pathspec==1.1.1
2026-10-06T13:32:02.0805548Z  + pika==1.4.4
2026-10-06T13:32:02.0805969Z  + pluggy==1.6.0
2026-10-06T13:32:02.0807479Z  + product-inventory==0.1.0.dev0 (from file:///home/runner/work/multi-tenant/multi-tenant/services/inventory)
2026-10-06T13:32:02.0808287Z  + psycopg==3.3.6
2026-10-06T13:32:02.0808635Z  + psycopg-binary==3.3.6
2026-10-06T13:32:02.0808998Z  + pygments==2.21.0
2026-10-06T13:32:02.0809328Z  + pytest==9.1.1
2026-10-06T13:32:02.0809646Z  + ruff==0.16.10
2026-10-06T13:32:02.0809976Z  + typing-extensions==4.16.0
2026-10-06T13:32:02.0810382Z  + uvicorn==0.53.0
2026-10-06T13:32:02.0988012Z Using CPython 3.12.14 interpreter at: /opt/hostedtoolcache/Python/3.12.14/x64/bin/python3.12
2026-10-06T13:32:02.0988755Z Creating virtual environment at: workers/inventory/.venv
2026-10-06T13:32:02.1004094Z Resolved 16 packages in 0.58ms
2026-10-06T13:32:02.1017614Z    Building product-inventory-worker @ file:///home/runner/work/multi-tenant/multi-tenant/workers/inventory
2026-10-06T13:32:02.8171322Z       Built product-inventory-worker @ file:///home/runner/work/multi-tenant/multi-tenant/workers/inventory
2026-10-06T13:32:02.8185317Z Prepared 1 package in 717ms
2026-10-06T13:32:02.8534452Z Installed 13 packages in 34ms
2026-10-06T13:32:02.8534894Z  + ast-serialize==0.12.1
2026-10-06T13:32:02.8535238Z  + iniconfig==2.3.0
2026-10-06T13:32:02.8535940Z  + librt==0.16.0
2026-10-06T13:32:02.8536264Z  + mypy==2.4.0
2026-10-06T13:32:02.8536599Z  + mypy-extensions==1.1.0
2026-10-06T13:32:02.8537105Z  + packaging==26.3
2026-10-06T13:32:02.8537444Z  + pathspec==1.1.1
2026-10-06T13:32:02.8537758Z  + pluggy==1.6.0
2026-10-06T13:32:02.8538918Z  + product-inventory-worker==0.1.0.dev0 (from file:///home/runner/work/multi-tenant/multi-tenant/workers/inventory)
2026-10-06T13:32:02.8539737Z  + pygments==2.21.0
2026-10-06T13:32:02.8540087Z  + pytest==9.1.1
2026-10-06T13:32:02.8540403Z  + ruff==0.16.10
2026-10-06T13:32:02.8540790Z  + typing-extensions==4.16.0
2026-10-06T13:32:06.6188786Z 
2026-10-06T13:32:06.6189389Z added 77 packages in 4s
2026-10-06T13:32:06.7575363Z 
2026-10-06T13:32:06.7575902Z > product-console@0.0.0 build
2026-10-06T13:32:06.7576256Z > vite build
2026-10-06T13:32:06.7576750Z 
2026-10-06T13:32:07.1434577Z [36mvite v8.3.2 [32mbuilding client environment for production...[36m[39m
2026-10-06T13:32:07.1538435Z transforming...
2026-10-06T13:32:07.7808350Z ✓ 608 modules transformed.
2026-10-06T13:32:07.8074107Z rendering chunks...
2026-10-06T13:32:07.8647816Z computing gzip size...
2026-10-06T13:32:07.8686778Z public/build/manifest.json                                   6.50 kB │ gzip:  0.93 kB
2026-10-06T13:32:07.8688151Z public/build/assets/IdentityLayout-DWjcmymb.css              0.88 kB │ gzip:  0.35 kB
2026-10-06T13:32:07.8689345Z public/build/assets/CatalogueLayout-D6KreuYD.css             1.35 kB │ gzip:  0.50 kB
2026-10-06T13:32:07.8690441Z public/build/assets/app-Dmy-sYg9.css                        16.22 kB │ gzip:  4.05 kB
2026-10-06T13:32:07.8691532Z public/build/assets/_plugin-vue_export-helper-BDNMzG2s.js    0.08 kB │ gzip:  0.09 kB
2026-10-06T13:32:07.8692626Z public/build/assets/useAccess-CmZPL0SO.js                    1.11 kB │ gzip:  0.66 kB
2026-10-06T13:32:07.8693710Z public/build/assets/defaults-PkqlGNrL.js                     1.21 kB │ gzip:  0.65 kB
2026-10-06T13:32:07.8694780Z public/build/assets/IdentityLayout-Ds5b5UnI.js               1.22 kB │ gzip:  0.76 kB
2026-10-06T13:32:07.8695868Z public/build/assets/CatalogueLayout-BLs8W5lK.js              1.56 kB │ gzip:  0.78 kB
2026-10-06T13:32:07.8697092Z public/build/assets/Foundation-Ulk5PoNC.js                   1.60 kB │ gzip:  0.83 kB
2026-10-06T13:32:07.8698139Z public/build/assets/Login-DbA08Tdg.js                        1.75 kB │ gzip:  0.82 kB
2026-10-06T13:32:07.8699544Z public/build/assets/Index-9td1WM-u.js                        1.93 kB │ gzip:  0.92 kB
2026-10-06T13:32:07.8700581Z public/build/assets/Index-DeSungHv.js                        1.94 kB │ gzip:  1.06 kB
2026-10-06T13:32:07.8701628Z public/build/assets/Password-D9cnNAhK.js                     2.17 kB │ gzip:  0.88 kB
2026-10-06T13:32:07.8702707Z public/build/assets/ChangeNotice-0G0BxHWl.js                 2.32 kB │ gzip:  1.11 kB
2026-10-06T13:32:07.8703809Z public/build/assets/Account-DTX5W_D0.js                      3.69 kB │ gzip:  1.60 kB
2026-10-06T13:32:07.8704866Z public/build/assets/References-CA8Yi1vt.js                   4.89 kB │ gzip:  2.10 kB
2026-10-06T13:32:07.8705931Z public/build/assets/Setup-RZuFXE0M.js                        5.66 kB │ gzip:  2.33 kB
2026-10-06T13:32:07.8707775Z public/build/assets/Resources-BHDFs0mL.js                    6.19 kB │ gzip:  2.57 kB
2026-10-06T13:32:07.8708813Z public/build/assets/Site-BPskT7Sw.js                         7.00 kB │ gzip:  2.84 kB
2026-10-06T13:32:07.8709801Z public/build/assets/Application-CGfrgi6K.js                  7.29 kB │ gzip:  2.60 kB
2026-10-06T13:32:07.8710794Z public/build/assets/Tenant-NzDTr0VO.js                       8.46 kB │ gzip:  2.79 kB
2026-10-06T13:32:07.8711779Z public/build/assets/Workspace-DySuiTNO.js                   12.21 kB │ gzip:  4.68 kB
2026-10-06T13:32:07.8712747Z public/build/assets/Editor-BFViAAyq.js                      29.44 kB │ gzip:  7.86 kB
2026-10-06T13:32:07.8713744Z public/build/assets/app-9E6YZxTV.js                        185.54 kB │ gzip: 63.56 kB
2026-10-06T13:32:07.8714192Z 
2026-10-06T13:32:07.8714423Z [32m✓ built in 725ms[39m
2026-10-06T13:32:08.6358290Z Installing dependencies...
2026-10-06T13:32:08.6438636Z Switching to root user to install dependencies...
2026-10-06T13:32:08.7296228Z Get:1 file:/etc/apt/apt-mirrors.txt Mirrorlist [144 B]
2026-10-06T13:32:08.7628933Z Hit:2 http://azure.archive.ubuntu.com/ubuntu noble InRelease
2026-10-06T13:32:08.7630296Z Get:6 https://packages.microsoft.com/ubuntu/24.04/prod noble InRelease [3600 B]
2026-10-06T13:32:08.7644850Z Get:3 http://azure.archive.ubuntu.com/ubuntu noble-updates InRelease [126 kB]
2026-10-06T13:32:08.7698068Z Get:4 http://azure.archive.ubuntu.com/ubuntu noble-backports InRelease [126 kB]
2026-10-06T13:32:08.7713695Z Get:5 http://azure.archive.ubuntu.com/ubuntu noble-security InRelease [126 kB]
2026-10-06T13:32:08.8908595Z Get:7 https://packages.microsoft.com/ubuntu/24.04/prod noble/main amd64 Packages [515 kB]
2026-10-06T13:32:08.9038523Z Get:8 https://packages.microsoft.com/ubuntu/24.04/prod noble/main armhf Packages [12.6 kB]
2026-10-06T13:32:08.9078270Z Get:9 https://packages.microsoft.com/ubuntu/24.04/prod noble/main arm64 Packages [458 kB]
2026-10-06T13:32:08.9460144Z Get:10 http://azure.archive.ubuntu.com/ubuntu noble-updates/main amd64 Packages [1370 kB]
2026-10-06T13:32:08.9541842Z Get:11 http://azure.archive.ubuntu.com/ubuntu noble-updates/main Translation-en [305 kB]
2026-10-06T13:32:08.9570412Z Get:12 http://azure.archive.ubuntu.com/ubuntu noble-updates/main amd64 Components [181 kB]
2026-10-06T13:32:08.9587234Z Get:13 http://azure.archive.ubuntu.com/ubuntu noble-updates/universe amd64 Packages [1701 kB]
2026-10-06T13:32:08.9673847Z Get:14 http://azure.archive.ubuntu.com/ubuntu noble-updates/universe Translation-en [341 kB]
2026-10-06T13:32:08.9700999Z Get:15 http://azure.archive.ubuntu.com/ubuntu noble-updates/universe amd64 Components [388 kB]
2026-10-06T13:32:08.9730437Z Get:16 http://azure.archive.ubuntu.com/ubuntu noble-updates/restricted amd64 Packages [1728 kB]
2026-10-06T13:32:08.9819298Z Get:17 http://azure.archive.ubuntu.com/ubuntu noble-updates/restricted Translation-en [395 kB]
2026-10-06T13:32:08.9846616Z Get:18 http://azure.archive.ubuntu.com/ubuntu noble-updates/multiverse Translation-en [13.3 kB]
2026-10-06T13:32:08.9856248Z Get:19 http://azure.archive.ubuntu.com/ubuntu noble-updates/multiverse amd64 Components [940 B]
2026-10-06T13:32:09.0495741Z Get:20 http://azure.archive.ubuntu.com/ubuntu noble-backports/main amd64 Components [5764 B]
2026-10-06T13:32:09.0512520Z Get:21 http://azure.archive.ubuntu.com/ubuntu noble-backports/universe amd64 Components [12.6 kB]
2026-10-06T13:32:09.0634333Z Get:22 http://azure.archive.ubuntu.com/ubuntu noble-security/main amd64 Packages [1072 kB]
2026-10-06T13:32:09.0699011Z Get:23 http://azure.archive.ubuntu.com/ubuntu noble-security/main Translation-en [222 kB]
2026-10-06T13:32:09.0719571Z Get:24 http://azure.archive.ubuntu.com/ubuntu noble-security/main amd64 Components [46.4 kB]
2026-10-06T13:32:09.0731726Z Get:25 http://azure.archive.ubuntu.com/ubuntu noble-security/universe amd64 Packages [1216 kB]
2026-10-06T13:32:09.0799412Z Get:26 http://azure.archive.ubuntu.com/ubuntu noble-security/universe Translation-en [244 kB]
2026-10-06T13:32:09.0820535Z Get:27 http://azure.archive.ubuntu.com/ubuntu noble-security/universe amd64 Components [76.3 kB]
2026-10-06T13:32:09.0832930Z Get:28 http://azure.archive.ubuntu.com/ubuntu noble-security/restricted amd64 Packages [1566 kB]
2026-10-06T13:32:09.0916131Z Get:29 http://azure.archive.ubuntu.com/ubuntu noble-security/restricted Translation-en [361 kB]
2026-10-06T13:32:13.5694537Z Fetched 12.6 MB in 1s (8797 kB/s)
2026-10-06T13:32:14.4035145Z Reading package lists...
2026-10-06T13:32:14.4290516Z Reading package lists...
2026-10-06T13:32:14.6351397Z Building dependency tree...
2026-10-06T13:32:14.6354846Z Reading state information...
2026-10-06T13:32:14.8059233Z libicu74 is already the newest version (74.2-1ubuntu3.1).
2026-10-06T13:32:14.8059966Z libicu74 set to manually installed.
2026-10-06T13:32:14.8060691Z libatomic1 is already the newest version (14.2.0-4ubuntu2~24.04.1).
2026-10-06T13:32:14.8061442Z libatomic1 set to manually installed.
2026-10-06T13:32:14.8062208Z libatk-bridge2.0-0t64 is already the newest version (2.52.0-1build1).
2026-10-06T13:32:14.8063010Z libatk1.0-0t64 is already the newest version (2.52.0-1build1).
2026-10-06T13:32:14.8063827Z libcairo-gobject2 is already the newest version (1.18.0-3build1).
2026-10-06T13:32:14.8064511Z libcairo-gobject2 set to manually installed.
2026-10-06T13:32:14.8065170Z libcairo2 is already the newest version (1.18.0-3build1).
2026-10-06T13:32:14.8065926Z libdbus-1-3 is already the newest version (1.14.10-4ubuntu4.1).
2026-10-06T13:32:14.8066562Z libdbus-1-3 set to manually installed.
2026-10-06T13:32:14.8067450Z libdrm2 is already the newest version (2.4.125-1ubuntu0.1~24.04.2).
2026-10-06T13:32:14.8068202Z libenchant-2-2 is already the newest version (2.3.3-2build2).
2026-10-06T13:32:14.8069531Z libepoxy0 is already the newest version (1.5.10-1build1).
2026-10-06T13:32:14.8070385Z libevent-2.1-7t64 is already the newest version (2.1.12-stable-9ubuntu2.2).
2026-10-06T13:32:14.8071237Z libevent-2.1-7t64 set to manually installed.
2026-10-06T13:32:14.8071966Z libfontconfig1 is already the newest version (2.15.0-1.1ubuntu2).
2026-10-06T13:32:14.8072640Z libfontconfig1 set to manually installed.
2026-10-06T13:32:14.8073457Z libfreetype6 is already the newest version (2.13.2+dfsg-1ubuntu0.1).
2026-10-06T13:32:14.8074152Z libfreetype6 set to manually installed.
2026-10-06T13:32:14.8074959Z libgdk-pixbuf-2.0-0 is already the newest version (2.42.10+dfsg-3ubuntu3.3).
2026-10-06T13:32:14.8075612Z libgdk-pixbuf-2.0-0 set to manually installed.
2026-10-06T13:32:14.8076233Z libglib2.0-0t64 is already the newest version (2.80.0-6ubuntu3.9).
2026-10-06T13:32:14.8076662Z libglib2.0-0t64 set to manually installed.
2026-10-06T13:32:14.8077352Z libgstreamer1.0-0 is already the newest version (1.24.2-1ubuntu0.1).
2026-10-06T13:32:14.8077978Z libharfbuzz-icu0 is already the newest version (8.3.0-2build2).
2026-10-06T13:32:14.8078440Z libharfbuzz-icu0 set to manually installed.
2026-10-06T13:32:14.8078853Z libharfbuzz0b is already the newest version (8.3.0-2build2).
2026-10-06T13:32:14.8079245Z libharfbuzz0b set to manually installed.
2026-10-06T13:32:14.8079791Z libjpeg-turbo8 is already the newest version (2.1.5-2ubuntu2).
2026-10-06T13:32:14.8080196Z libjpeg-turbo8 set to manually installed.
2026-10-06T13:32:14.8080820Z liblcms2-2 is already the newest version (2.14-2ubuntu0.1).
2026-10-06T13:32:14.8081207Z liblcms2-2 set to manually installed.
2026-10-06T13:32:14.8081613Z libpango-1.0-0 is already the newest version (1.52.1+ds-1build1).
2026-10-06T13:32:14.8082006Z libpango-1.0-0 set to manually installed.
2026-10-06T13:32:14.8082459Z libpangocairo-1.0-0 is already the newest version (1.52.1+ds-1build1).
2026-10-06T13:32:14.8083119Z libpangocairo-1.0-0 set to manually installed.
2026-10-06T13:32:14.8083758Z libpng16-16t64 is already the newest version (1.6.43-5ubuntu0.6).
2026-10-06T13:32:14.8084368Z libpng16-16t64 set to manually installed.
2026-10-06T13:32:14.8084999Z libwayland-client0 is already the newest version (1.22.0-2.1build1).
2026-10-06T13:32:14.8085773Z libwayland-egl1 is already the newest version (1.22.0-2.1build1).
2026-10-06T13:32:14.8086231Z libwebp7 is already the newest version (1.3.2-0.4build3).
2026-10-06T13:32:14.8086602Z libwebp7 set to manually installed.
2026-10-06T13:32:14.8087184Z libwebpdemux2 is already the newest version (1.3.2-0.4build3).
2026-10-06T13:32:14.8087594Z libwebpdemux2 set to manually installed.
2026-10-06T13:32:14.8087989Z libx11-6 is already the newest version (2:1.8.7-1build1).
2026-10-06T13:32:14.8088359Z libx11-6 set to manually installed.
2026-10-06T13:32:14.8088739Z libxkbcommon0 is already the newest version (1.6.0-1build1).
2026-10-06T13:32:14.8089207Z libxml2 is already the newest version (2.9.14+dfsg-1.3ubuntu3.9).
2026-10-06T13:32:14.8089639Z libxml2 set to manually installed.
2026-10-06T13:32:14.8090300Z libxslt1.1 is already the newest version (1.1.39-0exp1ubuntu0.24.04.3).
2026-10-06T13:32:14.8090960Z libxslt1.1 set to manually installed.
2026-10-06T13:32:14.8091544Z libavif16 is already the newest version (1.0.4-1ubuntu3).
2026-10-06T13:32:14.8092002Z libavif16 set to manually installed.
2026-10-06T13:32:14.8092401Z xvfb is already the newest version (2:21.1.12-1ubuntu1.8).
2026-10-06T13:32:14.8092931Z fonts-noto-color-emoji is already the newest version (2.047-0ubuntu0.24.04.1).
2026-10-06T13:32:14.8093662Z fonts-liberation is already the newest version (1:2.1.5-3).
2026-10-06T13:32:14.8094371Z The following additional packages will be installed:
2026-10-06T13:32:14.8095094Z   glib-networking glib-networking-common glib-networking-services
2026-10-06T13:32:14.8095910Z   gsettings-desktop-schemas libaa1 libass9 libasyncns0 libavc1394-0
2026-10-06T13:32:14.8096742Z   libavcodec60 libavfilter9 libavformat60 libavtp0 libavutil58 libblas3
2026-10-06T13:32:14.8097967Z   libbluray2 libbs2b0 libcaca0 libcdparanoia0 libchromaprint1 libcjson1
2026-10-06T13:32:14.8098768Z   libcodec2-1.2 libdc1394-25 libdca0 libdecor-0-0 libdirectfb-1.7-7t64
2026-10-06T13:32:14.8099519Z   libdv4t64 libdvdnav4 libdvdread8t64 libegl-mesa0 libegl1 libfaad2
2026-10-06T13:32:14.8100289Z   libflac12t64 libfluidsynth3 libfreeaptx0 libgl1-mesa-dri libglx-mesa0
2026-10-06T13:32:14.8100978Z   libgme0 libgraphene-1.0-0 libgsm1 libgssdp-1.6-0
2026-10-06T13:32:14.8101651Z   libgstreamer-plugins-good1.0-0 libgtk-4-common libgupnp-1.6-0
2026-10-06T13:32:14.8102402Z   libgupnp-igd-1.6-0 libhwy1t64 libiec61883-0 libinstpatch-1.0-2
2026-10-06T13:32:14.8103195Z   libjack-jackd2-0 libjxl0.7 liblapack3 liblc3-1 libldacbt-enc2 liblilv-0-0
2026-10-06T13:32:14.8104007Z   liblrdf0 libltc11 libmbedcrypto7t64 libmfx1 libmjpegutils-2.1-0t64
2026-10-06T13:32:14.8104833Z   libmodplug1 libmp3lame0 libmpcdec6 libmpeg2encpp-2.1-0t64 libmpg123-0t64
2026-10-06T13:32:14.8105643Z   libmplex2-2.1-0t64 libmysofa1 libneon27t64 libnice10 libopenal-data
2026-10-06T13:32:14.8106434Z   libopenal1 libopenh264-7 libopenmpt0t64 libopenni2-0 liborc-0.4-0t64
2026-10-06T13:32:14.8107378Z   libpipewire-0.3-0t64 libplacebo338 libpocketsphinx3 libpostproc57
2026-10-06T13:32:14.8108181Z   libproxy1v5 libpulse0 libqrencode4 libraptor2-0 libraw1394-11 librist4
2026-10-06T13:32:14.8108980Z   librubberband2 libsamplerate0 libsbc1 libsdl2-2.0-0 libsecret-common
2026-10-06T13:32:14.8109771Z   libserd-0-0 libshine3 libshout3 libsndfile1 libsndio7.0 libsord-0-0
2026-10-06T13:32:14.8110777Z   libsoundtouch1 libsoup-3.0-0 libsoup-3.0-common libsoxr0 libspa-0.2-modules
2026-10-06T13:32:14.8111654Z   libspandsp2t64 libspeex1 libsphinxbase3t64 libsratom-0-0 libsrt1.5-gnutls
2026-10-06T13:32:14.8112474Z   libsrtp2-1 libssh-gcrypt-4 libswresample4 libswscale7 libtag1v5
2026-10-06T13:32:14.8113263Z   libtag1v5-vanilla libtheora0 libtwolame0 libudfread0 libunibreak5
2026-10-06T13:32:14.8114123Z   libv4l-0t64 libv4lconvert0t64 libva-drm2 libva-x11-2 libva2 libvdpau1
2026-10-06T13:32:14.8115025Z   libvidstab1.1 libvisual-0.4-0 libvo-aacenc0 libvo-amrwbenc0 libvorbisenc2
2026-10-06T13:32:14.8115879Z   libvpl2 libwavpack1 libwebrtc-audio-processing1 libwildmidi2 libxcb-xkb1
2026-10-06T13:32:14.8116705Z   libxkbcommon-x11-0 libxvidcore4 libzbar0t64 libzimg2 libzix-0-0
2026-10-06T13:32:14.8117702Z   libzvbi-common libzvbi0t64 libzxing3 mesa-libgallium ocl-icd-libopencl1
2026-10-06T13:32:14.8118526Z   session-migration timgm6mb-soundfont xfonts-encodings xfonts-utils
2026-10-06T13:32:14.8119150Z Suggested packages:
2026-10-06T13:32:14.8119744Z   frei0r-plugins gvfs libcuda1 libnvcuvid1 libnvidia-encode1 libbluray-bdj
2026-10-06T13:32:14.8120605Z   libdirectfb-extra libdv-bin oss-compat libdvdcss2 libvisual-0.4-plugins
2026-10-06T13:32:14.8121402Z   jackd2 liblrdf0-dev libportaudio2 opus-tools pipewire pulseaudio
2026-10-06T13:32:14.8122192Z   raptor2-utils libraw1394-doc serdi sndiod sordi speex libwildmidi-config
2026-10-06T13:32:14.8122838Z   opencl-icd fluid-soundfont-gm
2026-10-06T13:32:14.8123254Z Recommended packages:
2026-10-06T13:32:14.8123799Z   fonts-ipafont-mincho fonts-tlwg-loma gstreamer1.0-x libaacs0
2026-10-06T13:32:14.8124559Z   default-libdecor-0-plugin-1 | libdecor-0-plugin-1 gstreamer1.0-gl
2026-10-06T13:32:14.8125311Z   libgtk-4-bin libgtk-4-media-gstreamer libpipewire-0.3-common
2026-10-06T13:32:14.8126105Z   pocketsphinx-en-us va-driver-all | va-driver vdpau-driver-all | vdpau-driver
2026-10-06T13:32:14.8716267Z The following NEW packages will be installed:
2026-10-06T13:32:14.8717368Z   fonts-freefont-ttf fonts-ipafont-gothic fonts-tlwg-loma-otf fonts-unifont
2026-10-06T13:32:14.8718306Z   fonts-wqy-zenhei glib-networking glib-networking-common
2026-10-06T13:32:14.8719181Z   glib-networking-services gsettings-desktop-schemas gstreamer1.0-libav
2026-10-06T13:32:14.8720281Z   gstreamer1.0-plugins-bad gstreamer1.0-plugins-base gstreamer1.0-plugins-good
2026-10-06T13:32:14.8721343Z   libaa1 libass9 libasyncns0 libavc1394-0 libavcodec60 libavfilter9
2026-10-06T13:32:14.8722600Z   libavformat60 libavtp0 libavutil58 libblas3 libbluray2 libbs2b0 libcaca0
2026-10-06T13:32:14.8723596Z   libcdparanoia0 libchromaprint1 libcjson1 libcodec2-1.2 libdc1394-25 libdca0
2026-10-06T13:32:14.8724601Z   libdecor-0-0 libdirectfb-1.7-7t64 libdv4t64 libdvdnav4 libdvdread8t64
2026-10-06T13:32:14.8725523Z   libegl-mesa0 libegl1 libfaad2 libflac12t64 libflite1 libfluidsynth3
2026-10-06T13:32:14.8726443Z   libfreeaptx0 libgles2 libgme0 libgraphene-1.0-0 libgsm1 libgssdp-1.6-0
2026-10-06T13:32:14.8727353Z   libgstreamer-gl1.0-0 libgstreamer-plugins-bad1.0-0
2026-10-06T13:32:14.8728203Z   libgstreamer-plugins-base1.0-0 libgstreamer-plugins-good1.0-0 libgtk-4-1
2026-10-06T13:32:14.8729262Z   libgtk-4-common libgupnp-1.6-0 libgupnp-igd-1.6-0 libhwy1t64 libhyphen0
2026-10-06T13:32:14.8730193Z   libiec61883-0 libinstpatch-1.0-2 libjack-jackd2-0 libjxl0.7 liblapack3
2026-10-06T13:32:14.8731069Z   liblc3-1 libldacbt-enc2 liblilv-0-0 liblrdf0 libltc11 libmanette-0.2-0
2026-10-06T13:32:14.8732021Z   libmbedcrypto7t64 libmfx1 libmjpegutils-2.1-0t64 libmodplug1 libmp3lame0
2026-10-06T13:32:14.8732934Z   libmpcdec6 libmpeg2encpp-2.1-0t64 libmpg123-0t64 libmplex2-2.1-0t64
2026-10-06T13:32:14.8733881Z   libmysofa1 libneon27t64 libnice10 libopenal-data libopenal1 libopenh264-7
2026-10-06T13:32:14.8734952Z   libopenmpt0t64 libopenni2-0 libopus0 liborc-0.4-0t64 libpipewire-0.3-0t64
2026-10-06T13:32:14.8735934Z   libplacebo338 libpocketsphinx3 libpostproc57 libproxy1v5 libpulse0
2026-10-06T13:32:14.8736980Z   libqrencode4 libraptor2-0 libraw1394-11 librist4 librubberband2
2026-10-06T13:32:14.8738050Z   libsamplerate0 libsbc1 libsdl2-2.0-0 libsecret-1-0 libsecret-common
2026-10-06T13:32:14.8738916Z   libserd-0-0 libshine3 libshout3 libsndfile1 libsndio7.0 libsord-0-0
2026-10-06T13:32:14.8739823Z   libsoundtouch1 libsoup-3.0-0 libsoup-3.0-common libsoxr0 libspa-0.2-modules
2026-10-06T13:32:14.8740790Z   libspandsp2t64 libspeex1 libsphinxbase3t64 libsratom-0-0 libsrt1.5-gnutls
2026-10-06T13:32:14.8741753Z   libsrtp2-1 libssh-gcrypt-4 libswresample4 libswscale7 libtag1v5
2026-10-06T13:32:14.8742653Z   libtag1v5-vanilla libtheora0 libtwolame0 libudfread0 libunibreak5
2026-10-06T13:32:14.8743531Z   libv4l-0t64 libv4lconvert0t64 libva-drm2 libva-x11-2 libva2 libvdpau1
2026-10-06T13:32:14.8744421Z   libvidstab1.1 libvisual-0.4-0 libvo-aacenc0 libvo-amrwbenc0 libvorbisenc2
2026-10-06T13:32:14.8745328Z   libvpl2 libvpx9 libwavpack1 libwayland-server0 libwebrtc-audio-processing1
2026-10-06T13:32:14.8746186Z   libwildmidi2 libwoff1 libx264-164 libxcb-xkb1 libxkbcommon-x11-0
2026-10-06T13:32:14.8747251Z   libxvidcore4 libzbar0t64 libzimg2 libzix-0-0 libzvbi-common libzvbi0t64
2026-10-06T13:32:14.8748186Z   libzxing3 ocl-icd-libopencl1 session-migration timgm6mb-soundfont
2026-10-06T13:32:14.8749029Z   xfonts-cyrillic xfonts-encodings xfonts-scalable xfonts-utils
2026-10-06T13:32:14.8749719Z The following packages will be upgraded:
2026-10-06T13:32:14.8750308Z   libgbm1 libgl1-mesa-dri libglx-mesa0 mesa-libgallium
2026-10-06T13:32:14.8971289Z 4 upgraded, 166 newly installed, 0 to remove and 20 not upgraded.
2026-10-06T13:32:14.8971863Z Need to get 115 MB of archives.
2026-10-06T13:32:14.8972547Z After this operation, 318 MB of additional disk space will be used.
2026-10-06T13:32:14.8973297Z Get:1 file:/etc/apt/apt-mirrors.txt Mirrorlist [144 B]
2026-10-06T13:32:15.3607866Z Get:2 http://azure.archive.ubuntu.com/ubuntu noble/universe amd64 fonts-ipafont-gothic all 00303-21ubuntu1 [3513 kB]
2026-10-06T13:33:10.9887733Z Get:3 http://azure.archive.ubuntu.com/ubuntu noble/main amd64 fonts-freefont-ttf all 20211204+svn4273-2 [5641 kB]
2026-10-06T13:34:27.7247095Z Get:4 http://azure.archive.ubuntu.com/ubuntu noble/universe amd64 fonts-tlwg-loma-otf all 1:0.7.3-1 [107 kB]
2026-10-06T13:34:29.9278609Z Get:5 http://azure.archive.ubuntu.com/ubuntu noble/universe amd64 fonts-unifont all 1:15.1.01-1build1 [2993 kB]
2026-10-06T13:35:13.5447258Z Get:6 http://azure.archive.ubuntu.com/ubuntu noble/universe amd64 fonts-wqy-zenhei all 0.9.45-8 [7472 kB]
2026-10-06T13:37:00.7618382Z Get:7 http://azure.archive.ubuntu.com/ubuntu noble/main amd64 libproxy1v5 amd64 0.5.4-4build1 [26.5 kB]
2026-10-06T13:37:01.4427030Z Get:8 http://azure.archive.ubuntu.com/ubuntu noble/main amd64 glib-networking-common all 2.80.0-1build1 [6702 B]
2026-10-06T13:37:01.9599793Z Get:9 http://azure.archive.ubuntu.com/ubuntu noble/main amd64 glib-networking-services amd64 2.80.0-1build1 [12.8 kB]
2026-10-06T13:37:02.5361996Z Get:10 http://azure.archive.ubuntu.com/ubuntu noble/main amd64 session-migration amd64 0.3.9build1 [9034 B]
2026-10-06T13:37:02.9482598Z Get:11 http://azure.archive.ubuntu.com/ubuntu noble-updates/main amd64 gsettings-desktop-schemas all 46.1-0ubuntu1 [35.6 kB]
2026-10-06T13:37:03.6836044Z Get:12 http://azure.archive.ubuntu.com/ubuntu noble/main amd64 glib-networking amd64 2.80.0-1build1 [64.1 kB]
2026-10-06T13:37:04.8552980Z Get:13 http://azure.archive.ubuntu.com/ubuntu noble-updates/universe amd64 libva2 amd64 2.20.0-2ubuntu0.2 [66.4 kB]
2026-10-06T13:37:06.1350272Z Get:14 http://azure.archive.ubuntu.com/ubuntu noble-updates/universe amd64 libva-drm2 amd64 2.20.0-2ubuntu0.2 [7124 B]
2026-10-06T13:37:06.5061146Z Get:15 http://azure.archive.ubuntu.com/ubuntu noble-updates/universe amd64 libva-x11-2 amd64 2.20.0-2ubuntu0.2 [12.0 kB]
2026-10-06T13:37:06.9157070Z Get:16 http://azure.archive.ubuntu.com/ubuntu noble/main amd64 libvdpau1 amd64 1.5-2build1 [27.8 kB]
2026-10-06T13:37:07.5682186Z Get:17 http://azure.archive.ubuntu.com/ubuntu noble/universe amd64 libvpl2 amd64 2023.3.0-1build1 [99.8 kB]
2026-10-06T13:37:09.4396621Z Get:18 http://azure.archive.ubuntu.com/ubuntu noble/universe amd64 ocl-icd-libopencl1 amd64 2.3.2-1build1 [38.5 kB]
2026-10-06T13:37:10.3579327Z Get:19 http://azure.archive.ubuntu.com/ubuntu noble/universe amd64 libavutil58 amd64 7:6.1.1-3ubuntu5 [401 kB]
2026-10-06T13:37:16.7123967Z Get:20 http://azure.archive.ubuntu.com/ubuntu noble/universe amd64 libcodec2-1.2 amd64 1.2.0-2build1 [8998 kB]
2026-10-06T13:47:40.4618444Z Get:21 http://azure.archive.ubuntu.com/ubuntu noble/universe amd64 libgsm1 amd64 1.0.22-1build1 [27.8 kB]
2026-10-06T13:47:41.3578647Z Get:22 http://azure.archive.ubuntu.com/ubuntu noble/universe amd64 libhwy1t64 amd64 1.0.7-8.1build1 [584 kB]
2026-10-06T13:47:49.9676066Z Get:23 http://azure.archive.ubuntu.com/ubuntu noble-updates/universe amd64 libjxl0.7 amd64 0.7.0-10.2ubuntu6.1 [1001 kB]
2026-10-06T13:48:04.6261547Z Get:24 http://azure.archive.ubuntu.com/ubuntu noble/main amd64 libmp3lame0 amd64 3.100-6build1 [142 kB]
2026-10-06T13:48:06.9322122Z Get:25 http://azure.archive.ubuntu.com/ubuntu noble/main amd64 libopus0 amd64 1.4-1build1 [208 kB]
2026-10-06T13:48:09.8334256Z Get:26 http://azure.archive.ubuntu.com/ubuntu noble/universe amd64 libshine3 amd64 3.1.1-2build1 [23.2 kB]
2026-10-06T13:48:10.4172464Z Get:27 http://azure.archive.ubuntu.com/ubuntu noble-updates/main amd64 libspeex1 amd64 1.2.1-2ubuntu2.24.04.1 [59.6 kB]
2026-10-06T13:48:11.5998320Z Get:28 http://azure.archive.ubuntu.com/ubuntu noble/universe amd64 libsoxr0 amd64 0.1.3-4build3 [80.0 kB]
2026-10-06T13:48:12.8811611Z Get:29 http://azure.archive.ubuntu.com/ubuntu noble/universe amd64 libswresample4 amd64 7:6.1.1-3ubuntu5 [63.8 kB]
2026-10-06T13:48:14.3629949Z Get:30 http://azure.archive.ubuntu.com/ubuntu noble/main amd64 libtheora0 amd64 1.1.1+dfsg.1-16.1build3 [211 kB]
2026-10-06T13:48:17.7902936Z Get:31 http://azure.archive.ubuntu.com/ubuntu noble/main amd64 libtwolame0 amd64 0.4.0-2build3 [52.3 kB]
2026-10-06T13:48:18.8062698Z Get:32 http://azure.archive.ubuntu.com/ubuntu noble/main amd64 libvorbisenc2 amd64 1.3.7-1build3 [80.8 kB]
2026-10-06T13:48:20.1893258Z Get:33 http://azure.archive.ubuntu.com/ubuntu noble-updates/main amd64 libvpx9 amd64 1.14.0-1ubuntu2.3 [1143 kB]
2026-10-06T13:48:36.3662548Z Get:34 http://azure.archive.ubuntu.com/ubuntu noble/universe amd64 libx264-164 amd64 2:0.164.3108+git31e19f9-1 [604 kB]
2026-10-06T13:48:45.0082488Z Get:35 http://azure.archive.ubuntu.com/ubuntu noble/universe amd64 libxvidcore4 amd64 2:1.3.7-1build1 [219 kB]
2026-10-06T13:48:48.1266766Z Get:36 http://azure.archive.ubuntu.com/ubuntu noble/universe amd64 libzvbi-common all 0.2.42-2 [42.4 kB]
2026-10-06T13:48:48.9876448Z Get:37 http://azure.archive.ubuntu.com/ubuntu noble/universe amd64 libzvbi0t64 amd64 0.2.42-2 [261 kB]
2026-10-06T13:48:52.7711532Z Get:38 http://azure.archive.ubuntu.com/ubuntu noble/universe amd64 libavcodec60 amd64 7:6.1.1-3ubuntu5 [5851 kB]
2026-10-06T13:51:28.4156360Z ##[error]The operation was canceled.
2026-10-06T13:51:28.4240889Z ##[group]Run actions/upload-artifact@ea165f8d65b6e75b540449e92b4886f43607fa02
2026-10-06T13:51:28.4241313Z with:
2026-10-06T13:51:28.4241540Z   name: p05-live-webkit-37471437083-1
2026-10-06T13:51:28.4241840Z   path: /home/runner/work/_temp/p05-live/
2026-10-06T13:51:28.4242130Z   if-no-files-found: error
2026-10-06T13:51:28.4242368Z   retention-days: 14
2026-10-06T13:51:28.4242593Z   compression-level: 6
2026-10-06T13:51:28.4242813Z   overwrite: false
2026-10-06T13:51:28.4243070Z   include-hidden-files: false
2026-10-06T13:51:28.4243305Z env:
2026-10-06T13:51:28.4243505Z   P05_BROWSER_ENGINE: webkit
2026-10-06T13:51:28.4243753Z   COMPOSER_PROCESS_TIMEOUT: 0
2026-10-06T13:51:28.4243992Z   COMPOSER_NO_INTERACTION: 1
2026-10-06T13:51:28.4244219Z   COMPOSER_NO_AUDIT: 1
2026-10-06T13:51:28.4244502Z   pythonLocation: /opt/hostedtoolcache/Python/3.12.14/x64
2026-10-06T13:51:28.4244920Z   PKG_CONFIG_PATH: /opt/hostedtoolcache/Python/3.12.14/x64/lib/pkgconfig
2026-10-06T13:51:28.4245381Z   Python_ROOT_DIR: /opt/hostedtoolcache/Python/3.12.14/x64
2026-10-06T13:51:28.4245762Z   Python2_ROOT_DIR: /opt/hostedtoolcache/Python/3.12.14/x64
2026-10-06T13:51:28.4246134Z   Python3_ROOT_DIR: /opt/hostedtoolcache/Python/3.12.14/x64
2026-10-06T13:51:28.4246503Z   LD_LIBRARY_PATH: /opt/hostedtoolcache/Python/3.12.14/x64/lib
2026-10-06T13:51:28.4247070Z   UV_PYTHON_INSTALL_DIR: /home/runner/work/_temp/uv-python-dir
2026-10-06T13:51:28.4247390Z ##[endgroup]
2026-10-06T13:51:28.5875730Z (node:10226) [DEP0040] DeprecationWarning: The `punycode` module is deprecated. Please use a userland alternative instead.
2026-10-06T13:51:28.5876786Z (Use `node --trace-deprecation ...` to show where the warning was created)
2026-10-06T13:51:28.5908063Z ##[error]No files were found with the provided path: /home/runner/work/_temp/p05-live/. No artifacts will be uploaded.
2026-10-06T13:51:28.6139689Z Post job cleanup.
2026-10-06T13:51:28.7212659Z [command]/usr/bin/git version
2026-10-06T13:51:28.7213003Z git version 2.55.0
2026-10-06T13:51:28.7215558Z Temporarily overriding HOME='/home/runner/work/_temp/64a02290-f3b6-41f1-b30e-16ab2ff3f340' before making global git config changes
2026-10-06T13:51:28.7216466Z Adding repository directory to the temporary git global config as a safe directory
2026-10-06T13:51:28.7217593Z [command]/usr/bin/git config --global --add safe.directory /home/runner/work/multi-tenant/multi-tenant
2026-10-06T13:51:28.7219829Z [command]/usr/bin/git config --local --name-only --get-regexp core\.sshCommand
2026-10-06T13:51:28.7223697Z [command]/usr/bin/git submodule foreach --recursive sh -c "git config --local --name-only --get-regexp 'core\.sshCommand' && git config --local --unset-all 'core.sshCommand' || :"
2026-10-06T13:51:28.7514695Z [command]/usr/bin/git config --local --name-only --get-regexp http\.https\:\/\/github\.com\/\.extraheader
2026-10-06T13:51:28.7556777Z [command]/usr/bin/git submodule foreach --recursive sh -c "git config --local --name-only --get-regexp 'http\.https\:\/\/github\.com\/\.extraheader' && git config --local --unset-all 'http.https://github.com/.extraheader' || :"
2026-10-06T13:51:28.7852016Z [command]/usr/bin/git config --local --name-only --get-regexp ^includeIf\.gitdir:
2026-10-06T13:51:28.7892648Z [command]/usr/bin/git submodule foreach --recursive git config --local --show-origin --name-only --get-regexp remote.origin.url
2026-10-06T13:51:28.8322118Z Print service container logs: fc12e9d4f7f043e3be92840006664205_postgressha2569e73daeb439141c2b11eea2463f5f1a3b269fd90d897b41cddb7cb440f21aa5d_f86418
2026-10-06T13:51:28.8327127Z ##[command]/usr/bin/docker logs --details 94173344f711c84f4f2ff314bb3665c87c8169cf9f2370fc58718be05923480d
2026-10-06T13:51:28.8471261Z  initdb: warning: enabling "trust" authentication for local connections
2026-10-06T13:51:28.8472092Z  The files belonging to this database system will be owned by user "postgres".
2026-10-06T13:51:28.8473365Z  initdb: hint: You can change this by editing pg_hba.conf or using the option -A, or --auth-local and --auth-host, the next time you run initdb.
2026-10-06T13:51:28.8475080Z  2026-10-06 13:31:28.289 UTC [1] LOG:  starting PostgreSQL 18.6 (Debian 18.6-1.pgdg12+2) on x86_64-pc-linux-gnu, compiled by gcc (Debian 12.2.0-14+deb12u1) 12.2.0, 64-bit
2026-10-06T13:51:28.8476433Z  2026-10-06 13:31:28.289 UTC [1] LOG:  listening on IPv4 address "0.0.0.0", port 5432
2026-10-06T13:51:28.8477536Z  2026-10-06 13:31:28.289 UTC [1] LOG:  listening on IPv6 address "::", port 5432
2026-10-06T13:51:28.8478219Z  This user must also own the server process.
2026-10-06T13:51:28.8478712Z  
2026-10-06T13:51:28.8479145Z  The database cluster will be initialized with locale "en_US.utf8".
2026-10-06T13:51:28.8479970Z  The default database encoding has accordingly been set to "UTF8".
2026-10-06T13:51:28.8480712Z  The default text search configuration will be set to "english".
2026-10-06T13:51:28.8481359Z  
2026-10-06T13:51:28.8481671Z  Data page checksums are enabled.
2026-10-06T13:51:28.8482118Z  
2026-10-06T13:51:28.8482629Z  fixing permissions on existing directory /var/lib/postgresql/18/docker ... ok
2026-10-06T13:51:28.8483348Z  creating subdirectories ... ok
2026-10-06T13:51:28.8483906Z  selecting dynamic shared memory implementation ... posix
2026-10-06T13:51:28.8484503Z  selecting default "max_connections" ... 100
2026-10-06T13:51:28.8486346Z  2026-10-06 13:31:28.290 UTC [1] LOG:  listening on Unix socket "/var/run/postgresql/.s.PGSQL.5432"
2026-10-06T13:51:28.8487233Z  selecting default "shared_buffers" ... 128MB
2026-10-06T13:51:28.8488275Z  2026-10-06 13:31:28.294 UTC [76] LOG:  database system was shut down at 2026-10-06 13:31:28 UTC
2026-10-06T13:51:28.8488864Z  selecting default time zone ... Etc/UTC
2026-10-06T13:51:28.8489481Z  2026-10-06 13:31:28.297 UTC [1] LOG:  database system is ready to accept connections
2026-10-06T13:51:28.8490005Z  creating configuration files ... ok
2026-10-06T13:51:28.8490551Z  2026-10-06 13:36:28.386 UTC [74] LOG:  checkpoint starting: time
2026-10-06T13:51:28.8491047Z  running bootstrap script ... ok
2026-10-06T13:51:28.8492378Z  2026-10-06 13:36:32.597 UTC [74] LOG:  checkpoint complete: wrote 42 buffers (0.3%), wrote 3 SLRU buffers; 0 WAL file(s) added, 0 removed, 0 recycled; write=4.210 s, sync=0.001 s, total=4.212 s; sync files=12, longest=0.001 s, average=0.001 s; distance=326 kB, estimate=326 kB; lsn=0/1BE68E8, redo lsn=0/1BE6890
2026-10-06T13:51:28.8493492Z  performing post-bootstrap initialization ... ok
2026-10-06T13:51:28.8493885Z  syncing data to disk ... ok
2026-10-06T13:51:28.8494622Z  
2026-10-06T13:51:28.8495316Z  
2026-10-06T13:51:28.8496044Z  Success. You can now start the database server using:
2026-10-06T13:51:28.8496511Z  
2026-10-06T13:51:28.8497452Z      pg_ctl -D /var/lib/postgresql/18/docker -l logfile start
2026-10-06T13:51:28.8497916Z  
2026-10-06T13:51:28.8499173Z  waiting for server to start....2026-10-06 13:31:27.968 UTC [54] LOG:  starting PostgreSQL 18.6 (Debian 18.6-1.pgdg12+2) on x86_64-pc-linux-gnu, compiled by gcc (Debian 12.2.0-14+deb12u1) 12.2.0, 64-bit
2026-10-06T13:51:28.8500154Z  2026-10-06 13:31:27.968 UTC [54] LOG:  listening on Unix socket "/var/run/postgresql/.s.PGSQL.5432"
2026-10-06T13:51:28.8500894Z  2026-10-06 13:31:27.972 UTC [60] LOG:  database system was shut down at 2026-10-06 13:31:27 UTC
2026-10-06T13:51:28.8501604Z  2026-10-06 13:31:27.975 UTC [54] LOG:  database system is ready to accept connections
2026-10-06T13:51:28.8502467Z   done
2026-10-06T13:51:28.8502760Z  server started
2026-10-06T13:51:28.8503416Z  CREATE DATABASE
2026-10-06T13:51:28.8503963Z  
2026-10-06T13:51:28.8504567Z  
2026-10-06T13:51:28.8505385Z  /usr/local/bin/docker-entrypoint.sh: ignoring /docker-entrypoint-initdb.d/*
2026-10-06T13:51:28.8505904Z  
2026-10-06T13:51:28.8506819Z  waiting for server to shut down...2026-10-06 13:31:28.163 UTC [54] LOG:  received fast shutdown request
2026-10-06T13:51:28.8507695Z  .2026-10-06 13:31:28.164 UTC [54] LOG:  aborting any active transactions
2026-10-06T13:51:28.8508519Z  2026-10-06 13:31:28.166 UTC [54] LOG:  background worker "logical replication launcher" (PID 63) exited with exit code 1
2026-10-06T13:51:28.8557697Z  2026-10-06 13:31:28.167 UTC [58] LOG:  shutting down
2026-10-06T13:51:28.8558466Z  2026-10-06 13:31:28.168 UTC [58] LOG:  checkpoint starting: shutdown immediate
2026-10-06T13:51:28.8560458Z  2026-10-06 13:31:28.182 UTC [58] LOG:  checkpoint complete: wrote 941 buffers (5.7%), wrote 3 SLRU buffers; 0 WAL file(s) added, 0 removed, 0 recycled; write=0.013 s, sync=0.002 s, total=0.016 s; sync files=303, longest=0.001 s, average=0.001 s; distance=4334 kB, estimate=4334 kB; lsn=0/1B94F70, redo lsn=0/1B94F70
2026-10-06T13:51:28.8562323Z  2026-10-06 13:31:28.193 UTC [54] LOG:  database system is shut down
2026-10-06T13:51:28.8562939Z   done
2026-10-06T13:51:28.8563778Z  server stopped
2026-10-06T13:51:28.8564376Z  
2026-10-06T13:51:28.8565205Z  PostgreSQL init process complete; ready for start up.
2026-10-06T13:51:28.8565717Z  
2026-10-06T13:51:28.8574095Z Stop and remove container: fc12e9d4f7f043e3be92840006664205_postgressha2569e73daeb439141c2b11eea2463f5f1a3b269fd90d897b41cddb7cb440f21aa5d_f86418
2026-10-06T13:51:28.8581318Z ##[command]/usr/bin/docker rm --force 94173344f711c84f4f2ff314bb3665c87c8169cf9f2370fc58718be05923480d
2026-10-06T13:51:28.9870799Z 94173344f711c84f4f2ff314bb3665c87c8169cf9f2370fc58718be05923480d
2026-10-06T13:51:28.9910011Z Remove container network: github_network_8c0b68b2d31941fb8e4da2f369d2697a
2026-10-06T13:51:28.9914437Z ##[command]/usr/bin/docker network rm github_network_8c0b68b2d31941fb8e4da2f369d2697a
2026-10-06T13:51:29.0871060Z github_network_8c0b68b2d31941fb8e4da2f369d2697a
2026-10-06T13:51:29.0944110Z Cleaning up orphan processes
2026-10-06T13:51:29.1200166Z Terminate orphan process: pid (4746) (npm exec playwright install --with-deps webkit)
2026-10-06T13:51:29.1243499Z Terminate orphan process: pid (4758) (sh)
2026-10-06T13:51:29.1272801Z Terminate orphan process: pid (4759) (MainThread)
2026-10-06T13:51:29.1398241Z ##[warning]Node.js 20 is deprecated. The following actions target Node.js 20 but are being forced to run on Node.js 24: actions/upload-artifact@ea165f8d65b6e75b540449e92b4886f43607fa02. For more information see: https://github.blog/changelog/2025-09-19-deprecation-of-node-20-on-github-actions-runners/

