assertion_id,requirement_id,source_requirement,assertion_focus,focus_semantics,source_sections,responsible_role,enforcement_location,implementation_disposition,artifacts,required_configuration,verification_procedures,verification_method,evidence_level,observed_native_evidence,remaining_dependency,applicability,allocation_status
ARCH-001/A01,ARCH-001,The hosting contract SHALL be vendor neutral and SHALL NOT require consumers to specify vendor-specific identifiers or topology objects.,The hosting contract SHALL be vendor neutral and SHALL NOT require consumers to specify vendor-specific identifiers or topology objects.,Exact source span under the complete requirement; not a replacement normative statement,RA §1; RA §2; RA §20,Architecture authority,Accepted service/profile and topology records; native domain/identity boundaries implement selected constraints,PARTIAL_DESIGN_AND_CANDIDATE,docs/architecture/RAD.md; docs/engineering/TAD.md; tools/input_review.py,Site engineering must name the actual native object/role/service and its accepted settings for: The hosting contract SHALL be vendor neutral and SHALL NOT require consumers to specify vendor-specific identifiers or topology objects.,CT-016; CT-017,Apply the referenced procedure to the actual enforcement location and this focus; include effective negative/failure observations where the original criterion requires them.,SOURCE_AND_LOCAL_FIXTURE_ONLY_OR_NOT_IMPLEMENTED; NOT_NATIVE_QUALIFIED,,"No complete authoritative service/profile registry, tenant role enforcement or actual placement/edge evidence is supplied. Input screening covers only its enumerated examples and cannot accept the complete service.",TO_BE_DECIDED_FOR_ACTUAL_SERVICE; NOT_AUTO_NA,PROPOSED_ENGINEERING_ALLOCATION_NOT_CONTROL_SATISFACTION
ARCH-002/A01,ARCH-002,Routine tenant and workload lifecycle operations SHOULD NOT require changes to physical leaf or spine configuration.,Routine tenant and workload lifecycle operations SHOULD NOT require changes to physical leaf or spine configuration.,Exact source span under the complete requirement; not a replacement normative statement,RA §1; RA §2; RA §20,Architecture authority,Accepted service/profile and topology records; native domain/identity boundaries implement selected constraints,PARTIAL_DESIGN_AND_CANDIDATE,docs/architecture/RAD.md; docs/engineering/TAD.md; tools/input_review.py,Site engineering must name the actual native object/role/service and its accepted settings for: Routine tenant and workload lifecycle operations SHOULD NOT require changes to physical leaf or spine configuration.,CT-071; CT-072,Apply the referenced procedure to the actual enforcement location and this focus; include effective negative/failure observations where the original criterion requires them.,SOURCE_AND_LOCAL_FIXTURE_ONLY_OR_NOT_IMPLEMENTED; NOT_NATIVE_QUALIFIED,,"No complete authoritative service/profile registry, tenant role enforcement or actual placement/edge evidence is supplied. Input screening covers only its enumerated examples and cannot accept the complete service.",TO_BE_DECIDED_FOR_ACTUAL_SERVICE; NOT_AUTO_NA,PROPOSED_ENGINEERING_ALLOCATION_NOT_CONTROL_SATISFACTION
ARCH-003/A01,ARCH-003,All inter-zone paths SHALL be explicit and SHALL traverse the applicable ZIP/security edge.,All inter-zone paths SHALL be explicit and SHALL traverse the applicable ZIP/security edge.,Exact source span under the complete requirement; not a replacement normative statement,RA §1; RA §2; RA §20,Architecture authority,Accepted service/profile and topology records; native domain/identity boundaries implement selected constraints,PARTIAL_DESIGN_AND_CANDIDATE,docs/architecture/RAD.md; docs/engineering/TAD.md; tools/input_review.py,Site engineering must name the actual native object/role/service and its accepted settings for: All inter-zone paths SHALL be explicit and SHALL traverse the applicable ZIP/security edge.,CT-003; CT-025,Apply the referenced procedure to the actual enforcement location and this focus; include effective negative/failure observations where the original criterion requires them.,SOURCE_AND_LOCAL_FIXTURE_ONLY_OR_NOT_IMPLEMENTED; NOT_NATIVE_QUALIFIED,,"No complete authoritative service/profile registry, tenant role enforcement or actual placement/edge evidence is supplied. Input screening covers only its enumerated examples and cannot accept the complete service.",TO_BE_DECIDED_FOR_ACTUAL_SERVICE; NOT_AUTO_NA,PROPOSED_ENGINEERING_ALLOCATION_NOT_CONTROL_SATISFACTION
ARCH-004/A01,ARCH-004,Management/OOB traffic SHALL be separated from tenant operational traffic and SHALL have independently controlled access paths.,Management/OOB traffic SHALL be separated from tenant operational traffic and SHALL have independently controlled access paths.,Exact source span under the complete requirement; not a replacement normative statement,RA §1; RA §2; RA §20,Architecture authority,Accepted service/profile and topology records; native domain/identity boundaries implement selected constraints,PARTIAL_DESIGN_AND_CANDIDATE,docs/architecture/RAD.md; docs/engineering/TAD.md; tools/input_review.py,Site engineering must name the actual native object/role/service and its accepted settings for: Management/OOB traffic SHALL be separated from tenant operational traffic and SHALL have independently controlled access paths.,CT-004; CT-026,Apply the referenced procedure to the actual enforcement location and this focus; include effective negative/failure observations where the original criterion requires them.,SOURCE_AND_LOCAL_FIXTURE_ONLY_OR_NOT_IMPLEMENTED; NOT_NATIVE_QUALIFIED,,"No complete authoritative service/profile registry, tenant role enforcement or actual placement/edge evidence is supplied. Input screening covers only its enumerated examples and cannot accept the complete service.",TO_BE_DECIDED_FOR_ACTUAL_SERVICE; NOT_AUTO_NA,PROPOSED_ENGINEERING_ALLOCATION_NOT_CONTROL_SATISFACTION
SCOPE-001/A01,SCOPE-001,"Every implementation SHALL publish its offered service classes, supported information categories, excluded capabilities and required qualification evidence before accepting a production request.","Every implementation SHALL publish its offered service classes, supported information categories, excluded capabilities and required qualification evidence before accepting a production request.",Exact source span under the complete requirement; not a replacement normative statement,RA §1; RA §2; RA §20,Architecture authority,Accepted service/profile and topology records; native domain/identity boundaries implement selected constraints,PARTIAL_DESIGN_AND_CANDIDATE,docs/architecture/RAD.md; docs/engineering/TAD.md; tools/input_review.py,"Site engineering must name the actual native object/role/service and its accepted settings for: Every implementation SHALL publish its offered service classes, supported information categories, excluded capabilities and required qualification evidence before accepting a production request.",CT-018; CT-062,Apply the referenced procedure to the actual enforcement location and this focus; include effective negative/failure observations where the original criterion requires them.,SOURCE_AND_LOCAL_FIXTURE_ONLY_OR_NOT_IMPLEMENTED; NOT_NATIVE_QUALIFIED,,"No complete authoritative service/profile registry, tenant role enforcement or actual placement/edge evidence is supplied. Input screening covers only its enumerated examples and cannot accept the complete service.",TO_BE_DECIDED_FOR_ACTUAL_SERVICE; NOT_AUTO_NA,PROPOSED_ENGINEERING_ALLOCATION_NOT_CONTROL_SATISFACTION
INV-001/A01,INV-001,"Tenant identity, security-zone identity, workload lifecycle, and platform realization are separate concepts.","Tenant identity, security-zone identity, workload lifecycle, and platform realization are separate concepts.",Exact source span under the complete requirement; not a replacement normative statement,RA §1; RA §28,Architecture authority,Accepted service/profile and topology records; native domain/identity boundaries implement selected constraints,PARTIAL_DESIGN_AND_CANDIDATE,docs/architecture/RAD.md; docs/engineering/TAD.md; tools/input_review.py,"Site engineering must name the actual native object/role/service and its accepted settings for: Tenant identity, security-zone identity, workload lifecycle, and platform realization are separate concepts.",CT-016; CT-070,Apply the referenced procedure to the actual enforcement location and this focus; include effective negative/failure observations where the original criterion requires them.,SOURCE_AND_LOCAL_FIXTURE_ONLY_OR_NOT_IMPLEMENTED; NOT_NATIVE_QUALIFIED,,"No complete authoritative service/profile registry, tenant role enforcement or actual placement/edge evidence is supplied. Input screening covers only its enumerated examples and cannot accept the complete service.",TO_BE_DECIDED_FOR_ACTUAL_SERVICE; NOT_AUTO_NA,PROPOSED_ENGINEERING_ALLOCATION_NOT_CONTROL_SATISFACTION
INV-002/A01,INV-002,"A VPC, VRF, Tier-1 gateway, or Neutron router is an implementation mechanism, not the enterprise definition of a security zone.","A VPC, VRF, Tier-1 gateway, or Neutron router is an implementation mechanism, not the enterprise definition of a security zone.",Exact source span under the complete requirement; not a replacement normative statement,RA §1; RA §28,Architecture authority,Accepted service/profile and topology records; native domain/identity boundaries implement selected constraints,PARTIAL_DESIGN_AND_CANDIDATE,docs/architecture/RAD.md; docs/engineering/TAD.md; tools/input_review.py,"Site engineering must name the actual native object/role/service and its accepted settings for: A VPC, VRF, Tier-1 gateway, or Neutron router is an implementation mechanism, not the enterprise definition of a security zone.",CT-025; CT-080,Apply the referenced procedure to the actual enforcement location and this focus; include effective negative/failure observations where the original criterion requires them.,SOURCE_AND_LOCAL_FIXTURE_ONLY_OR_NOT_IMPLEMENTED; NOT_NATIVE_QUALIFIED,,"No complete authoritative service/profile registry, tenant role enforcement or actual placement/edge evidence is supplied. Input screening covers only its enumerated examples and cannot accept the complete service.",TO_BE_DECIDED_FOR_ACTUAL_SERVICE; NOT_AUTO_NA,PROPOSED_ENGINEERING_ALLOCATION_NOT_CONTROL_SATISFACTION
INV-003/A01,INV-003,"Routes are derived from authorized intent; workload owners do not provide arbitrary route tables, BGP peers, route targets, or prefix imports/exports.",Routes are derived from authorized intent,Exact source span under the complete requirement; not a replacement normative statement,RA §1; RA §28,Architecture authority,Accepted service/profile and topology records; native domain/identity boundaries implement selected constraints,PARTIAL_DESIGN_AND_CANDIDATE,docs/architecture/RAD.md; docs/engineering/TAD.md; tools/input_review.py,Site engineering must name the actual native object/role/service and its accepted settings for: Routes are derived from authorized intent,CT-009; CT-033,Apply the referenced procedure to the actual enforcement location and this focus; include effective negative/failure observations where the original criterion requires them.,SOURCE_AND_LOCAL_FIXTURE_ONLY_OR_NOT_IMPLEMENTED; NOT_NATIVE_QUALIFIED,,"No complete authoritative service/profile registry, tenant role enforcement or actual placement/edge evidence is supplied. Input screening covers only its enumerated examples and cannot accept the complete service.",TO_BE_DECIDED_FOR_ACTUAL_SERVICE; NOT_AUTO_NA,PROPOSED_ENGINEERING_ALLOCATION_NOT_CONTROL_SATISFACTION
INV-003/A02,INV-003,"Routes are derived from authorized intent; workload owners do not provide arbitrary route tables, BGP peers, route targets, or prefix imports/exports.","workload owners do not provide arbitrary route tables, BGP peers, route targets, or prefix imports/exports.",Exact source span under the complete requirement; not a replacement normative statement,RA §1; RA §28,Architecture authority,Accepted service/profile and topology records; native domain/identity boundaries implement selected constraints,PARTIAL_DESIGN_AND_CANDIDATE,docs/architecture/RAD.md; docs/engineering/TAD.md; tools/input_review.py,"Site engineering must name the actual native object/role/service and its accepted settings for: workload owners do not provide arbitrary route tables, BGP peers, route targets, or prefix imports/exports.",CT-009; CT-033,Apply the referenced procedure to the actual enforcement location and this focus; include effective negative/failure observations where the original criterion requires them.,SOURCE_AND_LOCAL_FIXTURE_ONLY_OR_NOT_IMPLEMENTED; NOT_NATIVE_QUALIFIED,,"No complete authoritative service/profile registry, tenant role enforcement or actual placement/edge evidence is supplied. Input screening covers only its enumerated examples and cannot accept the complete service.",TO_BE_DECIDED_FOR_ACTUAL_SERVICE; NOT_AUTO_NA,PROPOSED_ENGINEERING_ALLOCATION_NOT_CONTROL_SATISFACTION
INV-004/A01,INV-004,Shared services are exposed through explicit service bindings; broad reachability to a common-services supernet is not the default.,Shared services are exposed through explicit service bindings,Exact source span under the complete requirement; not a replacement normative statement,RA §1; RA §28,Architecture authority,Accepted service/profile and topology records; native domain/identity boundaries implement selected constraints,PARTIAL_DESIGN_AND_CANDIDATE,docs/architecture/RAD.md; docs/engineering/TAD.md; tools/input_review.py,Site engineering must name the actual native object/role/service and its accepted settings for: Shared services are exposed through explicit service bindings,CT-008,Apply the referenced procedure to the actual enforcement location and this focus; include effective negative/failure observations where the original criterion requires them.,SOURCE_AND_LOCAL_FIXTURE_ONLY_OR_NOT_IMPLEMENTED; NOT_NATIVE_QUALIFIED,,"No complete authoritative service/profile registry, tenant role enforcement or actual placement/edge evidence is supplied. Input screening covers only its enumerated examples and cannot accept the complete service.",TO_BE_DECIDED_FOR_ACTUAL_SERVICE; NOT_AUTO_NA,PROPOSED_ENGINEERING_ALLOCATION_NOT_CONTROL_SATISFACTION
INV-004/A02,INV-004,Shared services are exposed through explicit service bindings; broad reachability to a common-services supernet is not the default.,broad reachability to a common-services supernet is not the default.,Exact source span under the complete requirement; not a replacement normative statement,RA §1; RA §28,Architecture authority,Accepted service/profile and topology records; native domain/identity boundaries implement selected constraints,PARTIAL_DESIGN_AND_CANDIDATE,docs/architecture/RAD.md; docs/engineering/TAD.md; tools/input_review.py,Site engineering must name the actual native object/role/service and its accepted settings for: broad reachability to a common-services supernet is not the default.,CT-008,Apply the referenced procedure to the actual enforcement location and this focus; include effective negative/failure observations where the original criterion requires them.,SOURCE_AND_LOCAL_FIXTURE_ONLY_OR_NOT_IMPLEMENTED; NOT_NATIVE_QUALIFIED,,"No complete authoritative service/profile registry, tenant role enforcement or actual placement/edge evidence is supplied. Input screening covers only its enumerated examples and cannot accept the complete service.",TO_BE_DECIDED_FOR_ACTUAL_SERVICE; NOT_AUTO_NA,PROPOSED_ENGINEERING_ALLOCATION_NOT_CONTROL_SATISFACTION
INV-005/A01,INV-005,"Portability means equivalent required outcomes and conformance, not identical topology.","Portability means equivalent required outcomes and conformance, not identical topology.",Exact source span under the complete requirement; not a replacement normative statement,RA §1; RA §28,Architecture authority,Accepted service/profile and topology records; native domain/identity boundaries implement selected constraints,PARTIAL_DESIGN_AND_CANDIDATE,docs/architecture/RAD.md; docs/engineering/TAD.md; tools/input_review.py,"Site engineering must name the actual native object/role/service and its accepted settings for: Portability means equivalent required outcomes and conformance, not identical topology.",CT-016; CT-060,Apply the referenced procedure to the actual enforcement location and this focus; include effective negative/failure observations where the original criterion requires them.,SOURCE_AND_LOCAL_FIXTURE_ONLY_OR_NOT_IMPLEMENTED; NOT_NATIVE_QUALIFIED,,"No complete authoritative service/profile registry, tenant role enforcement or actual placement/edge evidence is supplied. Input screening covers only its enumerated examples and cannot accept the complete service.",TO_BE_DECIDED_FOR_ACTUAL_SERVICE; NOT_AUTO_NA,PROPOSED_ENGINEERING_ALLOCATION_NOT_CONTROL_SATISFACTION
INV-006/A01,INV-006,A deployment is not Service Ready until realized state and security controls are verified.,A deployment is not Service Ready until realized state and security controls are verified.,Exact source span under the complete requirement; not a replacement normative statement,RA §1; RA §28,Architecture authority,Accepted service/profile and topology records; native domain/identity boundaries implement selected constraints,PARTIAL_DESIGN_AND_CANDIDATE,docs/architecture/RAD.md; docs/engineering/TAD.md; tools/input_review.py,Site engineering must name the actual native object/role/service and its accepted settings for: A deployment is not Service Ready until realized state and security controls are verified.,CT-049; CT-069,Apply the referenced procedure to the actual enforcement location and this focus; include effective negative/failure observations where the original criterion requires them.,SOURCE_AND_LOCAL_FIXTURE_ONLY_OR_NOT_IMPLEMENTED; NOT_NATIVE_QUALIFIED,,"No complete authoritative service/profile registry, tenant role enforcement or actual placement/edge evidence is supplied. Input screening covers only its enumerated examples and cannot accept the complete service.",TO_BE_DECIDED_FOR_ACTUAL_SERVICE; NOT_AUTO_NA,PROPOSED_ENGINEERING_ALLOCATION_NOT_CONTROL_SATISFACTION
INV-007/A01,INV-007,Failure of an admission or control-plane dependency SHALL fail new changes closed; failure SHALL NOT silently create a security bypass.,Failure of an admission or control-plane dependency SHALL fail new changes closed,Exact source span under the complete requirement; not a replacement normative statement,RA §1; RA §28,Architecture authority,Accepted service/profile and topology records; native domain/identity boundaries implement selected constraints,PARTIAL_DESIGN_AND_CANDIDATE,docs/architecture/RAD.md; docs/engineering/TAD.md; tools/input_review.py,Site engineering must name the actual native object/role/service and its accepted settings for: Failure of an admission or control-plane dependency SHALL fail new changes closed,CT-011; CT-045,Apply the referenced procedure to the actual enforcement location and this focus; include effective negative/failure observations where the original criterion requires them.,SOURCE_AND_LOCAL_FIXTURE_ONLY_OR_NOT_IMPLEMENTED; NOT_NATIVE_QUALIFIED,,"No complete authoritative service/profile registry, tenant role enforcement or actual placement/edge evidence is supplied. Input screening covers only its enumerated examples and cannot accept the complete service.",TO_BE_DECIDED_FOR_ACTUAL_SERVICE; NOT_AUTO_NA,PROPOSED_ENGINEERING_ALLOCATION_NOT_CONTROL_SATISFACTION
INV-007/A02,INV-007,Failure of an admission or control-plane dependency SHALL fail new changes closed; failure SHALL NOT silently create a security bypass.,failure SHALL NOT silently create a security bypass.,Exact source span under the complete requirement; not a replacement normative statement,RA §1; RA §28,Architecture authority,Accepted service/profile and topology records; native domain/identity boundaries implement selected constraints,PARTIAL_DESIGN_AND_CANDIDATE,docs/architecture/RAD.md; docs/engineering/TAD.md; tools/input_review.py,Site engineering must name the actual native object/role/service and its accepted settings for: failure SHALL NOT silently create a security bypass.,CT-011; CT-045,Apply the referenced procedure to the actual enforcement location and this focus; include effective negative/failure observations where the original criterion requires them.,SOURCE_AND_LOCAL_FIXTURE_ONLY_OR_NOT_IMPLEMENTED; NOT_NATIVE_QUALIFIED,,"No complete authoritative service/profile registry, tenant role enforcement or actual placement/edge evidence is supplied. Input screening covers only its enumerated examples and cannot accept the complete service.",TO_BE_DECIDED_FOR_ACTUAL_SERVICE; NOT_AUTO_NA,PROPOSED_ENGINEERING_ALLOCATION_NOT_CONTROL_SATISFACTION
REF-001/A01,REF-001,"The service contract SHALL remain stable when a supported platform is replaced, provided the replacement platform passes the required conformance profile.","The service contract SHALL remain stable when a supported platform is replaced, provided the replacement platform passes the required conformance profile.",Exact source span under the complete requirement; not a replacement normative statement,RA §1; RA §28,Architecture authority,Accepted service/profile and topology records; native domain/identity boundaries implement selected constraints,PARTIAL_DESIGN_AND_CANDIDATE,docs/architecture/RAD.md; docs/engineering/TAD.md; tools/input_review.py,"Site engineering must name the actual native object/role/service and its accepted settings for: The service contract SHALL remain stable when a supported platform is replaced, provided the replacement platform passes the required conformance profile.",CT-016; CT-060,Apply the referenced procedure to the actual enforcement location and this focus; include effective negative/failure observations where the original criterion requires them.,SOURCE_AND_LOCAL_FIXTURE_ONLY_OR_NOT_IMPLEMENTED; NOT_NATIVE_QUALIFIED,,"No complete authoritative service/profile registry, tenant role enforcement or actual placement/edge evidence is supplied. Input screening covers only its enumerated examples and cannot accept the complete service.",TO_BE_DECIDED_FOR_ACTUAL_SERVICE; NOT_AUTO_NA,PROPOSED_ENGINEERING_ALLOCATION_NOT_CONTROL_SATISFACTION
REF-002/A01,REF-002,"Platform-specific extensions MAY be offered, but they SHALL be declared as capabilities and SHALL NOT redefine the portable core semantics.","Platform-specific extensions MAY be offered, but they SHALL be declared as capabilities and SHALL NOT redefine the portable core semantics.",Exact source span under the complete requirement; not a replacement normative statement,RA §1; RA §28,Architecture authority,Accepted service/profile and topology records; native domain/identity boundaries implement selected constraints,PARTIAL_DESIGN_AND_CANDIDATE,docs/architecture/RAD.md; docs/engineering/TAD.md; tools/input_review.py,"Site engineering must name the actual native object/role/service and its accepted settings for: Platform-specific extensions MAY be offered, but they SHALL be declared as capabilities and SHALL NOT redefine the portable core semantics.",CT-016; CT-018,Apply the referenced procedure to the actual enforcement location and this focus; include effective negative/failure observations where the original criterion requires them.,SOURCE_AND_LOCAL_FIXTURE_ONLY_OR_NOT_IMPLEMENTED; NOT_NATIVE_QUALIFIED,,"No complete authoritative service/profile registry, tenant role enforcement or actual placement/edge evidence is supplied. Input screening covers only its enumerated examples and cannot accept the complete service.",TO_BE_DECIDED_FOR_ACTUAL_SERVICE; NOT_AUTO_NA,PROPOSED_ENGINEERING_ALLOCATION_NOT_CONTROL_SATISFACTION
DOC-001/A01,DOC-001,"Every normative requirement SHALL have a stable identifier, accountable owner, applicability, source basis, verification procedure and exception policy; generated catalogues SHALL contain every active requirement.",stable identifier,Exact source span under the complete requirement; not a replacement normative statement,RA §1; RA §28,Architecture authority,Architecture/security/service-owner review and controlled evidence/exception record systems,EXTERNAL_GOVERNANCE_OR_MANUAL_CONTROL,docs/DOCUMENTATION_MIGRATION.md; docs/assurance/requirements.md,Site engineering must name the actual native object/role/service and its accepted settings for: stable identifier,CT-075,Apply the referenced procedure to the actual enforcement location and this focus; include effective negative/failure observations where the original criterion requires them.,SOURCE_AND_LOCAL_FIXTURE_ONLY_OR_NOT_IMPLEMENTED; NOT_NATIVE_QUALIFIED,,"Actual deciding authority, jurisdiction, applicability, issued approval, operating evidence and exception expiry handling must be supplied by the service owner; Git labels and test passes cannot issue them.",TO_BE_DECIDED_FOR_ACTUAL_SERVICE; NOT_AUTO_NA,PROPOSED_ENGINEERING_ALLOCATION_NOT_CONTROL_SATISFACTION
DOC-001/A02,DOC-001,"Every normative requirement SHALL have a stable identifier, accountable owner, applicability, source basis, verification procedure and exception policy; generated catalogues SHALL contain every active requirement.",accountable owner,Exact source span under the complete requirement; not a replacement normative statement,RA §1; RA §28,Architecture authority,Architecture/security/service-owner review and controlled evidence/exception record systems,EXTERNAL_GOVERNANCE_OR_MANUAL_CONTROL,docs/DOCUMENTATION_MIGRATION.md; docs/assurance/requirements.md,Site engineering must name the actual native object/role/service and its accepted settings for: accountable owner,CT-075,Apply the referenced procedure to the actual enforcement location and this focus; include effective negative/failure observations where the original criterion requires them.,SOURCE_AND_LOCAL_FIXTURE_ONLY_OR_NOT_IMPLEMENTED; NOT_NATIVE_QUALIFIED,,"Actual deciding authority, jurisdiction, applicability, issued approval, operating evidence and exception expiry handling must be supplied by the service owner; Git labels and test passes cannot issue them.",TO_BE_DECIDED_FOR_ACTUAL_SERVICE; NOT_AUTO_NA,PROPOSED_ENGINEERING_ALLOCATION_NOT_CONTROL_SATISFACTION
DOC-001/A03,DOC-001,"Every normative requirement SHALL have a stable identifier, accountable owner, applicability, source basis, verification procedure and exception policy; generated catalogues SHALL contain every active requirement.",applicability,Exact source span under the complete requirement; not a replacement normative statement,RA §1; RA §28,Architecture authority,Architecture/security/service-owner review and controlled evidence/exception record systems,EXTERNAL_GOVERNANCE_OR_MANUAL_CONTROL,docs/DOCUMENTATION_MIGRATION.md; docs/assurance/requirements.md,Site engineering must name the actual native object/role/service and its accepted settings for: applicability,CT-075,Apply the referenced procedure to the actual enforcement location and this focus; include effective negative/failure observations where the original criterion requires them.,SOURCE_AND_LOCAL_FIXTURE_ONLY_OR_NOT_IMPLEMENTED; NOT_NATIVE_QUALIFIED,,"Actual deciding authority, jurisdiction, applicability, issued approval, operating evidence and exception expiry handling must be supplied by the service owner; Git labels and test passes cannot issue them.",TO_BE_DECIDED_FOR_ACTUAL_SERVICE; NOT_AUTO_NA,PROPOSED_ENGINEERING_ALLOCATION_NOT_CONTROL_SATISFACTION
DOC-001/A04,DOC-001,"Every normative requirement SHALL have a stable identifier, accountable owner, applicability, source basis, verification procedure and exception policy; generated catalogues SHALL contain every active requirement.",source basis,Exact source span under the complete requirement; not a replacement normative statement,RA §1; RA §28,Architecture authority,Architecture/security/service-owner review and controlled evidence/exception record systems,EXTERNAL_GOVERNANCE_OR_MANUAL_CONTROL,docs/DOCUMENTATION_MIGRATION.md; docs/assurance/requirements.md,Site engineering must name the actual native object/role/service and its accepted settings for: source basis,CT-075,Apply the referenced procedure to the actual enforcement location and this focus; include effective negative/failure observations where the original criterion requires them.,SOURCE_AND_LOCAL_FIXTURE_ONLY_OR_NOT_IMPLEMENTED; NOT_NATIVE_QUALIFIED,,"Actual deciding authority, jurisdiction, applicability, issued approval, operating evidence and exception expiry handling must be supplied by the service owner; Git labels and test passes cannot issue them.",TO_BE_DECIDED_FOR_ACTUAL_SERVICE; NOT_AUTO_NA,PROPOSED_ENGINEERING_ALLOCATION_NOT_CONTROL_SATISFACTION
DOC-001/A05,DOC-001,"Every normative requirement SHALL have a stable identifier, accountable owner, applicability, source basis, verification procedure and exception policy; generated catalogues SHALL contain every active requirement.",verification procedure,Exact source span under the complete requirement; not a replacement normative statement,RA §1; RA §28,Architecture authority,Architecture/security/service-owner review and controlled evidence/exception record systems,EXTERNAL_GOVERNANCE_OR_MANUAL_CONTROL,docs/DOCUMENTATION_MIGRATION.md; docs/assurance/requirements.md,Site engineering must name the actual native object/role/service and its accepted settings for: verification procedure,CT-075,Apply the referenced procedure to the actual enforcement location and this focus; include effective negative/failure observations where the original criterion requires them.,SOURCE_AND_LOCAL_FIXTURE_ONLY_OR_NOT_IMPLEMENTED; NOT_NATIVE_QUALIFIED,,"Actual deciding authority, jurisdiction, applicability, issued approval, operating evidence and exception expiry handling must be supplied by the service owner; Git labels and test passes cannot issue them.",TO_BE_DECIDED_FOR_ACTUAL_SERVICE; NOT_AUTO_NA,PROPOSED_ENGINEERING_ALLOCATION_NOT_CONTROL_SATISFACTION
DOC-001/A06,DOC-001,"Every normative requirement SHALL have a stable identifier, accountable owner, applicability, source basis, verification procedure and exception policy; generated catalogues SHALL contain every active requirement.",exception policy,Exact source span under the complete requirement; not a replacement normative statement,RA §1; RA §28,Architecture authority,Architecture/security/service-owner review and controlled evidence/exception record systems,EXTERNAL_GOVERNANCE_OR_MANUAL_CONTROL,docs/DOCUMENTATION_MIGRATION.md; docs/assurance/requirements.md,Site engineering must name the actual native object/role/service and its accepted settings for: exception policy,CT-075,Apply the referenced procedure to the actual enforcement location and this focus; include effective negative/failure observations where the original criterion requires them.,SOURCE_AND_LOCAL_FIXTURE_ONLY_OR_NOT_IMPLEMENTED; NOT_NATIVE_QUALIFIED,,"Actual deciding authority, jurisdiction, applicability, issued approval, operating evidence and exception expiry handling must be supplied by the service owner; Git labels and test passes cannot issue them.",TO_BE_DECIDED_FOR_ACTUAL_SERVICE; NOT_AUTO_NA,PROPOSED_ENGINEERING_ALLOCATION_NOT_CONTROL_SATISFACTION
AUTH-001/A01,AUTH-001,"Technical conformance, service readiness and formal authorization SHALL be recorded as distinct states; an automated test result SHALL NOT create, renew or impersonate an authorization decision.","Technical conformance, service readiness and formal authorization SHALL be recorded as distinct states",Exact source span under the complete requirement; not a replacement normative statement,RA §1; RA §28,Security authority,Architecture/security/service-owner review and controlled evidence/exception record systems,EXTERNAL_GOVERNANCE_OR_MANUAL_CONTROL,docs/DOCUMENTATION_MIGRATION.md; docs/assurance/requirements.md,"Site engineering must name the actual native object/role/service and its accepted settings for: Technical conformance, service readiness and formal authorization SHALL be recorded as distinct states",CT-049; CT-069,Apply the referenced procedure to the actual enforcement location and this focus; include effective negative/failure observations where the original criterion requires them.,SOURCE_AND_LOCAL_FIXTURE_ONLY_OR_NOT_IMPLEMENTED; NOT_NATIVE_QUALIFIED,,"Actual deciding authority, jurisdiction, applicability, issued approval, operating evidence and exception expiry handling must be supplied by the service owner; Git labels and test passes cannot issue them.",TO_BE_DECIDED_FOR_ACTUAL_SERVICE; NOT_AUTO_NA,PROPOSED_ENGINEERING_ALLOCATION_NOT_CONTROL_SATISFACTION
AUTH-001/A02,AUTH-001,"Technical conformance, service readiness and formal authorization SHALL be recorded as distinct states; an automated test result SHALL NOT create, renew or impersonate an authorization decision.","an automated test result SHALL NOT create, renew or impersonate an authorization decision.",Exact source span under the complete requirement; not a replacement normative statement,RA §1; RA §28,Security authority,Architecture/security/service-owner review and controlled evidence/exception record systems,EXTERNAL_GOVERNANCE_OR_MANUAL_CONTROL,docs/DOCUMENTATION_MIGRATION.md; docs/assurance/requirements.md,"Site engineering must name the actual native object/role/service and its accepted settings for: an automated test result SHALL NOT create, renew or impersonate an authorization decision.",CT-049; CT-069,Apply the referenced procedure to the actual enforcement location and this focus; include effective negative/failure observations where the original criterion requires them.,SOURCE_AND_LOCAL_FIXTURE_ONLY_OR_NOT_IMPLEMENTED; NOT_NATIVE_QUALIFIED,,"Actual deciding authority, jurisdiction, applicability, issued approval, operating evidence and exception expiry handling must be supplied by the service owner; Git labels and test passes cannot issue them.",TO_BE_DECIDED_FOR_ACTUAL_SERVICE; NOT_AUTO_NA,PROPOSED_ENGINEERING_ALLOCATION_NOT_CONTROL_SATISFACTION
STD-001/A01,STD-001,"The standards register SHALL record edition, effective/review date, applicability, owner and supersession relationships; external changes SHALL trigger an impact review of affected profiles and evidence.","The standards register SHALL record edition, effective/review date, applicability, owner and supersession relationships",Exact source span under the complete requirement; not a replacement normative statement,RA §1; RA §28,Security authority,Architecture/security/service-owner review and controlled evidence/exception record systems,EXTERNAL_GOVERNANCE_OR_MANUAL_CONTROL,docs/DOCUMENTATION_MIGRATION.md; docs/assurance/requirements.md,"Site engineering must name the actual native object/role/service and its accepted settings for: The standards register SHALL record edition, effective/review date, applicability, owner and supersession relationships",CT-062; CT-075,Apply the referenced procedure to the actual enforcement location and this focus; include effective negative/failure observations where the original criterion requires them.,SOURCE_AND_LOCAL_FIXTURE_ONLY_OR_NOT_IMPLEMENTED; NOT_NATIVE_QUALIFIED,,"Actual deciding authority, jurisdiction, applicability, issued approval, operating evidence and exception expiry handling must be supplied by the service owner; Git labels and test passes cannot issue them.",TO_BE_DECIDED_FOR_ACTUAL_SERVICE; NOT_AUTO_NA,PROPOSED_ENGINEERING_ALLOCATION_NOT_CONTROL_SATISFACTION
STD-001/A02,STD-001,"The standards register SHALL record edition, effective/review date, applicability, owner and supersession relationships; external changes SHALL trigger an impact review of affected profiles and evidence.",external changes SHALL trigger an impact review of affected profiles and evidence.,Exact source span under the complete requirement; not a replacement normative statement,RA §1; RA §28,Security authority,Architecture/security/service-owner review and controlled evidence/exception record systems,EXTERNAL_GOVERNANCE_OR_MANUAL_CONTROL,docs/DOCUMENTATION_MIGRATION.md; docs/assurance/requirements.md,Site engineering must name the actual native object/role/service and its accepted settings for: external changes SHALL trigger an impact review of affected profiles and evidence.,CT-062; CT-075,Apply the referenced procedure to the actual enforcement location and this focus; include effective negative/failure observations where the original criterion requires them.,SOURCE_AND_LOCAL_FIXTURE_ONLY_OR_NOT_IMPLEMENTED; NOT_NATIVE_QUALIFIED,,"Actual deciding authority, jurisdiction, applicability, issued approval, operating evidence and exception expiry handling must be supplied by the service owner; Git labels and test passes cannot issue them.",TO_BE_DECIDED_FOR_ACTUAL_SERVICE; NOT_AUTO_NA,PROPOSED_ENGINEERING_ALLOCATION_NOT_CONTROL_SATISFACTION
STD-002/A01,STD-002,"Control mappings SHALL preserve source edition and identifier and SHALL distinguish direct source requirements, local translations and design decisions; a family-level crosswalk SHALL NOT be represented as a completed control assessment.","Control mappings SHALL preserve source edition and identifier and SHALL distinguish direct source requirements, local translations and design decisions",Exact source span under the complete requirement; not a replacement normative statement,RA §1; RA §28,Security authority,Architecture/security/service-owner review and controlled evidence/exception record systems,EXTERNAL_GOVERNANCE_OR_MANUAL_CONTROL,docs/DOCUMENTATION_MIGRATION.md; docs/assurance/requirements.md,"Site engineering must name the actual native object/role/service and its accepted settings for: Control mappings SHALL preserve source edition and identifier and SHALL distinguish direct source requirements, local translations and design decisions",CT-062; CT-075,Apply the referenced procedure to the actual enforcement location and this focus; include effective negative/failure observations where the original criterion requires them.,SOURCE_AND_LOCAL_FIXTURE_ONLY_OR_NOT_IMPLEMENTED; NOT_NATIVE_QUALIFIED,,"Actual deciding authority, jurisdiction, applicability, issued approval, operating evidence and exception expiry handling must be supplied by the service owner; Git labels and test passes cannot issue them.",TO_BE_DECIDED_FOR_ACTUAL_SERVICE; NOT_AUTO_NA,PROPOSED_ENGINEERING_ALLOCATION_NOT_CONTROL_SATISFACTION
STD-002/A02,STD-002,"Control mappings SHALL preserve source edition and identifier and SHALL distinguish direct source requirements, local translations and design decisions; a family-level crosswalk SHALL NOT be represented as a completed control assessment.",a family-level crosswalk SHALL NOT be represented as a completed control assessment.,Exact source span under the complete requirement; not a replacement normative statement,RA §1; RA §28,Security authority,Architecture/security/service-owner review and controlled evidence/exception record systems,EXTERNAL_GOVERNANCE_OR_MANUAL_CONTROL,docs/DOCUMENTATION_MIGRATION.md; docs/assurance/requirements.md,Site engineering must name the actual native object/role/service and its accepted settings for: a family-level crosswalk SHALL NOT be represented as a completed control assessment.,CT-062; CT-075,Apply the referenced procedure to the actual enforcement location and this focus; include effective negative/failure observations where the original criterion requires them.,SOURCE_AND_LOCAL_FIXTURE_ONLY_OR_NOT_IMPLEMENTED; NOT_NATIVE_QUALIFIED,,"Actual deciding authority, jurisdiction, applicability, issued approval, operating evidence and exception expiry handling must be supplied by the service owner; Git labels and test passes cannot issue them.",TO_BE_DECIDED_FOR_ACTUAL_SERVICE; NOT_AUTO_NA,PROPOSED_ENGINEERING_ALLOCATION_NOT_CONTROL_SATISFACTION
CAT-001/A01,CAT-001,"Each WSD SHALL record confidentiality, integrity and availability separately and SHALL reference the exact adopted SecurityProfile, AssuranceProfile, AvailabilityProfile, RecoveryProfile and PlacementProfile.","Each WSD SHALL record confidentiality, integrity and availability separately and SHALL reference the exact adopted SecurityProfile, AssuranceProfile, AvailabilityProfile, RecoveryProfile and PlacementProfile.",Exact source span under the complete requirement; not a replacement normative statement,RA §2,Security authority,Accepted service/profile and topology records; native domain/identity boundaries implement selected constraints,PARTIAL_DESIGN_AND_CANDIDATE,docs/architecture/RAD.md; docs/engineering/TAD.md; tools/input_review.py,"Site engineering must name the actual native object/role/service and its accepted settings for: Each WSD SHALL record confidentiality, integrity and availability separately and SHALL reference the exact adopted SecurityProfile, AssuranceProfile, AvailabilityProfile, RecoveryProfile and PlacementProfile.",CT-017; CT-062; CT-069,Apply the referenced procedure to the actual enforcement location and this focus; include effective negative/failure observations where the original criterion requires them.,SOURCE_AND_LOCAL_FIXTURE_ONLY_OR_NOT_IMPLEMENTED; NOT_NATIVE_QUALIFIED,,"No complete authoritative service/profile registry, tenant role enforcement or actual placement/edge evidence is supplied. Input screening covers only its enumerated examples and cannot accept the complete service.",TO_BE_DECIDED_FOR_ACTUAL_SERVICE; NOT_AUTO_NA,PROPOSED_ENGINEERING_ALLOCATION_NOT_CONTROL_SATISFACTION
CAT-002/A01,CAT-002,"Profile resolution SHALL be immutable and authorized; a consumer SHALL NOT lower mandatory requirements by editing a profile, forging a status field or choosing an unsupported category.",Profile resolution SHALL be immutable and authorized,Exact source span under the complete requirement; not a replacement normative statement,RA §2,Automation platform,Accepted service/profile and topology records; native domain/identity boundaries implement selected constraints,PARTIAL_DESIGN_AND_CANDIDATE,docs/architecture/RAD.md; docs/engineering/TAD.md; tools/input_review.py,Site engineering must name the actual native object/role/service and its accepted settings for: Profile resolution SHALL be immutable and authorized,CT-017; CT-018,Apply the referenced procedure to the actual enforcement location and this focus; include effective negative/failure observations where the original criterion requires them.,SOURCE_AND_LOCAL_FIXTURE_ONLY_OR_NOT_IMPLEMENTED; NOT_NATIVE_QUALIFIED,,"No complete authoritative service/profile registry, tenant role enforcement or actual placement/edge evidence is supplied. Input screening covers only its enumerated examples and cannot accept the complete service.",TO_BE_DECIDED_FOR_ACTUAL_SERVICE; NOT_AUTO_NA,PROPOSED_ENGINEERING_ALLOCATION_NOT_CONTROL_SATISFACTION
CAT-002/A02,CAT-002,"Profile resolution SHALL be immutable and authorized; a consumer SHALL NOT lower mandatory requirements by editing a profile, forging a status field or choosing an unsupported category.","a consumer SHALL NOT lower mandatory requirements by editing a profile, forging a status field or choosing an unsupported category.",Exact source span under the complete requirement; not a replacement normative statement,RA §2,Automation platform,Accepted service/profile and topology records; native domain/identity boundaries implement selected constraints,PARTIAL_DESIGN_AND_CANDIDATE,docs/architecture/RAD.md; docs/engineering/TAD.md; tools/input_review.py,"Site engineering must name the actual native object/role/service and its accepted settings for: a consumer SHALL NOT lower mandatory requirements by editing a profile, forging a status field or choosing an unsupported category.",CT-017; CT-018,Apply the referenced procedure to the actual enforcement location and this focus; include effective negative/failure observations where the original criterion requires them.,SOURCE_AND_LOCAL_FIXTURE_ONLY_OR_NOT_IMPLEMENTED; NOT_NATIVE_QUALIFIED,,"No complete authoritative service/profile registry, tenant role enforcement or actual placement/edge evidence is supplied. Input screening covers only its enumerated examples and cannot accept the complete service.",TO_BE_DECIDED_FOR_ACTUAL_SERVICE; NOT_AUTO_NA,PROPOSED_ENGINEERING_ALLOCATION_NOT_CONTROL_SATISFACTION
THR-001/A01,THR-001,"Each platform qualification and material WSD change SHALL include a threat/failure analysis that identifies trust boundaries, privileged actors, dependency failures, residual risks and applicable tests.","Each platform qualification and material WSD change SHALL include a threat/failure analysis that identifies trust boundaries, privileged actors, dependency failures, residual risks and applicable tests.",Exact source span under the complete requirement; not a replacement normative statement,RA §2,Security authority,Accepted service/profile and topology records; native domain/identity boundaries implement selected constraints,PARTIAL_DESIGN_AND_CANDIDATE,docs/architecture/RAD.md; docs/engineering/TAD.md; tools/input_review.py,"Site engineering must name the actual native object/role/service and its accepted settings for: Each platform qualification and material WSD change SHALL include a threat/failure analysis that identifies trust boundaries, privileged actors, dependency failures, residual risks and applicable tests.",CT-035; CT-062; CT-080,Apply the referenced procedure to the actual enforcement location and this focus; include effective negative/failure observations where the original criterion requires them.,SOURCE_AND_LOCAL_FIXTURE_ONLY_OR_NOT_IMPLEMENTED; NOT_NATIVE_QUALIFIED,,"No complete authoritative service/profile registry, tenant role enforcement or actual placement/edge evidence is supplied. Input screening covers only its enumerated examples and cannot accept the complete service.",TO_BE_DECIDED_FOR_ACTUAL_SERVICE; NOT_AUTO_NA,PROPOSED_ENGINEERING_ALLOCATION_NOT_CONTROL_SATISFACTION
MODEL-001/A01,MODEL-001,"Every network SHALL resolve to one Security Domain Instance, one logical domain, one zone class, one address authority and one accountable owner; shared-domain lifecycle SHALL use explicit dependency references.","Every network SHALL resolve to one Security Domain Instance, one logical domain, one zone class, one address authority and one accountable owner",Exact source span under the complete requirement; not a replacement normative statement,RA §3; RA §7,Architecture authority,Accepted service/profile and topology records; native domain/identity boundaries implement selected constraints,PARTIAL_DESIGN_AND_CANDIDATE,docs/architecture/RAD.md; docs/engineering/TAD.md; tools/input_review.py,"Site engineering must name the actual native object/role/service and its accepted settings for: Every network SHALL resolve to one Security Domain Instance, one logical domain, one zone class, one address authority and one accountable owner",CT-017; CT-025; CT-070,Apply the referenced procedure to the actual enforcement location and this focus; include effective negative/failure observations where the original criterion requires them.,SOURCE_AND_LOCAL_FIXTURE_ONLY_OR_NOT_IMPLEMENTED; NOT_NATIVE_QUALIFIED,,"No complete authoritative service/profile registry, tenant role enforcement or actual placement/edge evidence is supplied. Input screening covers only its enumerated examples and cannot accept the complete service.",TO_BE_DECIDED_FOR_ACTUAL_SERVICE; NOT_AUTO_NA,PROPOSED_ENGINEERING_ALLOCATION_NOT_CONTROL_SATISFACTION
MODEL-001/A02,MODEL-001,"Every network SHALL resolve to one Security Domain Instance, one logical domain, one zone class, one address authority and one accountable owner; shared-domain lifecycle SHALL use explicit dependency references.",shared-domain lifecycle SHALL use explicit dependency references.,Exact source span under the complete requirement; not a replacement normative statement,RA §3; RA §7,Architecture authority,Accepted service/profile and topology records; native domain/identity boundaries implement selected constraints,PARTIAL_DESIGN_AND_CANDIDATE,docs/architecture/RAD.md; docs/engineering/TAD.md; tools/input_review.py,Site engineering must name the actual native object/role/service and its accepted settings for: shared-domain lifecycle SHALL use explicit dependency references.,CT-017; CT-025; CT-070,Apply the referenced procedure to the actual enforcement location and this focus; include effective negative/failure observations where the original criterion requires them.,SOURCE_AND_LOCAL_FIXTURE_ONLY_OR_NOT_IMPLEMENTED; NOT_NATIVE_QUALIFIED,,"No complete authoritative service/profile registry, tenant role enforcement or actual placement/edge evidence is supplied. Input screening covers only its enumerated examples and cannot accept the complete service.",TO_BE_DECIDED_FOR_ACTUAL_SERVICE; NOT_AUTO_NA,PROPOSED_ENGINEERING_ALLOCATION_NOT_CONTROL_SATISFACTION
MODEL-002/A01,MODEL-002,"Provider service consumption, platform control, privileged management and OOB transport SHALL be modeled separately; a shared service SHALL NOT create implicit authority over another plane.","Provider service consumption, platform control, privileged management and OOB transport SHALL be modeled separately",Exact source span under the complete requirement; not a replacement normative statement,RA §3; RA §7,Architecture authority,Accepted service/profile and topology records; native domain/identity boundaries implement selected constraints,PARTIAL_DESIGN_AND_CANDIDATE,docs/architecture/RAD.md; docs/engineering/TAD.md; tools/input_review.py,"Site engineering must name the actual native object/role/service and its accepted settings for: Provider service consumption, platform control, privileged management and OOB transport SHALL be modeled separately",CT-004; CT-008; CT-026,Apply the referenced procedure to the actual enforcement location and this focus; include effective negative/failure observations where the original criterion requires them.,SOURCE_AND_LOCAL_FIXTURE_ONLY_OR_NOT_IMPLEMENTED; NOT_NATIVE_QUALIFIED,,"No complete authoritative service/profile registry, tenant role enforcement or actual placement/edge evidence is supplied. Input screening covers only its enumerated examples and cannot accept the complete service.",TO_BE_DECIDED_FOR_ACTUAL_SERVICE; NOT_AUTO_NA,PROPOSED_ENGINEERING_ALLOCATION_NOT_CONTROL_SATISFACTION
MODEL-002/A02,MODEL-002,"Provider service consumption, platform control, privileged management and OOB transport SHALL be modeled separately; a shared service SHALL NOT create implicit authority over another plane.",a shared service SHALL NOT create implicit authority over another plane.,Exact source span under the complete requirement; not a replacement normative statement,RA §3; RA §7,Architecture authority,Accepted service/profile and topology records; native domain/identity boundaries implement selected constraints,PARTIAL_DESIGN_AND_CANDIDATE,docs/architecture/RAD.md; docs/engineering/TAD.md; tools/input_review.py,Site engineering must name the actual native object/role/service and its accepted settings for: a shared service SHALL NOT create implicit authority over another plane.,CT-004; CT-008; CT-026,Apply the referenced procedure to the actual enforcement location and this focus; include effective negative/failure observations where the original criterion requires them.,SOURCE_AND_LOCAL_FIXTURE_ONLY_OR_NOT_IMPLEMENTED; NOT_NATIVE_QUALIFIED,,"No complete authoritative service/profile registry, tenant role enforcement or actual placement/edge evidence is supplied. Input screening covers only its enumerated examples and cannot accept the complete service.",TO_BE_DECIDED_FOR_ACTUAL_SERVICE; NOT_AUTO_NA,PROPOSED_ENGINEERING_ALLOCATION_NOT_CONTROL_SATISFACTION
TEN-001/A01,TEN-001,Cross-tenant routing SHALL be denied by default even when two tenants use the same zone class.,Cross-tenant routing SHALL be denied by default even when two tenants use the same zone class.,Exact source span under the complete requirement; not a replacement normative statement,RA §7,Automation platform,Accepted service/profile and topology records; native domain/identity boundaries implement selected constraints,PARTIAL_DESIGN_AND_CANDIDATE,docs/architecture/RAD.md; docs/engineering/TAD.md; tools/input_review.py,Site engineering must name the actual native object/role/service and its accepted settings for: Cross-tenant routing SHALL be denied by default even when two tenants use the same zone class.,CT-001; CT-002; CT-019,Apply the referenced procedure to the actual enforcement location and this focus; include effective negative/failure observations where the original criterion requires them.,SOURCE_AND_LOCAL_FIXTURE_ONLY_OR_NOT_IMPLEMENTED; NOT_NATIVE_QUALIFIED,,"No complete authoritative service/profile registry, tenant role enforcement or actual placement/edge evidence is supplied. Input screening covers only its enumerated examples and cannot accept the complete service.",TO_BE_DECIDED_FOR_ACTUAL_SERVICE; NOT_AUTO_NA,PROPOSED_ENGINEERING_ALLOCATION_NOT_CONTROL_SATISFACTION
TEN-002/A01,TEN-002,"Tenant administrators SHALL NOT have authority to modify provider management, security-edge infrastructure, physical fabric, or another tenant namespace.","Tenant administrators SHALL NOT have authority to modify provider management, security-edge infrastructure, physical fabric, or another tenant namespace.",Exact source span under the complete requirement; not a replacement normative statement,RA §7,Automation platform,Accepted service/profile and topology records; native domain/identity boundaries implement selected constraints,PARTIAL_DESIGN_AND_CANDIDATE,docs/architecture/RAD.md; docs/engineering/TAD.md; tools/input_review.py,"Site engineering must name the actual native object/role/service and its accepted settings for: Tenant administrators SHALL NOT have authority to modify provider management, security-edge infrastructure, physical fabric, or another tenant namespace.",CT-019; CT-026,Apply the referenced procedure to the actual enforcement location and this focus; include effective negative/failure observations where the original criterion requires them.,SOURCE_AND_LOCAL_FIXTURE_ONLY_OR_NOT_IMPLEMENTED; NOT_NATIVE_QUALIFIED,,"No complete authoritative service/profile registry, tenant role enforcement or actual placement/edge evidence is supplied. Input screening covers only its enumerated examples and cannot accept the complete service.",TO_BE_DECIDED_FOR_ACTUAL_SERVICE; NOT_AUTO_NA,PROPOSED_ENGINEERING_ALLOCATION_NOT_CONTROL_SATISFACTION
TEN-003/A01,TEN-003,"Tenant ownership, entitlements and role bindings SHALL be versioned and auditable; suspension SHALL specify permitted recovery/containment actions and SHALL NOT imply indiscriminate workload deletion.","Tenant ownership, entitlements and role bindings SHALL be versioned and auditable",Exact source span under the complete requirement; not a replacement normative statement,RA §7,Service owner,Accepted service/profile and topology records; native domain/identity boundaries implement selected constraints,PARTIAL_DESIGN_AND_CANDIDATE,docs/architecture/RAD.md; docs/engineering/TAD.md; tools/input_review.py,"Site engineering must name the actual native object/role/service and its accepted settings for: Tenant ownership, entitlements and role bindings SHALL be versioned and auditable",CT-019; CT-057; CT-070,Apply the referenced procedure to the actual enforcement location and this focus; include effective negative/failure observations where the original criterion requires them.,SOURCE_AND_LOCAL_FIXTURE_ONLY_OR_NOT_IMPLEMENTED; NOT_NATIVE_QUALIFIED,,"No complete authoritative service/profile registry, tenant role enforcement or actual placement/edge evidence is supplied. Input screening covers only its enumerated examples and cannot accept the complete service.",TO_BE_DECIDED_FOR_ACTUAL_SERVICE; NOT_AUTO_NA,PROPOSED_ENGINEERING_ALLOCATION_NOT_CONTROL_SATISFACTION
TEN-003/A02,TEN-003,"Tenant ownership, entitlements and role bindings SHALL be versioned and auditable; suspension SHALL specify permitted recovery/containment actions and SHALL NOT imply indiscriminate workload deletion.",suspension SHALL specify permitted recovery/containment actions and SHALL NOT imply indiscriminate workload deletion.,Exact source span under the complete requirement; not a replacement normative statement,RA §7,Service owner,Accepted service/profile and topology records; native domain/identity boundaries implement selected constraints,PARTIAL_DESIGN_AND_CANDIDATE,docs/architecture/RAD.md; docs/engineering/TAD.md; tools/input_review.py,Site engineering must name the actual native object/role/service and its accepted settings for: suspension SHALL specify permitted recovery/containment actions and SHALL NOT imply indiscriminate workload deletion.,CT-019; CT-057; CT-070,Apply the referenced procedure to the actual enforcement location and this focus; include effective negative/failure observations where the original criterion requires them.,SOURCE_AND_LOCAL_FIXTURE_ONLY_OR_NOT_IMPLEMENTED; NOT_NATIVE_QUALIFIED,,"No complete authoritative service/profile registry, tenant role enforcement or actual placement/edge evidence is supplied. Input screening covers only its enumerated examples and cannot accept the complete service.",TO_BE_DECIDED_FOR_ACTUAL_SERVICE; NOT_AUTO_NA,PROPOSED_ENGINEERING_ALLOCATION_NOT_CONTROL_SATISFACTION
WSD-001/A01,WSD-001,Every managed workload SHALL belong to a WSD or an explicitly documented equivalent lifecycle object.,Every managed workload SHALL belong to a WSD or an explicitly documented equivalent lifecycle object.,Exact source span under the complete requirement; not a replacement normative statement,RA §7,Service owner,Accepted service/profile and topology records; native domain/identity boundaries implement selected constraints,PARTIAL_DESIGN_AND_CANDIDATE,docs/architecture/RAD.md; docs/engineering/TAD.md; tools/input_review.py,Site engineering must name the actual native object/role/service and its accepted settings for: Every managed workload SHALL belong to a WSD or an explicitly documented equivalent lifecycle object.,CT-017; CT-070,Apply the referenced procedure to the actual enforcement location and this focus; include effective negative/failure observations where the original criterion requires them.,SOURCE_AND_LOCAL_FIXTURE_ONLY_OR_NOT_IMPLEMENTED; NOT_NATIVE_QUALIFIED,,"No complete authoritative service/profile registry, tenant role enforcement or actual placement/edge evidence is supplied. Input screening covers only its enumerated examples and cannot accept the complete service.",TO_BE_DECIDED_FOR_ACTUAL_SERVICE; NOT_AUTO_NA,PROPOSED_ENGINEERING_ALLOCATION_NOT_CONTROL_SATISFACTION
WSD-002/A01,WSD-002,The WSD SHALL contain security and connectivity intent; it SHALL NOT contain vendor-specific infrastructure identifiers in the consumer contract.,The WSD SHALL contain security and connectivity intent,Exact source span under the complete requirement; not a replacement normative statement,RA §7,Automation platform,Accepted service/profile and topology records; native domain/identity boundaries implement selected constraints,PARTIAL_DESIGN_AND_CANDIDATE,docs/architecture/RAD.md; docs/engineering/TAD.md; tools/input_review.py,Site engineering must name the actual native object/role/service and its accepted settings for: The WSD SHALL contain security and connectivity intent,CT-016; CT-017,Apply the referenced procedure to the actual enforcement location and this focus; include effective negative/failure observations where the original criterion requires them.,SOURCE_AND_LOCAL_FIXTURE_ONLY_OR_NOT_IMPLEMENTED; NOT_NATIVE_QUALIFIED,,"No complete authoritative service/profile registry, tenant role enforcement or actual placement/edge evidence is supplied. Input screening covers only its enumerated examples and cannot accept the complete service.",TO_BE_DECIDED_FOR_ACTUAL_SERVICE; NOT_AUTO_NA,PROPOSED_ENGINEERING_ALLOCATION_NOT_CONTROL_SATISFACTION
WSD-002/A02,WSD-002,The WSD SHALL contain security and connectivity intent; it SHALL NOT contain vendor-specific infrastructure identifiers in the consumer contract.,it SHALL NOT contain vendor-specific infrastructure identifiers in the consumer contract.,Exact source span under the complete requirement; not a replacement normative statement,RA §7,Automation platform,Accepted service/profile and topology records; native domain/identity boundaries implement selected constraints,PARTIAL_DESIGN_AND_CANDIDATE,docs/architecture/RAD.md; docs/engineering/TAD.md; tools/input_review.py,Site engineering must name the actual native object/role/service and its accepted settings for: it SHALL NOT contain vendor-specific infrastructure identifiers in the consumer contract.,CT-016; CT-017,Apply the referenced procedure to the actual enforcement location and this focus; include effective negative/failure observations where the original criterion requires them.,SOURCE_AND_LOCAL_FIXTURE_ONLY_OR_NOT_IMPLEMENTED; NOT_NATIVE_QUALIFIED,,"No complete authoritative service/profile registry, tenant role enforcement or actual placement/edge evidence is supplied. Input screening covers only its enumerated examples and cannot accept the complete service.",TO_BE_DECIDED_FOR_ACTUAL_SERVICE; NOT_AUTO_NA,PROPOSED_ENGINEERING_ALLOCATION_NOT_CONTROL_SATISFACTION
WSD-003/A01,WSD-003,"A WSD SHALL declare compute, storage, identity, backup, recovery, exposure and evidence dependencies in addition to network intent; unresolved mandatory dependencies SHALL block Service Ready.","A WSD SHALL declare compute, storage, identity, backup, recovery, exposure and evidence dependencies in addition to network intent",Exact source span under the complete requirement; not a replacement normative statement,RA §7,Service owner,Accepted service/profile and topology records; native domain/identity boundaries implement selected constraints,PARTIAL_DESIGN_AND_CANDIDATE,docs/architecture/RAD.md; docs/engineering/TAD.md; tools/input_review.py,"Site engineering must name the actual native object/role/service and its accepted settings for: A WSD SHALL declare compute, storage, identity, backup, recovery, exposure and evidence dependencies in addition to network intent",CT-062; CT-069,Apply the referenced procedure to the actual enforcement location and this focus; include effective negative/failure observations where the original criterion requires them.,SOURCE_AND_LOCAL_FIXTURE_ONLY_OR_NOT_IMPLEMENTED; NOT_NATIVE_QUALIFIED,,"No complete authoritative service/profile registry, tenant role enforcement or actual placement/edge evidence is supplied. Input screening covers only its enumerated examples and cannot accept the complete service.",TO_BE_DECIDED_FOR_ACTUAL_SERVICE; NOT_AUTO_NA,PROPOSED_ENGINEERING_ALLOCATION_NOT_CONTROL_SATISFACTION
WSD-003/A02,WSD-003,"A WSD SHALL declare compute, storage, identity, backup, recovery, exposure and evidence dependencies in addition to network intent; unresolved mandatory dependencies SHALL block Service Ready.",unresolved mandatory dependencies SHALL block Service Ready.,Exact source span under the complete requirement; not a replacement normative statement,RA §7,Service owner,Accepted service/profile and topology records; native domain/identity boundaries implement selected constraints,PARTIAL_DESIGN_AND_CANDIDATE,docs/architecture/RAD.md; docs/engineering/TAD.md; tools/input_review.py,Site engineering must name the actual native object/role/service and its accepted settings for: unresolved mandatory dependencies SHALL block Service Ready.,CT-062; CT-069,Apply the referenced procedure to the actual enforcement location and this focus; include effective negative/failure observations where the original criterion requires them.,SOURCE_AND_LOCAL_FIXTURE_ONLY_OR_NOT_IMPLEMENTED; NOT_NATIVE_QUALIFIED,,"No complete authoritative service/profile registry, tenant role enforcement or actual placement/edge evidence is supplied. Input screening covers only its enumerated examples and cannot accept the complete service.",TO_BE_DECIDED_FOR_ACTUAL_SERVICE; NOT_AUTO_NA,PROPOSED_ENGINEERING_ALLOCATION_NOT_CONTROL_SATISFACTION
SDI-001/A01,SDI-001,A Security Domain Instance SHALL contain only networks authorized to share its routing/security authority.,A Security Domain Instance SHALL contain only networks authorized to share its routing/security authority.,Exact source span under the complete requirement; not a replacement normative statement,RA §7,Security authority,Accepted service/profile and topology records; native domain/identity boundaries implement selected constraints,PARTIAL_DESIGN_AND_CANDIDATE,docs/architecture/RAD.md; docs/engineering/TAD.md; tools/input_review.py,Site engineering must name the actual native object/role/service and its accepted settings for: A Security Domain Instance SHALL contain only networks authorized to share its routing/security authority.,CT-025; CT-035,Apply the referenced procedure to the actual enforcement location and this focus; include effective negative/failure observations where the original criterion requires them.,SOURCE_AND_LOCAL_FIXTURE_ONLY_OR_NOT_IMPLEMENTED; NOT_NATIVE_QUALIFIED,,"No complete authoritative service/profile registry, tenant role enforcement or actual placement/edge evidence is supplied. Input screening covers only its enumerated examples and cannot accept the complete service.",TO_BE_DECIDED_FOR_ACTUAL_SERVICE; NOT_AUTO_NA,PROPOSED_ENGINEERING_ALLOCATION_NOT_CONTROL_SATISFACTION
SDI-002/A01,SDI-002,Sharing a zone class SHALL NOT imply reachability between independent Security Domain Instances.,Sharing a zone class SHALL NOT imply reachability between independent Security Domain Instances.,Exact source span under the complete requirement; not a replacement normative statement,RA §7,Platform engineering,Accepted service/profile and topology records; native domain/identity boundaries implement selected constraints,PARTIAL_DESIGN_AND_CANDIDATE,docs/architecture/RAD.md; docs/engineering/TAD.md; tools/input_review.py,Site engineering must name the actual native object/role/service and its accepted settings for: Sharing a zone class SHALL NOT imply reachability between independent Security Domain Instances.,CT-001; CT-002; CT-021,Apply the referenced procedure to the actual enforcement location and this focus; include effective negative/failure observations where the original criterion requires them.,SOURCE_AND_LOCAL_FIXTURE_ONLY_OR_NOT_IMPLEMENTED; NOT_NATIVE_QUALIFIED,,"No complete authoritative service/profile registry, tenant role enforcement or actual placement/edge evidence is supplied. Input screening covers only its enumerated examples and cannot accept the complete service.",TO_BE_DECIDED_FOR_ACTUAL_SERVICE; NOT_AUTO_NA,PROPOSED_ENGINEERING_ALLOCATION_NOT_CONTROL_SATISFACTION
SDI-003/A01,SDI-003,Dedicated Security Domain Instances SHOULD be available for workloads whose assurance profile or threat model requires stronger isolation than shared logical segmentation.,Dedicated Security Domain Instances SHOULD be available for workloads whose assurance profile or threat model requires stronger isolation than shared logical segmentation.,Exact source span under the complete requirement; not a replacement normative statement,RA §7,Platform engineering,Accepted service/profile and topology records; native domain/identity boundaries implement selected constraints,PARTIAL_DESIGN_AND_CANDIDATE,docs/architecture/RAD.md; docs/engineering/TAD.md; tools/input_review.py,Site engineering must name the actual native object/role/service and its accepted settings for: Dedicated Security Domain Instances SHOULD be available for workloads whose assurance profile or threat model requires stronger isolation than shared logical segmentation.,CT-018; CT-035,Apply the referenced procedure to the actual enforcement location and this focus; include effective negative/failure observations where the original criterion requires them.,SOURCE_AND_LOCAL_FIXTURE_ONLY_OR_NOT_IMPLEMENTED; NOT_NATIVE_QUALIFIED,,"No complete authoritative service/profile registry, tenant role enforcement or actual placement/edge evidence is supplied. Input screening covers only its enumerated examples and cannot accept the complete service.",TO_BE_DECIDED_FOR_ACTUAL_SERVICE; NOT_AUTO_NA,PROPOSED_ENGINEERING_ALLOCATION_NOT_CONTROL_SATISFACTION
SDI-004/A01,SDI-004,Each Security Domain Instance SHALL reference a logical domain and a qualified site/platform realization; membership and sharing changes SHALL be assessed as security-significant changes.,Each Security Domain Instance SHALL reference a logical domain and a qualified site/platform realization,Exact source span under the complete requirement; not a replacement normative statement,RA §7,Security authority,Accepted service/profile and topology records; native domain/identity boundaries implement selected constraints,PARTIAL_DESIGN_AND_CANDIDATE,docs/architecture/RAD.md; docs/engineering/TAD.md; tools/input_review.py,Site engineering must name the actual native object/role/service and its accepted settings for: Each Security Domain Instance SHALL reference a logical domain and a qualified site/platform realization,CT-025; CT-035; CT-048,Apply the referenced procedure to the actual enforcement location and this focus; include effective negative/failure observations where the original criterion requires them.,SOURCE_AND_LOCAL_FIXTURE_ONLY_OR_NOT_IMPLEMENTED; NOT_NATIVE_QUALIFIED,,"No complete authoritative service/profile registry, tenant role enforcement or actual placement/edge evidence is supplied. Input screening covers only its enumerated examples and cannot accept the complete service.",TO_BE_DECIDED_FOR_ACTUAL_SERVICE; NOT_AUTO_NA,PROPOSED_ENGINEERING_ALLOCATION_NOT_CONTROL_SATISFACTION
SDI-004/A02,SDI-004,Each Security Domain Instance SHALL reference a logical domain and a qualified site/platform realization; membership and sharing changes SHALL be assessed as security-significant changes.,membership and sharing changes SHALL be assessed as security-significant changes.,Exact source span under the complete requirement; not a replacement normative statement,RA §7,Security authority,Accepted service/profile and topology records; native domain/identity boundaries implement selected constraints,PARTIAL_DESIGN_AND_CANDIDATE,docs/architecture/RAD.md; docs/engineering/TAD.md; tools/input_review.py,Site engineering must name the actual native object/role/service and its accepted settings for: membership and sharing changes SHALL be assessed as security-significant changes.,CT-025; CT-035; CT-048,Apply the referenced procedure to the actual enforcement location and this focus; include effective negative/failure observations where the original criterion requires them.,SOURCE_AND_LOCAL_FIXTURE_ONLY_OR_NOT_IMPLEMENTED; NOT_NATIVE_QUALIFIED,,"No complete authoritative service/profile registry, tenant role enforcement or actual placement/edge evidence is supplied. Input screening covers only its enumerated examples and cannot accept the complete service.",TO_BE_DECIDED_FOR_ACTUAL_SERVICE; NOT_AUTO_NA,PROPOSED_ENGINEERING_ALLOCATION_NOT_CONTROL_SATISFACTION
ZONE-001/A01,ZONE-001,"Internal instance zoneClass SHALL be limited to PAZ, OZ, RZ, HRZ or provider-controlled MZ; external PZ/REZ relationships SHALL use ExternalDomain with explicit authority and trust metadata.","Internal instance zoneClass SHALL be limited to PAZ, OZ, RZ, HRZ or provider-controlled MZ",Exact source span under the complete requirement; not a replacement normative statement,RA §8,Security authority,Accepted service/profile and topology records; native domain/identity boundaries implement selected constraints,PARTIAL_DESIGN_AND_CANDIDATE,docs/architecture/RAD.md; docs/engineering/TAD.md; tools/input_review.py,"Site engineering must name the actual native object/role/service and its accepted settings for: Internal instance zoneClass SHALL be limited to PAZ, OZ, RZ, HRZ or provider-controlled MZ",CT-017; CT-025; CT-076,Apply the referenced procedure to the actual enforcement location and this focus; include effective negative/failure observations where the original criterion requires them.,SOURCE_AND_LOCAL_FIXTURE_ONLY_OR_NOT_IMPLEMENTED; NOT_NATIVE_QUALIFIED,,"No complete authoritative service/profile registry, tenant role enforcement or actual placement/edge evidence is supplied. Input screening covers only its enumerated examples and cannot accept the complete service.",TO_BE_DECIDED_FOR_ACTUAL_SERVICE; NOT_AUTO_NA,PROPOSED_ENGINEERING_ALLOCATION_NOT_CONTROL_SATISFACTION
ZONE-001/A02,ZONE-001,"Internal instance zoneClass SHALL be limited to PAZ, OZ, RZ, HRZ or provider-controlled MZ; external PZ/REZ relationships SHALL use ExternalDomain with explicit authority and trust metadata.",external PZ/REZ relationships SHALL use ExternalDomain with explicit authority and trust metadata.,Exact source span under the complete requirement; not a replacement normative statement,RA §8,Security authority,Accepted service/profile and topology records; native domain/identity boundaries implement selected constraints,PARTIAL_DESIGN_AND_CANDIDATE,docs/architecture/RAD.md; docs/engineering/TAD.md; tools/input_review.py,Site engineering must name the actual native object/role/service and its accepted settings for: external PZ/REZ relationships SHALL use ExternalDomain with explicit authority and trust metadata.,CT-017; CT-025; CT-076,Apply the referenced procedure to the actual enforcement location and this focus; include effective negative/failure observations where the original criterion requires them.,SOURCE_AND_LOCAL_FIXTURE_ONLY_OR_NOT_IMPLEMENTED; NOT_NATIVE_QUALIFIED,,"No complete authoritative service/profile registry, tenant role enforcement or actual placement/edge evidence is supplied. Input screening covers only its enumerated examples and cannot accept the complete service.",TO_BE_DECIDED_FOR_ACTUAL_SERVICE; NOT_AUTO_NA,PROPOSED_ENGINEERING_ALLOCATION_NOT_CONTROL_SATISFACTION
ZONE-002/A01,ZONE-002,Every requested adjacency SHALL be evaluated against the versioned zone policy before allocation; being permitted to create a ZIP SHALL NOT grant any traffic by default.,Every requested adjacency SHALL be evaluated against the versioned zone policy before allocation,Exact source span under the complete requirement; not a replacement normative statement,RA §8,Automation platform,Accepted service/profile and topology records; native domain/identity boundaries implement selected constraints,PARTIAL_DESIGN_AND_CANDIDATE,docs/architecture/RAD.md; docs/engineering/TAD.md; tools/input_review.py,Site engineering must name the actual native object/role/service and its accepted settings for: Every requested adjacency SHALL be evaluated against the versioned zone policy before allocation,CT-025; CT-066,Apply the referenced procedure to the actual enforcement location and this focus; include effective negative/failure observations where the original criterion requires them.,SOURCE_AND_LOCAL_FIXTURE_ONLY_OR_NOT_IMPLEMENTED; NOT_NATIVE_QUALIFIED,,"No complete authoritative service/profile registry, tenant role enforcement or actual placement/edge evidence is supplied. Input screening covers only its enumerated examples and cannot accept the complete service.",TO_BE_DECIDED_FOR_ACTUAL_SERVICE; NOT_AUTO_NA,PROPOSED_ENGINEERING_ALLOCATION_NOT_CONTROL_SATISFACTION
ZONE-002/A02,ZONE-002,Every requested adjacency SHALL be evaluated against the versioned zone policy before allocation; being permitted to create a ZIP SHALL NOT grant any traffic by default.,being permitted to create a ZIP SHALL NOT grant any traffic by default.,Exact source span under the complete requirement; not a replacement normative statement,RA §8,Automation platform,Accepted service/profile and topology records; native domain/identity boundaries implement selected constraints,PARTIAL_DESIGN_AND_CANDIDATE,docs/architecture/RAD.md; docs/engineering/TAD.md; tools/input_review.py,Site engineering must name the actual native object/role/service and its accepted settings for: being permitted to create a ZIP SHALL NOT grant any traffic by default.,CT-025; CT-066,Apply the referenced procedure to the actual enforcement location and this focus; include effective negative/failure observations where the original criterion requires them.,SOURCE_AND_LOCAL_FIXTURE_ONLY_OR_NOT_IMPLEMENTED; NOT_NATIVE_QUALIFIED,,"No complete authoritative service/profile registry, tenant role enforcement or actual placement/edge evidence is supplied. Input screening covers only its enumerated examples and cannot accept the complete service.",TO_BE_DECIDED_FOR_ACTUAL_SERVICE; NOT_AUTO_NA,PROPOSED_ENGINEERING_ALLOCATION_NOT_CONTROL_SATISFACTION
ZIP-001/A01,ZIP-001,All inter-zone network paths SHALL traverse the applicable ZIP/security edge.,All inter-zone network paths SHALL traverse the applicable ZIP/security edge.,Exact source span under the complete requirement; not a replacement normative statement,RA §8,Security-edge operations,"Actual two-sided boundary forwarding, stateful policy, inspection and management plane at EC/SE contexts",PARTIAL_CANDIDATE_NATIVE_SOURCE,terraform/modules/nsx-gateway-quarantine/main.tf.json; tools/route_record_review.py,Site engineering must name the actual native object/role/service and its accepted settings for: All inter-zone network paths SHALL traverse the applicable ZIP/security edge.,CT-003; CT-080,Apply the referenced procedure to the actual enforcement location and this focus; include effective negative/failure observations where the original criterion requires them.,SOURCE_AND_LOCAL_FIXTURE_ONLY_OR_NOT_IMPLEMENTED; NOT_NATIVE_QUALIFIED,,"Only candidate scoped NSX gateway DROP and route checks exist. A selected firewall/ZIP, required inspection, isolated native attachments, tenant administration and HA capacity remain unimplemented or unqualified.",TO_BE_DECIDED_FOR_ACTUAL_SERVICE; NOT_AUTO_NA,PROPOSED_ENGINEERING_ALLOCATION_NOT_CONTROL_SATISFACTION
ZIP-002/A01,ZIP-002,"A ZIP SHALL identify exactly two authorized adjacent endpoints, each an internal domain instance or approved external/management domain, and SHALL NOT create a general-purpose third-zone transit path.","A ZIP SHALL identify exactly two authorized adjacent endpoints, each an internal domain instance or approved external/management domain, and SHALL NOT create a general-purpose third-zone transit path.",Exact source span under the complete requirement; not a replacement normative statement,RA §8,Security authority,"Actual two-sided boundary forwarding, stateful policy, inspection and management plane at EC/SE contexts",PARTIAL_CANDIDATE_NATIVE_SOURCE,terraform/modules/nsx-gateway-quarantine/main.tf.json; tools/route_record_review.py,"Site engineering must name the actual native object/role/service and its accepted settings for: A ZIP SHALL identify exactly two authorized adjacent endpoints, each an internal domain instance or approved external/management domain, and SHALL NOT create a general-purpose third-zone transit path.",CT-023; CT-025,Apply the referenced procedure to the actual enforcement location and this focus; include effective negative/failure observations where the original criterion requires them.,SOURCE_AND_LOCAL_FIXTURE_ONLY_OR_NOT_IMPLEMENTED; NOT_NATIVE_QUALIFIED,,"Only candidate scoped NSX gateway DROP and route checks exist. A selected firewall/ZIP, required inspection, isolated native attachments, tenant administration and HA capacity remain unimplemented or unqualified.",TO_BE_DECIDED_FOR_ACTUAL_SERVICE; NOT_AUTO_NA,PROPOSED_ENGINEERING_ALLOCATION_NOT_CONTROL_SATISFACTION
ZIP-003/A01,ZIP-003,Default inter-zone policy SHALL be deny; allowed flows SHALL be generated from approved Flow Intentions and Service Bindings.,Default inter-zone policy SHALL be deny,Exact source span under the complete requirement; not a replacement normative statement,RA §8,Security-edge operations,"Actual two-sided boundary forwarding, stateful policy, inspection and management plane at EC/SE contexts",PARTIAL_CANDIDATE_NATIVE_SOURCE,terraform/modules/nsx-gateway-quarantine/main.tf.json; tools/route_record_review.py,Site engineering must name the actual native object/role/service and its accepted settings for: Default inter-zone policy SHALL be deny,CT-007; CT-025; CT-066,Apply the referenced procedure to the actual enforcement location and this focus; include effective negative/failure observations where the original criterion requires them.,SOURCE_AND_LOCAL_FIXTURE_ONLY_OR_NOT_IMPLEMENTED; NOT_NATIVE_QUALIFIED,,"Only candidate scoped NSX gateway DROP and route checks exist. A selected firewall/ZIP, required inspection, isolated native attachments, tenant administration and HA capacity remain unimplemented or unqualified.",TO_BE_DECIDED_FOR_ACTUAL_SERVICE; NOT_AUTO_NA,PROPOSED_ENGINEERING_ALLOCATION_NOT_CONTROL_SATISFACTION
ZIP-003/A02,ZIP-003,Default inter-zone policy SHALL be deny; allowed flows SHALL be generated from approved Flow Intentions and Service Bindings.,allowed flows SHALL be generated from approved Flow Intentions and Service Bindings.,Exact source span under the complete requirement; not a replacement normative statement,RA §8,Security-edge operations,"Actual two-sided boundary forwarding, stateful policy, inspection and management plane at EC/SE contexts",PARTIAL_CANDIDATE_NATIVE_SOURCE,terraform/modules/nsx-gateway-quarantine/main.tf.json; tools/route_record_review.py,Site engineering must name the actual native object/role/service and its accepted settings for: allowed flows SHALL be generated from approved Flow Intentions and Service Bindings.,CT-007; CT-025; CT-066,Apply the referenced procedure to the actual enforcement location and this focus; include effective negative/failure observations where the original criterion requires them.,SOURCE_AND_LOCAL_FIXTURE_ONLY_OR_NOT_IMPLEMENTED; NOT_NATIVE_QUALIFIED,,"Only candidate scoped NSX gateway DROP and route checks exist. A selected firewall/ZIP, required inspection, isolated native attachments, tenant administration and HA capacity remain unimplemented or unqualified.",TO_BE_DECIDED_FOR_ACTUAL_SERVICE; NOT_AUTO_NA,PROPOSED_ENGINEERING_ALLOCATION_NOT_CONTROL_SATISFACTION
ZIP-004/A01,ZIP-004,ZIP management traffic SHALL be segregated from operational traffic.,ZIP management traffic SHALL be segregated from operational traffic.,Exact source span under the complete requirement; not a replacement normative statement,RA §8,Security-edge operations,"Actual two-sided boundary forwarding, stateful policy, inspection and management plane at EC/SE contexts",PARTIAL_CANDIDATE_NATIVE_SOURCE,terraform/modules/nsx-gateway-quarantine/main.tf.json; tools/route_record_review.py,Site engineering must name the actual native object/role/service and its accepted settings for: ZIP management traffic SHALL be segregated from operational traffic.,CT-004; CT-026,Apply the referenced procedure to the actual enforcement location and this focus; include effective negative/failure observations where the original criterion requires them.,SOURCE_AND_LOCAL_FIXTURE_ONLY_OR_NOT_IMPLEMENTED; NOT_NATIVE_QUALIFIED,,"Only candidate scoped NSX gateway DROP and route checks exist. A selected firewall/ZIP, required inspection, isolated native attachments, tenant administration and HA capacity remain unimplemented or unqualified.",TO_BE_DECIDED_FOR_ACTUAL_SERVICE; NOT_AUTO_NA,PROPOSED_ENGINEERING_ALLOCATION_NOT_CONTROL_SATISFACTION
ZIP-005/A01,ZIP-005,Data-path ZIPs and management-path ZIPs SHALL be governed and deployed as distinct security services; shared virtualization SHALL only be used where the applicable assurance analysis supports it.,Data-path ZIPs and management-path ZIPs SHALL be governed and deployed as distinct security services,Exact source span under the complete requirement; not a replacement normative statement,RA §8,Security authority,"Actual two-sided boundary forwarding, stateful policy, inspection and management plane at EC/SE contexts",PARTIAL_CANDIDATE_NATIVE_SOURCE,terraform/modules/nsx-gateway-quarantine/main.tf.json; tools/route_record_review.py,Site engineering must name the actual native object/role/service and its accepted settings for: Data-path ZIPs and management-path ZIPs SHALL be governed and deployed as distinct security services,CT-026; CT-035; CT-080,Apply the referenced procedure to the actual enforcement location and this focus; include effective negative/failure observations where the original criterion requires them.,SOURCE_AND_LOCAL_FIXTURE_ONLY_OR_NOT_IMPLEMENTED; NOT_NATIVE_QUALIFIED,,"Only candidate scoped NSX gateway DROP and route checks exist. A selected firewall/ZIP, required inspection, isolated native attachments, tenant administration and HA capacity remain unimplemented or unqualified.",TO_BE_DECIDED_FOR_ACTUAL_SERVICE; NOT_AUTO_NA,PROPOSED_ENGINEERING_ALLOCATION_NOT_CONTROL_SATISFACTION
ZIP-005/A02,ZIP-005,Data-path ZIPs and management-path ZIPs SHALL be governed and deployed as distinct security services; shared virtualization SHALL only be used where the applicable assurance analysis supports it.,shared virtualization SHALL only be used where the applicable assurance analysis supports it.,Exact source span under the complete requirement; not a replacement normative statement,RA §8,Security authority,"Actual two-sided boundary forwarding, stateful policy, inspection and management plane at EC/SE contexts",PARTIAL_CANDIDATE_NATIVE_SOURCE,terraform/modules/nsx-gateway-quarantine/main.tf.json; tools/route_record_review.py,Site engineering must name the actual native object/role/service and its accepted settings for: shared virtualization SHALL only be used where the applicable assurance analysis supports it.,CT-026; CT-035; CT-080,Apply the referenced procedure to the actual enforcement location and this focus; include effective negative/failure observations where the original criterion requires them.,SOURCE_AND_LOCAL_FIXTURE_ONLY_OR_NOT_IMPLEMENTED; NOT_NATIVE_QUALIFIED,,"Only candidate scoped NSX gateway DROP and route checks exist. A selected firewall/ZIP, required inspection, isolated native attachments, tenant administration and HA capacity remain unimplemented or unqualified.",TO_BE_DECIDED_FOR_ACTUAL_SERVICE; NOT_AUTO_NA,PROPOSED_ENGINEERING_ALLOCATION_NOT_CONTROL_SATISFACTION
ZIP-006/A01,ZIP-006,"Each ZIP SHALL record its two zone authorities, joint approval, required security functions, management authority, heightened posture, session-revocation behavior and current evidence.",two zone authorities,Exact source span under the complete requirement; not a replacement normative statement,RA §8,Security authority,"Actual two-sided boundary forwarding, stateful policy, inspection and management plane at EC/SE contexts",PARTIAL_CANDIDATE_NATIVE_SOURCE,terraform/modules/nsx-gateway-quarantine/main.tf.json; tools/route_record_review.py,Site engineering must name the actual native object/role/service and its accepted settings for: two zone authorities,CT-067; CT-077; CT-080,Apply the referenced procedure to the actual enforcement location and this focus; include effective negative/failure observations where the original criterion requires them.,SOURCE_AND_LOCAL_FIXTURE_ONLY_OR_NOT_IMPLEMENTED; NOT_NATIVE_QUALIFIED,,"Only candidate scoped NSX gateway DROP and route checks exist. A selected firewall/ZIP, required inspection, isolated native attachments, tenant administration and HA capacity remain unimplemented or unqualified.",TO_BE_DECIDED_FOR_ACTUAL_SERVICE; NOT_AUTO_NA,PROPOSED_ENGINEERING_ALLOCATION_NOT_CONTROL_SATISFACTION
ZIP-006/A02,ZIP-006,"Each ZIP SHALL record its two zone authorities, joint approval, required security functions, management authority, heightened posture, session-revocation behavior and current evidence.",joint approval,Exact source span under the complete requirement; not a replacement normative statement,RA §8,Security authority,"Actual two-sided boundary forwarding, stateful policy, inspection and management plane at EC/SE contexts",PARTIAL_CANDIDATE_NATIVE_SOURCE,terraform/modules/nsx-gateway-quarantine/main.tf.json; tools/route_record_review.py,Site engineering must name the actual native object/role/service and its accepted settings for: joint approval,CT-067; CT-077; CT-080,Apply the referenced procedure to the actual enforcement location and this focus; include effective negative/failure observations where the original criterion requires them.,SOURCE_AND_LOCAL_FIXTURE_ONLY_OR_NOT_IMPLEMENTED; NOT_NATIVE_QUALIFIED,,"Only candidate scoped NSX gateway DROP and route checks exist. A selected firewall/ZIP, required inspection, isolated native attachments, tenant administration and HA capacity remain unimplemented or unqualified.",TO_BE_DECIDED_FOR_ACTUAL_SERVICE; NOT_AUTO_NA,PROPOSED_ENGINEERING_ALLOCATION_NOT_CONTROL_SATISFACTION
ZIP-006/A03,ZIP-006,"Each ZIP SHALL record its two zone authorities, joint approval, required security functions, management authority, heightened posture, session-revocation behavior and current evidence.",required security functions,Exact source span under the complete requirement; not a replacement normative statement,RA §8,Security authority,"Actual two-sided boundary forwarding, stateful policy, inspection and management plane at EC/SE contexts",PARTIAL_CANDIDATE_NATIVE_SOURCE,terraform/modules/nsx-gateway-quarantine/main.tf.json; tools/route_record_review.py,Site engineering must name the actual native object/role/service and its accepted settings for: required security functions,CT-067; CT-077; CT-080,Apply the referenced procedure to the actual enforcement location and this focus; include effective negative/failure observations where the original criterion requires them.,SOURCE_AND_LOCAL_FIXTURE_ONLY_OR_NOT_IMPLEMENTED; NOT_NATIVE_QUALIFIED,,"Only candidate scoped NSX gateway DROP and route checks exist. A selected firewall/ZIP, required inspection, isolated native attachments, tenant administration and HA capacity remain unimplemented or unqualified.",TO_BE_DECIDED_FOR_ACTUAL_SERVICE; NOT_AUTO_NA,PROPOSED_ENGINEERING_ALLOCATION_NOT_CONTROL_SATISFACTION
ZIP-006/A04,ZIP-006,"Each ZIP SHALL record its two zone authorities, joint approval, required security functions, management authority, heightened posture, session-revocation behavior and current evidence.",management authority,Exact source span under the complete requirement; not a replacement normative statement,RA §8,Security authority,"Actual two-sided boundary forwarding, stateful policy, inspection and management plane at EC/SE contexts",PARTIAL_CANDIDATE_NATIVE_SOURCE,terraform/modules/nsx-gateway-quarantine/main.tf.json; tools/route_record_review.py,Site engineering must name the actual native object/role/service and its accepted settings for: management authority,CT-067; CT-077; CT-080,Apply the referenced procedure to the actual enforcement location and this focus; include effective negative/failure observations where the original criterion requires them.,SOURCE_AND_LOCAL_FIXTURE_ONLY_OR_NOT_IMPLEMENTED; NOT_NATIVE_QUALIFIED,,"Only candidate scoped NSX gateway DROP and route checks exist. A selected firewall/ZIP, required inspection, isolated native attachments, tenant administration and HA capacity remain unimplemented or unqualified.",TO_BE_DECIDED_FOR_ACTUAL_SERVICE; NOT_AUTO_NA,PROPOSED_ENGINEERING_ALLOCATION_NOT_CONTROL_SATISFACTION
ZIP-006/A05,ZIP-006,"Each ZIP SHALL record its two zone authorities, joint approval, required security functions, management authority, heightened posture, session-revocation behavior and current evidence.",heightened posture,Exact source span under the complete requirement; not a replacement normative statement,RA §8,Security authority,"Actual two-sided boundary forwarding, stateful policy, inspection and management plane at EC/SE contexts",PARTIAL_CANDIDATE_NATIVE_SOURCE,terraform/modules/nsx-gateway-quarantine/main.tf.json; tools/route_record_review.py,Site engineering must name the actual native object/role/service and its accepted settings for: heightened posture,CT-067; CT-077; CT-080,Apply the referenced procedure to the actual enforcement location and this focus; include effective negative/failure observations where the original criterion requires them.,SOURCE_AND_LOCAL_FIXTURE_ONLY_OR_NOT_IMPLEMENTED; NOT_NATIVE_QUALIFIED,,"Only candidate scoped NSX gateway DROP and route checks exist. A selected firewall/ZIP, required inspection, isolated native attachments, tenant administration and HA capacity remain unimplemented or unqualified.",TO_BE_DECIDED_FOR_ACTUAL_SERVICE; NOT_AUTO_NA,PROPOSED_ENGINEERING_ALLOCATION_NOT_CONTROL_SATISFACTION
ZIP-006/A06,ZIP-006,"Each ZIP SHALL record its two zone authorities, joint approval, required security functions, management authority, heightened posture, session-revocation behavior and current evidence.",session-revocation behavior,Exact source span under the complete requirement; not a replacement normative statement,RA §8,Security authority,"Actual two-sided boundary forwarding, stateful policy, inspection and management plane at EC/SE contexts",PARTIAL_CANDIDATE_NATIVE_SOURCE,terraform/modules/nsx-gateway-quarantine/main.tf.json; tools/route_record_review.py,Site engineering must name the actual native object/role/service and its accepted settings for: session-revocation behavior,CT-067; CT-077; CT-080,Apply the referenced procedure to the actual enforcement location and this focus; include effective negative/failure observations where the original criterion requires them.,SOURCE_AND_LOCAL_FIXTURE_ONLY_OR_NOT_IMPLEMENTED; NOT_NATIVE_QUALIFIED,,"Only candidate scoped NSX gateway DROP and route checks exist. A selected firewall/ZIP, required inspection, isolated native attachments, tenant administration and HA capacity remain unimplemented or unqualified.",TO_BE_DECIDED_FOR_ACTUAL_SERVICE; NOT_AUTO_NA,PROPOSED_ENGINEERING_ALLOCATION_NOT_CONTROL_SATISFACTION
ZIP-006/A07,ZIP-006,"Each ZIP SHALL record its two zone authorities, joint approval, required security functions, management authority, heightened posture, session-revocation behavior and current evidence.",current evidence,Exact source span under the complete requirement; not a replacement normative statement,RA §8,Security authority,"Actual two-sided boundary forwarding, stateful policy, inspection and management plane at EC/SE contexts",PARTIAL_CANDIDATE_NATIVE_SOURCE,terraform/modules/nsx-gateway-quarantine/main.tf.json; tools/route_record_review.py,Site engineering must name the actual native object/role/service and its accepted settings for: current evidence,CT-067; CT-077; CT-080,Apply the referenced procedure to the actual enforcement location and this focus; include effective negative/failure observations where the original criterion requires them.,SOURCE_AND_LOCAL_FIXTURE_ONLY_OR_NOT_IMPLEMENTED; NOT_NATIVE_QUALIFIED,,"Only candidate scoped NSX gateway DROP and route checks exist. A selected firewall/ZIP, required inspection, isolated native attachments, tenant administration and HA capacity remain unimplemented or unqualified.",TO_BE_DECIDED_FOR_ACTUAL_SERVICE; NOT_AUTO_NA,PROPOSED_ENGINEERING_ALLOCATION_NOT_CONTROL_SATISFACTION
ZIP-007/A01,ZIP-007,A distributed or shared-infrastructure ZIP SHALL be qualified against the same required security outcomes as a dedicated edge; any unsupported mandatory function SHALL make that realization ineligible.,A distributed or shared-infrastructure ZIP SHALL be qualified against the same required security outcomes as a dedicated edge,Exact source span under the complete requirement; not a replacement normative statement,RA §8,Platform engineering,"Actual two-sided boundary forwarding, stateful policy, inspection and management plane at EC/SE contexts",PARTIAL_CANDIDATE_NATIVE_SOURCE,terraform/modules/nsx-gateway-quarantine/main.tf.json; tools/route_record_review.py,Site engineering must name the actual native object/role/service and its accepted settings for: A distributed or shared-infrastructure ZIP SHALL be qualified against the same required security outcomes as a dedicated edge,CT-003; CT-023; CT-080,Apply the referenced procedure to the actual enforcement location and this focus; include effective negative/failure observations where the original criterion requires them.,SOURCE_AND_LOCAL_FIXTURE_ONLY_OR_NOT_IMPLEMENTED; NOT_NATIVE_QUALIFIED,,"Only candidate scoped NSX gateway DROP and route checks exist. A selected firewall/ZIP, required inspection, isolated native attachments, tenant administration and HA capacity remain unimplemented or unqualified.",TO_BE_DECIDED_FOR_ACTUAL_SERVICE; NOT_AUTO_NA,PROPOSED_ENGINEERING_ALLOCATION_NOT_CONTROL_SATISFACTION
ZIP-007/A02,ZIP-007,A distributed or shared-infrastructure ZIP SHALL be qualified against the same required security outcomes as a dedicated edge; any unsupported mandatory function SHALL make that realization ineligible.,any unsupported mandatory function SHALL make that realization ineligible.,Exact source span under the complete requirement; not a replacement normative statement,RA §8,Platform engineering,"Actual two-sided boundary forwarding, stateful policy, inspection and management plane at EC/SE contexts",PARTIAL_CANDIDATE_NATIVE_SOURCE,terraform/modules/nsx-gateway-quarantine/main.tf.json; tools/route_record_review.py,Site engineering must name the actual native object/role/service and its accepted settings for: any unsupported mandatory function SHALL make that realization ineligible.,CT-003; CT-023; CT-080,Apply the referenced procedure to the actual enforcement location and this focus; include effective negative/failure observations where the original criterion requires them.,SOURCE_AND_LOCAL_FIXTURE_ONLY_OR_NOT_IMPLEMENTED; NOT_NATIVE_QUALIFIED,,"Only candidate scoped NSX gateway DROP and route checks exist. A selected firewall/ZIP, required inspection, isolated native attachments, tenant administration and HA capacity remain unimplemented or unqualified.",TO_BE_DECIDED_FOR_ACTUAL_SERVICE; NOT_AUTO_NA,PROPOSED_ENGINEERING_ALLOCATION_NOT_CONTROL_SATISFACTION
MGT-001/A01,MGT-001,Tenant workload networks SHALL have no direct route to infrastructure management interfaces.,Tenant workload networks SHALL have no direct route to infrastructure management interfaces.,Exact source span under the complete requirement; not a replacement normative statement,RA §6; RA §13,Management operations,"Physical/OOB interfaces, management routes, remote-access boundary and privileged identity service",EXTERNAL_NATIVE_FOUNDATION_REQUIRED,docs/engineering/TAD.md; tools/nsx_observe.py; tools/nutanix_observe.py,Site engineering must name the actual native object/role/service and its accepted settings for: Tenant workload networks SHALL have no direct route to infrastructure management interfaces.,CT-004; CT-026,Apply the referenced procedure to the actual enforcement location and this focus; include effective negative/failure observations where the original criterion requires them.,SOURCE_AND_LOCAL_FIXTURE_ONLY_OR_NOT_IMPLEMENTED; NOT_NATIVE_QUALIFIED,,"Readback tools do not construct management separation, hardened admin paths, supplier access, hardware OOB or independently recoverable identity. Native foundation implementation and path/role tests are absent.",TO_BE_DECIDED_FOR_ACTUAL_SERVICE; NOT_AUTO_NA,PROPOSED_ENGINEERING_ALLOCATION_NOT_CONTROL_SATISFACTION
MGT-002/A01,MGT-002,Administrative access SHALL originate from an authorized management access path and traverse management-specific security controls.,Administrative access SHALL originate from an authorized management access path and traverse management-specific security controls.,Exact source span under the complete requirement; not a replacement normative statement,RA §6; RA §13,Management operations,"Physical/OOB interfaces, management routes, remote-access boundary and privileged identity service",EXTERNAL_NATIVE_FOUNDATION_REQUIRED,docs/engineering/TAD.md; tools/nsx_observe.py; tools/nutanix_observe.py,Site engineering must name the actual native object/role/service and its accepted settings for: Administrative access SHALL originate from an authorized management access path and traverse management-specific security controls.,CT-026; CT-027,Apply the referenced procedure to the actual enforcement location and this focus; include effective negative/failure observations where the original criterion requires them.,SOURCE_AND_LOCAL_FIXTURE_ONLY_OR_NOT_IMPLEMENTED; NOT_NATIVE_QUALIFIED,,"Readback tools do not construct management separation, hardened admin paths, supplier access, hardware OOB or independently recoverable identity. Native foundation implementation and path/role tests are absent.",TO_BE_DECIDED_FOR_ACTUAL_SERVICE; NOT_AUTO_NA,PROPOSED_ENGINEERING_ALLOCATION_NOT_CONTROL_SATISFACTION
MGT-003/A01,MGT-003,"Automation identities used to manage tenant workloads SHALL be separated from identities able to modify the physical fabric, security edge, or management foundation.","Automation identities used to manage tenant workloads SHALL be separated from identities able to modify the physical fabric, security edge, or management foundation.",Exact source span under the complete requirement; not a replacement normative statement,RA §6; RA §13,Automation platform,"Physical/OOB interfaces, management routes, remote-access boundary and privileged identity service",EXTERNAL_NATIVE_FOUNDATION_REQUIRED,docs/engineering/TAD.md; tools/nsx_observe.py; tools/nutanix_observe.py,"Site engineering must name the actual native object/role/service and its accepted settings for: Automation identities used to manage tenant workloads SHALL be separated from identities able to modify the physical fabric, security edge, or management foundation.",CT-019; CT-044,Apply the referenced procedure to the actual enforcement location and this focus; include effective negative/failure observations where the original criterion requires them.,SOURCE_AND_LOCAL_FIXTURE_ONLY_OR_NOT_IMPLEMENTED; NOT_NATIVE_QUALIFIED,,"Readback tools do not construct management separation, hardened admin paths, supplier access, hardware OOB or independently recoverable identity. Native foundation implementation and path/role tests are absent.",TO_BE_DECIDED_FOR_ACTUAL_SERVICE; NOT_AUTO_NA,PROPOSED_ENGINEERING_ALLOCATION_NOT_CONTROL_SATISFACTION
MGT-004/A01,MGT-004,"Break-glass access SHALL be separately controlled, strongly authenticated, logged, time-bounded where feasible, and periodically tested.",controlled,Exact source span under the complete requirement; not a replacement normative statement,RA §6; RA §13,Management operations,"Physical/OOB interfaces, management routes, remote-access boundary and privileged identity service",EXTERNAL_NATIVE_FOUNDATION_REQUIRED,docs/engineering/TAD.md; tools/nsx_observe.py; tools/nutanix_observe.py,Site engineering must name the actual native object/role/service and its accepted settings for: controlled,CT-027; CT-079,Apply the referenced procedure to the actual enforcement location and this focus; include effective negative/failure observations where the original criterion requires them.,SOURCE_AND_LOCAL_FIXTURE_ONLY_OR_NOT_IMPLEMENTED; NOT_NATIVE_QUALIFIED,,"Readback tools do not construct management separation, hardened admin paths, supplier access, hardware OOB or independently recoverable identity. Native foundation implementation and path/role tests are absent.",TO_BE_DECIDED_FOR_ACTUAL_SERVICE; NOT_AUTO_NA,PROPOSED_ENGINEERING_ALLOCATION_NOT_CONTROL_SATISFACTION
MGT-004/A02,MGT-004,"Break-glass access SHALL be separately controlled, strongly authenticated, logged, time-bounded where feasible, and periodically tested.",strongly authenticated,Exact source span under the complete requirement; not a replacement normative statement,RA §6; RA §13,Management operations,"Physical/OOB interfaces, management routes, remote-access boundary and privileged identity service",EXTERNAL_NATIVE_FOUNDATION_REQUIRED,docs/engineering/TAD.md; tools/nsx_observe.py; tools/nutanix_observe.py,Site engineering must name the actual native object/role/service and its accepted settings for: strongly authenticated,CT-027; CT-079,Apply the referenced procedure to the actual enforcement location and this focus; include effective negative/failure observations where the original criterion requires them.,SOURCE_AND_LOCAL_FIXTURE_ONLY_OR_NOT_IMPLEMENTED; NOT_NATIVE_QUALIFIED,,"Readback tools do not construct management separation, hardened admin paths, supplier access, hardware OOB or independently recoverable identity. Native foundation implementation and path/role tests are absent.",TO_BE_DECIDED_FOR_ACTUAL_SERVICE; NOT_AUTO_NA,PROPOSED_ENGINEERING_ALLOCATION_NOT_CONTROL_SATISFACTION
MGT-004/A03,MGT-004,"Break-glass access SHALL be separately controlled, strongly authenticated, logged, time-bounded where feasible, and periodically tested.",logged,Exact source span under the complete requirement; not a replacement normative statement,RA §6; RA §13,Management operations,"Physical/OOB interfaces, management routes, remote-access boundary and privileged identity service",EXTERNAL_NATIVE_FOUNDATION_REQUIRED,docs/engineering/TAD.md; tools/nsx_observe.py; tools/nutanix_observe.py,Site engineering must name the actual native object/role/service and its accepted settings for: logged,CT-027; CT-079,Apply the referenced procedure to the actual enforcement location and this focus; include effective negative/failure observations where the original criterion requires them.,SOURCE_AND_LOCAL_FIXTURE_ONLY_OR_NOT_IMPLEMENTED; NOT_NATIVE_QUALIFIED,,"Readback tools do not construct management separation, hardened admin paths, supplier access, hardware OOB or independently recoverable identity. Native foundation implementation and path/role tests are absent.",TO_BE_DECIDED_FOR_ACTUAL_SERVICE; NOT_AUTO_NA,PROPOSED_ENGINEERING_ALLOCATION_NOT_CONTROL_SATISFACTION
MGT-004/A04,MGT-004,"Break-glass access SHALL be separately controlled, strongly authenticated, logged, time-bounded where feasible, and periodically tested.",time-bounded,Exact source span under the complete requirement; not a replacement normative statement,RA §6; RA §13,Management operations,"Physical/OOB interfaces, management routes, remote-access boundary and privileged identity service",EXTERNAL_NATIVE_FOUNDATION_REQUIRED,docs/engineering/TAD.md; tools/nsx_observe.py; tools/nutanix_observe.py,Site engineering must name the actual native object/role/service and its accepted settings for: time-bounded,CT-027; CT-079,Apply the referenced procedure to the actual enforcement location and this focus; include effective negative/failure observations where the original criterion requires them.,SOURCE_AND_LOCAL_FIXTURE_ONLY_OR_NOT_IMPLEMENTED; NOT_NATIVE_QUALIFIED,,"Readback tools do not construct management separation, hardened admin paths, supplier access, hardware OOB or independently recoverable identity. Native foundation implementation and path/role tests are absent.",TO_BE_DECIDED_FOR_ACTUAL_SERVICE; NOT_AUTO_NA,PROPOSED_ENGINEERING_ALLOCATION_NOT_CONTROL_SATISFACTION
MGT-004/A05,MGT-004,"Break-glass access SHALL be separately controlled, strongly authenticated, logged, time-bounded where feasible, and periodically tested.",tested,Exact source span under the complete requirement; not a replacement normative statement,RA §6; RA §13,Management operations,"Physical/OOB interfaces, management routes, remote-access boundary and privileged identity service",EXTERNAL_NATIVE_FOUNDATION_REQUIRED,docs/engineering/TAD.md; tools/nsx_observe.py; tools/nutanix_observe.py,Site engineering must name the actual native object/role/service and its accepted settings for: tested,CT-027; CT-079,Apply the referenced procedure to the actual enforcement location and this focus; include effective negative/failure observations where the original criterion requires them.,SOURCE_AND_LOCAL_FIXTURE_ONLY_OR_NOT_IMPLEMENTED; NOT_NATIVE_QUALIFIED,,"Readback tools do not construct management separation, hardened admin paths, supplier access, hardware OOB or independently recoverable identity. Native foundation implementation and path/role tests are absent.",TO_BE_DECIDED_FOR_ACTUAL_SERVICE; NOT_AUTO_NA,PROPOSED_ENGINEERING_ALLOCATION_NOT_CONTROL_SATISFACTION
MGT-005/A01,MGT-005,"The implementation SHALL document independent MZ semantics, OOB transport dependencies, remote-management boundary and privileged identity controls; tenant-facing APIs SHALL NOT expose infrastructure administration.","The implementation SHALL document independent MZ semantics, OOB transport dependencies, remote-management boundary and privileged identity controls",Exact source span under the complete requirement; not a replacement normative statement,RA §6; RA §13,Management operations,"Physical/OOB interfaces, management routes, remote-access boundary and privileged identity service",EXTERNAL_NATIVE_FOUNDATION_REQUIRED,docs/engineering/TAD.md; tools/nsx_observe.py; tools/nutanix_observe.py,"Site engineering must name the actual native object/role/service and its accepted settings for: The implementation SHALL document independent MZ semantics, OOB transport dependencies, remote-management boundary and privileged identity controls",CT-004; CT-026; CT-055,Apply the referenced procedure to the actual enforcement location and this focus; include effective negative/failure observations where the original criterion requires them.,SOURCE_AND_LOCAL_FIXTURE_ONLY_OR_NOT_IMPLEMENTED; NOT_NATIVE_QUALIFIED,,"Readback tools do not construct management separation, hardened admin paths, supplier access, hardware OOB or independently recoverable identity. Native foundation implementation and path/role tests are absent.",TO_BE_DECIDED_FOR_ACTUAL_SERVICE; NOT_AUTO_NA,PROPOSED_ENGINEERING_ALLOCATION_NOT_CONTROL_SATISFACTION
MGT-005/A02,MGT-005,"The implementation SHALL document independent MZ semantics, OOB transport dependencies, remote-management boundary and privileged identity controls; tenant-facing APIs SHALL NOT expose infrastructure administration.",tenant-facing APIs SHALL NOT expose infrastructure administration.,Exact source span under the complete requirement; not a replacement normative statement,RA §6; RA §13,Management operations,"Physical/OOB interfaces, management routes, remote-access boundary and privileged identity service",EXTERNAL_NATIVE_FOUNDATION_REQUIRED,docs/engineering/TAD.md; tools/nsx_observe.py; tools/nutanix_observe.py,Site engineering must name the actual native object/role/service and its accepted settings for: tenant-facing APIs SHALL NOT expose infrastructure administration.,CT-004; CT-026; CT-055,Apply the referenced procedure to the actual enforcement location and this focus; include effective negative/failure observations where the original criterion requires them.,SOURCE_AND_LOCAL_FIXTURE_ONLY_OR_NOT_IMPLEMENTED; NOT_NATIVE_QUALIFIED,,"Readback tools do not construct management separation, hardened admin paths, supplier access, hardware OOB or independently recoverable identity. Native foundation implementation and path/role tests are absent.",TO_BE_DECIDED_FOR_ACTUAL_SERVICE; NOT_AUTO_NA,PROPOSED_ENGINEERING_ALLOCATION_NOT_CONTROL_SATISFACTION
OVL-001/A01,OVL-001,A platform SHALL provide an isolated routing/policy mechanism capable of realizing the Security Domain semantics required by the applicable conformance profile.,A platform SHALL provide an isolated routing/policy mechanism capable of realizing the Security Domain semantics required by the applicable conformance profile.,Exact source span under the complete requirement; not a replacement normative statement,RA §8,Platform engineering,"Native guest NIC/port policy, provider-owned selectors and domain routing, including same-host paths",PARTIAL_CANDIDATE_NATIVE_SOURCE,terraform/modules/nutanix-domain/main.tf.json; terraform/modules/nsx-domain/main.tf.json; terraform/modules/openstack-domain/main.tf.json,Site engineering must name the actual native object/role/service and its accepted settings for: A platform SHALL provide an isolated routing/policy mechanism capable of realizing the Security Domain semantics required by the applicable conformance profile.,CT-016; CT-018; CT-080,Apply the referenced procedure to the actual enforcement location and this focus; include effective negative/failure observations where the original criterion requires them.,SOURCE_AND_LOCAL_FIXTURE_ONLY_OR_NOT_IMPLEMENTED; NOT_NATIVE_QUALIFIED,,"Selected denied-domain source is present. Actual native policy precedence, delegated mutation role, arbitrary NIC/selector bypass and effective same-host/cross-host enforcement are not qualified.",TO_BE_DECIDED_FOR_ACTUAL_SERVICE; NOT_AUTO_NA,PROPOSED_ENGINEERING_ALLOCATION_NOT_CONTROL_SATISFACTION
OVL-002/A01,OVL-002,Native routing MAY be used within one authorized Security Domain Instance; communication between independent security domains SHALL follow the approved boundary/ZIP realization and its policy.,Native routing MAY be used within one authorized Security Domain Instance,Exact source span under the complete requirement; not a replacement normative statement,RA §8,Platform engineering,"Native guest NIC/port policy, provider-owned selectors and domain routing, including same-host paths",PARTIAL_CANDIDATE_NATIVE_SOURCE,terraform/modules/nutanix-domain/main.tf.json; terraform/modules/nsx-domain/main.tf.json; terraform/modules/openstack-domain/main.tf.json,Site engineering must name the actual native object/role/service and its accepted settings for: Native routing MAY be used within one authorized Security Domain Instance,CT-003; CT-021; CT-023,Apply the referenced procedure to the actual enforcement location and this focus; include effective negative/failure observations where the original criterion requires them.,SOURCE_AND_LOCAL_FIXTURE_ONLY_OR_NOT_IMPLEMENTED; NOT_NATIVE_QUALIFIED,,"Selected denied-domain source is present. Actual native policy precedence, delegated mutation role, arbitrary NIC/selector bypass and effective same-host/cross-host enforcement are not qualified.",TO_BE_DECIDED_FOR_ACTUAL_SERVICE; NOT_AUTO_NA,PROPOSED_ENGINEERING_ALLOCATION_NOT_CONTROL_SATISFACTION
OVL-002/A02,OVL-002,Native routing MAY be used within one authorized Security Domain Instance; communication between independent security domains SHALL follow the approved boundary/ZIP realization and its policy.,communication between independent security domains SHALL follow the approved boundary/ZIP realization and its policy.,Exact source span under the complete requirement; not a replacement normative statement,RA §8,Platform engineering,"Native guest NIC/port policy, provider-owned selectors and domain routing, including same-host paths",PARTIAL_CANDIDATE_NATIVE_SOURCE,terraform/modules/nutanix-domain/main.tf.json; terraform/modules/nsx-domain/main.tf.json; terraform/modules/openstack-domain/main.tf.json,Site engineering must name the actual native object/role/service and its accepted settings for: communication between independent security domains SHALL follow the approved boundary/ZIP realization and its policy.,CT-003; CT-021; CT-023,Apply the referenced procedure to the actual enforcement location and this focus; include effective negative/failure observations where the original criterion requires them.,SOURCE_AND_LOCAL_FIXTURE_ONLY_OR_NOT_IMPLEMENTED; NOT_NATIVE_QUALIFIED,,"Selected denied-domain source is present. Actual native policy precedence, delegated mutation role, arbitrary NIC/selector bypass and effective same-host/cross-host enforcement are not qualified.",TO_BE_DECIDED_FOR_ACTUAL_SERVICE; NOT_AUTO_NA,PROPOSED_ENGINEERING_ALLOCATION_NOT_CONTROL_SATISFACTION
OVL-003/A01,OVL-003,"Before a workload is attached, the adapter SHALL normalize permissive native defaults and enforce the mandatory baseline on all supported NIC, router, gateway and workload-attachment paths.","Before a workload is attached, the adapter SHALL normalize permissive native defaults and enforce the mandatory baseline on all supported NIC, router, gateway and workload-attachment paths.",Exact source span under the complete requirement; not a replacement normative statement,RA §8,Platform engineering,"Native guest NIC/port policy, provider-owned selectors and domain routing, including same-host paths",PARTIAL_CANDIDATE_NATIVE_SOURCE,terraform/modules/nutanix-domain/main.tf.json; terraform/modules/nsx-domain/main.tf.json; terraform/modules/openstack-domain/main.tf.json,"Site engineering must name the actual native object/role/service and its accepted settings for: Before a workload is attached, the adapter SHALL normalize permissive native defaults and enforce the mandatory baseline on all supported NIC, router, gateway and workload-attachment paths.",CT-022; CT-066; CT-069,Apply the referenced procedure to the actual enforcement location and this focus; include effective negative/failure observations where the original criterion requires them.,SOURCE_AND_LOCAL_FIXTURE_ONLY_OR_NOT_IMPLEMENTED; NOT_NATIVE_QUALIFIED,,"Selected denied-domain source is present. Actual native policy precedence, delegated mutation role, arbitrary NIC/selector bypass and effective same-host/cross-host enforcement are not qualified.",TO_BE_DECIDED_FOR_ACTUAL_SERVICE; NOT_AUTO_NA,PROPOSED_ENGINEERING_ALLOCATION_NOT_CONTROL_SATISFACTION
RTE-001/A01,RTE-001,"Routes, route imports/exports, and BGP adjacencies SHALL be provider-controlled outputs of authorized intent.","Routes, route imports/exports, and BGP adjacencies SHALL be provider-controlled outputs of authorized intent.",Exact source span under the complete requirement; not a replacement normative statement,RA §8; RA §10,Network engineering,"Authorized route/flow design plus native RIB/FIB, edge session policy and lifecycle writer",PARTIAL_CANDIDATE_NATIVE_SOURCE,tools/route_audit.py; tools/route_record_review.py; terraform/modules/nsx-route/main.tf.json; terraform/modules/nutanix-route/main.tf.json; terraform/modules/openstack-route/main.tf.json,"Site engineering must name the actual native object/role/service and its accepted settings for: Routes, route imports/exports, and BGP adjacencies SHALL be provider-controlled outputs of authorized intent.",CT-009; CT-033,Apply the referenced procedure to the actual enforcement location and this focus; include effective negative/failure observations where the original criterion requires them.,SOURCE_AND_LOCAL_FIXTURE_ONLY_OR_NOT_IMPLEMENTED; NOT_NATIVE_QUALIFIED,,"Route models and exact native static-route resources do not implement a complete route authority, full flow compiler, expiration/teardown service, BGP ownership or effective NAT/PBR/session-revocation policy.",TO_BE_DECIDED_FOR_ACTUAL_SERVICE; NOT_AUTO_NA,PROPOSED_ENGINEERING_ALLOCATION_NOT_CONTROL_SATISFACTION
RTE-002/A01,RTE-002,A generalized shared transit VRF SHALL NOT be used as a default inter-zone routing mechanism.,A generalized shared transit VRF SHALL NOT be used as a default inter-zone routing mechanism.,Exact source span under the complete requirement; not a replacement normative statement,RA §8; RA §10,Network engineering,"Authorized route/flow design plus native RIB/FIB, edge session policy and lifecycle writer",PARTIAL_CANDIDATE_NATIVE_SOURCE,tools/route_audit.py; tools/route_record_review.py; terraform/modules/nsx-route/main.tf.json; terraform/modules/nutanix-route/main.tf.json; terraform/modules/openstack-route/main.tf.json,Site engineering must name the actual native object/role/service and its accepted settings for: A generalized shared transit VRF SHALL NOT be used as a default inter-zone routing mechanism.,CT-003; CT-009; CT-023,Apply the referenced procedure to the actual enforcement location and this focus; include effective negative/failure observations where the original criterion requires them.,SOURCE_AND_LOCAL_FIXTURE_ONLY_OR_NOT_IMPLEMENTED; NOT_NATIVE_QUALIFIED,,"Route models and exact native static-route resources do not implement a complete route authority, full flow compiler, expiration/teardown service, BGP ownership or effective NAT/PBR/session-revocation policy.",TO_BE_DECIDED_FOR_ACTUAL_SERVICE; NOT_AUTO_NA,PROPOSED_ENGINEERING_ALLOCATION_NOT_CONTROL_SATISFACTION
RTE-003/A01,RTE-003,"Temporary migration or transition routes SHALL have explicit scope, approval, expiry, telemetry, and automated teardown.","Temporary migration or transition routes SHALL have explicit scope, approval, expiry, telemetry, and automated teardown.",Exact source span under the complete requirement; not a replacement normative statement,RA §8; RA §10,Network engineering,"Authorized route/flow design plus native RIB/FIB, edge session policy and lifecycle writer",PARTIAL_CANDIDATE_NATIVE_SOURCE,tools/route_audit.py; tools/route_record_review.py; terraform/modules/nsx-route/main.tf.json; terraform/modules/nutanix-route/main.tf.json; terraform/modules/openstack-route/main.tf.json,"Site engineering must name the actual native object/role/service and its accepted settings for: Temporary migration or transition routes SHALL have explicit scope, approval, expiry, telemetry, and automated teardown.",CT-009; CT-058; CT-077,Apply the referenced procedure to the actual enforcement location and this focus; include effective negative/failure observations where the original criterion requires them.,SOURCE_AND_LOCAL_FIXTURE_ONLY_OR_NOT_IMPLEMENTED; NOT_NATIVE_QUALIFIED,,"Route models and exact native static-route resources do not implement a complete route authority, full flow compiler, expiration/teardown service, BGP ownership or effective NAT/PBR/session-revocation policy.",TO_BE_DECIDED_FOR_ACTUAL_SERVICE; NOT_AUTO_NA,PROPOSED_ENGINEERING_ALLOCATION_NOT_CONTROL_SATISFACTION
RTE-004/A01,RTE-004,"Route compilation SHALL validate connected routes, recursive next hops, summaries, NAT/PBR interactions and all enabled address families; realized forwarding SHALL be compared with the approved graph before exposure.",connected routes,Exact source span under the complete requirement; not a replacement normative statement,RA §8; RA §10,Network engineering,"Authorized route/flow design plus native RIB/FIB, edge session policy and lifecycle writer",PARTIAL_CANDIDATE_NATIVE_SOURCE,tools/route_audit.py; tools/route_record_review.py; terraform/modules/nsx-route/main.tf.json; terraform/modules/nutanix-route/main.tf.json; terraform/modules/openstack-route/main.tf.json,Site engineering must name the actual native object/role/service and its accepted settings for: connected routes,CT-009; CT-023; CT-024; CT-031,Apply the referenced procedure to the actual enforcement location and this focus; include effective negative/failure observations where the original criterion requires them.,SOURCE_AND_LOCAL_FIXTURE_ONLY_OR_NOT_IMPLEMENTED; NOT_NATIVE_QUALIFIED,,"Route models and exact native static-route resources do not implement a complete route authority, full flow compiler, expiration/teardown service, BGP ownership or effective NAT/PBR/session-revocation policy.",TO_BE_DECIDED_FOR_ACTUAL_SERVICE; NOT_AUTO_NA,PROPOSED_ENGINEERING_ALLOCATION_NOT_CONTROL_SATISFACTION
RTE-004/A02,RTE-004,"Route compilation SHALL validate connected routes, recursive next hops, summaries, NAT/PBR interactions and all enabled address families; realized forwarding SHALL be compared with the approved graph before exposure.",recursive next hops,Exact source span under the complete requirement; not a replacement normative statement,RA §8; RA §10,Network engineering,"Authorized route/flow design plus native RIB/FIB, edge session policy and lifecycle writer",PARTIAL_CANDIDATE_NATIVE_SOURCE,tools/route_audit.py; tools/route_record_review.py; terraform/modules/nsx-route/main.tf.json; terraform/modules/nutanix-route/main.tf.json; terraform/modules/openstack-route/main.tf.json,Site engineering must name the actual native object/role/service and its accepted settings for: recursive next hops,CT-009; CT-023; CT-024; CT-031,Apply the referenced procedure to the actual enforcement location and this focus; include effective negative/failure observations where the original criterion requires them.,SOURCE_AND_LOCAL_FIXTURE_ONLY_OR_NOT_IMPLEMENTED; NOT_NATIVE_QUALIFIED,,"Route models and exact native static-route resources do not implement a complete route authority, full flow compiler, expiration/teardown service, BGP ownership or effective NAT/PBR/session-revocation policy.",TO_BE_DECIDED_FOR_ACTUAL_SERVICE; NOT_AUTO_NA,PROPOSED_ENGINEERING_ALLOCATION_NOT_CONTROL_SATISFACTION
RTE-004/A03,RTE-004,"Route compilation SHALL validate connected routes, recursive next hops, summaries, NAT/PBR interactions and all enabled address families; realized forwarding SHALL be compared with the approved graph before exposure.",summaries,Exact source span under the complete requirement; not a replacement normative statement,RA §8; RA §10,Network engineering,"Authorized route/flow design plus native RIB/FIB, edge session policy and lifecycle writer",PARTIAL_CANDIDATE_NATIVE_SOURCE,tools/route_audit.py; tools/route_record_review.py; terraform/modules/nsx-route/main.tf.json; terraform/modules/nutanix-route/main.tf.json; terraform/modules/openstack-route/main.tf.json,Site engineering must name the actual native object/role/service and its accepted settings for: summaries,CT-009; CT-023; CT-024; CT-031,Apply the referenced procedure to the actual enforcement location and this focus; include effective negative/failure observations where the original criterion requires them.,SOURCE_AND_LOCAL_FIXTURE_ONLY_OR_NOT_IMPLEMENTED; NOT_NATIVE_QUALIFIED,,"Route models and exact native static-route resources do not implement a complete route authority, full flow compiler, expiration/teardown service, BGP ownership or effective NAT/PBR/session-revocation policy.",TO_BE_DECIDED_FOR_ACTUAL_SERVICE; NOT_AUTO_NA,PROPOSED_ENGINEERING_ALLOCATION_NOT_CONTROL_SATISFACTION
RTE-004/A04,RTE-004,"Route compilation SHALL validate connected routes, recursive next hops, summaries, NAT/PBR interactions and all enabled address families; realized forwarding SHALL be compared with the approved graph before exposure.",NAT/PBR interactions,Exact source span under the complete requirement; not a replacement normative statement,RA §8; RA §10,Network engineering,"Authorized route/flow design plus native RIB/FIB, edge session policy and lifecycle writer",PARTIAL_CANDIDATE_NATIVE_SOURCE,tools/route_audit.py; tools/route_record_review.py; terraform/modules/nsx-route/main.tf.json; terraform/modules/nutanix-route/main.tf.json; terraform/modules/openstack-route/main.tf.json,Site engineering must name the actual native object/role/service and its accepted settings for: NAT/PBR interactions,CT-009; CT-023; CT-024; CT-031,Apply the referenced procedure to the actual enforcement location and this focus; include effective negative/failure observations where the original criterion requires them.,SOURCE_AND_LOCAL_FIXTURE_ONLY_OR_NOT_IMPLEMENTED; NOT_NATIVE_QUALIFIED,,"Route models and exact native static-route resources do not implement a complete route authority, full flow compiler, expiration/teardown service, BGP ownership or effective NAT/PBR/session-revocation policy.",TO_BE_DECIDED_FOR_ACTUAL_SERVICE; NOT_AUTO_NA,PROPOSED_ENGINEERING_ALLOCATION_NOT_CONTROL_SATISFACTION
RTE-004/A05,RTE-004,"Route compilation SHALL validate connected routes, recursive next hops, summaries, NAT/PBR interactions and all enabled address families; realized forwarding SHALL be compared with the approved graph before exposure.",all enabled address families,Exact source span under the complete requirement; not a replacement normative statement,RA §8; RA §10,Network engineering,"Authorized route/flow design plus native RIB/FIB, edge session policy and lifecycle writer",PARTIAL_CANDIDATE_NATIVE_SOURCE,tools/route_audit.py; tools/route_record_review.py; terraform/modules/nsx-route/main.tf.json; terraform/modules/nutanix-route/main.tf.json; terraform/modules/openstack-route/main.tf.json,Site engineering must name the actual native object/role/service and its accepted settings for: all enabled address families,CT-009; CT-023; CT-024; CT-031,Apply the referenced procedure to the actual enforcement location and this focus; include effective negative/failure observations where the original criterion requires them.,SOURCE_AND_LOCAL_FIXTURE_ONLY_OR_NOT_IMPLEMENTED; NOT_NATIVE_QUALIFIED,,"Route models and exact native static-route resources do not implement a complete route authority, full flow compiler, expiration/teardown service, BGP ownership or effective NAT/PBR/session-revocation policy.",TO_BE_DECIDED_FOR_ACTUAL_SERVICE; NOT_AUTO_NA,PROPOSED_ENGINEERING_ALLOCATION_NOT_CONTROL_SATISFACTION
RTE-004/A06,RTE-004,"Route compilation SHALL validate connected routes, recursive next hops, summaries, NAT/PBR interactions and all enabled address families; realized forwarding SHALL be compared with the approved graph before exposure.",realized forwarding,Exact source span under the complete requirement; not a replacement normative statement,RA §8; RA §10,Network engineering,"Authorized route/flow design plus native RIB/FIB, edge session policy and lifecycle writer",PARTIAL_CANDIDATE_NATIVE_SOURCE,tools/route_audit.py; tools/route_record_review.py; terraform/modules/nsx-route/main.tf.json; terraform/modules/nutanix-route/main.tf.json; terraform/modules/openstack-route/main.tf.json,Site engineering must name the actual native object/role/service and its accepted settings for: realized forwarding,CT-009; CT-023; CT-024; CT-031,Apply the referenced procedure to the actual enforcement location and this focus; include effective negative/failure observations where the original criterion requires them.,SOURCE_AND_LOCAL_FIXTURE_ONLY_OR_NOT_IMPLEMENTED; NOT_NATIVE_QUALIFIED,,"Route models and exact native static-route resources do not implement a complete route authority, full flow compiler, expiration/teardown service, BGP ownership or effective NAT/PBR/session-revocation policy.",TO_BE_DECIDED_FOR_ACTUAL_SERVICE; NOT_AUTO_NA,PROPOSED_ENGINEERING_ALLOCATION_NOT_CONTROL_SATISFACTION
IPAM-001/A01,IPAM-001,Every managed network SHALL have an authoritative IPAM record and owner.,Every managed network SHALL have an authoritative IPAM record and owner.,Exact source span under the complete requirement; not a replacement normative statement,RA §10,Network engineering,Authoritative address/name allocation and native DNS/DHCP lifecycle services,PARTIAL_DNS_EXTERNAL_IPAM_REQUIRED,tools/dns_change.py; docs/DNS_LIFECYCLE.md,Site engineering must name the actual native object/role/service and its accepted settings for: Every managed network SHALL have an authoritative IPAM record and owner.,CT-029; CT-030,Apply the referenced procedure to the actual enforcement location and this focus; include effective negative/failure observations where the original criterion requires them.,SOURCE_AND_LOCAL_FIXTURE_ONLY_OR_NOT_IMPLEMENTED; NOT_NATIVE_QUALIFIED,,"The DNS client writes only exact accepted records. It does not allocate addresses, implement authoritative IPAM/DHCP, approve overlap, qualify server ACLs/propagation or release reuse tombstones.",TO_BE_DECIDED_FOR_ACTUAL_SERVICE; NOT_AUTO_NA,PROPOSED_ENGINEERING_ALLOCATION_NOT_CONTROL_SATISFACTION
IPAM-002/A01,IPAM-002,"Overlapping address space SHALL be an explicit exception or migration pattern, not the standard tenancy model.","Overlapping address space SHALL be an explicit exception or migration pattern, not the standard tenancy model.",Exact source span under the complete requirement; not a replacement normative statement,RA §10,Network engineering,Authoritative address/name allocation and native DNS/DHCP lifecycle services,PARTIAL_DNS_EXTERNAL_IPAM_REQUIRED,tools/dns_change.py; docs/DNS_LIFECYCLE.md,"Site engineering must name the actual native object/role/service and its accepted settings for: Overlapping address space SHALL be an explicit exception or migration pattern, not the standard tenancy model.",CT-029; CT-061,Apply the referenced procedure to the actual enforcement location and this focus; include effective negative/failure observations where the original criterion requires them.,SOURCE_AND_LOCAL_FIXTURE_ONLY_OR_NOT_IMPLEMENTED; NOT_NATIVE_QUALIFIED,,"The DNS client writes only exact accepted records. It does not allocate addresses, implement authoritative IPAM/DHCP, approve overlap, qualify server ACLs/propagation or release reuse tombstones.",TO_BE_DECIDED_FOR_ACTUAL_SERVICE; NOT_AUTO_NA,PROPOSED_ENGINEERING_ALLOCATION_NOT_CONTROL_SATISFACTION
IPAM-003/A01,IPAM-003,"Address release SHOULD include quarantine/reuse controls appropriate to DNS, logging, firewall state, and incident-response requirements.","Address release SHOULD include quarantine/reuse controls appropriate to DNS, logging, firewall state, and incident-response requirements.",Exact source span under the complete requirement; not a replacement normative statement,RA §10,Network engineering,Authoritative address/name allocation and native DNS/DHCP lifecycle services,PARTIAL_DNS_EXTERNAL_IPAM_REQUIRED,tools/dns_change.py; docs/DNS_LIFECYCLE.md,"Site engineering must name the actual native object/role/service and its accepted settings for: Address release SHOULD include quarantine/reuse controls appropriate to DNS, logging, firewall state, and incident-response requirements.",CT-013; CT-030,Apply the referenced procedure to the actual enforcement location and this focus; include effective negative/failure observations where the original criterion requires them.,SOURCE_AND_LOCAL_FIXTURE_ONLY_OR_NOT_IMPLEMENTED; NOT_NATIVE_QUALIFIED,,"The DNS client writes only exact accepted records. It does not allocate addresses, implement authoritative IPAM/DHCP, approve overlap, qualify server ACLs/propagation or release reuse tombstones.",TO_BE_DECIDED_FOR_ACTUAL_SERVICE; NOT_AUTO_NA,PROPOSED_ENGINEERING_ALLOCATION_NOT_CONTROL_SATISFACTION
IPAM-004/A01,IPAM-004,"Address allocation, DNS/DHCP registration and release SHALL use idempotent operation identities, conflict detection and a dependency-aware quarantine policy; IPAM failure SHALL NOT cause guessed allocations.","Address allocation, DNS/DHCP registration and release SHALL use idempotent operation identities, conflict detection and a dependency-aware quarantine policy",Exact source span under the complete requirement; not a replacement normative statement,RA §10,Automation platform,Authoritative address/name allocation and native DNS/DHCP lifecycle services,PARTIAL_DNS_EXTERNAL_IPAM_REQUIRED,tools/dns_change.py; docs/DNS_LIFECYCLE.md,"Site engineering must name the actual native object/role/service and its accepted settings for: Address allocation, DNS/DHCP registration and release SHALL use idempotent operation identities, conflict detection and a dependency-aware quarantine policy",CT-029; CT-030; CT-045; CT-046,Apply the referenced procedure to the actual enforcement location and this focus; include effective negative/failure observations where the original criterion requires them.,SOURCE_AND_LOCAL_FIXTURE_ONLY_OR_NOT_IMPLEMENTED; NOT_NATIVE_QUALIFIED,,"The DNS client writes only exact accepted records. It does not allocate addresses, implement authoritative IPAM/DHCP, approve overlap, qualify server ACLs/propagation or release reuse tombstones.",TO_BE_DECIDED_FOR_ACTUAL_SERVICE; NOT_AUTO_NA,PROPOSED_ENGINEERING_ALLOCATION_NOT_CONTROL_SATISFACTION
IPAM-004/A02,IPAM-004,"Address allocation, DNS/DHCP registration and release SHALL use idempotent operation identities, conflict detection and a dependency-aware quarantine policy; IPAM failure SHALL NOT cause guessed allocations.",IPAM failure SHALL NOT cause guessed allocations.,Exact source span under the complete requirement; not a replacement normative statement,RA §10,Automation platform,Authoritative address/name allocation and native DNS/DHCP lifecycle services,PARTIAL_DNS_EXTERNAL_IPAM_REQUIRED,tools/dns_change.py; docs/DNS_LIFECYCLE.md,Site engineering must name the actual native object/role/service and its accepted settings for: IPAM failure SHALL NOT cause guessed allocations.,CT-029; CT-030; CT-045; CT-046,Apply the referenced procedure to the actual enforcement location and this focus; include effective negative/failure observations where the original criterion requires them.,SOURCE_AND_LOCAL_FIXTURE_ONLY_OR_NOT_IMPLEMENTED; NOT_NATIVE_QUALIFIED,,"The DNS client writes only exact accepted records. It does not allocate addresses, implement authoritative IPAM/DHCP, approve overlap, qualify server ACLs/propagation or release reuse tombstones.",TO_BE_DECIDED_FOR_ACTUAL_SERVICE; NOT_AUTO_NA,PROPOSED_ENGINEERING_ALLOCATION_NOT_CONTROL_SATISFACTION
IPV6-001/A01,IPV6-001,"Security semantics SHALL be equivalent across IPv4 and IPv6 unless an explicit, approved protocol-specific exception exists.","Security semantics SHALL be equivalent across IPv4 and IPv6 unless an explicit, approved protocol-specific exception exists.",Exact source span under the complete requirement; not a replacement normative statement,RA §10,Network engineering,Every offered native domain/edge/service/recovery path and local neighbour/control protocols,NATIVE_IMPLEMENTATION_AND_QUALIFICATION_OPEN,tools/route_audit.py; lab/run_namespace_lab.py,"Site engineering must name the actual native object/role/service and its accepted settings for: Security semantics SHALL be equivalent across IPv4 and IPv6 unless an explicit, approved protocol-specific exception exists.",CT-002; CT-031; CT-032,Apply the referenced procedure to the actual enforcement location and this focus; include effective negative/failure observations where the original criterion requires them.,SOURCE_AND_LOCAL_FIXTURE_ONLY_OR_NOT_IMPLEMENTED; NOT_NATIVE_QUALIFIED,,"Offline IPv6 and loopback/AAAA tests are not native dual-stack. The packet fixture and native staging are IPv4; full IPv6 routing, local controls, PMTU and service/recovery dependencies remain unqualified.",TO_BE_DECIDED_FOR_ACTUAL_SERVICE; NOT_AUTO_NA,PROPOSED_ENGINEERING_ALLOCATION_NOT_CONTROL_SATISFACTION
IPV6-002/A01,IPV6-002,Conformance testing SHALL include IPv6 negative-path tests before a platform is certified for dual-stack service.,Conformance testing SHALL include IPv6 negative-path tests before a platform is certified for dual-stack service.,Exact source span under the complete requirement; not a replacement normative statement,RA §10,Platform engineering,Every offered native domain/edge/service/recovery path and local neighbour/control protocols,NATIVE_IMPLEMENTATION_AND_QUALIFICATION_OPEN,tools/route_audit.py; lab/run_namespace_lab.py,Site engineering must name the actual native object/role/service and its accepted settings for: Conformance testing SHALL include IPv6 negative-path tests before a platform is certified for dual-stack service.,CT-002; CT-003; CT-031,Apply the referenced procedure to the actual enforcement location and this focus; include effective negative/failure observations where the original criterion requires them.,SOURCE_AND_LOCAL_FIXTURE_ONLY_OR_NOT_IMPLEMENTED; NOT_NATIVE_QUALIFIED,,"Offline IPv6 and loopback/AAAA tests are not native dual-stack. The packet fixture and native staging are IPv4; full IPv6 routing, local controls, PMTU and service/recovery dependencies remain unqualified.",TO_BE_DECIDED_FOR_ACTUAL_SERVICE; NOT_AUTO_NA,PROPOSED_ENGINEERING_ALLOCATION_NOT_CONTROL_SATISFACTION
IPV6-003/A01,IPV6-003,"Every offered address-family mode SHALL define local protocol controls, ICMPv6/PMTU treatment, transition-path restrictions and complete service/recovery dependencies; unsupported family combinations SHALL be rejected.","Every offered address-family mode SHALL define local protocol controls, ICMPv6/PMTU treatment, transition-path restrictions and complete service/recovery dependencies",Exact source span under the complete requirement; not a replacement normative statement,RA §10,Network engineering,Every offered native domain/edge/service/recovery path and local neighbour/control protocols,NATIVE_IMPLEMENTATION_AND_QUALIFICATION_OPEN,tools/route_audit.py; lab/run_namespace_lab.py,"Site engineering must name the actual native object/role/service and its accepted settings for: Every offered address-family mode SHALL define local protocol controls, ICMPv6/PMTU treatment, transition-path restrictions and complete service/recovery dependencies",CT-018; CT-031; CT-032,Apply the referenced procedure to the actual enforcement location and this focus; include effective negative/failure observations where the original criterion requires them.,SOURCE_AND_LOCAL_FIXTURE_ONLY_OR_NOT_IMPLEMENTED; NOT_NATIVE_QUALIFIED,,"Offline IPv6 and loopback/AAAA tests are not native dual-stack. The packet fixture and native staging are IPv4; full IPv6 routing, local controls, PMTU and service/recovery dependencies remain unqualified.",TO_BE_DECIDED_FOR_ACTUAL_SERVICE; NOT_AUTO_NA,PROPOSED_ENGINEERING_ALLOCATION_NOT_CONTROL_SATISFACTION
IPV6-003/A02,IPV6-003,"Every offered address-family mode SHALL define local protocol controls, ICMPv6/PMTU treatment, transition-path restrictions and complete service/recovery dependencies; unsupported family combinations SHALL be rejected.",unsupported family combinations SHALL be rejected.,Exact source span under the complete requirement; not a replacement normative statement,RA §10,Network engineering,Every offered native domain/edge/service/recovery path and local neighbour/control protocols,NATIVE_IMPLEMENTATION_AND_QUALIFICATION_OPEN,tools/route_audit.py; lab/run_namespace_lab.py,Site engineering must name the actual native object/role/service and its accepted settings for: unsupported family combinations SHALL be rejected.,CT-018; CT-031; CT-032,Apply the referenced procedure to the actual enforcement location and this focus; include effective negative/failure observations where the original criterion requires them.,SOURCE_AND_LOCAL_FIXTURE_ONLY_OR_NOT_IMPLEMENTED; NOT_NATIVE_QUALIFIED,,"Offline IPv6 and loopback/AAAA tests are not native dual-stack. The packet fixture and native staging are IPv4; full IPv6 routing, local controls, PMTU and service/recovery dependencies remain unqualified.",TO_BE_DECIDED_FOR_ACTUAL_SERVICE; NOT_AUTO_NA,PROPOSED_ENGINEERING_ALLOCATION_NOT_CONTROL_SATISFACTION
SVC-001/A01,SVC-001,Consumers SHALL NOT receive broad routing to a shared-services supernet solely because they consume one shared service.,Consumers SHALL NOT receive broad routing to a shared-services supernet solely because they consume one shared service.,Exact source span under the complete requirement; not a replacement normative statement,RA §9,Service operations,"Service-facing endpoint, tenant-specific forward/reply boundary, ingress/egress owner and service resource authority",PARTIAL_FIXTURE_EXTERNAL_SERVICE_REQUIRED,docs/engineering/TAD.md; lab/run_namespace_lab.py; tools/dns_change.py,Site engineering must name the actual native object/role/service and its accepted settings for: Consumers SHALL NOT receive broad routing to a shared-services supernet solely because they consume one shared service.,CT-008; CT-037,Apply the referenced procedure to the actual enforcement location and this focus; include effective negative/failure observations where the original criterion requires them.,SOURCE_AND_LOCAL_FIXTURE_ONLY_OR_NOT_IMPLEMENTED; NOT_NATIVE_QUALIFIED,,"The local model demonstrates selected TCP/DNS paths, not a production ingress/egress, shared-service entitlement, revocation/expiry, TLS inspection, logging or permitted-return deployment.",TO_BE_DECIDED_FOR_ACTUAL_SERVICE; NOT_AUTO_NA,PROPOSED_ENGINEERING_ALLOCATION_NOT_CONTROL_SATISFACTION
SVC-002/A01,SVC-002,"Where useful, shared services SHOULD expose zone-aligned endpoints so that consumption does not force unnecessary cross-zone routing.","Where useful, shared services SHOULD expose zone-aligned endpoints so that consumption does not force unnecessary cross-zone routing.",Exact source span under the complete requirement; not a replacement normative statement,RA §9,Service operations,"Service-facing endpoint, tenant-specific forward/reply boundary, ingress/egress owner and service resource authority",PARTIAL_FIXTURE_EXTERNAL_SERVICE_REQUIRED,docs/engineering/TAD.md; lab/run_namespace_lab.py; tools/dns_change.py,"Site engineering must name the actual native object/role/service and its accepted settings for: Where useful, shared services SHOULD expose zone-aligned endpoints so that consumption does not force unnecessary cross-zone routing.",CT-008; CT-025,Apply the referenced procedure to the actual enforcement location and this focus; include effective negative/failure observations where the original criterion requires them.,SOURCE_AND_LOCAL_FIXTURE_ONLY_OR_NOT_IMPLEMENTED; NOT_NATIVE_QUALIFIED,,"The local model demonstrates selected TCP/DNS paths, not a production ingress/egress, shared-service entitlement, revocation/expiry, TLS inspection, logging or permitted-return deployment.",TO_BE_DECIDED_FOR_ACTUAL_SERVICE; NOT_AUTO_NA,PROPOSED_ENGINEERING_ALLOCATION_NOT_CONTROL_SATISFACTION
SVC-003/A01,SVC-003,"Each ServiceProfile SHALL define direction, endpoint identity, authentication, allowed scope, availability, failure behavior and management separation; bindings SHALL be revoked when their entitlement or service version expires.",direction,Exact source span under the complete requirement; not a replacement normative statement,RA §9,Service operations,"Service-facing endpoint, tenant-specific forward/reply boundary, ingress/egress owner and service resource authority",PARTIAL_FIXTURE_EXTERNAL_SERVICE_REQUIRED,docs/engineering/TAD.md; lab/run_namespace_lab.py; tools/dns_change.py,Site engineering must name the actual native object/role/service and its accepted settings for: direction,CT-008; CT-028; CT-077,Apply the referenced procedure to the actual enforcement location and this focus; include effective negative/failure observations where the original criterion requires them.,SOURCE_AND_LOCAL_FIXTURE_ONLY_OR_NOT_IMPLEMENTED; NOT_NATIVE_QUALIFIED,,"The local model demonstrates selected TCP/DNS paths, not a production ingress/egress, shared-service entitlement, revocation/expiry, TLS inspection, logging or permitted-return deployment.",TO_BE_DECIDED_FOR_ACTUAL_SERVICE; NOT_AUTO_NA,PROPOSED_ENGINEERING_ALLOCATION_NOT_CONTROL_SATISFACTION
SVC-003/A02,SVC-003,"Each ServiceProfile SHALL define direction, endpoint identity, authentication, allowed scope, availability, failure behavior and management separation; bindings SHALL be revoked when their entitlement or service version expires.",endpoint identity,Exact source span under the complete requirement; not a replacement normative statement,RA §9,Service operations,"Service-facing endpoint, tenant-specific forward/reply boundary, ingress/egress owner and service resource authority",PARTIAL_FIXTURE_EXTERNAL_SERVICE_REQUIRED,docs/engineering/TAD.md; lab/run_namespace_lab.py; tools/dns_change.py,Site engineering must name the actual native object/role/service and its accepted settings for: endpoint identity,CT-008; CT-028; CT-077,Apply the referenced procedure to the actual enforcement location and this focus; include effective negative/failure observations where the original criterion requires them.,SOURCE_AND_LOCAL_FIXTURE_ONLY_OR_NOT_IMPLEMENTED; NOT_NATIVE_QUALIFIED,,"The local model demonstrates selected TCP/DNS paths, not a production ingress/egress, shared-service entitlement, revocation/expiry, TLS inspection, logging or permitted-return deployment.",TO_BE_DECIDED_FOR_ACTUAL_SERVICE; NOT_AUTO_NA,PROPOSED_ENGINEERING_ALLOCATION_NOT_CONTROL_SATISFACTION
SVC-003/A03,SVC-003,"Each ServiceProfile SHALL define direction, endpoint identity, authentication, allowed scope, availability, failure behavior and management separation; bindings SHALL be revoked when their entitlement or service version expires.",authentication,Exact source span under the complete requirement; not a replacement normative statement,RA §9,Service operations,"Service-facing endpoint, tenant-specific forward/reply boundary, ingress/egress owner and service resource authority",PARTIAL_FIXTURE_EXTERNAL_SERVICE_REQUIRED,docs/engineering/TAD.md; lab/run_namespace_lab.py; tools/dns_change.py,Site engineering must name the actual native object/role/service and its accepted settings for: authentication,CT-008; CT-028; CT-077,Apply the referenced procedure to the actual enforcement location and this focus; include effective negative/failure observations where the original criterion requires them.,SOURCE_AND_LOCAL_FIXTURE_ONLY_OR_NOT_IMPLEMENTED; NOT_NATIVE_QUALIFIED,,"The local model demonstrates selected TCP/DNS paths, not a production ingress/egress, shared-service entitlement, revocation/expiry, TLS inspection, logging or permitted-return deployment.",TO_BE_DECIDED_FOR_ACTUAL_SERVICE; NOT_AUTO_NA,PROPOSED_ENGINEERING_ALLOCATION_NOT_CONTROL_SATISFACTION
SVC-003/A04,SVC-003,"Each ServiceProfile SHALL define direction, endpoint identity, authentication, allowed scope, availability, failure behavior and management separation; bindings SHALL be revoked when their entitlement or service version expires.",allowed scope,Exact source span under the complete requirement; not a replacement normative statement,RA §9,Service operations,"Service-facing endpoint, tenant-specific forward/reply boundary, ingress/egress owner and service resource authority",PARTIAL_FIXTURE_EXTERNAL_SERVICE_REQUIRED,docs/engineering/TAD.md; lab/run_namespace_lab.py; tools/dns_change.py,Site engineering must name the actual native object/role/service and its accepted settings for: allowed scope,CT-008; CT-028; CT-077,Apply the referenced procedure to the actual enforcement location and this focus; include effective negative/failure observations where the original criterion requires them.,SOURCE_AND_LOCAL_FIXTURE_ONLY_OR_NOT_IMPLEMENTED; NOT_NATIVE_QUALIFIED,,"The local model demonstrates selected TCP/DNS paths, not a production ingress/egress, shared-service entitlement, revocation/expiry, TLS inspection, logging or permitted-return deployment.",TO_BE_DECIDED_FOR_ACTUAL_SERVICE; NOT_AUTO_NA,PROPOSED_ENGINEERING_ALLOCATION_NOT_CONTROL_SATISFACTION
SVC-003/A05,SVC-003,"Each ServiceProfile SHALL define direction, endpoint identity, authentication, allowed scope, availability, failure behavior and management separation; bindings SHALL be revoked when their entitlement or service version expires.",availability,Exact source span under the complete requirement; not a replacement normative statement,RA §9,Service operations,"Service-facing endpoint, tenant-specific forward/reply boundary, ingress/egress owner and service resource authority",PARTIAL_FIXTURE_EXTERNAL_SERVICE_REQUIRED,docs/engineering/TAD.md; lab/run_namespace_lab.py; tools/dns_change.py,Site engineering must name the actual native object/role/service and its accepted settings for: availability,CT-008; CT-028; CT-077,Apply the referenced procedure to the actual enforcement location and this focus; include effective negative/failure observations where the original criterion requires them.,SOURCE_AND_LOCAL_FIXTURE_ONLY_OR_NOT_IMPLEMENTED; NOT_NATIVE_QUALIFIED,,"The local model demonstrates selected TCP/DNS paths, not a production ingress/egress, shared-service entitlement, revocation/expiry, TLS inspection, logging or permitted-return deployment.",TO_BE_DECIDED_FOR_ACTUAL_SERVICE; NOT_AUTO_NA,PROPOSED_ENGINEERING_ALLOCATION_NOT_CONTROL_SATISFACTION
SVC-003/A06,SVC-003,"Each ServiceProfile SHALL define direction, endpoint identity, authentication, allowed scope, availability, failure behavior and management separation; bindings SHALL be revoked when their entitlement or service version expires.",failure behavior,Exact source span under the complete requirement; not a replacement normative statement,RA §9,Service operations,"Service-facing endpoint, tenant-specific forward/reply boundary, ingress/egress owner and service resource authority",PARTIAL_FIXTURE_EXTERNAL_SERVICE_REQUIRED,docs/engineering/TAD.md; lab/run_namespace_lab.py; tools/dns_change.py,Site engineering must name the actual native object/role/service and its accepted settings for: failure behavior,CT-008; CT-028; CT-077,Apply the referenced procedure to the actual enforcement location and this focus; include effective negative/failure observations where the original criterion requires them.,SOURCE_AND_LOCAL_FIXTURE_ONLY_OR_NOT_IMPLEMENTED; NOT_NATIVE_QUALIFIED,,"The local model demonstrates selected TCP/DNS paths, not a production ingress/egress, shared-service entitlement, revocation/expiry, TLS inspection, logging or permitted-return deployment.",TO_BE_DECIDED_FOR_ACTUAL_SERVICE; NOT_AUTO_NA,PROPOSED_ENGINEERING_ALLOCATION_NOT_CONTROL_SATISFACTION
SVC-003/A07,SVC-003,"Each ServiceProfile SHALL define direction, endpoint identity, authentication, allowed scope, availability, failure behavior and management separation; bindings SHALL be revoked when their entitlement or service version expires.",management separation,Exact source span under the complete requirement; not a replacement normative statement,RA §9,Service operations,"Service-facing endpoint, tenant-specific forward/reply boundary, ingress/egress owner and service resource authority",PARTIAL_FIXTURE_EXTERNAL_SERVICE_REQUIRED,docs/engineering/TAD.md; lab/run_namespace_lab.py; tools/dns_change.py,Site engineering must name the actual native object/role/service and its accepted settings for: management separation,CT-008; CT-028; CT-077,Apply the referenced procedure to the actual enforcement location and this focus; include effective negative/failure observations where the original criterion requires them.,SOURCE_AND_LOCAL_FIXTURE_ONLY_OR_NOT_IMPLEMENTED; NOT_NATIVE_QUALIFIED,,"The local model demonstrates selected TCP/DNS paths, not a production ingress/egress, shared-service entitlement, revocation/expiry, TLS inspection, logging or permitted-return deployment.",TO_BE_DECIDED_FOR_ACTUAL_SERVICE; NOT_AUTO_NA,PROPOSED_ENGINEERING_ALLOCATION_NOT_CONTROL_SATISFACTION
SVC-003/A08,SVC-003,"Each ServiceProfile SHALL define direction, endpoint identity, authentication, allowed scope, availability, failure behavior and management separation; bindings SHALL be revoked when their entitlement or service version expires.",revoked,Exact source span under the complete requirement; not a replacement normative statement,RA §9,Service operations,"Service-facing endpoint, tenant-specific forward/reply boundary, ingress/egress owner and service resource authority",PARTIAL_FIXTURE_EXTERNAL_SERVICE_REQUIRED,docs/engineering/TAD.md; lab/run_namespace_lab.py; tools/dns_change.py,Site engineering must name the actual native object/role/service and its accepted settings for: revoked,CT-008; CT-028; CT-077,Apply the referenced procedure to the actual enforcement location and this focus; include effective negative/failure observations where the original criterion requires them.,SOURCE_AND_LOCAL_FIXTURE_ONLY_OR_NOT_IMPLEMENTED; NOT_NATIVE_QUALIFIED,,"The local model demonstrates selected TCP/DNS paths, not a production ingress/egress, shared-service entitlement, revocation/expiry, TLS inspection, logging or permitted-return deployment.",TO_BE_DECIDED_FOR_ACTUAL_SERVICE; NOT_AUTO_NA,PROPOSED_ENGINEERING_ALLOCATION_NOT_CONTROL_SATISFACTION
ING-001/A01,ING-001,A workload SHALL NOT obtain direct public ingress by attaching its internal Security Domain directly to a public network.,A workload SHALL NOT obtain direct public ingress by attaching its internal Security Domain directly to a public network.,Exact source span under the complete requirement; not a replacement normative statement,RA §9,Security-edge operations,"Service-facing endpoint, tenant-specific forward/reply boundary, ingress/egress owner and service resource authority",PARTIAL_FIXTURE_EXTERNAL_SERVICE_REQUIRED,docs/engineering/TAD.md; lab/run_namespace_lab.py; tools/dns_change.py,Site engineering must name the actual native object/role/service and its accepted settings for: A workload SHALL NOT obtain direct public ingress by attaching its internal Security Domain directly to a public network.,CT-006; CT-025,Apply the referenced procedure to the actual enforcement location and this focus; include effective negative/failure observations where the original criterion requires them.,SOURCE_AND_LOCAL_FIXTURE_ONLY_OR_NOT_IMPLEMENTED; NOT_NATIVE_QUALIFIED,,"The local model demonstrates selected TCP/DNS paths, not a production ingress/egress, shared-service entitlement, revocation/expiry, TLS inspection, logging or permitted-return deployment.",TO_BE_DECIDED_FOR_ACTUAL_SERVICE; NOT_AUTO_NA,PROPOSED_ENGINEERING_ALLOCATION_NOT_CONTROL_SATISFACTION
ING-002/A01,ING-002,"Public exposure SHALL be represented by an Exposure object with owner, protocol, endpoint, certificate/DNS dependencies, logging, security profile, and lifecycle state.","Public exposure SHALL be represented by an Exposure object with owner, protocol, endpoint, certificate/DNS dependencies, logging, security profile, and lifecycle state.",Exact source span under the complete requirement; not a replacement normative statement,RA §9,Service owner,"Service-facing endpoint, tenant-specific forward/reply boundary, ingress/egress owner and service resource authority",PARTIAL_FIXTURE_EXTERNAL_SERVICE_REQUIRED,docs/engineering/TAD.md; lab/run_namespace_lab.py; tools/dns_change.py,"Site engineering must name the actual native object/role/service and its accepted settings for: Public exposure SHALL be represented by an Exposure object with owner, protocol, endpoint, certificate/DNS dependencies, logging, security profile, and lifecycle state.",CT-006; CT-063,Apply the referenced procedure to the actual enforcement location and this focus; include effective negative/failure observations where the original criterion requires them.,SOURCE_AND_LOCAL_FIXTURE_ONLY_OR_NOT_IMPLEMENTED; NOT_NATIVE_QUALIFIED,,"The local model demonstrates selected TCP/DNS paths, not a production ingress/egress, shared-service entitlement, revocation/expiry, TLS inspection, logging or permitted-return deployment.",TO_BE_DECIDED_FOR_ACTUAL_SERVICE; NOT_AUTO_NA,PROPOSED_ENGINEERING_ALLOCATION_NOT_CONTROL_SATISFACTION
EGR-001/A01,EGR-001,Internet egress SHALL be deny-by-default and enabled only through an approved egress profile.,Internet egress SHALL be deny-by-default and enabled only through an approved egress profile.,Exact source span under the complete requirement; not a replacement normative statement,RA §9,Security-edge operations,"Service-facing endpoint, tenant-specific forward/reply boundary, ingress/egress owner and service resource authority",PARTIAL_FIXTURE_EXTERNAL_SERVICE_REQUIRED,docs/engineering/TAD.md; lab/run_namespace_lab.py; tools/dns_change.py,Site engineering must name the actual native object/role/service and its accepted settings for: Internet egress SHALL be deny-by-default and enabled only through an approved egress profile.,CT-005; CT-064,Apply the referenced procedure to the actual enforcement location and this focus; include effective negative/failure observations where the original criterion requires them.,SOURCE_AND_LOCAL_FIXTURE_ONLY_OR_NOT_IMPLEMENTED; NOT_NATIVE_QUALIFIED,,"The local model demonstrates selected TCP/DNS paths, not a production ingress/egress, shared-service entitlement, revocation/expiry, TLS inspection, logging or permitted-return deployment.",TO_BE_DECIDED_FOR_ACTUAL_SERVICE; NOT_AUTO_NA,PROPOSED_ENGINEERING_ALLOCATION_NOT_CONTROL_SATISFACTION
EGR-002/A01,EGR-002,Egress telemetry SHALL permit attribution to the originating tenant/WSD and should preserve useful source identity where operationally feasible.,Egress telemetry SHALL permit attribution to the originating tenant/WSD and should preserve useful source identity where operationally feasible.,Exact source span under the complete requirement; not a replacement normative statement,RA §9,Security-edge operations,"Service-facing endpoint, tenant-specific forward/reply boundary, ingress/egress owner and service resource authority",PARTIAL_FIXTURE_EXTERNAL_SERVICE_REQUIRED,docs/engineering/TAD.md; lab/run_namespace_lab.py; tools/dns_change.py,Site engineering must name the actual native object/role/service and its accepted settings for: Egress telemetry SHALL permit attribution to the originating tenant/WSD and should preserve useful source identity where operationally feasible.,CT-010; CT-064,Apply the referenced procedure to the actual enforcement location and this focus; include effective negative/failure observations where the original criterion requires them.,SOURCE_AND_LOCAL_FIXTURE_ONLY_OR_NOT_IMPLEMENTED; NOT_NATIVE_QUALIFIED,,"The local model demonstrates selected TCP/DNS paths, not a production ingress/egress, shared-service entitlement, revocation/expiry, TLS inspection, logging or permitted-return deployment.",TO_BE_DECIDED_FOR_ACTUAL_SERVICE; NOT_AUTO_NA,PROPOSED_ENGINEERING_ALLOCATION_NOT_CONTROL_SATISFACTION
EXP-001/A01,EXP-001,"Exposure SHALL remain disabled until current-generation boundary, certificate, backend, logging and authorization gates pass; exposure revocation SHALL enforce the approved existing-session policy.","Exposure SHALL remain disabled until current-generation boundary, certificate, backend, logging and authorization gates pass",Exact source span under the complete requirement; not a replacement normative statement,RA §9,Security-edge operations,"Service-facing endpoint, tenant-specific forward/reply boundary, ingress/egress owner and service resource authority",PARTIAL_FIXTURE_EXTERNAL_SERVICE_REQUIRED,docs/engineering/TAD.md; lab/run_namespace_lab.py; tools/dns_change.py,"Site engineering must name the actual native object/role/service and its accepted settings for: Exposure SHALL remain disabled until current-generation boundary, certificate, backend, logging and authorization gates pass",CT-063; CT-069; CT-077,Apply the referenced procedure to the actual enforcement location and this focus; include effective negative/failure observations where the original criterion requires them.,SOURCE_AND_LOCAL_FIXTURE_ONLY_OR_NOT_IMPLEMENTED; NOT_NATIVE_QUALIFIED,,"The local model demonstrates selected TCP/DNS paths, not a production ingress/egress, shared-service entitlement, revocation/expiry, TLS inspection, logging or permitted-return deployment.",TO_BE_DECIDED_FOR_ACTUAL_SERVICE; NOT_AUTO_NA,PROPOSED_ENGINEERING_ALLOCATION_NOT_CONTROL_SATISFACTION
EXP-001/A02,EXP-001,"Exposure SHALL remain disabled until current-generation boundary, certificate, backend, logging and authorization gates pass; exposure revocation SHALL enforce the approved existing-session policy.",exposure revocation SHALL enforce the approved existing-session policy.,Exact source span under the complete requirement; not a replacement normative statement,RA §9,Security-edge operations,"Service-facing endpoint, tenant-specific forward/reply boundary, ingress/egress owner and service resource authority",PARTIAL_FIXTURE_EXTERNAL_SERVICE_REQUIRED,docs/engineering/TAD.md; lab/run_namespace_lab.py; tools/dns_change.py,Site engineering must name the actual native object/role/service and its accepted settings for: exposure revocation SHALL enforce the approved existing-session policy.,CT-063; CT-069; CT-077,Apply the referenced procedure to the actual enforcement location and this focus; include effective negative/failure observations where the original criterion requires them.,SOURCE_AND_LOCAL_FIXTURE_ONLY_OR_NOT_IMPLEMENTED; NOT_NATIVE_QUALIFIED,,"The local model demonstrates selected TCP/DNS paths, not a production ingress/egress, shared-service entitlement, revocation/expiry, TLS inspection, logging or permitted-return deployment.",TO_BE_DECIDED_FOR_ACTUAL_SERVICE; NOT_AUTO_NA,PROPOSED_ENGINEERING_ALLOCATION_NOT_CONTROL_SATISFACTION
MICRO-001/A01,MICRO-001,WSD-to-WSD and tier-to-tier communication inside a shared Security Domain Instance SHALL be denied unless an approved policy explicitly permits it.,WSD-to-WSD and tier-to-tier communication inside a shared Security Domain Instance SHALL be denied unless an approved policy explicitly permits it.,Exact source span under the complete requirement; not a replacement normative statement,RA §7; RA §11,Platform engineering,"Native guest NIC/port policy, provider-owned selectors and domain routing, including same-host paths",PARTIAL_CANDIDATE_NATIVE_SOURCE,terraform/modules/nutanix-domain/main.tf.json; terraform/modules/nsx-domain/main.tf.json; terraform/modules/openstack-domain/main.tf.json,Site engineering must name the actual native object/role/service and its accepted settings for: WSD-to-WSD and tier-to-tier communication inside a shared Security Domain Instance SHALL be denied unless an approved policy explicitly permits it.,CT-021; CT-066,Apply the referenced procedure to the actual enforcement location and this focus; include effective negative/failure observations where the original criterion requires them.,SOURCE_AND_LOCAL_FIXTURE_ONLY_OR_NOT_IMPLEMENTED; NOT_NATIVE_QUALIFIED,,"Selected denied-domain source is present. Actual native policy precedence, delegated mutation role, arbitrary NIC/selector bypass and effective same-host/cross-host enforcement are not qualified.",TO_BE_DECIDED_FOR_ACTUAL_SERVICE; NOT_AUTO_NA,PROPOSED_ENGINEERING_ALLOCATION_NOT_CONTROL_SATISFACTION
MICRO-002/A01,MICRO-002,"Platform metadata used for security policy SHALL be managed, validated, and protected from unauthorized tenant modification.","Platform metadata used for security policy SHALL be managed, validated, and protected from unauthorized tenant modification.",Exact source span under the complete requirement; not a replacement normative statement,RA §7; RA §11,Platform engineering,"Native guest NIC/port policy, provider-owned selectors and domain routing, including same-host paths",PARTIAL_CANDIDATE_NATIVE_SOURCE,terraform/modules/nutanix-domain/main.tf.json; terraform/modules/nsx-domain/main.tf.json; terraform/modules/openstack-domain/main.tf.json,"Site engineering must name the actual native object/role/service and its accepted settings for: Platform metadata used for security policy SHALL be managed, validated, and protected from unauthorized tenant modification.",CT-020; CT-066,Apply the referenced procedure to the actual enforcement location and this focus; include effective negative/failure observations where the original criterion requires them.,SOURCE_AND_LOCAL_FIXTURE_ONLY_OR_NOT_IMPLEMENTED; NOT_NATIVE_QUALIFIED,,"Selected denied-domain source is present. Actual native policy precedence, delegated mutation role, arbitrary NIC/selector bypass and effective same-host/cross-host enforcement are not qualified.",TO_BE_DECIDED_FOR_ACTUAL_SERVICE; NOT_AUTO_NA,PROPOSED_ENGINEERING_ALLOCATION_NOT_CONTROL_SATISFACTION
MICRO-003/A01,MICRO-003,"The platform SHALL prevent unapproved NIC, source-identity, privileged-workload and label changes from bypassing mandatory segmentation; effective policy SHALL be verified for same-host and cross-host traffic.","The platform SHALL prevent unapproved NIC, source-identity, privileged-workload and label changes from bypassing mandatory segmentation",Exact source span under the complete requirement; not a replacement normative statement,RA §7; RA §11,Platform engineering,"Native guest NIC/port policy, provider-owned selectors and domain routing, including same-host paths",PARTIAL_CANDIDATE_NATIVE_SOURCE,terraform/modules/nutanix-domain/main.tf.json; terraform/modules/nsx-domain/main.tf.json; terraform/modules/openstack-domain/main.tf.json,"Site engineering must name the actual native object/role/service and its accepted settings for: The platform SHALL prevent unapproved NIC, source-identity, privileged-workload and label changes from bypassing mandatory segmentation",CT-020; CT-021; CT-022; CT-065,Apply the referenced procedure to the actual enforcement location and this focus; include effective negative/failure observations where the original criterion requires them.,SOURCE_AND_LOCAL_FIXTURE_ONLY_OR_NOT_IMPLEMENTED; NOT_NATIVE_QUALIFIED,,"Selected denied-domain source is present. Actual native policy precedence, delegated mutation role, arbitrary NIC/selector bypass and effective same-host/cross-host enforcement are not qualified.",TO_BE_DECIDED_FOR_ACTUAL_SERVICE; NOT_AUTO_NA,PROPOSED_ENGINEERING_ALLOCATION_NOT_CONTROL_SATISFACTION
MICRO-003/A02,MICRO-003,"The platform SHALL prevent unapproved NIC, source-identity, privileged-workload and label changes from bypassing mandatory segmentation; effective policy SHALL be verified for same-host and cross-host traffic.",effective policy SHALL be verified for same-host and cross-host traffic.,Exact source span under the complete requirement; not a replacement normative statement,RA §7; RA §11,Platform engineering,"Native guest NIC/port policy, provider-owned selectors and domain routing, including same-host paths",PARTIAL_CANDIDATE_NATIVE_SOURCE,terraform/modules/nutanix-domain/main.tf.json; terraform/modules/nsx-domain/main.tf.json; terraform/modules/openstack-domain/main.tf.json,Site engineering must name the actual native object/role/service and its accepted settings for: effective policy SHALL be verified for same-host and cross-host traffic.,CT-020; CT-021; CT-022; CT-065,Apply the referenced procedure to the actual enforcement location and this focus; include effective negative/failure observations where the original criterion requires them.,SOURCE_AND_LOCAL_FIXTURE_ONLY_OR_NOT_IMPLEMENTED; NOT_NATIVE_QUALIFIED,,"Selected denied-domain source is present. Actual native policy precedence, delegated mutation role, arbitrary NIC/selector bypass and effective same-host/cross-host enforcement are not qualified.",TO_BE_DECIDED_FOR_ACTUAL_SERVICE; NOT_AUTO_NA,PROPOSED_ENGINEERING_ALLOCATION_NOT_CONTROL_SATISFACTION
EDGE-001/A01,EDGE-001,"Every domain-to-boundary attachment SHALL have a provider-owned EdgeAttachment record covering forwarding authority, isolation, MTU, HA, capacity and cleanup; consumers SHALL NOT choose its native topology identifiers.","Every domain-to-boundary attachment SHALL have a provider-owned EdgeAttachment record covering forwarding authority, isolation, MTU, HA, capacity and cleanup",Exact source span under the complete requirement; not a replacement normative statement,RA §8; RA §16; RA §17; RA §18,Network engineering,"Actual two-sided boundary forwarding, stateful policy, inspection and management plane at EC/SE contexts",PARTIAL_CANDIDATE_NATIVE_SOURCE,terraform/modules/nsx-gateway-quarantine/main.tf.json; tools/route_record_review.py,"Site engineering must name the actual native object/role/service and its accepted settings for: Every domain-to-boundary attachment SHALL have a provider-owned EdgeAttachment record covering forwarding authority, isolation, MTU, HA, capacity and cleanup",CT-023; CT-024; CT-032; CT-071,Apply the referenced procedure to the actual enforcement location and this focus; include effective negative/failure observations where the original criterion requires them.,SOURCE_AND_LOCAL_FIXTURE_ONLY_OR_NOT_IMPLEMENTED; NOT_NATIVE_QUALIFIED,,"Only candidate scoped NSX gateway DROP and route checks exist. A selected firewall/ZIP, required inspection, isolated native attachments, tenant administration and HA capacity remain unimplemented or unqualified.",TO_BE_DECIDED_FOR_ACTUAL_SERVICE; NOT_AUTO_NA,PROPOSED_ENGINEERING_ALLOCATION_NOT_CONTROL_SATISFACTION
EDGE-001/A02,EDGE-001,"Every domain-to-boundary attachment SHALL have a provider-owned EdgeAttachment record covering forwarding authority, isolation, MTU, HA, capacity and cleanup; consumers SHALL NOT choose its native topology identifiers.",consumers SHALL NOT choose its native topology identifiers.,Exact source span under the complete requirement; not a replacement normative statement,RA §8; RA §16; RA §17; RA §18,Network engineering,"Actual two-sided boundary forwarding, stateful policy, inspection and management plane at EC/SE contexts",PARTIAL_CANDIDATE_NATIVE_SOURCE,terraform/modules/nsx-gateway-quarantine/main.tf.json; tools/route_record_review.py,Site engineering must name the actual native object/role/service and its accepted settings for: consumers SHALL NOT choose its native topology identifiers.,CT-023; CT-024; CT-032; CT-071,Apply the referenced procedure to the actual enforcement location and this focus; include effective negative/failure observations where the original criterion requires them.,SOURCE_AND_LOCAL_FIXTURE_ONLY_OR_NOT_IMPLEMENTED; NOT_NATIVE_QUALIFIED,,"Only candidate scoped NSX gateway DROP and route checks exist. A selected firewall/ZIP, required inspection, isolated native attachments, tenant administration and HA capacity remain unimplemented or unqualified.",TO_BE_DECIDED_FOR_ACTUAL_SERVICE; NOT_AUTO_NA,PROPOSED_ENGINEERING_ALLOCATION_NOT_CONTROL_SATISFACTION
EDGE-002/A01,EDGE-002,"A shared attachment SHALL be prohibited unless direct connected, neighbor, gateway and NAT/PBR paths preserve the required domain isolation and ZIP enforcement in normal and failure states.","A shared attachment SHALL be prohibited unless direct connected, neighbor, gateway and NAT/PBR paths preserve the required domain isolation and ZIP enforcement in normal and failure states.",Exact source span under the complete requirement; not a replacement normative statement,RA §8; RA §16; RA §17; RA §18,Security authority,"Actual two-sided boundary forwarding, stateful policy, inspection and management plane at EC/SE contexts",PARTIAL_CANDIDATE_NATIVE_SOURCE,terraform/modules/nsx-gateway-quarantine/main.tf.json; tools/route_record_review.py,"Site engineering must name the actual native object/role/service and its accepted settings for: A shared attachment SHALL be prohibited unless direct connected, neighbor, gateway and NAT/PBR paths preserve the required domain isolation and ZIP enforcement in normal and failure states.",CT-023; CT-024; CT-080,Apply the referenced procedure to the actual enforcement location and this focus; include effective negative/failure observations where the original criterion requires them.,SOURCE_AND_LOCAL_FIXTURE_ONLY_OR_NOT_IMPLEMENTED; NOT_NATIVE_QUALIFIED,,"Only candidate scoped NSX gateway DROP and route checks exist. A selected firewall/ZIP, required inspection, isolated native attachments, tenant administration and HA capacity remain unimplemented or unqualified.",TO_BE_DECIDED_FOR_ACTUAL_SERVICE; NOT_AUTO_NA,PROPOSED_ENGINEERING_ALLOCATION_NOT_CONTROL_SATISFACTION
SITE-001/A01,SITE-001,Security Domain Instances SHOULD be site-local by default.,Security Domain Instances SHOULD be site-local by default.,Exact source span under the complete requirement; not a replacement normative statement,RA §14; RA §27,Platform engineering,"Native scheduler eligibility, eligible host pools, HA admission and recovery target/data-location constraints",PARTIAL_VM_PREPARATION_ONLY,terraform/modules/nutanix-workload/main.tf.json; terraform/modules/vsphere-workload/main.tf.json; terraform/modules/openstack-workload/main.tf.json,Site engineering must name the actual native object/role/service and its accepted settings for: Security Domain Instances SHOULD be site-local by default.,CT-054; CT-055,Apply the referenced procedure to the actual enforcement location and this focus; include effective negative/failure observations where the original criterion requires them.,SOURCE_AND_LOCAL_FIXTURE_ONLY_OR_NOT_IMPLEMENTED; NOT_NATIVE_QUALIFIED,,"VM preparation consumes accepted placement resources; it does not create/qualify host co-residency policy, evacuation/HA restrictions, independent sites, location agreements, guarantees or capacity under failure.",TO_BE_DECIDED_FOR_ACTUAL_SERVICE; NOT_AUTO_NA,PROPOSED_ENGINEERING_ALLOCATION_NOT_CONTROL_SATISFACTION
SITE-002/A01,SITE-002,Layer-2 stretch across sites SHALL require a documented application/availability requirement and failure-domain analysis.,Layer-2 stretch across sites SHALL require a documented application/availability requirement and failure-domain analysis.,Exact source span under the complete requirement; not a replacement normative statement,RA §14; RA §27,Architecture authority,"Native scheduler eligibility, eligible host pools, HA admission and recovery target/data-location constraints",PARTIAL_VM_PREPARATION_ONLY,terraform/modules/nutanix-workload/main.tf.json; terraform/modules/vsphere-workload/main.tf.json; terraform/modules/openstack-workload/main.tf.json,Site engineering must name the actual native object/role/service and its accepted settings for: Layer-2 stretch across sites SHALL require a documented application/availability requirement and failure-domain analysis.,CT-054,Apply the referenced procedure to the actual enforcement location and this focus; include effective negative/failure observations where the original criterion requires them.,SOURCE_AND_LOCAL_FIXTURE_ONLY_OR_NOT_IMPLEMENTED; NOT_NATIVE_QUALIFIED,,"VM preparation consumes accepted placement resources; it does not create/qualify host co-residency policy, evacuation/HA restrictions, independent sites, location agreements, guarantees or capacity under failure.",TO_BE_DECIDED_FOR_ACTUAL_SERVICE; NOT_AUTO_NA,PROPOSED_ENGINEERING_ALLOCATION_NOT_CONTROL_SATISFACTION
SITE-003/A01,SITE-003,Recovery-site connectivity SHALL be pre-authorized and tested; emergency recovery SHALL NOT depend on ad hoc route leaking.,Recovery-site connectivity SHALL be pre-authorized and tested,Exact source span under the complete requirement; not a replacement normative statement,RA §14; RA §27,Recovery operations,"Native scheduler eligibility, eligible host pools, HA admission and recovery target/data-location constraints",PARTIAL_VM_PREPARATION_ONLY,terraform/modules/nutanix-workload/main.tf.json; terraform/modules/vsphere-workload/main.tf.json; terraform/modules/openstack-workload/main.tf.json,Site engineering must name the actual native object/role/service and its accepted settings for: Recovery-site connectivity SHALL be pre-authorized and tested,CT-052; CT-054,Apply the referenced procedure to the actual enforcement location and this focus; include effective negative/failure observations where the original criterion requires them.,SOURCE_AND_LOCAL_FIXTURE_ONLY_OR_NOT_IMPLEMENTED; NOT_NATIVE_QUALIFIED,,"VM preparation consumes accepted placement resources; it does not create/qualify host co-residency policy, evacuation/HA restrictions, independent sites, location agreements, guarantees or capacity under failure.",TO_BE_DECIDED_FOR_ACTUAL_SERVICE; NOT_AUTO_NA,PROPOSED_ENGINEERING_ALLOCATION_NOT_CONTROL_SATISFACTION
SITE-003/A02,SITE-003,Recovery-site connectivity SHALL be pre-authorized and tested; emergency recovery SHALL NOT depend on ad hoc route leaking.,emergency recovery SHALL NOT depend on ad hoc route leaking.,Exact source span under the complete requirement; not a replacement normative statement,RA §14; RA §27,Recovery operations,"Native scheduler eligibility, eligible host pools, HA admission and recovery target/data-location constraints",PARTIAL_VM_PREPARATION_ONLY,terraform/modules/nutanix-workload/main.tf.json; terraform/modules/vsphere-workload/main.tf.json; terraform/modules/openstack-workload/main.tf.json,Site engineering must name the actual native object/role/service and its accepted settings for: emergency recovery SHALL NOT depend on ad hoc route leaking.,CT-052; CT-054,Apply the referenced procedure to the actual enforcement location and this focus; include effective negative/failure observations where the original criterion requires them.,SOURCE_AND_LOCAL_FIXTURE_ONLY_OR_NOT_IMPLEMENTED; NOT_NATIVE_QUALIFIED,,"VM preparation consumes accepted placement resources; it does not create/qualify host co-residency policy, evacuation/HA restrictions, independent sites, location agreements, guarantees or capacity under failure.",TO_BE_DECIDED_FOR_ACTUAL_SERVICE; NOT_AUTO_NA,PROPOSED_ENGINEERING_ALLOCATION_NOT_CONTROL_SATISFACTION
SITE-004/A01,SITE-004,"Recovery placement SHALL preserve domain, co-residency, cryptographic, identity and location constraints; writer fencing and failback ownership SHALL be proven before production recovery is offered.","Recovery placement SHALL preserve domain, co-residency, cryptographic, identity and location constraints",Exact source span under the complete requirement; not a replacement normative statement,RA §14; RA §27,Recovery operations,"Native scheduler eligibility, eligible host pools, HA admission and recovery target/data-location constraints",PARTIAL_VM_PREPARATION_ONLY,terraform/modules/nutanix-workload/main.tf.json; terraform/modules/vsphere-workload/main.tf.json; terraform/modules/openstack-workload/main.tf.json,"Site engineering must name the actual native object/role/service and its accepted settings for: Recovery placement SHALL preserve domain, co-residency, cryptographic, identity and location constraints",CT-035; CT-038; CT-054; CT-061,Apply the referenced procedure to the actual enforcement location and this focus; include effective negative/failure observations where the original criterion requires them.,SOURCE_AND_LOCAL_FIXTURE_ONLY_OR_NOT_IMPLEMENTED; NOT_NATIVE_QUALIFIED,,"VM preparation consumes accepted placement resources; it does not create/qualify host co-residency policy, evacuation/HA restrictions, independent sites, location agreements, guarantees or capacity under failure.",TO_BE_DECIDED_FOR_ACTUAL_SERVICE; NOT_AUTO_NA,PROPOSED_ENGINEERING_ALLOCATION_NOT_CONTROL_SATISFACTION
SITE-004/A02,SITE-004,"Recovery placement SHALL preserve domain, co-residency, cryptographic, identity and location constraints; writer fencing and failback ownership SHALL be proven before production recovery is offered.",writer fencing and failback ownership SHALL be proven before production recovery is offered.,Exact source span under the complete requirement; not a replacement normative statement,RA §14; RA §27,Recovery operations,"Native scheduler eligibility, eligible host pools, HA admission and recovery target/data-location constraints",PARTIAL_VM_PREPARATION_ONLY,terraform/modules/nutanix-workload/main.tf.json; terraform/modules/vsphere-workload/main.tf.json; terraform/modules/openstack-workload/main.tf.json,Site engineering must name the actual native object/role/service and its accepted settings for: writer fencing and failback ownership SHALL be proven before production recovery is offered.,CT-035; CT-038; CT-054; CT-061,Apply the referenced procedure to the actual enforcement location and this focus; include effective negative/failure observations where the original criterion requires them.,SOURCE_AND_LOCAL_FIXTURE_ONLY_OR_NOT_IMPLEMENTED; NOT_NATIVE_QUALIFIED,,"VM preparation consumes accepted placement resources; it does not create/qualify host co-residency policy, evacuation/HA restrictions, independent sites, location agreements, guarantees or capacity under failure.",TO_BE_DECIDED_FOR_ACTUAL_SERVICE; NOT_AUTO_NA,PROPOSED_ENGINEERING_ALLOCATION_NOT_CONTROL_SATISFACTION
CMP-001/A01,CMP-001,"Compute placement, maintenance evacuation, migration and HA restart SHALL enforce the approved tenant/domain/zone co-residency matrix; no scheduler action SHALL silently weaken it.",Compute placement,Exact source span under the complete requirement; not a replacement normative statement,RA §7; RA §11,Platform engineering,"Native scheduler eligibility, eligible host pools, HA admission and recovery target/data-location constraints",PARTIAL_VM_PREPARATION_ONLY,terraform/modules/nutanix-workload/main.tf.json; terraform/modules/vsphere-workload/main.tf.json; terraform/modules/openstack-workload/main.tf.json,Site engineering must name the actual native object/role/service and its accepted settings for: Compute placement,CT-035; CT-056,Apply the referenced procedure to the actual enforcement location and this focus; include effective negative/failure observations where the original criterion requires them.,SOURCE_AND_LOCAL_FIXTURE_ONLY_OR_NOT_IMPLEMENTED; NOT_NATIVE_QUALIFIED,,"VM preparation consumes accepted placement resources; it does not create/qualify host co-residency policy, evacuation/HA restrictions, independent sites, location agreements, guarantees or capacity under failure.",TO_BE_DECIDED_FOR_ACTUAL_SERVICE; NOT_AUTO_NA,PROPOSED_ENGINEERING_ALLOCATION_NOT_CONTROL_SATISFACTION
CMP-001/A02,CMP-001,"Compute placement, maintenance evacuation, migration and HA restart SHALL enforce the approved tenant/domain/zone co-residency matrix; no scheduler action SHALL silently weaken it.",maintenance evacuation,Exact source span under the complete requirement; not a replacement normative statement,RA §7; RA §11,Platform engineering,"Native scheduler eligibility, eligible host pools, HA admission and recovery target/data-location constraints",PARTIAL_VM_PREPARATION_ONLY,terraform/modules/nutanix-workload/main.tf.json; terraform/modules/vsphere-workload/main.tf.json; terraform/modules/openstack-workload/main.tf.json,Site engineering must name the actual native object/role/service and its accepted settings for: maintenance evacuation,CT-035; CT-056,Apply the referenced procedure to the actual enforcement location and this focus; include effective negative/failure observations where the original criterion requires them.,SOURCE_AND_LOCAL_FIXTURE_ONLY_OR_NOT_IMPLEMENTED; NOT_NATIVE_QUALIFIED,,"VM preparation consumes accepted placement resources; it does not create/qualify host co-residency policy, evacuation/HA restrictions, independent sites, location agreements, guarantees or capacity under failure.",TO_BE_DECIDED_FOR_ACTUAL_SERVICE; NOT_AUTO_NA,PROPOSED_ENGINEERING_ALLOCATION_NOT_CONTROL_SATISFACTION
CMP-001/A03,CMP-001,"Compute placement, maintenance evacuation, migration and HA restart SHALL enforce the approved tenant/domain/zone co-residency matrix; no scheduler action SHALL silently weaken it.",migration,Exact source span under the complete requirement; not a replacement normative statement,RA §7; RA §11,Platform engineering,"Native scheduler eligibility, eligible host pools, HA admission and recovery target/data-location constraints",PARTIAL_VM_PREPARATION_ONLY,terraform/modules/nutanix-workload/main.tf.json; terraform/modules/vsphere-workload/main.tf.json; terraform/modules/openstack-workload/main.tf.json,Site engineering must name the actual native object/role/service and its accepted settings for: migration,CT-035; CT-056,Apply the referenced procedure to the actual enforcement location and this focus; include effective negative/failure observations where the original criterion requires them.,SOURCE_AND_LOCAL_FIXTURE_ONLY_OR_NOT_IMPLEMENTED; NOT_NATIVE_QUALIFIED,,"VM preparation consumes accepted placement resources; it does not create/qualify host co-residency policy, evacuation/HA restrictions, independent sites, location agreements, guarantees or capacity under failure.",TO_BE_DECIDED_FOR_ACTUAL_SERVICE; NOT_AUTO_NA,PROPOSED_ENGINEERING_ALLOCATION_NOT_CONTROL_SATISFACTION
CMP-001/A04,CMP-001,"Compute placement, maintenance evacuation, migration and HA restart SHALL enforce the approved tenant/domain/zone co-residency matrix; no scheduler action SHALL silently weaken it.",HA restart,Exact source span under the complete requirement; not a replacement normative statement,RA §7; RA §11,Platform engineering,"Native scheduler eligibility, eligible host pools, HA admission and recovery target/data-location constraints",PARTIAL_VM_PREPARATION_ONLY,terraform/modules/nutanix-workload/main.tf.json; terraform/modules/vsphere-workload/main.tf.json; terraform/modules/openstack-workload/main.tf.json,Site engineering must name the actual native object/role/service and its accepted settings for: HA restart,CT-035; CT-056,Apply the referenced procedure to the actual enforcement location and this focus; include effective negative/failure observations where the original criterion requires them.,SOURCE_AND_LOCAL_FIXTURE_ONLY_OR_NOT_IMPLEMENTED; NOT_NATIVE_QUALIFIED,,"VM preparation consumes accepted placement resources; it does not create/qualify host co-residency policy, evacuation/HA restrictions, independent sites, location agreements, guarantees or capacity under failure.",TO_BE_DECIDED_FOR_ACTUAL_SERVICE; NOT_AUTO_NA,PROPOSED_ENGINEERING_ALLOCATION_NOT_CONTROL_SATISFACTION
CMP-001/A05,CMP-001,"Compute placement, maintenance evacuation, migration and HA restart SHALL enforce the approved tenant/domain/zone co-residency matrix; no scheduler action SHALL silently weaken it.",co-residency matrix,Exact source span under the complete requirement; not a replacement normative statement,RA §7; RA §11,Platform engineering,"Native scheduler eligibility, eligible host pools, HA admission and recovery target/data-location constraints",PARTIAL_VM_PREPARATION_ONLY,terraform/modules/nutanix-workload/main.tf.json; terraform/modules/vsphere-workload/main.tf.json; terraform/modules/openstack-workload/main.tf.json,Site engineering must name the actual native object/role/service and its accepted settings for: co-residency matrix,CT-035; CT-056,Apply the referenced procedure to the actual enforcement location and this focus; include effective negative/failure observations where the original criterion requires them.,SOURCE_AND_LOCAL_FIXTURE_ONLY_OR_NOT_IMPLEMENTED; NOT_NATIVE_QUALIFIED,,"VM preparation consumes accepted placement resources; it does not create/qualify host co-residency policy, evacuation/HA restrictions, independent sites, location agreements, guarantees or capacity under failure.",TO_BE_DECIDED_FOR_ACTUAL_SERVICE; NOT_AUTO_NA,PROPOSED_ENGINEERING_ALLOCATION_NOT_CONTROL_SATISFACTION
CMP-002/A01,CMP-002,"Each compute profile SHALL define supported hardware/software, boot/attestation controls, administrative isolation, resource guarantees, overcommit policy and handling of unsupported devices.","Each compute profile SHALL define supported hardware/software, boot/attestation controls, administrative isolation, resource guarantees, overcommit policy and handling of unsupported devices.",Exact source span under the complete requirement; not a replacement normative statement,RA §7; RA §11,Platform engineering,"Native scheduler eligibility, eligible host pools, HA admission and recovery target/data-location constraints",PARTIAL_VM_PREPARATION_ONLY,terraform/modules/nutanix-workload/main.tf.json; terraform/modules/vsphere-workload/main.tf.json; terraform/modules/openstack-workload/main.tf.json,"Site engineering must name the actual native object/role/service and its accepted settings for: Each compute profile SHALL define supported hardware/software, boot/attestation controls, administrative isolation, resource guarantees, overcommit policy and handling of unsupported devices.",CT-036; CT-039; CT-073,Apply the referenced procedure to the actual enforcement location and this focus; include effective negative/failure observations where the original criterion requires them.,SOURCE_AND_LOCAL_FIXTURE_ONLY_OR_NOT_IMPLEMENTED; NOT_NATIVE_QUALIFIED,,"VM preparation consumes accepted placement resources; it does not create/qualify host co-residency policy, evacuation/HA restrictions, independent sites, location agreements, guarantees or capacity under failure.",TO_BE_DECIDED_FOR_ACTUAL_SERVICE; NOT_AUTO_NA,PROPOSED_ENGINEERING_ALLOCATION_NOT_CONTROL_SATISFACTION
CMP-003/A01,CMP-003,"The meaning of dedicated compute SHALL state its exact physical and administrative scope and disclose any shared storage, network, control, support or recovery dependency.","The meaning of dedicated compute SHALL state its exact physical and administrative scope and disclose any shared storage, network, control, support or recovery dependency.",Exact source span under the complete requirement; not a replacement normative statement,RA §7; RA §11,Architecture authority,"Native scheduler eligibility, eligible host pools, HA admission and recovery target/data-location constraints",PARTIAL_VM_PREPARATION_ONLY,terraform/modules/nutanix-workload/main.tf.json; terraform/modules/vsphere-workload/main.tf.json; terraform/modules/openstack-workload/main.tf.json,"Site engineering must name the actual native object/role/service and its accepted settings for: The meaning of dedicated compute SHALL state its exact physical and administrative scope and disclose any shared storage, network, control, support or recovery dependency.",CT-035; CT-062,Apply the referenced procedure to the actual enforcement location and this focus; include effective negative/failure observations where the original criterion requires them.,SOURCE_AND_LOCAL_FIXTURE_ONLY_OR_NOT_IMPLEMENTED; NOT_NATIVE_QUALIFIED,,"VM preparation consumes accepted placement resources; it does not create/qualify host co-residency policy, evacuation/HA restrictions, independent sites, location agreements, guarantees or capacity under failure.",TO_BE_DECIDED_FOR_ACTUAL_SERVICE; NOT_AUTO_NA,PROPOSED_ENGINEERING_ALLOCATION_NOT_CONTROL_SATISFACTION
STO-001/A01,STO-001,"Every storage resource and derivative copy SHALL carry owner, categorization, access scope, key policy, placement/retention constraints and lineage; cross-scope attachment or export SHALL require explicit authorization.",owner,Exact source span under the complete requirement; not a replacement normative statement,RA §12,Storage operations,"Storage/controller authorization, snapshot/clone/export lineage, retained copies, keys and media sanitization services",PARTIAL_RESOURCE_CREATION_EXTERNAL_LIFECYCLE,terraform/modules/nutanix-workload/main.tf.json; terraform/modules/openstack-workload/main.tf.json; docs/DNS_LIFECYCLE.md,Site engineering must name the actual native object/role/service and its accepted settings for: owner,CT-037; CT-053; CT-078,Apply the referenced procedure to the actual enforcement location and this focus; include effective negative/failure observations where the original criterion requires them.,SOURCE_AND_LOCAL_FIXTURE_ONLY_OR_NOT_IMPLEMENTED; NOT_NATIVE_QUALIFIED,,"Boot/data volume references and DNS retirement do not implement complete copy inventory, cross-owner export authorization, retention/hold policy, sanitization, receipt or safe shared-resource deletion.",TO_BE_DECIDED_FOR_ACTUAL_SERVICE; NOT_AUTO_NA,PROPOSED_ENGINEERING_ALLOCATION_NOT_CONTROL_SATISFACTION
STO-001/A02,STO-001,"Every storage resource and derivative copy SHALL carry owner, categorization, access scope, key policy, placement/retention constraints and lineage; cross-scope attachment or export SHALL require explicit authorization.",categorization,Exact source span under the complete requirement; not a replacement normative statement,RA §12,Storage operations,"Storage/controller authorization, snapshot/clone/export lineage, retained copies, keys and media sanitization services",PARTIAL_RESOURCE_CREATION_EXTERNAL_LIFECYCLE,terraform/modules/nutanix-workload/main.tf.json; terraform/modules/openstack-workload/main.tf.json; docs/DNS_LIFECYCLE.md,Site engineering must name the actual native object/role/service and its accepted settings for: categorization,CT-037; CT-053; CT-078,Apply the referenced procedure to the actual enforcement location and this focus; include effective negative/failure observations where the original criterion requires them.,SOURCE_AND_LOCAL_FIXTURE_ONLY_OR_NOT_IMPLEMENTED; NOT_NATIVE_QUALIFIED,,"Boot/data volume references and DNS retirement do not implement complete copy inventory, cross-owner export authorization, retention/hold policy, sanitization, receipt or safe shared-resource deletion.",TO_BE_DECIDED_FOR_ACTUAL_SERVICE; NOT_AUTO_NA,PROPOSED_ENGINEERING_ALLOCATION_NOT_CONTROL_SATISFACTION
STO-001/A03,STO-001,"Every storage resource and derivative copy SHALL carry owner, categorization, access scope, key policy, placement/retention constraints and lineage; cross-scope attachment or export SHALL require explicit authorization.",access scope,Exact source span under the complete requirement; not a replacement normative statement,RA §12,Storage operations,"Storage/controller authorization, snapshot/clone/export lineage, retained copies, keys and media sanitization services",PARTIAL_RESOURCE_CREATION_EXTERNAL_LIFECYCLE,terraform/modules/nutanix-workload/main.tf.json; terraform/modules/openstack-workload/main.tf.json; docs/DNS_LIFECYCLE.md,Site engineering must name the actual native object/role/service and its accepted settings for: access scope,CT-037; CT-053; CT-078,Apply the referenced procedure to the actual enforcement location and this focus; include effective negative/failure observations where the original criterion requires them.,SOURCE_AND_LOCAL_FIXTURE_ONLY_OR_NOT_IMPLEMENTED; NOT_NATIVE_QUALIFIED,,"Boot/data volume references and DNS retirement do not implement complete copy inventory, cross-owner export authorization, retention/hold policy, sanitization, receipt or safe shared-resource deletion.",TO_BE_DECIDED_FOR_ACTUAL_SERVICE; NOT_AUTO_NA,PROPOSED_ENGINEERING_ALLOCATION_NOT_CONTROL_SATISFACTION
STO-001/A04,STO-001,"Every storage resource and derivative copy SHALL carry owner, categorization, access scope, key policy, placement/retention constraints and lineage; cross-scope attachment or export SHALL require explicit authorization.",key policy,Exact source span under the complete requirement; not a replacement normative statement,RA §12,Storage operations,"Storage/controller authorization, snapshot/clone/export lineage, retained copies, keys and media sanitization services",PARTIAL_RESOURCE_CREATION_EXTERNAL_LIFECYCLE,terraform/modules/nutanix-workload/main.tf.json; terraform/modules/openstack-workload/main.tf.json; docs/DNS_LIFECYCLE.md,Site engineering must name the actual native object/role/service and its accepted settings for: key policy,CT-037; CT-053; CT-078,Apply the referenced procedure to the actual enforcement location and this focus; include effective negative/failure observations where the original criterion requires them.,SOURCE_AND_LOCAL_FIXTURE_ONLY_OR_NOT_IMPLEMENTED; NOT_NATIVE_QUALIFIED,,"Boot/data volume references and DNS retirement do not implement complete copy inventory, cross-owner export authorization, retention/hold policy, sanitization, receipt or safe shared-resource deletion.",TO_BE_DECIDED_FOR_ACTUAL_SERVICE; NOT_AUTO_NA,PROPOSED_ENGINEERING_ALLOCATION_NOT_CONTROL_SATISFACTION
STO-001/A05,STO-001,"Every storage resource and derivative copy SHALL carry owner, categorization, access scope, key policy, placement/retention constraints and lineage; cross-scope attachment or export SHALL require explicit authorization.",placement/retention constraints,Exact source span under the complete requirement; not a replacement normative statement,RA §12,Storage operations,"Storage/controller authorization, snapshot/clone/export lineage, retained copies, keys and media sanitization services",PARTIAL_RESOURCE_CREATION_EXTERNAL_LIFECYCLE,terraform/modules/nutanix-workload/main.tf.json; terraform/modules/openstack-workload/main.tf.json; docs/DNS_LIFECYCLE.md,Site engineering must name the actual native object/role/service and its accepted settings for: placement/retention constraints,CT-037; CT-053; CT-078,Apply the referenced procedure to the actual enforcement location and this focus; include effective negative/failure observations where the original criterion requires them.,SOURCE_AND_LOCAL_FIXTURE_ONLY_OR_NOT_IMPLEMENTED; NOT_NATIVE_QUALIFIED,,"Boot/data volume references and DNS retirement do not implement complete copy inventory, cross-owner export authorization, retention/hold policy, sanitization, receipt or safe shared-resource deletion.",TO_BE_DECIDED_FOR_ACTUAL_SERVICE; NOT_AUTO_NA,PROPOSED_ENGINEERING_ALLOCATION_NOT_CONTROL_SATISFACTION
STO-001/A06,STO-001,"Every storage resource and derivative copy SHALL carry owner, categorization, access scope, key policy, placement/retention constraints and lineage; cross-scope attachment or export SHALL require explicit authorization.",lineage,Exact source span under the complete requirement; not a replacement normative statement,RA §12,Storage operations,"Storage/controller authorization, snapshot/clone/export lineage, retained copies, keys and media sanitization services",PARTIAL_RESOURCE_CREATION_EXTERNAL_LIFECYCLE,terraform/modules/nutanix-workload/main.tf.json; terraform/modules/openstack-workload/main.tf.json; docs/DNS_LIFECYCLE.md,Site engineering must name the actual native object/role/service and its accepted settings for: lineage,CT-037; CT-053; CT-078,Apply the referenced procedure to the actual enforcement location and this focus; include effective negative/failure observations where the original criterion requires them.,SOURCE_AND_LOCAL_FIXTURE_ONLY_OR_NOT_IMPLEMENTED; NOT_NATIVE_QUALIFIED,,"Boot/data volume references and DNS retirement do not implement complete copy inventory, cross-owner export authorization, retention/hold policy, sanitization, receipt or safe shared-resource deletion.",TO_BE_DECIDED_FOR_ACTUAL_SERVICE; NOT_AUTO_NA,PROPOSED_ENGINEERING_ALLOCATION_NOT_CONTROL_SATISFACTION
STO-001/A07,STO-001,"Every storage resource and derivative copy SHALL carry owner, categorization, access scope, key policy, placement/retention constraints and lineage; cross-scope attachment or export SHALL require explicit authorization.",cross-scope attachment or export,Exact source span under the complete requirement; not a replacement normative statement,RA §12,Storage operations,"Storage/controller authorization, snapshot/clone/export lineage, retained copies, keys and media sanitization services",PARTIAL_RESOURCE_CREATION_EXTERNAL_LIFECYCLE,terraform/modules/nutanix-workload/main.tf.json; terraform/modules/openstack-workload/main.tf.json; docs/DNS_LIFECYCLE.md,Site engineering must name the actual native object/role/service and its accepted settings for: cross-scope attachment or export,CT-037; CT-053; CT-078,Apply the referenced procedure to the actual enforcement location and this focus; include effective negative/failure observations where the original criterion requires them.,SOURCE_AND_LOCAL_FIXTURE_ONLY_OR_NOT_IMPLEMENTED; NOT_NATIVE_QUALIFIED,,"Boot/data volume references and DNS retirement do not implement complete copy inventory, cross-owner export authorization, retention/hold policy, sanitization, receipt or safe shared-resource deletion.",TO_BE_DECIDED_FOR_ACTUAL_SERVICE; NOT_AUTO_NA,PROPOSED_ENGINEERING_ALLOCATION_NOT_CONTROL_SATISFACTION
STO-002/A01,STO-002,"Storage service profiles SHALL define measurable capacity/performance, consistency, replication, snapshot/clone and portability semantics and SHALL be tested under contention and the accepted failure condition.","Storage service profiles SHALL define measurable capacity/performance, consistency, replication, snapshot/clone and portability semantics and SHALL be tested under contention and the accepted failure condition.",Exact source span under the complete requirement; not a replacement normative statement,RA §12,Storage operations,"Storage/controller authorization, snapshot/clone/export lineage, retained copies, keys and media sanitization services",PARTIAL_RESOURCE_CREATION_EXTERNAL_LIFECYCLE,terraform/modules/nutanix-workload/main.tf.json; terraform/modules/openstack-workload/main.tf.json; docs/DNS_LIFECYCLE.md,"Site engineering must name the actual native object/role/service and its accepted settings for: Storage service profiles SHALL define measurable capacity/performance, consistency, replication, snapshot/clone and portability semantics and SHALL be tested under contention and the accepted failure condition.",CT-039; CT-052; CT-060,Apply the referenced procedure to the actual enforcement location and this focus; include effective negative/failure observations where the original criterion requires them.,SOURCE_AND_LOCAL_FIXTURE_ONLY_OR_NOT_IMPLEMENTED; NOT_NATIVE_QUALIFIED,,"Boot/data volume references and DNS retirement do not implement complete copy inventory, cross-owner export authorization, retention/hold policy, sanitization, receipt or safe shared-resource deletion.",TO_BE_DECIDED_FOR_ACTUAL_SERVICE; NOT_AUTO_NA,PROPOSED_ENGINEERING_ALLOCATION_NOT_CONTROL_SATISFACTION
STO-003/A01,STO-003,"Storage release and reuse SHALL reconcile all known copies and legal/administrative holds, apply an approved sanitization method and retain a receipt describing scope, method, verification and exceptions.","Storage release and reuse SHALL reconcile all known copies and legal/administrative holds, apply an approved sanitization method and retain a receipt describing scope, method, verification and exceptions.",Exact source span under the complete requirement; not a replacement normative statement,RA §12,Storage operations,"Storage/controller authorization, snapshot/clone/export lineage, retained copies, keys and media sanitization services",PARTIAL_RESOURCE_CREATION_EXTERNAL_LIFECYCLE,terraform/modules/nutanix-workload/main.tf.json; terraform/modules/openstack-workload/main.tf.json; docs/DNS_LIFECYCLE.md,"Site engineering must name the actual native object/role/service and its accepted settings for: Storage release and reuse SHALL reconcile all known copies and legal/administrative holds, apply an approved sanitization method and retain a receipt describing scope, method, verification and exceptions.",CT-053; CT-059; CT-078,Apply the referenced procedure to the actual enforcement location and this focus; include effective negative/failure observations where the original criterion requires them.,SOURCE_AND_LOCAL_FIXTURE_ONLY_OR_NOT_IMPLEMENTED; NOT_NATIVE_QUALIFIED,,"Boot/data volume references and DNS retirement do not implement complete copy inventory, cross-owner export authorization, retention/hold policy, sanitization, receipt or safe shared-resource deletion.",TO_BE_DECIDED_FOR_ACTUAL_SERVICE; NOT_AUTO_NA,PROPOSED_ENGINEERING_ALLOCATION_NOT_CONTROL_SATISFACTION
IAM-001/A01,IAM-001,"Human, workload and automation identities SHALL have separately scoped authorization, credential lifecycle and accountability; no tenant identity SHALL acquire provider foundation authority through role or group inheritance.",Human,Exact source span under the complete requirement; not a replacement normative statement,RA §13,Identity operations,"Enterprise IAM/PKI/KMS, consuming endpoint policy, session caches and independently controlled recovery custody",EXTERNAL_SECURITY_SERVICE_REQUIRED,lab/mtls_fixture.py; docs/SERVICE_IDENTITY.md; tools/nsx_observe.py,Site engineering must name the actual native object/role/service and its accepted settings for: Human,CT-019; CT-027; CT-028,Apply the referenced procedure to the actual enforcement location and this focus; include effective negative/failure observations where the original criterion requires them.,SOURCE_AND_LOCAL_FIXTURE_ONLY_OR_NOT_IMPLEMENTED; NOT_NATIVE_QUALIFIED,,"Temporary mTLS fixtures and verified client HTTPS are not enterprise authentication/authorization, revocation, FIPS/module approval, at-rest encryption, key custody, algorithm transition or native KMS outage qualification.",TO_BE_DECIDED_FOR_ACTUAL_SERVICE; NOT_AUTO_NA,PROPOSED_ENGINEERING_ALLOCATION_NOT_CONTROL_SATISFACTION
IAM-001/A02,IAM-001,"Human, workload and automation identities SHALL have separately scoped authorization, credential lifecycle and accountability; no tenant identity SHALL acquire provider foundation authority through role or group inheritance.",workload,Exact source span under the complete requirement; not a replacement normative statement,RA §13,Identity operations,"Enterprise IAM/PKI/KMS, consuming endpoint policy, session caches and independently controlled recovery custody",EXTERNAL_SECURITY_SERVICE_REQUIRED,lab/mtls_fixture.py; docs/SERVICE_IDENTITY.md; tools/nsx_observe.py,Site engineering must name the actual native object/role/service and its accepted settings for: workload,CT-019; CT-027; CT-028,Apply the referenced procedure to the actual enforcement location and this focus; include effective negative/failure observations where the original criterion requires them.,SOURCE_AND_LOCAL_FIXTURE_ONLY_OR_NOT_IMPLEMENTED; NOT_NATIVE_QUALIFIED,,"Temporary mTLS fixtures and verified client HTTPS are not enterprise authentication/authorization, revocation, FIPS/module approval, at-rest encryption, key custody, algorithm transition or native KMS outage qualification.",TO_BE_DECIDED_FOR_ACTUAL_SERVICE; NOT_AUTO_NA,PROPOSED_ENGINEERING_ALLOCATION_NOT_CONTROL_SATISFACTION
IAM-001/A03,IAM-001,"Human, workload and automation identities SHALL have separately scoped authorization, credential lifecycle and accountability; no tenant identity SHALL acquire provider foundation authority through role or group inheritance.",automation identities,Exact source span under the complete requirement; not a replacement normative statement,RA §13,Identity operations,"Enterprise IAM/PKI/KMS, consuming endpoint policy, session caches and independently controlled recovery custody",EXTERNAL_SECURITY_SERVICE_REQUIRED,lab/mtls_fixture.py; docs/SERVICE_IDENTITY.md; tools/nsx_observe.py,Site engineering must name the actual native object/role/service and its accepted settings for: automation identities,CT-019; CT-027; CT-028,Apply the referenced procedure to the actual enforcement location and this focus; include effective negative/failure observations where the original criterion requires them.,SOURCE_AND_LOCAL_FIXTURE_ONLY_OR_NOT_IMPLEMENTED; NOT_NATIVE_QUALIFIED,,"Temporary mTLS fixtures and verified client HTTPS are not enterprise authentication/authorization, revocation, FIPS/module approval, at-rest encryption, key custody, algorithm transition or native KMS outage qualification.",TO_BE_DECIDED_FOR_ACTUAL_SERVICE; NOT_AUTO_NA,PROPOSED_ENGINEERING_ALLOCATION_NOT_CONTROL_SATISFACTION
IAM-001/A04,IAM-001,"Human, workload and automation identities SHALL have separately scoped authorization, credential lifecycle and accountability; no tenant identity SHALL acquire provider foundation authority through role or group inheritance.",role or group inheritance,Exact source span under the complete requirement; not a replacement normative statement,RA §13,Identity operations,"Enterprise IAM/PKI/KMS, consuming endpoint policy, session caches and independently controlled recovery custody",EXTERNAL_SECURITY_SERVICE_REQUIRED,lab/mtls_fixture.py; docs/SERVICE_IDENTITY.md; tools/nsx_observe.py,Site engineering must name the actual native object/role/service and its accepted settings for: role or group inheritance,CT-019; CT-027; CT-028,Apply the referenced procedure to the actual enforcement location and this focus; include effective negative/failure observations where the original criterion requires them.,SOURCE_AND_LOCAL_FIXTURE_ONLY_OR_NOT_IMPLEMENTED; NOT_NATIVE_QUALIFIED,,"Temporary mTLS fixtures and verified client HTTPS are not enterprise authentication/authorization, revocation, FIPS/module approval, at-rest encryption, key custody, algorithm transition or native KMS outage qualification.",TO_BE_DECIDED_FOR_ACTUAL_SERVICE; NOT_AUTO_NA,PROPOSED_ENGINEERING_ALLOCATION_NOT_CONTROL_SATISFACTION
IAM-002/A01,IAM-002,"Privileged access SHALL use the approved hardened path, strong authentication, least privilege and time-bound delegation; emergency and supplier access SHALL be logged, tested and revoked after use.","Privileged access SHALL use the approved hardened path, strong authentication, least privilege and time-bound delegation",Exact source span under the complete requirement; not a replacement normative statement,RA §13,Identity operations,"Enterprise IAM/PKI/KMS, consuming endpoint policy, session caches and independently controlled recovery custody",EXTERNAL_SECURITY_SERVICE_REQUIRED,lab/mtls_fixture.py; docs/SERVICE_IDENTITY.md; tools/nsx_observe.py,"Site engineering must name the actual native object/role/service and its accepted settings for: Privileged access SHALL use the approved hardened path, strong authentication, least privilege and time-bound delegation",CT-026; CT-027; CT-079,Apply the referenced procedure to the actual enforcement location and this focus; include effective negative/failure observations where the original criterion requires them.,SOURCE_AND_LOCAL_FIXTURE_ONLY_OR_NOT_IMPLEMENTED; NOT_NATIVE_QUALIFIED,,"Temporary mTLS fixtures and verified client HTTPS are not enterprise authentication/authorization, revocation, FIPS/module approval, at-rest encryption, key custody, algorithm transition or native KMS outage qualification.",TO_BE_DECIDED_FOR_ACTUAL_SERVICE; NOT_AUTO_NA,PROPOSED_ENGINEERING_ALLOCATION_NOT_CONTROL_SATISFACTION
IAM-002/A02,IAM-002,"Privileged access SHALL use the approved hardened path, strong authentication, least privilege and time-bound delegation; emergency and supplier access SHALL be logged, tested and revoked after use.","emergency and supplier access SHALL be logged, tested and revoked after use.",Exact source span under the complete requirement; not a replacement normative statement,RA §13,Identity operations,"Enterprise IAM/PKI/KMS, consuming endpoint policy, session caches and independently controlled recovery custody",EXTERNAL_SECURITY_SERVICE_REQUIRED,lab/mtls_fixture.py; docs/SERVICE_IDENTITY.md; tools/nsx_observe.py,"Site engineering must name the actual native object/role/service and its accepted settings for: emergency and supplier access SHALL be logged, tested and revoked after use.",CT-026; CT-027; CT-079,Apply the referenced procedure to the actual enforcement location and this focus; include effective negative/failure observations where the original criterion requires them.,SOURCE_AND_LOCAL_FIXTURE_ONLY_OR_NOT_IMPLEMENTED; NOT_NATIVE_QUALIFIED,,"Temporary mTLS fixtures and verified client HTTPS are not enterprise authentication/authorization, revocation, FIPS/module approval, at-rest encryption, key custody, algorithm transition or native KMS outage qualification.",TO_BE_DECIDED_FOR_ACTUAL_SERVICE; NOT_AUTO_NA,PROPOSED_ENGINEERING_ALLOCATION_NOT_CONTROL_SATISFACTION
IAM-003/A01,IAM-003,"Credential and session revocation SHALL be verified at the consuming service within the approved propagation interval, including cached tokens and delegated grants.","Credential and session revocation SHALL be verified at the consuming service within the approved propagation interval, including cached tokens and delegated grants.",Exact source span under the complete requirement; not a replacement normative statement,RA §13,Identity operations,"Enterprise IAM/PKI/KMS, consuming endpoint policy, session caches and independently controlled recovery custody",EXTERNAL_SECURITY_SERVICE_REQUIRED,lab/mtls_fixture.py; docs/SERVICE_IDENTITY.md; tools/nsx_observe.py,"Site engineering must name the actual native object/role/service and its accepted settings for: Credential and session revocation SHALL be verified at the consuming service within the approved propagation interval, including cached tokens and delegated grants.",CT-028; CT-077; CT-079,Apply the referenced procedure to the actual enforcement location and this focus; include effective negative/failure observations where the original criterion requires them.,SOURCE_AND_LOCAL_FIXTURE_ONLY_OR_NOT_IMPLEMENTED; NOT_NATIVE_QUALIFIED,,"Temporary mTLS fixtures and verified client HTTPS are not enterprise authentication/authorization, revocation, FIPS/module approval, at-rest encryption, key custody, algorithm transition or native KMS outage qualification.",TO_BE_DECIDED_FOR_ACTUAL_SERVICE; NOT_AUTO_NA,PROPOSED_ENGINEERING_ALLOCATION_NOT_CONTROL_SATISFACTION
CRY-001/A01,CRY-001,"Protected data services SHALL enforce their versioned cryptographic profile at rest and in transit; the profile SHALL identify approved algorithms/modes, endpoint identity validation, module/operating-environment evidence and exceptions.",at rest,Exact source span under the complete requirement; not a replacement normative statement,RA §13,Security authority,"Enterprise IAM/PKI/KMS, consuming endpoint policy, session caches and independently controlled recovery custody",EXTERNAL_SECURITY_SERVICE_REQUIRED,lab/mtls_fixture.py; docs/SERVICE_IDENTITY.md; tools/nsx_observe.py,Site engineering must name the actual native object/role/service and its accepted settings for: at rest,CT-028; CT-038; CT-063,Apply the referenced procedure to the actual enforcement location and this focus; include effective negative/failure observations where the original criterion requires them.,SOURCE_AND_LOCAL_FIXTURE_ONLY_OR_NOT_IMPLEMENTED; NOT_NATIVE_QUALIFIED,,"Temporary mTLS fixtures and verified client HTTPS are not enterprise authentication/authorization, revocation, FIPS/module approval, at-rest encryption, key custody, algorithm transition or native KMS outage qualification.",TO_BE_DECIDED_FOR_ACTUAL_SERVICE; NOT_AUTO_NA,PROPOSED_ENGINEERING_ALLOCATION_NOT_CONTROL_SATISFACTION
CRY-001/A02,CRY-001,"Protected data services SHALL enforce their versioned cryptographic profile at rest and in transit; the profile SHALL identify approved algorithms/modes, endpoint identity validation, module/operating-environment evidence and exceptions.",in transit,Exact source span under the complete requirement; not a replacement normative statement,RA §13,Security authority,"Enterprise IAM/PKI/KMS, consuming endpoint policy, session caches and independently controlled recovery custody",EXTERNAL_SECURITY_SERVICE_REQUIRED,lab/mtls_fixture.py; docs/SERVICE_IDENTITY.md; tools/nsx_observe.py,Site engineering must name the actual native object/role/service and its accepted settings for: in transit,CT-028; CT-038; CT-063,Apply the referenced procedure to the actual enforcement location and this focus; include effective negative/failure observations where the original criterion requires them.,SOURCE_AND_LOCAL_FIXTURE_ONLY_OR_NOT_IMPLEMENTED; NOT_NATIVE_QUALIFIED,,"Temporary mTLS fixtures and verified client HTTPS are not enterprise authentication/authorization, revocation, FIPS/module approval, at-rest encryption, key custody, algorithm transition or native KMS outage qualification.",TO_BE_DECIDED_FOR_ACTUAL_SERVICE; NOT_AUTO_NA,PROPOSED_ENGINEERING_ALLOCATION_NOT_CONTROL_SATISFACTION
CRY-001/A03,CRY-001,"Protected data services SHALL enforce their versioned cryptographic profile at rest and in transit; the profile SHALL identify approved algorithms/modes, endpoint identity validation, module/operating-environment evidence and exceptions.",algorithms/modes,Exact source span under the complete requirement; not a replacement normative statement,RA §13,Security authority,"Enterprise IAM/PKI/KMS, consuming endpoint policy, session caches and independently controlled recovery custody",EXTERNAL_SECURITY_SERVICE_REQUIRED,lab/mtls_fixture.py; docs/SERVICE_IDENTITY.md; tools/nsx_observe.py,Site engineering must name the actual native object/role/service and its accepted settings for: algorithms/modes,CT-028; CT-038; CT-063,Apply the referenced procedure to the actual enforcement location and this focus; include effective negative/failure observations where the original criterion requires them.,SOURCE_AND_LOCAL_FIXTURE_ONLY_OR_NOT_IMPLEMENTED; NOT_NATIVE_QUALIFIED,,"Temporary mTLS fixtures and verified client HTTPS are not enterprise authentication/authorization, revocation, FIPS/module approval, at-rest encryption, key custody, algorithm transition or native KMS outage qualification.",TO_BE_DECIDED_FOR_ACTUAL_SERVICE; NOT_AUTO_NA,PROPOSED_ENGINEERING_ALLOCATION_NOT_CONTROL_SATISFACTION
CRY-001/A04,CRY-001,"Protected data services SHALL enforce their versioned cryptographic profile at rest and in transit; the profile SHALL identify approved algorithms/modes, endpoint identity validation, module/operating-environment evidence and exceptions.",endpoint identity validation,Exact source span under the complete requirement; not a replacement normative statement,RA §13,Security authority,"Enterprise IAM/PKI/KMS, consuming endpoint policy, session caches and independently controlled recovery custody",EXTERNAL_SECURITY_SERVICE_REQUIRED,lab/mtls_fixture.py; docs/SERVICE_IDENTITY.md; tools/nsx_observe.py,Site engineering must name the actual native object/role/service and its accepted settings for: endpoint identity validation,CT-028; CT-038; CT-063,Apply the referenced procedure to the actual enforcement location and this focus; include effective negative/failure observations where the original criterion requires them.,SOURCE_AND_LOCAL_FIXTURE_ONLY_OR_NOT_IMPLEMENTED; NOT_NATIVE_QUALIFIED,,"Temporary mTLS fixtures and verified client HTTPS are not enterprise authentication/authorization, revocation, FIPS/module approval, at-rest encryption, key custody, algorithm transition or native KMS outage qualification.",TO_BE_DECIDED_FOR_ACTUAL_SERVICE; NOT_AUTO_NA,PROPOSED_ENGINEERING_ALLOCATION_NOT_CONTROL_SATISFACTION
CRY-001/A05,CRY-001,"Protected data services SHALL enforce their versioned cryptographic profile at rest and in transit; the profile SHALL identify approved algorithms/modes, endpoint identity validation, module/operating-environment evidence and exceptions.",module/operating-environment evidence,Exact source span under the complete requirement; not a replacement normative statement,RA §13,Security authority,"Enterprise IAM/PKI/KMS, consuming endpoint policy, session caches and independently controlled recovery custody",EXTERNAL_SECURITY_SERVICE_REQUIRED,lab/mtls_fixture.py; docs/SERVICE_IDENTITY.md; tools/nsx_observe.py,Site engineering must name the actual native object/role/service and its accepted settings for: module/operating-environment evidence,CT-028; CT-038; CT-063,Apply the referenced procedure to the actual enforcement location and this focus; include effective negative/failure observations where the original criterion requires them.,SOURCE_AND_LOCAL_FIXTURE_ONLY_OR_NOT_IMPLEMENTED; NOT_NATIVE_QUALIFIED,,"Temporary mTLS fixtures and verified client HTTPS are not enterprise authentication/authorization, revocation, FIPS/module approval, at-rest encryption, key custody, algorithm transition or native KMS outage qualification.",TO_BE_DECIDED_FOR_ACTUAL_SERVICE; NOT_AUTO_NA,PROPOSED_ENGINEERING_ALLOCATION_NOT_CONTROL_SATISFACTION
CRY-001/A06,CRY-001,"Protected data services SHALL enforce their versioned cryptographic profile at rest and in transit; the profile SHALL identify approved algorithms/modes, endpoint identity validation, module/operating-environment evidence and exceptions.",exceptions,Exact source span under the complete requirement; not a replacement normative statement,RA §13,Security authority,"Enterprise IAM/PKI/KMS, consuming endpoint policy, session caches and independently controlled recovery custody",EXTERNAL_SECURITY_SERVICE_REQUIRED,lab/mtls_fixture.py; docs/SERVICE_IDENTITY.md; tools/nsx_observe.py,Site engineering must name the actual native object/role/service and its accepted settings for: exceptions,CT-028; CT-038; CT-063,Apply the referenced procedure to the actual enforcement location and this focus; include effective negative/failure observations where the original criterion requires them.,SOURCE_AND_LOCAL_FIXTURE_ONLY_OR_NOT_IMPLEMENTED; NOT_NATIVE_QUALIFIED,,"Temporary mTLS fixtures and verified client HTTPS are not enterprise authentication/authorization, revocation, FIPS/module approval, at-rest encryption, key custody, algorithm transition or native KMS outage qualification.",TO_BE_DECIDED_FOR_ACTUAL_SERVICE; NOT_AUTO_NA,PROPOSED_ENGINEERING_ALLOCATION_NOT_CONTROL_SATISFACTION
CRY-002/A01,CRY-002,"Key use, administration, recovery and destruction SHALL have explicit separated authority and dependency records; key destruction SHALL NOT invalidate required retained-data recovery without an approved disposition decision.",Key use,Exact source span under the complete requirement; not a replacement normative statement,RA §13,Key-management operations,"Enterprise IAM/PKI/KMS, consuming endpoint policy, session caches and independently controlled recovery custody",EXTERNAL_SECURITY_SERVICE_REQUIRED,lab/mtls_fixture.py; docs/SERVICE_IDENTITY.md; tools/nsx_observe.py,Site engineering must name the actual native object/role/service and its accepted settings for: Key use,CT-038; CT-053; CT-059,Apply the referenced procedure to the actual enforcement location and this focus; include effective negative/failure observations where the original criterion requires them.,SOURCE_AND_LOCAL_FIXTURE_ONLY_OR_NOT_IMPLEMENTED; NOT_NATIVE_QUALIFIED,,"Temporary mTLS fixtures and verified client HTTPS are not enterprise authentication/authorization, revocation, FIPS/module approval, at-rest encryption, key custody, algorithm transition or native KMS outage qualification.",TO_BE_DECIDED_FOR_ACTUAL_SERVICE; NOT_AUTO_NA,PROPOSED_ENGINEERING_ALLOCATION_NOT_CONTROL_SATISFACTION
CRY-002/A02,CRY-002,"Key use, administration, recovery and destruction SHALL have explicit separated authority and dependency records; key destruction SHALL NOT invalidate required retained-data recovery without an approved disposition decision.",administration,Exact source span under the complete requirement; not a replacement normative statement,RA §13,Key-management operations,"Enterprise IAM/PKI/KMS, consuming endpoint policy, session caches and independently controlled recovery custody",EXTERNAL_SECURITY_SERVICE_REQUIRED,lab/mtls_fixture.py; docs/SERVICE_IDENTITY.md; tools/nsx_observe.py,Site engineering must name the actual native object/role/service and its accepted settings for: administration,CT-038; CT-053; CT-059,Apply the referenced procedure to the actual enforcement location and this focus; include effective negative/failure observations where the original criterion requires them.,SOURCE_AND_LOCAL_FIXTURE_ONLY_OR_NOT_IMPLEMENTED; NOT_NATIVE_QUALIFIED,,"Temporary mTLS fixtures and verified client HTTPS are not enterprise authentication/authorization, revocation, FIPS/module approval, at-rest encryption, key custody, algorithm transition or native KMS outage qualification.",TO_BE_DECIDED_FOR_ACTUAL_SERVICE; NOT_AUTO_NA,PROPOSED_ENGINEERING_ALLOCATION_NOT_CONTROL_SATISFACTION
CRY-002/A03,CRY-002,"Key use, administration, recovery and destruction SHALL have explicit separated authority and dependency records; key destruction SHALL NOT invalidate required retained-data recovery without an approved disposition decision.",recovery,Exact source span under the complete requirement; not a replacement normative statement,RA §13,Key-management operations,"Enterprise IAM/PKI/KMS, consuming endpoint policy, session caches and independently controlled recovery custody",EXTERNAL_SECURITY_SERVICE_REQUIRED,lab/mtls_fixture.py; docs/SERVICE_IDENTITY.md; tools/nsx_observe.py,Site engineering must name the actual native object/role/service and its accepted settings for: recovery,CT-038; CT-053; CT-059,Apply the referenced procedure to the actual enforcement location and this focus; include effective negative/failure observations where the original criterion requires them.,SOURCE_AND_LOCAL_FIXTURE_ONLY_OR_NOT_IMPLEMENTED; NOT_NATIVE_QUALIFIED,,"Temporary mTLS fixtures and verified client HTTPS are not enterprise authentication/authorization, revocation, FIPS/module approval, at-rest encryption, key custody, algorithm transition or native KMS outage qualification.",TO_BE_DECIDED_FOR_ACTUAL_SERVICE; NOT_AUTO_NA,PROPOSED_ENGINEERING_ALLOCATION_NOT_CONTROL_SATISFACTION
CRY-002/A04,CRY-002,"Key use, administration, recovery and destruction SHALL have explicit separated authority and dependency records; key destruction SHALL NOT invalidate required retained-data recovery without an approved disposition decision.",destruction,Exact source span under the complete requirement; not a replacement normative statement,RA §13,Key-management operations,"Enterprise IAM/PKI/KMS, consuming endpoint policy, session caches and independently controlled recovery custody",EXTERNAL_SECURITY_SERVICE_REQUIRED,lab/mtls_fixture.py; docs/SERVICE_IDENTITY.md; tools/nsx_observe.py,Site engineering must name the actual native object/role/service and its accepted settings for: destruction,CT-038; CT-053; CT-059,Apply the referenced procedure to the actual enforcement location and this focus; include effective negative/failure observations where the original criterion requires them.,SOURCE_AND_LOCAL_FIXTURE_ONLY_OR_NOT_IMPLEMENTED; NOT_NATIVE_QUALIFIED,,"Temporary mTLS fixtures and verified client HTTPS are not enterprise authentication/authorization, revocation, FIPS/module approval, at-rest encryption, key custody, algorithm transition or native KMS outage qualification.",TO_BE_DECIDED_FOR_ACTUAL_SERVICE; NOT_AUTO_NA,PROPOSED_ENGINEERING_ALLOCATION_NOT_CONTROL_SATISFACTION
CRY-002/A05,CRY-002,"Key use, administration, recovery and destruction SHALL have explicit separated authority and dependency records; key destruction SHALL NOT invalidate required retained-data recovery without an approved disposition decision.",retained-data recovery,Exact source span under the complete requirement; not a replacement normative statement,RA §13,Key-management operations,"Enterprise IAM/PKI/KMS, consuming endpoint policy, session caches and independently controlled recovery custody",EXTERNAL_SECURITY_SERVICE_REQUIRED,lab/mtls_fixture.py; docs/SERVICE_IDENTITY.md; tools/nsx_observe.py,Site engineering must name the actual native object/role/service and its accepted settings for: retained-data recovery,CT-038; CT-053; CT-059,Apply the referenced procedure to the actual enforcement location and this focus; include effective negative/failure observations where the original criterion requires them.,SOURCE_AND_LOCAL_FIXTURE_ONLY_OR_NOT_IMPLEMENTED; NOT_NATIVE_QUALIFIED,,"Temporary mTLS fixtures and verified client HTTPS are not enterprise authentication/authorization, revocation, FIPS/module approval, at-rest encryption, key custody, algorithm transition or native KMS outage qualification.",TO_BE_DECIDED_FOR_ACTUAL_SERVICE; NOT_AUTO_NA,PROPOSED_ENGINEERING_ALLOCATION_NOT_CONTROL_SATISFACTION
CRY-003/A01,CRY-003,"KMS/trust-service outage behavior SHALL be tested and SHALL NOT enable plaintext fallback; cryptographic inventory, certificate rotation and algorithm-transition plans SHALL be maintained.",KMS/trust-service outage behavior SHALL be tested and SHALL NOT enable plaintext fallback,Exact source span under the complete requirement; not a replacement normative statement,RA §13,Key-management operations,"Enterprise IAM/PKI/KMS, consuming endpoint policy, session caches and independently controlled recovery custody",EXTERNAL_SECURITY_SERVICE_REQUIRED,lab/mtls_fixture.py; docs/SERVICE_IDENTITY.md; tools/nsx_observe.py,Site engineering must name the actual native object/role/service and its accepted settings for: KMS/trust-service outage behavior SHALL be tested and SHALL NOT enable plaintext fallback,CT-028; CT-038; CT-055,Apply the referenced procedure to the actual enforcement location and this focus; include effective negative/failure observations where the original criterion requires them.,SOURCE_AND_LOCAL_FIXTURE_ONLY_OR_NOT_IMPLEMENTED; NOT_NATIVE_QUALIFIED,,"Temporary mTLS fixtures and verified client HTTPS are not enterprise authentication/authorization, revocation, FIPS/module approval, at-rest encryption, key custody, algorithm transition or native KMS outage qualification.",TO_BE_DECIDED_FOR_ACTUAL_SERVICE; NOT_AUTO_NA,PROPOSED_ENGINEERING_ALLOCATION_NOT_CONTROL_SATISFACTION
CRY-003/A02,CRY-003,"KMS/trust-service outage behavior SHALL be tested and SHALL NOT enable plaintext fallback; cryptographic inventory, certificate rotation and algorithm-transition plans SHALL be maintained.","cryptographic inventory, certificate rotation and algorithm-transition plans SHALL be maintained.",Exact source span under the complete requirement; not a replacement normative statement,RA §13,Key-management operations,"Enterprise IAM/PKI/KMS, consuming endpoint policy, session caches and independently controlled recovery custody",EXTERNAL_SECURITY_SERVICE_REQUIRED,lab/mtls_fixture.py; docs/SERVICE_IDENTITY.md; tools/nsx_observe.py,"Site engineering must name the actual native object/role/service and its accepted settings for: cryptographic inventory, certificate rotation and algorithm-transition plans SHALL be maintained.",CT-028; CT-038; CT-055,Apply the referenced procedure to the actual enforcement location and this focus; include effective negative/failure observations where the original criterion requires them.,SOURCE_AND_LOCAL_FIXTURE_ONLY_OR_NOT_IMPLEMENTED; NOT_NATIVE_QUALIFIED,,"Temporary mTLS fixtures and verified client HTTPS are not enterprise authentication/authorization, revocation, FIPS/module approval, at-rest encryption, key custody, algorithm transition or native KMS outage qualification.",TO_BE_DECIDED_FOR_ACTUAL_SERVICE; NOT_AUTO_NA,PROPOSED_ENGINEERING_ALLOCATION_NOT_CONTROL_SATISFACTION
IMG-001/A01,IMG-001,"Only approved versioned images and baselines SHALL be deployed; each SHALL include provenance, digest, support status, hardening and vulnerability disposition with a retirement/rebuild policy.",Only approved versioned images and baselines SHALL be deployed,Exact source span under the complete requirement; not a replacement normative statement,RA §11,Platform engineering,"Approved image registry, artifact signature/digest policy and native guest/platform hardening configuration",EXTERNAL_IMAGE_AND_BASELINE_SERVICE_REQUIRED,terraform/modules/nutanix-workload/main.tf.json; terraform/modules/vsphere-workload/main.tf.json; terraform/modules/openstack-workload/main.tf.json,Site engineering must name the actual native object/role/service and its accepted settings for: Only approved versioned images and baselines SHALL be deployed,CT-036; CT-040; CT-041,Apply the referenced procedure to the actual enforcement location and this focus; include effective negative/failure observations where the original criterion requires them.,SOURCE_AND_LOCAL_FIXTURE_ONLY_OR_NOT_IMPLEMENTED; NOT_NATIVE_QUALIFIED,,"Modules consume image/template references; a governed image catalogue, provenance/revocation/hardening agents, vulnerability disposition and runtime guest compliance are not implemented.",TO_BE_DECIDED_FOR_ACTUAL_SERVICE; NOT_AUTO_NA,PROPOSED_ENGINEERING_ALLOCATION_NOT_CONTROL_SATISFACTION
IMG-001/A02,IMG-001,"Only approved versioned images and baselines SHALL be deployed; each SHALL include provenance, digest, support status, hardening and vulnerability disposition with a retirement/rebuild policy.","each SHALL include provenance, digest, support status, hardening and vulnerability disposition with a retirement/rebuild policy.",Exact source span under the complete requirement; not a replacement normative statement,RA §11,Platform engineering,"Approved image registry, artifact signature/digest policy and native guest/platform hardening configuration",EXTERNAL_IMAGE_AND_BASELINE_SERVICE_REQUIRED,terraform/modules/nutanix-workload/main.tf.json; terraform/modules/vsphere-workload/main.tf.json; terraform/modules/openstack-workload/main.tf.json,"Site engineering must name the actual native object/role/service and its accepted settings for: each SHALL include provenance, digest, support status, hardening and vulnerability disposition with a retirement/rebuild policy.",CT-036; CT-040; CT-041,Apply the referenced procedure to the actual enforcement location and this focus; include effective negative/failure observations where the original criterion requires them.,SOURCE_AND_LOCAL_FIXTURE_ONLY_OR_NOT_IMPLEMENTED; NOT_NATIVE_QUALIFIED,,"Modules consume image/template references; a governed image catalogue, provenance/revocation/hardening agents, vulnerability disposition and runtime guest compliance are not implemented.",TO_BE_DECIDED_FOR_ACTUAL_SERVICE; NOT_AUTO_NA,PROPOSED_ENGINEERING_ALLOCATION_NOT_CONTROL_SATISFACTION
IMG-002/A01,IMG-002,Runtime configuration SHALL be verified against the required baseline after provisioning and material change; unsupported protection agents or disabled mandatory controls SHALL not be silently accepted.,Runtime configuration SHALL be verified against the required baseline after provisioning and material change,Exact source span under the complete requirement; not a replacement normative statement,RA §11,Platform engineering,"Approved image registry, artifact signature/digest policy and native guest/platform hardening configuration",EXTERNAL_IMAGE_AND_BASELINE_SERVICE_REQUIRED,terraform/modules/nutanix-workload/main.tf.json; terraform/modules/vsphere-workload/main.tf.json; terraform/modules/openstack-workload/main.tf.json,Site engineering must name the actual native object/role/service and its accepted settings for: Runtime configuration SHALL be verified against the required baseline after provisioning and material change,CT-014; CT-036; CT-040,Apply the referenced procedure to the actual enforcement location and this focus; include effective negative/failure observations where the original criterion requires them.,SOURCE_AND_LOCAL_FIXTURE_ONLY_OR_NOT_IMPLEMENTED; NOT_NATIVE_QUALIFIED,,"Modules consume image/template references; a governed image catalogue, provenance/revocation/hardening agents, vulnerability disposition and runtime guest compliance are not implemented.",TO_BE_DECIDED_FOR_ACTUAL_SERVICE; NOT_AUTO_NA,PROPOSED_ENGINEERING_ALLOCATION_NOT_CONTROL_SATISFACTION
IMG-002/A02,IMG-002,Runtime configuration SHALL be verified against the required baseline after provisioning and material change; unsupported protection agents or disabled mandatory controls SHALL not be silently accepted.,unsupported protection agents or disabled mandatory controls SHALL not be silently accepted.,Exact source span under the complete requirement; not a replacement normative statement,RA §11,Platform engineering,"Approved image registry, artifact signature/digest policy and native guest/platform hardening configuration",EXTERNAL_IMAGE_AND_BASELINE_SERVICE_REQUIRED,terraform/modules/nutanix-workload/main.tf.json; terraform/modules/vsphere-workload/main.tf.json; terraform/modules/openstack-workload/main.tf.json,Site engineering must name the actual native object/role/service and its accepted settings for: unsupported protection agents or disabled mandatory controls SHALL not be silently accepted.,CT-014; CT-036; CT-040,Apply the referenced procedure to the actual enforcement location and this focus; include effective negative/failure observations where the original criterion requires them.,SOURCE_AND_LOCAL_FIXTURE_ONLY_OR_NOT_IMPLEMENTED; NOT_NATIVE_QUALIFIED,,"Modules consume image/template references; a governed image catalogue, provenance/revocation/hardening agents, vulnerability disposition and runtime guest compliance are not implemented.",TO_BE_DECIDED_FOR_ACTUAL_SERVICE; NOT_AUTO_NA,PROPOSED_ENGINEERING_ALLOCATION_NOT_CONTROL_SATISFACTION
BKP-001/A01,BKP-001,Backup consumers SHALL NOT receive connectivity to backup management interfaces merely because they consume backup service.,Backup consumers SHALL NOT receive connectivity to backup management interfaces merely because they consume backup service.,Exact source span under the complete requirement; not a replacement normative statement,RA §12; RA §27,Backup operations,"Backup management and data endpoints, protected-copy authority, catalogues/keys and isolated restore target",EXTERNAL_PROTECTION_SERVICE_REQUIRED,docs/operations/README.md; sources/implementation_backlog.csv,Site engineering must name the actual native object/role/service and its accepted settings for: Backup consumers SHALL NOT receive connectivity to backup management interfaces merely because they consume backup service.,CT-004; CT-051,Apply the referenced procedure to the actual enforcement location and this focus; include effective negative/failure observations where the original criterion requires them.,SOURCE_AND_LOCAL_FIXTURE_ONLY_OR_NOT_IMPLEMENTED; NOT_NATIVE_QUALIFIED,,"No complete native backup/KMS/catalogue integration, independent deletion control, measured application-consistent restore or retention-aware release is supplied.",TO_BE_DECIDED_FOR_ACTUAL_SERVICE; NOT_AUTO_NA,PROPOSED_ENGINEERING_ALLOCATION_NOT_CONTROL_SATISFACTION
BKP-002/A01,BKP-002,"Restore workflows SHALL enforce the same tenant, security-zone, identity, and evidence controls as backup ingestion.","Restore workflows SHALL enforce the same tenant, security-zone, identity, and evidence controls as backup ingestion.",Exact source span under the complete requirement; not a replacement normative statement,RA §12; RA §27,Backup operations,"Backup management and data endpoints, protected-copy authority, catalogues/keys and isolated restore target",EXTERNAL_PROTECTION_SERVICE_REQUIRED,docs/operations/README.md; sources/implementation_backlog.csv,"Site engineering must name the actual native object/role/service and its accepted settings for: Restore workflows SHALL enforce the same tenant, security-zone, identity, and evidence controls as backup ingestion.",CT-052; CT-054,Apply the referenced procedure to the actual enforcement location and this focus; include effective negative/failure observations where the original criterion requires them.,SOURCE_AND_LOCAL_FIXTURE_ONLY_OR_NOT_IMPLEMENTED; NOT_NATIVE_QUALIFIED,,"No complete native backup/KMS/catalogue integration, independent deletion control, measured application-consistent restore or retention-aware release is supplied.",TO_BE_DECIDED_FOR_ACTUAL_SERVICE; NOT_AUTO_NA,PROPOSED_ENGINEERING_ALLOCATION_NOT_CONTROL_SATISFACTION
BKP-003/A01,BKP-003,"Every protected production WSD SHALL have a BackupPolicy with consistency, retention, location, key and protected-copy requirements; successful isolated restore SHALL be demonstrated at the policy cadence.",consistency,Exact source span under the complete requirement; not a replacement normative statement,RA §12; RA §27,Backup operations,"Backup management and data endpoints, protected-copy authority, catalogues/keys and isolated restore target",EXTERNAL_PROTECTION_SERVICE_REQUIRED,docs/operations/README.md; sources/implementation_backlog.csv,Site engineering must name the actual native object/role/service and its accepted settings for: consistency,CT-051; CT-052; CT-053,Apply the referenced procedure to the actual enforcement location and this focus; include effective negative/failure observations where the original criterion requires them.,SOURCE_AND_LOCAL_FIXTURE_ONLY_OR_NOT_IMPLEMENTED; NOT_NATIVE_QUALIFIED,,"No complete native backup/KMS/catalogue integration, independent deletion control, measured application-consistent restore or retention-aware release is supplied.",TO_BE_DECIDED_FOR_ACTUAL_SERVICE; NOT_AUTO_NA,PROPOSED_ENGINEERING_ALLOCATION_NOT_CONTROL_SATISFACTION
BKP-003/A02,BKP-003,"Every protected production WSD SHALL have a BackupPolicy with consistency, retention, location, key and protected-copy requirements; successful isolated restore SHALL be demonstrated at the policy cadence.",retention,Exact source span under the complete requirement; not a replacement normative statement,RA §12; RA §27,Backup operations,"Backup management and data endpoints, protected-copy authority, catalogues/keys and isolated restore target",EXTERNAL_PROTECTION_SERVICE_REQUIRED,docs/operations/README.md; sources/implementation_backlog.csv,Site engineering must name the actual native object/role/service and its accepted settings for: retention,CT-051; CT-052; CT-053,Apply the referenced procedure to the actual enforcement location and this focus; include effective negative/failure observations where the original criterion requires them.,SOURCE_AND_LOCAL_FIXTURE_ONLY_OR_NOT_IMPLEMENTED; NOT_NATIVE_QUALIFIED,,"No complete native backup/KMS/catalogue integration, independent deletion control, measured application-consistent restore or retention-aware release is supplied.",TO_BE_DECIDED_FOR_ACTUAL_SERVICE; NOT_AUTO_NA,PROPOSED_ENGINEERING_ALLOCATION_NOT_CONTROL_SATISFACTION
BKP-003/A03,BKP-003,"Every protected production WSD SHALL have a BackupPolicy with consistency, retention, location, key and protected-copy requirements; successful isolated restore SHALL be demonstrated at the policy cadence.",location,Exact source span under the complete requirement; not a replacement normative statement,RA §12; RA §27,Backup operations,"Backup management and data endpoints, protected-copy authority, catalogues/keys and isolated restore target",EXTERNAL_PROTECTION_SERVICE_REQUIRED,docs/operations/README.md; sources/implementation_backlog.csv,Site engineering must name the actual native object/role/service and its accepted settings for: location,CT-051; CT-052; CT-053,Apply the referenced procedure to the actual enforcement location and this focus; include effective negative/failure observations where the original criterion requires them.,SOURCE_AND_LOCAL_FIXTURE_ONLY_OR_NOT_IMPLEMENTED; NOT_NATIVE_QUALIFIED,,"No complete native backup/KMS/catalogue integration, independent deletion control, measured application-consistent restore or retention-aware release is supplied.",TO_BE_DECIDED_FOR_ACTUAL_SERVICE; NOT_AUTO_NA,PROPOSED_ENGINEERING_ALLOCATION_NOT_CONTROL_SATISFACTION
BKP-003/A04,BKP-003,"Every protected production WSD SHALL have a BackupPolicy with consistency, retention, location, key and protected-copy requirements; successful isolated restore SHALL be demonstrated at the policy cadence.",key,Exact source span under the complete requirement; not a replacement normative statement,RA §12; RA §27,Backup operations,"Backup management and data endpoints, protected-copy authority, catalogues/keys and isolated restore target",EXTERNAL_PROTECTION_SERVICE_REQUIRED,docs/operations/README.md; sources/implementation_backlog.csv,Site engineering must name the actual native object/role/service and its accepted settings for: key,CT-051; CT-052; CT-053,Apply the referenced procedure to the actual enforcement location and this focus; include effective negative/failure observations where the original criterion requires them.,SOURCE_AND_LOCAL_FIXTURE_ONLY_OR_NOT_IMPLEMENTED; NOT_NATIVE_QUALIFIED,,"No complete native backup/KMS/catalogue integration, independent deletion control, measured application-consistent restore or retention-aware release is supplied.",TO_BE_DECIDED_FOR_ACTUAL_SERVICE; NOT_AUTO_NA,PROPOSED_ENGINEERING_ALLOCATION_NOT_CONTROL_SATISFACTION
BKP-003/A05,BKP-003,"Every protected production WSD SHALL have a BackupPolicy with consistency, retention, location, key and protected-copy requirements; successful isolated restore SHALL be demonstrated at the policy cadence.",protected-copy requirements,Exact source span under the complete requirement; not a replacement normative statement,RA §12; RA §27,Backup operations,"Backup management and data endpoints, protected-copy authority, catalogues/keys and isolated restore target",EXTERNAL_PROTECTION_SERVICE_REQUIRED,docs/operations/README.md; sources/implementation_backlog.csv,Site engineering must name the actual native object/role/service and its accepted settings for: protected-copy requirements,CT-051; CT-052; CT-053,Apply the referenced procedure to the actual enforcement location and this focus; include effective negative/failure observations where the original criterion requires them.,SOURCE_AND_LOCAL_FIXTURE_ONLY_OR_NOT_IMPLEMENTED; NOT_NATIVE_QUALIFIED,,"No complete native backup/KMS/catalogue integration, independent deletion control, measured application-consistent restore or retention-aware release is supplied.",TO_BE_DECIDED_FOR_ACTUAL_SERVICE; NOT_AUTO_NA,PROPOSED_ENGINEERING_ALLOCATION_NOT_CONTROL_SATISFACTION
BKP-003/A06,BKP-003,"Every protected production WSD SHALL have a BackupPolicy with consistency, retention, location, key and protected-copy requirements; successful isolated restore SHALL be demonstrated at the policy cadence.",successful isolated restore,Exact source span under the complete requirement; not a replacement normative statement,RA §12; RA §27,Backup operations,"Backup management and data endpoints, protected-copy authority, catalogues/keys and isolated restore target",EXTERNAL_PROTECTION_SERVICE_REQUIRED,docs/operations/README.md; sources/implementation_backlog.csv,Site engineering must name the actual native object/role/service and its accepted settings for: successful isolated restore,CT-051; CT-052; CT-053,Apply the referenced procedure to the actual enforcement location and this focus; include effective negative/failure observations where the original criterion requires them.,SOURCE_AND_LOCAL_FIXTURE_ONLY_OR_NOT_IMPLEMENTED; NOT_NATIVE_QUALIFIED,,"No complete native backup/KMS/catalogue integration, independent deletion control, measured application-consistent restore or retention-aware release is supplied.",TO_BE_DECIDED_FOR_ACTUAL_SERVICE; NOT_AUTO_NA,PROPOSED_ENGINEERING_ALLOCATION_NOT_CONTROL_SATISFACTION
BKP-004/A01,BKP-004,Production credentials SHALL NOT be able to destroy or reduce the protection of recovery copies designated independent/immutable; retained copies SHALL keep the keys and catalogue required for authorized recovery.,Production credentials,Exact source span under the complete requirement; not a replacement normative statement,RA §12; RA §27,Backup operations,"Backup management and data endpoints, protected-copy authority, catalogues/keys and isolated restore target",EXTERNAL_PROTECTION_SERVICE_REQUIRED,docs/operations/README.md; sources/implementation_backlog.csv,Site engineering must name the actual native object/role/service and its accepted settings for: Production credentials,CT-038; CT-051; CT-053,Apply the referenced procedure to the actual enforcement location and this focus; include effective negative/failure observations where the original criterion requires them.,SOURCE_AND_LOCAL_FIXTURE_ONLY_OR_NOT_IMPLEMENTED; NOT_NATIVE_QUALIFIED,,"No complete native backup/KMS/catalogue integration, independent deletion control, measured application-consistent restore or retention-aware release is supplied.",TO_BE_DECIDED_FOR_ACTUAL_SERVICE; NOT_AUTO_NA,PROPOSED_ENGINEERING_ALLOCATION_NOT_CONTROL_SATISFACTION
BKP-004/A02,BKP-004,Production credentials SHALL NOT be able to destroy or reduce the protection of recovery copies designated independent/immutable; retained copies SHALL keep the keys and catalogue required for authorized recovery.,independent/immutable,Exact source span under the complete requirement; not a replacement normative statement,RA §12; RA §27,Backup operations,"Backup management and data endpoints, protected-copy authority, catalogues/keys and isolated restore target",EXTERNAL_PROTECTION_SERVICE_REQUIRED,docs/operations/README.md; sources/implementation_backlog.csv,Site engineering must name the actual native object/role/service and its accepted settings for: independent/immutable,CT-038; CT-051; CT-053,Apply the referenced procedure to the actual enforcement location and this focus; include effective negative/failure observations where the original criterion requires them.,SOURCE_AND_LOCAL_FIXTURE_ONLY_OR_NOT_IMPLEMENTED; NOT_NATIVE_QUALIFIED,,"No complete native backup/KMS/catalogue integration, independent deletion control, measured application-consistent restore or retention-aware release is supplied.",TO_BE_DECIDED_FOR_ACTUAL_SERVICE; NOT_AUTO_NA,PROPOSED_ENGINEERING_ALLOCATION_NOT_CONTROL_SATISFACTION
BKP-004/A03,BKP-004,Production credentials SHALL NOT be able to destroy or reduce the protection of recovery copies designated independent/immutable; retained copies SHALL keep the keys and catalogue required for authorized recovery.,keys and catalogue,Exact source span under the complete requirement; not a replacement normative statement,RA §12; RA §27,Backup operations,"Backup management and data endpoints, protected-copy authority, catalogues/keys and isolated restore target",EXTERNAL_PROTECTION_SERVICE_REQUIRED,docs/operations/README.md; sources/implementation_backlog.csv,Site engineering must name the actual native object/role/service and its accepted settings for: keys and catalogue,CT-038; CT-051; CT-053,Apply the referenced procedure to the actual enforcement location and this focus; include effective negative/failure observations where the original criterion requires them.,SOURCE_AND_LOCAL_FIXTURE_ONLY_OR_NOT_IMPLEMENTED; NOT_NATIVE_QUALIFIED,,"No complete native backup/KMS/catalogue integration, independent deletion control, measured application-consistent restore or retention-aware release is supplied.",TO_BE_DECIDED_FOR_ACTUAL_SERVICE; NOT_AUTO_NA,PROPOSED_ENGINEERING_ALLOCATION_NOT_CONTROL_SATISFACTION
REL-001/A01,REL-001,"Availability and recovery profiles SHALL define measurement scope, SLO, failure tolerance, maintenance treatment, RTO/RPO, consistency, dependencies and test cadence; impact categorization SHALL NOT substitute for these values.",measurement scope,Exact source span under the complete requirement; not a replacement normative statement,RA §14; RA §26,Service owner,"Service catalogue, measured surviving resource pools, security-edge and dependency failure/maintenance behaviour",EXTERNAL_CAPACITY_AND_QUALIFICATION_REQUIRED,docs/engineering/TAD.md; lab/run_namespace_lab.py,Site engineering must name the actual native object/role/service and its accepted settings for: measurement scope,CT-012; CT-052; CT-054; CT-062,Apply the referenced procedure to the actual enforcement location and this focus; include effective negative/failure observations where the original criterion requires them.,SOURCE_AND_LOCAL_FIXTURE_ONLY_OR_NOT_IMPLEMENTED; NOT_NATIVE_QUALIFIED,,"Illustrative capacity schedules and local link-failure fixtures do not establish measured production SLO/RTO/RPO, qualified limits, complete reservations or procured-to-available inventory.",TO_BE_DECIDED_FOR_ACTUAL_SERVICE; NOT_AUTO_NA,PROPOSED_ENGINEERING_ALLOCATION_NOT_CONTROL_SATISFACTION
REL-001/A02,REL-001,"Availability and recovery profiles SHALL define measurement scope, SLO, failure tolerance, maintenance treatment, RTO/RPO, consistency, dependencies and test cadence; impact categorization SHALL NOT substitute for these values.",SLO,Exact source span under the complete requirement; not a replacement normative statement,RA §14; RA §26,Service owner,"Service catalogue, measured surviving resource pools, security-edge and dependency failure/maintenance behaviour",EXTERNAL_CAPACITY_AND_QUALIFICATION_REQUIRED,docs/engineering/TAD.md; lab/run_namespace_lab.py,Site engineering must name the actual native object/role/service and its accepted settings for: SLO,CT-012; CT-052; CT-054; CT-062,Apply the referenced procedure to the actual enforcement location and this focus; include effective negative/failure observations where the original criterion requires them.,SOURCE_AND_LOCAL_FIXTURE_ONLY_OR_NOT_IMPLEMENTED; NOT_NATIVE_QUALIFIED,,"Illustrative capacity schedules and local link-failure fixtures do not establish measured production SLO/RTO/RPO, qualified limits, complete reservations or procured-to-available inventory.",TO_BE_DECIDED_FOR_ACTUAL_SERVICE; NOT_AUTO_NA,PROPOSED_ENGINEERING_ALLOCATION_NOT_CONTROL_SATISFACTION
REL-001/A03,REL-001,"Availability and recovery profiles SHALL define measurement scope, SLO, failure tolerance, maintenance treatment, RTO/RPO, consistency, dependencies and test cadence; impact categorization SHALL NOT substitute for these values.",failure tolerance,Exact source span under the complete requirement; not a replacement normative statement,RA §14; RA §26,Service owner,"Service catalogue, measured surviving resource pools, security-edge and dependency failure/maintenance behaviour",EXTERNAL_CAPACITY_AND_QUALIFICATION_REQUIRED,docs/engineering/TAD.md; lab/run_namespace_lab.py,Site engineering must name the actual native object/role/service and its accepted settings for: failure tolerance,CT-012; CT-052; CT-054; CT-062,Apply the referenced procedure to the actual enforcement location and this focus; include effective negative/failure observations where the original criterion requires them.,SOURCE_AND_LOCAL_FIXTURE_ONLY_OR_NOT_IMPLEMENTED; NOT_NATIVE_QUALIFIED,,"Illustrative capacity schedules and local link-failure fixtures do not establish measured production SLO/RTO/RPO, qualified limits, complete reservations or procured-to-available inventory.",TO_BE_DECIDED_FOR_ACTUAL_SERVICE; NOT_AUTO_NA,PROPOSED_ENGINEERING_ALLOCATION_NOT_CONTROL_SATISFACTION
REL-001/A04,REL-001,"Availability and recovery profiles SHALL define measurement scope, SLO, failure tolerance, maintenance treatment, RTO/RPO, consistency, dependencies and test cadence; impact categorization SHALL NOT substitute for these values.",maintenance treatment,Exact source span under the complete requirement; not a replacement normative statement,RA §14; RA §26,Service owner,"Service catalogue, measured surviving resource pools, security-edge and dependency failure/maintenance behaviour",EXTERNAL_CAPACITY_AND_QUALIFICATION_REQUIRED,docs/engineering/TAD.md; lab/run_namespace_lab.py,Site engineering must name the actual native object/role/service and its accepted settings for: maintenance treatment,CT-012; CT-052; CT-054; CT-062,Apply the referenced procedure to the actual enforcement location and this focus; include effective negative/failure observations where the original criterion requires them.,SOURCE_AND_LOCAL_FIXTURE_ONLY_OR_NOT_IMPLEMENTED; NOT_NATIVE_QUALIFIED,,"Illustrative capacity schedules and local link-failure fixtures do not establish measured production SLO/RTO/RPO, qualified limits, complete reservations or procured-to-available inventory.",TO_BE_DECIDED_FOR_ACTUAL_SERVICE; NOT_AUTO_NA,PROPOSED_ENGINEERING_ALLOCATION_NOT_CONTROL_SATISFACTION
REL-001/A05,REL-001,"Availability and recovery profiles SHALL define measurement scope, SLO, failure tolerance, maintenance treatment, RTO/RPO, consistency, dependencies and test cadence; impact categorization SHALL NOT substitute for these values.",RTO/RPO,Exact source span under the complete requirement; not a replacement normative statement,RA §14; RA §26,Service owner,"Service catalogue, measured surviving resource pools, security-edge and dependency failure/maintenance behaviour",EXTERNAL_CAPACITY_AND_QUALIFICATION_REQUIRED,docs/engineering/TAD.md; lab/run_namespace_lab.py,Site engineering must name the actual native object/role/service and its accepted settings for: RTO/RPO,CT-012; CT-052; CT-054; CT-062,Apply the referenced procedure to the actual enforcement location and this focus; include effective negative/failure observations where the original criterion requires them.,SOURCE_AND_LOCAL_FIXTURE_ONLY_OR_NOT_IMPLEMENTED; NOT_NATIVE_QUALIFIED,,"Illustrative capacity schedules and local link-failure fixtures do not establish measured production SLO/RTO/RPO, qualified limits, complete reservations or procured-to-available inventory.",TO_BE_DECIDED_FOR_ACTUAL_SERVICE; NOT_AUTO_NA,PROPOSED_ENGINEERING_ALLOCATION_NOT_CONTROL_SATISFACTION
REL-001/A06,REL-001,"Availability and recovery profiles SHALL define measurement scope, SLO, failure tolerance, maintenance treatment, RTO/RPO, consistency, dependencies and test cadence; impact categorization SHALL NOT substitute for these values.",consistency,Exact source span under the complete requirement; not a replacement normative statement,RA §14; RA §26,Service owner,"Service catalogue, measured surviving resource pools, security-edge and dependency failure/maintenance behaviour",EXTERNAL_CAPACITY_AND_QUALIFICATION_REQUIRED,docs/engineering/TAD.md; lab/run_namespace_lab.py,Site engineering must name the actual native object/role/service and its accepted settings for: consistency,CT-012; CT-052; CT-054; CT-062,Apply the referenced procedure to the actual enforcement location and this focus; include effective negative/failure observations where the original criterion requires them.,SOURCE_AND_LOCAL_FIXTURE_ONLY_OR_NOT_IMPLEMENTED; NOT_NATIVE_QUALIFIED,,"Illustrative capacity schedules and local link-failure fixtures do not establish measured production SLO/RTO/RPO, qualified limits, complete reservations or procured-to-available inventory.",TO_BE_DECIDED_FOR_ACTUAL_SERVICE; NOT_AUTO_NA,PROPOSED_ENGINEERING_ALLOCATION_NOT_CONTROL_SATISFACTION
REL-001/A07,REL-001,"Availability and recovery profiles SHALL define measurement scope, SLO, failure tolerance, maintenance treatment, RTO/RPO, consistency, dependencies and test cadence; impact categorization SHALL NOT substitute for these values.",dependencies,Exact source span under the complete requirement; not a replacement normative statement,RA §14; RA §26,Service owner,"Service catalogue, measured surviving resource pools, security-edge and dependency failure/maintenance behaviour",EXTERNAL_CAPACITY_AND_QUALIFICATION_REQUIRED,docs/engineering/TAD.md; lab/run_namespace_lab.py,Site engineering must name the actual native object/role/service and its accepted settings for: dependencies,CT-012; CT-052; CT-054; CT-062,Apply the referenced procedure to the actual enforcement location and this focus; include effective negative/failure observations where the original criterion requires them.,SOURCE_AND_LOCAL_FIXTURE_ONLY_OR_NOT_IMPLEMENTED; NOT_NATIVE_QUALIFIED,,"Illustrative capacity schedules and local link-failure fixtures do not establish measured production SLO/RTO/RPO, qualified limits, complete reservations or procured-to-available inventory.",TO_BE_DECIDED_FOR_ACTUAL_SERVICE; NOT_AUTO_NA,PROPOSED_ENGINEERING_ALLOCATION_NOT_CONTROL_SATISFACTION
REL-001/A08,REL-001,"Availability and recovery profiles SHALL define measurement scope, SLO, failure tolerance, maintenance treatment, RTO/RPO, consistency, dependencies and test cadence; impact categorization SHALL NOT substitute for these values.",test cadence,Exact source span under the complete requirement; not a replacement normative statement,RA §14; RA §26,Service owner,"Service catalogue, measured surviving resource pools, security-edge and dependency failure/maintenance behaviour",EXTERNAL_CAPACITY_AND_QUALIFICATION_REQUIRED,docs/engineering/TAD.md; lab/run_namespace_lab.py,Site engineering must name the actual native object/role/service and its accepted settings for: test cadence,CT-012; CT-052; CT-054; CT-062,Apply the referenced procedure to the actual enforcement location and this focus; include effective negative/failure observations where the original criterion requires them.,SOURCE_AND_LOCAL_FIXTURE_ONLY_OR_NOT_IMPLEMENTED; NOT_NATIVE_QUALIFIED,,"Illustrative capacity schedules and local link-failure fixtures do not establish measured production SLO/RTO/RPO, qualified limits, complete reservations or procured-to-available inventory.",TO_BE_DECIDED_FOR_ACTUAL_SERVICE; NOT_AUTO_NA,PROPOSED_ENGINEERING_ALLOCATION_NOT_CONTROL_SATISFACTION
REL-002/A01,REL-002,Recovery/HA capabilities SHALL be measured under the approved load and failure scenario before a platform offers the profile; reported SLOs SHALL disclose exclusions and actual breaches.,Recovery/HA capabilities SHALL be measured under the approved load and failure scenario before a platform offers the profile,Exact source span under the complete requirement; not a replacement normative statement,RA §14; RA §26,Operations/SRE,"Service catalogue, measured surviving resource pools, security-edge and dependency failure/maintenance behaviour",EXTERNAL_CAPACITY_AND_QUALIFICATION_REQUIRED,docs/engineering/TAD.md; lab/run_namespace_lab.py,Site engineering must name the actual native object/role/service and its accepted settings for: Recovery/HA capabilities SHALL be measured under the approved load and failure scenario before a platform offers the profile,CT-012; CT-039; CT-054; CT-056,Apply the referenced procedure to the actual enforcement location and this focus; include effective negative/failure observations where the original criterion requires them.,SOURCE_AND_LOCAL_FIXTURE_ONLY_OR_NOT_IMPLEMENTED; NOT_NATIVE_QUALIFIED,,"Illustrative capacity schedules and local link-failure fixtures do not establish measured production SLO/RTO/RPO, qualified limits, complete reservations or procured-to-available inventory.",TO_BE_DECIDED_FOR_ACTUAL_SERVICE; NOT_AUTO_NA,PROPOSED_ENGINEERING_ALLOCATION_NOT_CONTROL_SATISFACTION
REL-002/A02,REL-002,Recovery/HA capabilities SHALL be measured under the approved load and failure scenario before a platform offers the profile; reported SLOs SHALL disclose exclusions and actual breaches.,reported SLOs SHALL disclose exclusions and actual breaches.,Exact source span under the complete requirement; not a replacement normative statement,RA §14; RA §26,Operations/SRE,"Service catalogue, measured surviving resource pools, security-edge and dependency failure/maintenance behaviour",EXTERNAL_CAPACITY_AND_QUALIFICATION_REQUIRED,docs/engineering/TAD.md; lab/run_namespace_lab.py,Site engineering must name the actual native object/role/service and its accepted settings for: reported SLOs SHALL disclose exclusions and actual breaches.,CT-012; CT-039; CT-054; CT-056,Apply the referenced procedure to the actual enforcement location and this focus; include effective negative/failure observations where the original criterion requires them.,SOURCE_AND_LOCAL_FIXTURE_ONLY_OR_NOT_IMPLEMENTED; NOT_NATIVE_QUALIFIED,,"Illustrative capacity schedules and local link-failure fixtures do not establish measured production SLO/RTO/RPO, qualified limits, complete reservations or procured-to-available inventory.",TO_BE_DECIDED_FOR_ACTUAL_SERVICE; NOT_AUTO_NA,PROPOSED_ENGINEERING_ALLOCATION_NOT_CONTROL_SATISFACTION
PLACE-001/A01,PLACE-001,"Placement SHALL satisfy all mandatory security, assurance, location, lifecycle, capacity and recovery constraints using a current qualified platform profile; unresolved or conflicting constraints SHALL reject the request.","Placement SHALL satisfy all mandatory security, assurance, location, lifecycle, capacity and recovery constraints using a current qualified platform profile",Exact source span under the complete requirement; not a replacement normative statement,RA §13; RA §14,Automation platform,"Native scheduler eligibility, eligible host pools, HA admission and recovery target/data-location constraints",PARTIAL_VM_PREPARATION_ONLY,terraform/modules/nutanix-workload/main.tf.json; terraform/modules/vsphere-workload/main.tf.json; terraform/modules/openstack-workload/main.tf.json,"Site engineering must name the actual native object/role/service and its accepted settings for: Placement SHALL satisfy all mandatory security, assurance, location, lifecycle, capacity and recovery constraints using a current qualified platform profile",CT-018; CT-035; CT-056; CT-061,Apply the referenced procedure to the actual enforcement location and this focus; include effective negative/failure observations where the original criterion requires them.,SOURCE_AND_LOCAL_FIXTURE_ONLY_OR_NOT_IMPLEMENTED; NOT_NATIVE_QUALIFIED,,"VM preparation consumes accepted placement resources; it does not create/qualify host co-residency policy, evacuation/HA restrictions, independent sites, location agreements, guarantees or capacity under failure.",TO_BE_DECIDED_FOR_ACTUAL_SERVICE; NOT_AUTO_NA,PROPOSED_ENGINEERING_ALLOCATION_NOT_CONTROL_SATISFACTION
PLACE-001/A02,PLACE-001,"Placement SHALL satisfy all mandatory security, assurance, location, lifecycle, capacity and recovery constraints using a current qualified platform profile; unresolved or conflicting constraints SHALL reject the request.",unresolved or conflicting constraints SHALL reject the request.,Exact source span under the complete requirement; not a replacement normative statement,RA §13; RA §14,Automation platform,"Native scheduler eligibility, eligible host pools, HA admission and recovery target/data-location constraints",PARTIAL_VM_PREPARATION_ONLY,terraform/modules/nutanix-workload/main.tf.json; terraform/modules/vsphere-workload/main.tf.json; terraform/modules/openstack-workload/main.tf.json,Site engineering must name the actual native object/role/service and its accepted settings for: unresolved or conflicting constraints SHALL reject the request.,CT-018; CT-035; CT-056; CT-061,Apply the referenced procedure to the actual enforcement location and this focus; include effective negative/failure observations where the original criterion requires them.,SOURCE_AND_LOCAL_FIXTURE_ONLY_OR_NOT_IMPLEMENTED; NOT_NATIVE_QUALIFIED,,"VM preparation consumes accepted placement resources; it does not create/qualify host co-residency policy, evacuation/HA restrictions, independent sites, location agreements, guarantees or capacity under failure.",TO_BE_DECIDED_FOR_ACTUAL_SERVICE; NOT_AUTO_NA,PROPOSED_ENGINEERING_ALLOCATION_NOT_CONTROL_SATISFACTION
PLACE-002/A01,PLACE-002,"Data, backup, telemetry, diagnostic, control-plane, administrative-access and key locations/control constraints SHALL be represented separately and enforced through approved profiles and agreements.",Data,Exact source span under the complete requirement; not a replacement normative statement,RA §13; RA §14,Service owner,"Native scheduler eligibility, eligible host pools, HA admission and recovery target/data-location constraints",PARTIAL_VM_PREPARATION_ONLY,terraform/modules/nutanix-workload/main.tf.json; terraform/modules/vsphere-workload/main.tf.json; terraform/modules/openstack-workload/main.tf.json,Site engineering must name the actual native object/role/service and its accepted settings for: Data,CT-061; CT-079,Apply the referenced procedure to the actual enforcement location and this focus; include effective negative/failure observations where the original criterion requires them.,SOURCE_AND_LOCAL_FIXTURE_ONLY_OR_NOT_IMPLEMENTED; NOT_NATIVE_QUALIFIED,,"VM preparation consumes accepted placement resources; it does not create/qualify host co-residency policy, evacuation/HA restrictions, independent sites, location agreements, guarantees or capacity under failure.",TO_BE_DECIDED_FOR_ACTUAL_SERVICE; NOT_AUTO_NA,PROPOSED_ENGINEERING_ALLOCATION_NOT_CONTROL_SATISFACTION
PLACE-002/A02,PLACE-002,"Data, backup, telemetry, diagnostic, control-plane, administrative-access and key locations/control constraints SHALL be represented separately and enforced through approved profiles and agreements.",backup,Exact source span under the complete requirement; not a replacement normative statement,RA §13; RA §14,Service owner,"Native scheduler eligibility, eligible host pools, HA admission and recovery target/data-location constraints",PARTIAL_VM_PREPARATION_ONLY,terraform/modules/nutanix-workload/main.tf.json; terraform/modules/vsphere-workload/main.tf.json; terraform/modules/openstack-workload/main.tf.json,Site engineering must name the actual native object/role/service and its accepted settings for: backup,CT-061; CT-079,Apply the referenced procedure to the actual enforcement location and this focus; include effective negative/failure observations where the original criterion requires them.,SOURCE_AND_LOCAL_FIXTURE_ONLY_OR_NOT_IMPLEMENTED; NOT_NATIVE_QUALIFIED,,"VM preparation consumes accepted placement resources; it does not create/qualify host co-residency policy, evacuation/HA restrictions, independent sites, location agreements, guarantees or capacity under failure.",TO_BE_DECIDED_FOR_ACTUAL_SERVICE; NOT_AUTO_NA,PROPOSED_ENGINEERING_ALLOCATION_NOT_CONTROL_SATISFACTION
PLACE-002/A03,PLACE-002,"Data, backup, telemetry, diagnostic, control-plane, administrative-access and key locations/control constraints SHALL be represented separately and enforced through approved profiles and agreements.",telemetry,Exact source span under the complete requirement; not a replacement normative statement,RA §13; RA §14,Service owner,"Native scheduler eligibility, eligible host pools, HA admission and recovery target/data-location constraints",PARTIAL_VM_PREPARATION_ONLY,terraform/modules/nutanix-workload/main.tf.json; terraform/modules/vsphere-workload/main.tf.json; terraform/modules/openstack-workload/main.tf.json,Site engineering must name the actual native object/role/service and its accepted settings for: telemetry,CT-061; CT-079,Apply the referenced procedure to the actual enforcement location and this focus; include effective negative/failure observations where the original criterion requires them.,SOURCE_AND_LOCAL_FIXTURE_ONLY_OR_NOT_IMPLEMENTED; NOT_NATIVE_QUALIFIED,,"VM preparation consumes accepted placement resources; it does not create/qualify host co-residency policy, evacuation/HA restrictions, independent sites, location agreements, guarantees or capacity under failure.",TO_BE_DECIDED_FOR_ACTUAL_SERVICE; NOT_AUTO_NA,PROPOSED_ENGINEERING_ALLOCATION_NOT_CONTROL_SATISFACTION
PLACE-002/A04,PLACE-002,"Data, backup, telemetry, diagnostic, control-plane, administrative-access and key locations/control constraints SHALL be represented separately and enforced through approved profiles and agreements.",diagnostic,Exact source span under the complete requirement; not a replacement normative statement,RA §13; RA §14,Service owner,"Native scheduler eligibility, eligible host pools, HA admission and recovery target/data-location constraints",PARTIAL_VM_PREPARATION_ONLY,terraform/modules/nutanix-workload/main.tf.json; terraform/modules/vsphere-workload/main.tf.json; terraform/modules/openstack-workload/main.tf.json,Site engineering must name the actual native object/role/service and its accepted settings for: diagnostic,CT-061; CT-079,Apply the referenced procedure to the actual enforcement location and this focus; include effective negative/failure observations where the original criterion requires them.,SOURCE_AND_LOCAL_FIXTURE_ONLY_OR_NOT_IMPLEMENTED; NOT_NATIVE_QUALIFIED,,"VM preparation consumes accepted placement resources; it does not create/qualify host co-residency policy, evacuation/HA restrictions, independent sites, location agreements, guarantees or capacity under failure.",TO_BE_DECIDED_FOR_ACTUAL_SERVICE; NOT_AUTO_NA,PROPOSED_ENGINEERING_ALLOCATION_NOT_CONTROL_SATISFACTION
PLACE-002/A05,PLACE-002,"Data, backup, telemetry, diagnostic, control-plane, administrative-access and key locations/control constraints SHALL be represented separately and enforced through approved profiles and agreements.",control-plane,Exact source span under the complete requirement; not a replacement normative statement,RA §13; RA §14,Service owner,"Native scheduler eligibility, eligible host pools, HA admission and recovery target/data-location constraints",PARTIAL_VM_PREPARATION_ONLY,terraform/modules/nutanix-workload/main.tf.json; terraform/modules/vsphere-workload/main.tf.json; terraform/modules/openstack-workload/main.tf.json,Site engineering must name the actual native object/role/service and its accepted settings for: control-plane,CT-061; CT-079,Apply the referenced procedure to the actual enforcement location and this focus; include effective negative/failure observations where the original criterion requires them.,SOURCE_AND_LOCAL_FIXTURE_ONLY_OR_NOT_IMPLEMENTED; NOT_NATIVE_QUALIFIED,,"VM preparation consumes accepted placement resources; it does not create/qualify host co-residency policy, evacuation/HA restrictions, independent sites, location agreements, guarantees or capacity under failure.",TO_BE_DECIDED_FOR_ACTUAL_SERVICE; NOT_AUTO_NA,PROPOSED_ENGINEERING_ALLOCATION_NOT_CONTROL_SATISFACTION
PLACE-002/A06,PLACE-002,"Data, backup, telemetry, diagnostic, control-plane, administrative-access and key locations/control constraints SHALL be represented separately and enforced through approved profiles and agreements.",administrative-access,Exact source span under the complete requirement; not a replacement normative statement,RA §13; RA §14,Service owner,"Native scheduler eligibility, eligible host pools, HA admission and recovery target/data-location constraints",PARTIAL_VM_PREPARATION_ONLY,terraform/modules/nutanix-workload/main.tf.json; terraform/modules/vsphere-workload/main.tf.json; terraform/modules/openstack-workload/main.tf.json,Site engineering must name the actual native object/role/service and its accepted settings for: administrative-access,CT-061; CT-079,Apply the referenced procedure to the actual enforcement location and this focus; include effective negative/failure observations where the original criterion requires them.,SOURCE_AND_LOCAL_FIXTURE_ONLY_OR_NOT_IMPLEMENTED; NOT_NATIVE_QUALIFIED,,"VM preparation consumes accepted placement resources; it does not create/qualify host co-residency policy, evacuation/HA restrictions, independent sites, location agreements, guarantees or capacity under failure.",TO_BE_DECIDED_FOR_ACTUAL_SERVICE; NOT_AUTO_NA,PROPOSED_ENGINEERING_ALLOCATION_NOT_CONTROL_SATISFACTION
PLACE-002/A07,PLACE-002,"Data, backup, telemetry, diagnostic, control-plane, administrative-access and key locations/control constraints SHALL be represented separately and enforced through approved profiles and agreements.",key locations/control constraints,Exact source span under the complete requirement; not a replacement normative statement,RA §13; RA §14,Service owner,"Native scheduler eligibility, eligible host pools, HA admission and recovery target/data-location constraints",PARTIAL_VM_PREPARATION_ONLY,terraform/modules/nutanix-workload/main.tf.json; terraform/modules/vsphere-workload/main.tf.json; terraform/modules/openstack-workload/main.tf.json,Site engineering must name the actual native object/role/service and its accepted settings for: key locations/control constraints,CT-061; CT-079,Apply the referenced procedure to the actual enforcement location and this focus; include effective negative/failure observations where the original criterion requires them.,SOURCE_AND_LOCAL_FIXTURE_ONLY_OR_NOT_IMPLEMENTED; NOT_NATIVE_QUALIFIED,,"VM preparation consumes accepted placement resources; it does not create/qualify host co-residency policy, evacuation/HA restrictions, independent sites, location agreements, guarantees or capacity under failure.",TO_BE_DECIDED_FOR_ACTUAL_SERVICE; NOT_AUTO_NA,PROPOSED_ENGINEERING_ALLOCATION_NOT_CONTROL_SATISFACTION
PLACE-003/A01,PLACE-003,"Each portable service class SHALL have a documented exit path, declared proprietary dependencies and representative export/recovery evidence; residency or format support alone SHALL NOT be presented as portability or sovereignty proof.","Each portable service class SHALL have a documented exit path, declared proprietary dependencies and representative export/recovery evidence",Exact source span under the complete requirement; not a replacement normative statement,RA §13; RA §14,Architecture authority,"Native scheduler eligibility, eligible host pools, HA admission and recovery target/data-location constraints",PARTIAL_VM_PREPARATION_ONLY,terraform/modules/nutanix-workload/main.tf.json; terraform/modules/vsphere-workload/main.tf.json; terraform/modules/openstack-workload/main.tf.json,"Site engineering must name the actual native object/role/service and its accepted settings for: Each portable service class SHALL have a documented exit path, declared proprietary dependencies and representative export/recovery evidence",CT-060; CT-073,Apply the referenced procedure to the actual enforcement location and this focus; include effective negative/failure observations where the original criterion requires them.,SOURCE_AND_LOCAL_FIXTURE_ONLY_OR_NOT_IMPLEMENTED; NOT_NATIVE_QUALIFIED,,"VM preparation consumes accepted placement resources; it does not create/qualify host co-residency policy, evacuation/HA restrictions, independent sites, location agreements, guarantees or capacity under failure.",TO_BE_DECIDED_FOR_ACTUAL_SERVICE; NOT_AUTO_NA,PROPOSED_ENGINEERING_ALLOCATION_NOT_CONTROL_SATISFACTION
PLACE-003/A02,PLACE-003,"Each portable service class SHALL have a documented exit path, declared proprietary dependencies and representative export/recovery evidence; residency or format support alone SHALL NOT be presented as portability or sovereignty proof.",residency or format support alone SHALL NOT be presented as portability or sovereignty proof.,Exact source span under the complete requirement; not a replacement normative statement,RA §13; RA §14,Architecture authority,"Native scheduler eligibility, eligible host pools, HA admission and recovery target/data-location constraints",PARTIAL_VM_PREPARATION_ONLY,terraform/modules/nutanix-workload/main.tf.json; terraform/modules/vsphere-workload/main.tf.json; terraform/modules/openstack-workload/main.tf.json,Site engineering must name the actual native object/role/service and its accepted settings for: residency or format support alone SHALL NOT be presented as portability or sovereignty proof.,CT-060; CT-073,Apply the referenced procedure to the actual enforcement location and this focus; include effective negative/failure observations where the original criterion requires them.,SOURCE_AND_LOCAL_FIXTURE_ONLY_OR_NOT_IMPLEMENTED; NOT_NATIVE_QUALIFIED,,"VM preparation consumes accepted placement resources; it does not create/qualify host co-residency policy, evacuation/HA restrictions, independent sites, location agreements, guarantees or capacity under failure.",TO_BE_DECIDED_FOR_ACTUAL_SERVICE; NOT_AUTO_NA,PROPOSED_ENGINEERING_ALLOCATION_NOT_CONTROL_SATISFACTION
SVCM-001/A01,SVCM-001,"The service catalogue SHALL publish entitlements, hard quotas, reservation semantics, availability/recovery targets, supported capabilities and lifecycle obligations with stable service identifiers.","The service catalogue SHALL publish entitlements, hard quotas, reservation semantics, availability/recovery targets, supported capabilities and lifecycle obligations with stable service identifiers.",Exact source span under the complete requirement; not a replacement normative statement,RA §4; RA §20,Service owner,"Service catalogue, measured surviving resource pools, security-edge and dependency failure/maintenance behaviour",EXTERNAL_CAPACITY_AND_QUALIFICATION_REQUIRED,docs/engineering/TAD.md; lab/run_namespace_lab.py,"Site engineering must name the actual native object/role/service and its accepted settings for: The service catalogue SHALL publish entitlements, hard quotas, reservation semantics, availability/recovery targets, supported capabilities and lifecycle obligations with stable service identifiers.",CT-019; CT-056; CT-062,Apply the referenced procedure to the actual enforcement location and this focus; include effective negative/failure observations where the original criterion requires them.,SOURCE_AND_LOCAL_FIXTURE_ONLY_OR_NOT_IMPLEMENTED; NOT_NATIVE_QUALIFIED,,"Illustrative capacity schedules and local link-failure fixtures do not establish measured production SLO/RTO/RPO, qualified limits, complete reservations or procured-to-available inventory.",TO_BE_DECIDED_FOR_ACTUAL_SERVICE; NOT_AUTO_NA,PROPOSED_ENGINEERING_ALLOCATION_NOT_CONTROL_SATISFACTION
SVCM-002/A01,SVCM-002,"Capacity inventory SHALL reconcile procured, staged, commissioned, available, reserved and consumed resources and SHALL report unused/stranded capacity, ownership and support-life exposure.","Capacity inventory SHALL reconcile procured, staged, commissioned, available, reserved and consumed resources and SHALL report unused/stranded capacity, ownership and support-life exposure.",Exact source span under the complete requirement; not a replacement normative statement,RA §4; RA §20,Capacity management,"Service catalogue, measured surviving resource pools, security-edge and dependency failure/maintenance behaviour",EXTERNAL_CAPACITY_AND_QUALIFICATION_REQUIRED,docs/engineering/TAD.md; lab/run_namespace_lab.py,"Site engineering must name the actual native object/role/service and its accepted settings for: Capacity inventory SHALL reconcile procured, staged, commissioned, available, reserved and consumed resources and SHALL report unused/stranded capacity, ownership and support-life exposure.",CT-074,Apply the referenced procedure to the actual enforcement location and this focus; include effective negative/failure observations where the original criterion requires them.,SOURCE_AND_LOCAL_FIXTURE_ONLY_OR_NOT_IMPLEMENTED; NOT_NATIVE_QUALIFIED,,"Illustrative capacity schedules and local link-failure fixtures do not establish measured production SLO/RTO/RPO, qualified limits, complete reservations or procured-to-available inventory.",TO_BE_DECIDED_FOR_ACTUAL_SERVICE; NOT_AUTO_NA,PROPOSED_ENGINEERING_ALLOCATION_NOT_CONTROL_SATISFACTION
RESP-001/A01,RESP-001,"Every applicable infrastructure/application control and recovery dependency SHALL have a provider, tenant or shared responsibility assignment and evidence owner; unresolved mandatory responsibilities SHALL block Service Ready.","Every applicable infrastructure/application control and recovery dependency SHALL have a provider, tenant or shared responsibility assignment and evidence owner",Exact source span under the complete requirement; not a replacement normative statement,RA §23; RA §26,Service owner,Accepted service/profile and topology records; native domain/identity boundaries implement selected constraints,PARTIAL_DESIGN_AND_CANDIDATE,docs/architecture/RAD.md; docs/engineering/TAD.md; tools/input_review.py,"Site engineering must name the actual native object/role/service and its accepted settings for: Every applicable infrastructure/application control and recovery dependency SHALL have a provider, tenant or shared responsibility assignment and evidence owner",CT-062; CT-069,Apply the referenced procedure to the actual enforcement location and this focus; include effective negative/failure observations where the original criterion requires them.,SOURCE_AND_LOCAL_FIXTURE_ONLY_OR_NOT_IMPLEMENTED; NOT_NATIVE_QUALIFIED,,"No complete authoritative service/profile registry, tenant role enforcement or actual placement/edge evidence is supplied. Input screening covers only its enumerated examples and cannot accept the complete service.",TO_BE_DECIDED_FOR_ACTUAL_SERVICE; NOT_AUTO_NA,PROPOSED_ENGINEERING_ALLOCATION_NOT_CONTROL_SATISFACTION
RESP-001/A02,RESP-001,"Every applicable infrastructure/application control and recovery dependency SHALL have a provider, tenant or shared responsibility assignment and evidence owner; unresolved mandatory responsibilities SHALL block Service Ready.",unresolved mandatory responsibilities SHALL block Service Ready.,Exact source span under the complete requirement; not a replacement normative statement,RA §23; RA §26,Service owner,Accepted service/profile and topology records; native domain/identity boundaries implement selected constraints,PARTIAL_DESIGN_AND_CANDIDATE,docs/architecture/RAD.md; docs/engineering/TAD.md; tools/input_review.py,Site engineering must name the actual native object/role/service and its accepted settings for: unresolved mandatory responsibilities SHALL block Service Ready.,CT-062; CT-069,Apply the referenced procedure to the actual enforcement location and this focus; include effective negative/failure observations where the original criterion requires them.,SOURCE_AND_LOCAL_FIXTURE_ONLY_OR_NOT_IMPLEMENTED; NOT_NATIVE_QUALIFIED,,"No complete authoritative service/profile registry, tenant role enforcement or actual placement/edge evidence is supplied. Input screening covers only its enumerated examples and cannot accept the complete service.",TO_BE_DECIDED_FOR_ACTUAL_SERVICE; NOT_AUTO_NA,PROPOSED_ENGINEERING_ALLOCATION_NOT_CONTROL_SATISFACTION
FAB-001/A01,FAB-001,"Routine create, update and retirement of tenants/WSDs in a precommissioned overlay service class SHALL NOT require leaf/spine configuration changes; foundation growth and fabric-routed service classes SHALL use separately authorized workflows.","Routine create, update and retirement of tenants/WSDs in a precommissioned overlay service class SHALL NOT require leaf/spine configuration changes",Exact source span under the complete requirement; not a replacement normative statement,RA §5,Network engineering,"Physical leaf/spine/border configuration, provider route import/export, VTEP and multihoming control",NOT_IMPLEMENTED_IN_NATIVE_FABRIC_CODE,docs/engineering/TAD.md; sources/implementation_backlog.csv,"Site engineering must name the actual native object/role/service and its accepted settings for: Routine create, update and retirement of tenants/WSDs in a precommissioned overlay service class SHALL NOT require leaf/spine configuration changes",CT-071; CT-072,Apply the referenced procedure to the actual enforcement location and this focus; include effective negative/failure observations where the original criterion requires them.,SOURCE_AND_LOCAL_FIXTURE_ONLY_OR_NOT_IMPLEMENTED; NOT_NATIVE_QUALIFIED,,"No accepted switch/EVPN/MLAG/border implementation is part of these modules. Underlay addressing, management, measured interoperability, MTU and failures require the actual fabric engineering/build.",TO_BE_DECIDED_FOR_ACTUAL_SERVICE; NOT_AUTO_NA,PROPOSED_ENGINEERING_ALLOCATION_NOT_CONTROL_SATISFACTION
FAB-001/A02,FAB-001,"Routine create, update and retirement of tenants/WSDs in a precommissioned overlay service class SHALL NOT require leaf/spine configuration changes; foundation growth and fabric-routed service classes SHALL use separately authorized workflows.",foundation growth and fabric-routed service classes SHALL use separately authorized workflows.,Exact source span under the complete requirement; not a replacement normative statement,RA §5,Network engineering,"Physical leaf/spine/border configuration, provider route import/export, VTEP and multihoming control",NOT_IMPLEMENTED_IN_NATIVE_FABRIC_CODE,docs/engineering/TAD.md; sources/implementation_backlog.csv,Site engineering must name the actual native object/role/service and its accepted settings for: foundation growth and fabric-routed service classes SHALL use separately authorized workflows.,CT-071; CT-072,Apply the referenced procedure to the actual enforcement location and this focus; include effective negative/failure observations where the original criterion requires them.,SOURCE_AND_LOCAL_FIXTURE_ONLY_OR_NOT_IMPLEMENTED; NOT_NATIVE_QUALIFIED,,"No accepted switch/EVPN/MLAG/border implementation is part of these modules. Underlay addressing, management, measured interoperability, MTU and failures require the actual fabric engineering/build.",TO_BE_DECIDED_FOR_ACTUAL_SERVICE; NOT_AUTO_NA,PROPOSED_ENGINEERING_ALLOCATION_NOT_CONTROL_SATISFACTION
FAB-002/A01,FAB-002,A physical VRF SHALL be created only when the physical fabric itself must provide L3 routing for a legitimate routing/security domain.,A physical VRF SHALL be created only when the physical fabric itself must provide L3 routing for a legitimate routing/security domain.,Exact source span under the complete requirement; not a replacement normative statement,RA §5,Network engineering,"Physical leaf/spine/border configuration, provider route import/export, VTEP and multihoming control",NOT_IMPLEMENTED_IN_NATIVE_FABRIC_CODE,docs/engineering/TAD.md; sources/implementation_backlog.csv,Site engineering must name the actual native object/role/service and its accepted settings for: A physical VRF SHALL be created only when the physical fabric itself must provide L3 routing for a legitimate routing/security domain.,CT-009; CT-072,Apply the referenced procedure to the actual enforcement location and this focus; include effective negative/failure observations where the original criterion requires them.,SOURCE_AND_LOCAL_FIXTURE_ONLY_OR_NOT_IMPLEMENTED; NOT_NATIVE_QUALIFIED,,"No accepted switch/EVPN/MLAG/border implementation is part of these modules. Underlay addressing, management, measured interoperability, MTU and failures require the actual fabric engineering/build.",TO_BE_DECIDED_FOR_ACTUAL_SERVICE; NOT_AUTO_NA,PROPOSED_ENGINEERING_ALLOCATION_NOT_CONTROL_SATISFACTION
FAB-003/A01,FAB-003,"Function names such as backup, migration, platform, ZIP, or generic transit SHALL NOT by themselves justify a VRF.","Function names such as backup, migration, platform, ZIP, or generic transit SHALL NOT by themselves justify a VRF.",Exact source span under the complete requirement; not a replacement normative statement,RA §5,Architecture authority,"Physical leaf/spine/border configuration, provider route import/export, VTEP and multihoming control",NOT_IMPLEMENTED_IN_NATIVE_FABRIC_CODE,docs/engineering/TAD.md; sources/implementation_backlog.csv,"Site engineering must name the actual native object/role/service and its accepted settings for: Function names such as backup, migration, platform, ZIP, or generic transit SHALL NOT by themselves justify a VRF.",CT-025; CT-072,Apply the referenced procedure to the actual enforcement location and this focus; include effective negative/failure observations where the original criterion requires them.,SOURCE_AND_LOCAL_FIXTURE_ONLY_OR_NOT_IMPLEMENTED; NOT_NATIVE_QUALIFIED,,"No accepted switch/EVPN/MLAG/border implementation is part of these modules. Underlay addressing, management, measured interoperability, MTU and failures require the actual fabric engineering/build.",TO_BE_DECIDED_FOR_ACTUAL_SERVICE; NOT_AUTO_NA,PROPOSED_ENGINEERING_ALLOCATION_NOT_CONTROL_SATISFACTION
FAB-004/A01,FAB-004,"The fabric profile SHALL define addressing/routing authority, control-plane protection, MTU, fault convergence, management isolation, maintenance and measured scale before platform commissioning.",addressing/routing authority,Exact source span under the complete requirement; not a replacement normative statement,RA §5,Network engineering,"Physical leaf/spine/border configuration, provider route import/export, VTEP and multihoming control",NOT_IMPLEMENTED_IN_NATIVE_FABRIC_CODE,docs/engineering/TAD.md; sources/implementation_backlog.csv,Site engineering must name the actual native object/role/service and its accepted settings for: addressing/routing authority,CT-026; CT-032; CT-033; CT-034,Apply the referenced procedure to the actual enforcement location and this focus; include effective negative/failure observations where the original criterion requires them.,SOURCE_AND_LOCAL_FIXTURE_ONLY_OR_NOT_IMPLEMENTED; NOT_NATIVE_QUALIFIED,,"No accepted switch/EVPN/MLAG/border implementation is part of these modules. Underlay addressing, management, measured interoperability, MTU and failures require the actual fabric engineering/build.",TO_BE_DECIDED_FOR_ACTUAL_SERVICE; NOT_AUTO_NA,PROPOSED_ENGINEERING_ALLOCATION_NOT_CONTROL_SATISFACTION
FAB-004/A02,FAB-004,"The fabric profile SHALL define addressing/routing authority, control-plane protection, MTU, fault convergence, management isolation, maintenance and measured scale before platform commissioning.",control-plane protection,Exact source span under the complete requirement; not a replacement normative statement,RA §5,Network engineering,"Physical leaf/spine/border configuration, provider route import/export, VTEP and multihoming control",NOT_IMPLEMENTED_IN_NATIVE_FABRIC_CODE,docs/engineering/TAD.md; sources/implementation_backlog.csv,Site engineering must name the actual native object/role/service and its accepted settings for: control-plane protection,CT-026; CT-032; CT-033; CT-034,Apply the referenced procedure to the actual enforcement location and this focus; include effective negative/failure observations where the original criterion requires them.,SOURCE_AND_LOCAL_FIXTURE_ONLY_OR_NOT_IMPLEMENTED; NOT_NATIVE_QUALIFIED,,"No accepted switch/EVPN/MLAG/border implementation is part of these modules. Underlay addressing, management, measured interoperability, MTU and failures require the actual fabric engineering/build.",TO_BE_DECIDED_FOR_ACTUAL_SERVICE; NOT_AUTO_NA,PROPOSED_ENGINEERING_ALLOCATION_NOT_CONTROL_SATISFACTION
FAB-004/A03,FAB-004,"The fabric profile SHALL define addressing/routing authority, control-plane protection, MTU, fault convergence, management isolation, maintenance and measured scale before platform commissioning.",MTU,Exact source span under the complete requirement; not a replacement normative statement,RA §5,Network engineering,"Physical leaf/spine/border configuration, provider route import/export, VTEP and multihoming control",NOT_IMPLEMENTED_IN_NATIVE_FABRIC_CODE,docs/engineering/TAD.md; sources/implementation_backlog.csv,Site engineering must name the actual native object/role/service and its accepted settings for: MTU,CT-026; CT-032; CT-033; CT-034,Apply the referenced procedure to the actual enforcement location and this focus; include effective negative/failure observations where the original criterion requires them.,SOURCE_AND_LOCAL_FIXTURE_ONLY_OR_NOT_IMPLEMENTED; NOT_NATIVE_QUALIFIED,,"No accepted switch/EVPN/MLAG/border implementation is part of these modules. Underlay addressing, management, measured interoperability, MTU and failures require the actual fabric engineering/build.",TO_BE_DECIDED_FOR_ACTUAL_SERVICE; NOT_AUTO_NA,PROPOSED_ENGINEERING_ALLOCATION_NOT_CONTROL_SATISFACTION
FAB-004/A04,FAB-004,"The fabric profile SHALL define addressing/routing authority, control-plane protection, MTU, fault convergence, management isolation, maintenance and measured scale before platform commissioning.",fault convergence,Exact source span under the complete requirement; not a replacement normative statement,RA §5,Network engineering,"Physical leaf/spine/border configuration, provider route import/export, VTEP and multihoming control",NOT_IMPLEMENTED_IN_NATIVE_FABRIC_CODE,docs/engineering/TAD.md; sources/implementation_backlog.csv,Site engineering must name the actual native object/role/service and its accepted settings for: fault convergence,CT-026; CT-032; CT-033; CT-034,Apply the referenced procedure to the actual enforcement location and this focus; include effective negative/failure observations where the original criterion requires them.,SOURCE_AND_LOCAL_FIXTURE_ONLY_OR_NOT_IMPLEMENTED; NOT_NATIVE_QUALIFIED,,"No accepted switch/EVPN/MLAG/border implementation is part of these modules. Underlay addressing, management, measured interoperability, MTU and failures require the actual fabric engineering/build.",TO_BE_DECIDED_FOR_ACTUAL_SERVICE; NOT_AUTO_NA,PROPOSED_ENGINEERING_ALLOCATION_NOT_CONTROL_SATISFACTION
FAB-004/A05,FAB-004,"The fabric profile SHALL define addressing/routing authority, control-plane protection, MTU, fault convergence, management isolation, maintenance and measured scale before platform commissioning.",management isolation,Exact source span under the complete requirement; not a replacement normative statement,RA §5,Network engineering,"Physical leaf/spine/border configuration, provider route import/export, VTEP and multihoming control",NOT_IMPLEMENTED_IN_NATIVE_FABRIC_CODE,docs/engineering/TAD.md; sources/implementation_backlog.csv,Site engineering must name the actual native object/role/service and its accepted settings for: management isolation,CT-026; CT-032; CT-033; CT-034,Apply the referenced procedure to the actual enforcement location and this focus; include effective negative/failure observations where the original criterion requires them.,SOURCE_AND_LOCAL_FIXTURE_ONLY_OR_NOT_IMPLEMENTED; NOT_NATIVE_QUALIFIED,,"No accepted switch/EVPN/MLAG/border implementation is part of these modules. Underlay addressing, management, measured interoperability, MTU and failures require the actual fabric engineering/build.",TO_BE_DECIDED_FOR_ACTUAL_SERVICE; NOT_AUTO_NA,PROPOSED_ENGINEERING_ALLOCATION_NOT_CONTROL_SATISFACTION
FAB-004/A06,FAB-004,"The fabric profile SHALL define addressing/routing authority, control-plane protection, MTU, fault convergence, management isolation, maintenance and measured scale before platform commissioning.",maintenance,Exact source span under the complete requirement; not a replacement normative statement,RA §5,Network engineering,"Physical leaf/spine/border configuration, provider route import/export, VTEP and multihoming control",NOT_IMPLEMENTED_IN_NATIVE_FABRIC_CODE,docs/engineering/TAD.md; sources/implementation_backlog.csv,Site engineering must name the actual native object/role/service and its accepted settings for: maintenance,CT-026; CT-032; CT-033; CT-034,Apply the referenced procedure to the actual enforcement location and this focus; include effective negative/failure observations where the original criterion requires them.,SOURCE_AND_LOCAL_FIXTURE_ONLY_OR_NOT_IMPLEMENTED; NOT_NATIVE_QUALIFIED,,"No accepted switch/EVPN/MLAG/border implementation is part of these modules. Underlay addressing, management, measured interoperability, MTU and failures require the actual fabric engineering/build.",TO_BE_DECIDED_FOR_ACTUAL_SERVICE; NOT_AUTO_NA,PROPOSED_ENGINEERING_ALLOCATION_NOT_CONTROL_SATISFACTION
FAB-004/A07,FAB-004,"The fabric profile SHALL define addressing/routing authority, control-plane protection, MTU, fault convergence, management isolation, maintenance and measured scale before platform commissioning.",measured scale,Exact source span under the complete requirement; not a replacement normative statement,RA §5,Network engineering,"Physical leaf/spine/border configuration, provider route import/export, VTEP and multihoming control",NOT_IMPLEMENTED_IN_NATIVE_FABRIC_CODE,docs/engineering/TAD.md; sources/implementation_backlog.csv,Site engineering must name the actual native object/role/service and its accepted settings for: measured scale,CT-026; CT-032; CT-033; CT-034,Apply the referenced procedure to the actual enforcement location and this focus; include effective negative/failure observations where the original criterion requires them.,SOURCE_AND_LOCAL_FIXTURE_ONLY_OR_NOT_IMPLEMENTED; NOT_NATIVE_QUALIFIED,,"No accepted switch/EVPN/MLAG/border implementation is part of these modules. Underlay addressing, management, measured interoperability, MTU and failures require the actual fabric engineering/build.",TO_BE_DECIDED_FOR_ACTUAL_SERVICE; NOT_AUTO_NA,PROPOSED_ENGINEERING_ALLOCATION_NOT_CONTROL_SATISFACTION
EVPN-001/A01,EVPN-001,"When EVPN is used, RD/RT/VNI, gateway and multihoming policies SHALL be provider-owned, collision-checked and domain-scoped; unapproved route imports SHALL be denied.","When EVPN is used, RD/RT/VNI, gateway and multihoming policies SHALL be provider-owned, collision-checked and domain-scoped",Exact source span under the complete requirement; not a replacement normative statement,RA §5,Network engineering,"Physical leaf/spine/border configuration, provider route import/export, VTEP and multihoming control",NOT_IMPLEMENTED_IN_NATIVE_FABRIC_CODE,docs/engineering/TAD.md; sources/implementation_backlog.csv,"Site engineering must name the actual native object/role/service and its accepted settings for: When EVPN is used, RD/RT/VNI, gateway and multihoming policies SHALL be provider-owned, collision-checked and domain-scoped",CT-009; CT-033; CT-072,Apply the referenced procedure to the actual enforcement location and this focus; include effective negative/failure observations where the original criterion requires them.,SOURCE_AND_LOCAL_FIXTURE_ONLY_OR_NOT_IMPLEMENTED; NOT_NATIVE_QUALIFIED,,"No accepted switch/EVPN/MLAG/border implementation is part of these modules. Underlay addressing, management, measured interoperability, MTU and failures require the actual fabric engineering/build.",TO_BE_DECIDED_FOR_ACTUAL_SERVICE; NOT_AUTO_NA,PROPOSED_ENGINEERING_ALLOCATION_NOT_CONTROL_SATISFACTION
EVPN-001/A02,EVPN-001,"When EVPN is used, RD/RT/VNI, gateway and multihoming policies SHALL be provider-owned, collision-checked and domain-scoped; unapproved route imports SHALL be denied.",unapproved route imports SHALL be denied.,Exact source span under the complete requirement; not a replacement normative statement,RA §5,Network engineering,"Physical leaf/spine/border configuration, provider route import/export, VTEP and multihoming control",NOT_IMPLEMENTED_IN_NATIVE_FABRIC_CODE,docs/engineering/TAD.md; sources/implementation_backlog.csv,Site engineering must name the actual native object/role/service and its accepted settings for: unapproved route imports SHALL be denied.,CT-009; CT-033; CT-072,Apply the referenced procedure to the actual enforcement location and this focus; include effective negative/failure observations where the original criterion requires them.,SOURCE_AND_LOCAL_FIXTURE_ONLY_OR_NOT_IMPLEMENTED; NOT_NATIVE_QUALIFIED,,"No accepted switch/EVPN/MLAG/border implementation is part of these modules. Underlay addressing, management, measured interoperability, MTU and failures require the actual fabric engineering/build.",TO_BE_DECIDED_FOR_ACTUAL_SERVICE; NOT_AUTO_NA,PROPOSED_ENGINEERING_ALLOCATION_NOT_CONTROL_SATISFACTION
EVPN-002/A01,EVPN-002,"Every multihoming and border interoperability profile SHALL be tested for split-brain, link/peer failure, MTU, route withdrawal and stateful-path behavior; vendor-specific MLAG interoperability SHALL NOT be assumed.",split-brain,Exact source span under the complete requirement; not a replacement normative statement,RA §5,Network engineering,"Physical leaf/spine/border configuration, provider route import/export, VTEP and multihoming control",NOT_IMPLEMENTED_IN_NATIVE_FABRIC_CODE,docs/engineering/TAD.md; sources/implementation_backlog.csv,Site engineering must name the actual native object/role/service and its accepted settings for: split-brain,CT-024; CT-032; CT-034,Apply the referenced procedure to the actual enforcement location and this focus; include effective negative/failure observations where the original criterion requires them.,SOURCE_AND_LOCAL_FIXTURE_ONLY_OR_NOT_IMPLEMENTED; NOT_NATIVE_QUALIFIED,,"No accepted switch/EVPN/MLAG/border implementation is part of these modules. Underlay addressing, management, measured interoperability, MTU and failures require the actual fabric engineering/build.",TO_BE_DECIDED_FOR_ACTUAL_SERVICE; NOT_AUTO_NA,PROPOSED_ENGINEERING_ALLOCATION_NOT_CONTROL_SATISFACTION
EVPN-002/A02,EVPN-002,"Every multihoming and border interoperability profile SHALL be tested for split-brain, link/peer failure, MTU, route withdrawal and stateful-path behavior; vendor-specific MLAG interoperability SHALL NOT be assumed.",link/peer failure,Exact source span under the complete requirement; not a replacement normative statement,RA §5,Network engineering,"Physical leaf/spine/border configuration, provider route import/export, VTEP and multihoming control",NOT_IMPLEMENTED_IN_NATIVE_FABRIC_CODE,docs/engineering/TAD.md; sources/implementation_backlog.csv,Site engineering must name the actual native object/role/service and its accepted settings for: link/peer failure,CT-024; CT-032; CT-034,Apply the referenced procedure to the actual enforcement location and this focus; include effective negative/failure observations where the original criterion requires them.,SOURCE_AND_LOCAL_FIXTURE_ONLY_OR_NOT_IMPLEMENTED; NOT_NATIVE_QUALIFIED,,"No accepted switch/EVPN/MLAG/border implementation is part of these modules. Underlay addressing, management, measured interoperability, MTU and failures require the actual fabric engineering/build.",TO_BE_DECIDED_FOR_ACTUAL_SERVICE; NOT_AUTO_NA,PROPOSED_ENGINEERING_ALLOCATION_NOT_CONTROL_SATISFACTION
EVPN-002/A03,EVPN-002,"Every multihoming and border interoperability profile SHALL be tested for split-brain, link/peer failure, MTU, route withdrawal and stateful-path behavior; vendor-specific MLAG interoperability SHALL NOT be assumed.",MTU,Exact source span under the complete requirement; not a replacement normative statement,RA §5,Network engineering,"Physical leaf/spine/border configuration, provider route import/export, VTEP and multihoming control",NOT_IMPLEMENTED_IN_NATIVE_FABRIC_CODE,docs/engineering/TAD.md; sources/implementation_backlog.csv,Site engineering must name the actual native object/role/service and its accepted settings for: MTU,CT-024; CT-032; CT-034,Apply the referenced procedure to the actual enforcement location and this focus; include effective negative/failure observations where the original criterion requires them.,SOURCE_AND_LOCAL_FIXTURE_ONLY_OR_NOT_IMPLEMENTED; NOT_NATIVE_QUALIFIED,,"No accepted switch/EVPN/MLAG/border implementation is part of these modules. Underlay addressing, management, measured interoperability, MTU and failures require the actual fabric engineering/build.",TO_BE_DECIDED_FOR_ACTUAL_SERVICE; NOT_AUTO_NA,PROPOSED_ENGINEERING_ALLOCATION_NOT_CONTROL_SATISFACTION
EVPN-002/A04,EVPN-002,"Every multihoming and border interoperability profile SHALL be tested for split-brain, link/peer failure, MTU, route withdrawal and stateful-path behavior; vendor-specific MLAG interoperability SHALL NOT be assumed.",route withdrawal,Exact source span under the complete requirement; not a replacement normative statement,RA §5,Network engineering,"Physical leaf/spine/border configuration, provider route import/export, VTEP and multihoming control",NOT_IMPLEMENTED_IN_NATIVE_FABRIC_CODE,docs/engineering/TAD.md; sources/implementation_backlog.csv,Site engineering must name the actual native object/role/service and its accepted settings for: route withdrawal,CT-024; CT-032; CT-034,Apply the referenced procedure to the actual enforcement location and this focus; include effective negative/failure observations where the original criterion requires them.,SOURCE_AND_LOCAL_FIXTURE_ONLY_OR_NOT_IMPLEMENTED; NOT_NATIVE_QUALIFIED,,"No accepted switch/EVPN/MLAG/border implementation is part of these modules. Underlay addressing, management, measured interoperability, MTU and failures require the actual fabric engineering/build.",TO_BE_DECIDED_FOR_ACTUAL_SERVICE; NOT_AUTO_NA,PROPOSED_ENGINEERING_ALLOCATION_NOT_CONTROL_SATISFACTION
EVPN-002/A05,EVPN-002,"Every multihoming and border interoperability profile SHALL be tested for split-brain, link/peer failure, MTU, route withdrawal and stateful-path behavior; vendor-specific MLAG interoperability SHALL NOT be assumed.",stateful-path behavior,Exact source span under the complete requirement; not a replacement normative statement,RA §5,Network engineering,"Physical leaf/spine/border configuration, provider route import/export, VTEP and multihoming control",NOT_IMPLEMENTED_IN_NATIVE_FABRIC_CODE,docs/engineering/TAD.md; sources/implementation_backlog.csv,Site engineering must name the actual native object/role/service and its accepted settings for: stateful-path behavior,CT-024; CT-032; CT-034,Apply the referenced procedure to the actual enforcement location and this focus; include effective negative/failure observations where the original criterion requires them.,SOURCE_AND_LOCAL_FIXTURE_ONLY_OR_NOT_IMPLEMENTED; NOT_NATIVE_QUALIFIED,,"No accepted switch/EVPN/MLAG/border implementation is part of these modules. Underlay addressing, management, measured interoperability, MTU and failures require the actual fabric engineering/build.",TO_BE_DECIDED_FOR_ACTUAL_SERVICE; NOT_AUTO_NA,PROPOSED_ENGINEERING_ALLOCATION_NOT_CONTROL_SATISFACTION
PORT-001/A01,PORT-001,Every platform SHALL publish a machine-readable capability profile and a tested implementation profile.,Every platform SHALL publish a machine-readable capability profile and a tested implementation profile.,Exact source span under the complete requirement; not a replacement normative statement,RA §15; RA §28,Platform engineering,Qualified platform capability/eligibility record and representative native service/exit campaigns,DOCUMENTED_QUALIFICATION_NOT_EXECUTED,docs/assurance/test-specifications.md; sources/implementation_backlog.csv,Site engineering must name the actual native object/role/service and its accepted settings for: Every platform SHALL publish a machine-readable capability profile and a tested implementation profile.,CT-015; CT-018; CT-080,Apply the referenced procedure to the actual enforcement location and this focus; include effective negative/failure observations where the original criterion requires them.,SOURCE_AND_LOCAL_FIXTURE_ONLY_OR_NOT_IMPLEMENTED; NOT_NATIVE_QUALIFIED,,"No active authoritative qualified-platform record, bare-metal/container implementation or complete first/second-platform and exit evidence is supplied; unsupported capability must stay ineligible.",TO_BE_DECIDED_FOR_ACTUAL_SERVICE; NOT_AUTO_NA,PROPOSED_ENGINEERING_ALLOCATION_NOT_CONTROL_SATISFACTION
PORT-002/A01,PORT-002,A placement decision SHALL fail rather than silently reduce a requested security or availability capability.,A placement decision SHALL fail rather than silently reduce a requested security or availability capability.,Exact source span under the complete requirement; not a replacement normative statement,RA §15; RA §28,Automation platform,Qualified platform capability/eligibility record and representative native service/exit campaigns,DOCUMENTED_QUALIFICATION_NOT_EXECUTED,docs/assurance/test-specifications.md; sources/implementation_backlog.csv,Site engineering must name the actual native object/role/service and its accepted settings for: A placement decision SHALL fail rather than silently reduce a requested security or availability capability.,CT-018; CT-061,Apply the referenced procedure to the actual enforcement location and this focus; include effective negative/failure observations where the original criterion requires them.,SOURCE_AND_LOCAL_FIXTURE_ONLY_OR_NOT_IMPLEMENTED; NOT_NATIVE_QUALIFIED,,"No active authoritative qualified-platform record, bare-metal/container implementation or complete first/second-platform and exit evidence is supplied; unsupported capability must stay ineligible.",TO_BE_DECIDED_FOR_ACTUAL_SERVICE; NOT_AUTO_NA,PROPOSED_ENGINEERING_ALLOCATION_NOT_CONTROL_SATISFACTION
PORT-003/A01,PORT-003,Platform-specific features MAY be exposed as optional extensions provided the WSD declares the dependency and portability impact.,Platform-specific features MAY be exposed as optional extensions provided the WSD declares the dependency and portability impact.,Exact source span under the complete requirement; not a replacement normative statement,RA §15; RA §28,Architecture authority,Qualified platform capability/eligibility record and representative native service/exit campaigns,DOCUMENTED_QUALIFICATION_NOT_EXECUTED,docs/assurance/test-specifications.md; sources/implementation_backlog.csv,Site engineering must name the actual native object/role/service and its accepted settings for: Platform-specific features MAY be exposed as optional extensions provided the WSD declares the dependency and portability impact.,CT-016; CT-060; CT-073,Apply the referenced procedure to the actual enforcement location and this focus; include effective negative/failure observations where the original criterion requires them.,SOURCE_AND_LOCAL_FIXTURE_ONLY_OR_NOT_IMPLEMENTED; NOT_NATIVE_QUALIFIED,,"No active authoritative qualified-platform record, bare-metal/container implementation or complete first/second-platform and exit evidence is supplied; unsupported capability must stay ineligible.",TO_BE_DECIDED_FOR_ACTUAL_SERVICE; NOT_AUTO_NA,PROPOSED_ENGINEERING_ALLOCATION_NOT_CONTROL_SATISFACTION
QUAL-001/A01,QUAL-001,"Production placement SHALL require a current qualified PlatformProfile containing the exact product/API/provider/hardware tuple, applicable features/licenses, tested limits, evidence and approval; a candidate or documentation snapshot SHALL be ineligible.",product/API/provider/hardware tuple,Exact source span under the complete requirement; not a replacement normative statement,RA §15; RA §28,Security authority,Qualified platform capability/eligibility record and representative native service/exit campaigns,DOCUMENTED_QUALIFICATION_NOT_EXECUTED,docs/assurance/test-specifications.md; sources/implementation_backlog.csv,Site engineering must name the actual native object/role/service and its accepted settings for: product/API/provider/hardware tuple,CT-015; CT-018; CT-069,Apply the referenced procedure to the actual enforcement location and this focus; include effective negative/failure observations where the original criterion requires them.,SOURCE_AND_LOCAL_FIXTURE_ONLY_OR_NOT_IMPLEMENTED; NOT_NATIVE_QUALIFIED,,"No active authoritative qualified-platform record, bare-metal/container implementation or complete first/second-platform and exit evidence is supplied; unsupported capability must stay ineligible.",TO_BE_DECIDED_FOR_ACTUAL_SERVICE; NOT_AUTO_NA,PROPOSED_ENGINEERING_ALLOCATION_NOT_CONTROL_SATISFACTION
QUAL-001/A02,QUAL-001,"Production placement SHALL require a current qualified PlatformProfile containing the exact product/API/provider/hardware tuple, applicable features/licenses, tested limits, evidence and approval; a candidate or documentation snapshot SHALL be ineligible.",features/licenses,Exact source span under the complete requirement; not a replacement normative statement,RA §15; RA §28,Security authority,Qualified platform capability/eligibility record and representative native service/exit campaigns,DOCUMENTED_QUALIFICATION_NOT_EXECUTED,docs/assurance/test-specifications.md; sources/implementation_backlog.csv,Site engineering must name the actual native object/role/service and its accepted settings for: features/licenses,CT-015; CT-018; CT-069,Apply the referenced procedure to the actual enforcement location and this focus; include effective negative/failure observations where the original criterion requires them.,SOURCE_AND_LOCAL_FIXTURE_ONLY_OR_NOT_IMPLEMENTED; NOT_NATIVE_QUALIFIED,,"No active authoritative qualified-platform record, bare-metal/container implementation or complete first/second-platform and exit evidence is supplied; unsupported capability must stay ineligible.",TO_BE_DECIDED_FOR_ACTUAL_SERVICE; NOT_AUTO_NA,PROPOSED_ENGINEERING_ALLOCATION_NOT_CONTROL_SATISFACTION
QUAL-001/A03,QUAL-001,"Production placement SHALL require a current qualified PlatformProfile containing the exact product/API/provider/hardware tuple, applicable features/licenses, tested limits, evidence and approval; a candidate or documentation snapshot SHALL be ineligible.",tested limits,Exact source span under the complete requirement; not a replacement normative statement,RA §15; RA §28,Security authority,Qualified platform capability/eligibility record and representative native service/exit campaigns,DOCUMENTED_QUALIFICATION_NOT_EXECUTED,docs/assurance/test-specifications.md; sources/implementation_backlog.csv,Site engineering must name the actual native object/role/service and its accepted settings for: tested limits,CT-015; CT-018; CT-069,Apply the referenced procedure to the actual enforcement location and this focus; include effective negative/failure observations where the original criterion requires them.,SOURCE_AND_LOCAL_FIXTURE_ONLY_OR_NOT_IMPLEMENTED; NOT_NATIVE_QUALIFIED,,"No active authoritative qualified-platform record, bare-metal/container implementation or complete first/second-platform and exit evidence is supplied; unsupported capability must stay ineligible.",TO_BE_DECIDED_FOR_ACTUAL_SERVICE; NOT_AUTO_NA,PROPOSED_ENGINEERING_ALLOCATION_NOT_CONTROL_SATISFACTION
QUAL-001/A04,QUAL-001,"Production placement SHALL require a current qualified PlatformProfile containing the exact product/API/provider/hardware tuple, applicable features/licenses, tested limits, evidence and approval; a candidate or documentation snapshot SHALL be ineligible.",evidence,Exact source span under the complete requirement; not a replacement normative statement,RA §15; RA §28,Security authority,Qualified platform capability/eligibility record and representative native service/exit campaigns,DOCUMENTED_QUALIFICATION_NOT_EXECUTED,docs/assurance/test-specifications.md; sources/implementation_backlog.csv,Site engineering must name the actual native object/role/service and its accepted settings for: evidence,CT-015; CT-018; CT-069,Apply the referenced procedure to the actual enforcement location and this focus; include effective negative/failure observations where the original criterion requires them.,SOURCE_AND_LOCAL_FIXTURE_ONLY_OR_NOT_IMPLEMENTED; NOT_NATIVE_QUALIFIED,,"No active authoritative qualified-platform record, bare-metal/container implementation or complete first/second-platform and exit evidence is supplied; unsupported capability must stay ineligible.",TO_BE_DECIDED_FOR_ACTUAL_SERVICE; NOT_AUTO_NA,PROPOSED_ENGINEERING_ALLOCATION_NOT_CONTROL_SATISFACTION
QUAL-001/A05,QUAL-001,"Production placement SHALL require a current qualified PlatformProfile containing the exact product/API/provider/hardware tuple, applicable features/licenses, tested limits, evidence and approval; a candidate or documentation snapshot SHALL be ineligible.",approval,Exact source span under the complete requirement; not a replacement normative statement,RA §15; RA §28,Security authority,Qualified platform capability/eligibility record and representative native service/exit campaigns,DOCUMENTED_QUALIFICATION_NOT_EXECUTED,docs/assurance/test-specifications.md; sources/implementation_backlog.csv,Site engineering must name the actual native object/role/service and its accepted settings for: approval,CT-015; CT-018; CT-069,Apply the referenced procedure to the actual enforcement location and this focus; include effective negative/failure observations where the original criterion requires them.,SOURCE_AND_LOCAL_FIXTURE_ONLY_OR_NOT_IMPLEMENTED; NOT_NATIVE_QUALIFIED,,"No active authoritative qualified-platform record, bare-metal/container implementation or complete first/second-platform and exit evidence is supplied; unsupported capability must stay ineligible.",TO_BE_DECIDED_FOR_ACTUAL_SERVICE; NOT_AUTO_NA,PROPOSED_ENGINEERING_ALLOCATION_NOT_CONTROL_SATISFACTION
NUT-001/A01,NUT-001,New Nutanix automation SHOULD use current supported v2/v4-backed provider resources where those resources satisfy the requirement; legacy resources require an explicit compatibility rationale.,New Nutanix automation SHOULD use current supported v2/v4-backed provider resources where those resources satisfy the requirement,Exact source span under the complete requirement; not a replacement normative statement,RA §16,Platform engineering,"Nutanix Prism/AOS/Flow native VPC, external attachment and mandatory category authority",PARTIAL_NATIVE_CANDIDATE_NOT_QUALIFIED,terraform/modules/nutanix-domain/main.tf.json; terraform/modules/nutanix-route/main.tf.json; tools/nutanix_observe.py,Site engineering must name the actual native object/role/service and its accepted settings for: New Nutanix automation SHOULD use current supported v2/v4-backed provider resources where those resources satisfy the requirement,CT-015; CT-018,Apply the referenced procedure to the actual enforcement location and this focus; include effective negative/failure observations where the original criterion requires them.,SOURCE_AND_LOCAL_FIXTURE_ONLY_OR_NOT_IMPLEMENTED; NOT_NATIVE_QUALIFIED,,Exact installed AOS/Prism/Flow/API/provider/entitlement and route/selector/asynchronous behaviour remain unqualified; selected resources do not prove a complete ZIP or protected category authority.,TO_BE_DECIDED_FOR_ACTUAL_SERVICE; NOT_AUTO_NA,PROPOSED_ENGINEERING_ALLOCATION_NOT_CONTROL_SATISFACTION
NUT-001/A02,NUT-001,New Nutanix automation SHOULD use current supported v2/v4-backed provider resources where those resources satisfy the requirement; legacy resources require an explicit compatibility rationale.,legacy resources require an explicit compatibility rationale.,Exact source span under the complete requirement; not a replacement normative statement,RA §16,Platform engineering,"Nutanix Prism/AOS/Flow native VPC, external attachment and mandatory category authority",PARTIAL_NATIVE_CANDIDATE_NOT_QUALIFIED,terraform/modules/nutanix-domain/main.tf.json; terraform/modules/nutanix-route/main.tf.json; tools/nutanix_observe.py,Site engineering must name the actual native object/role/service and its accepted settings for: legacy resources require an explicit compatibility rationale.,CT-015; CT-018,Apply the referenced procedure to the actual enforcement location and this focus; include effective negative/failure observations where the original criterion requires them.,SOURCE_AND_LOCAL_FIXTURE_ONLY_OR_NOT_IMPLEMENTED; NOT_NATIVE_QUALIFIED,,Exact installed AOS/Prism/Flow/API/provider/entitlement and route/selector/asynchronous behaviour remain unqualified; selected resources do not prove a complete ZIP or protected category authority.,TO_BE_DECIDED_FOR_ACTUAL_SERVICE; NOT_AUTO_NA,PROPOSED_ENGINEERING_ALLOCATION_NOT_CONTROL_SATISFACTION
NUT-002/A01,NUT-002,Nutanix VPC internal routing SHALL NOT be used to bypass a required inter-zone ZIP.,Nutanix VPC internal routing SHALL NOT be used to bypass a required inter-zone ZIP.,Exact source span under the complete requirement; not a replacement normative statement,RA §16,Platform engineering,"Nutanix Prism/AOS/Flow native VPC, external attachment and mandatory category authority",PARTIAL_NATIVE_CANDIDATE_NOT_QUALIFIED,terraform/modules/nutanix-domain/main.tf.json; terraform/modules/nutanix-route/main.tf.json; tools/nutanix_observe.py,Site engineering must name the actual native object/role/service and its accepted settings for: Nutanix VPC internal routing SHALL NOT be used to bypass a required inter-zone ZIP.,CT-003; CT-023; CT-024,Apply the referenced procedure to the actual enforcement location and this focus; include effective negative/failure observations where the original criterion requires them.,SOURCE_AND_LOCAL_FIXTURE_ONLY_OR_NOT_IMPLEMENTED; NOT_NATIVE_QUALIFIED,,Exact installed AOS/Prism/Flow/API/provider/entitlement and route/selector/asynchronous behaviour remain unqualified; selected resources do not prove a complete ZIP or protected category authority.,TO_BE_DECIDED_FOR_ACTUAL_SERVICE; NOT_AUTO_NA,PROPOSED_ENGINEERING_ALLOCATION_NOT_CONTROL_SATISFACTION
NUT-003/A01,NUT-003,Provider-managed categories/metadata used for security SHALL be protected from tenant modification.,Provider-managed categories/metadata used for security SHALL be protected from tenant modification.,Exact source span under the complete requirement; not a replacement normative statement,RA §16,Platform engineering,"Nutanix Prism/AOS/Flow native VPC, external attachment and mandatory category authority",PARTIAL_NATIVE_CANDIDATE_NOT_QUALIFIED,terraform/modules/nutanix-domain/main.tf.json; terraform/modules/nutanix-route/main.tf.json; tools/nutanix_observe.py,Site engineering must name the actual native object/role/service and its accepted settings for: Provider-managed categories/metadata used for security SHALL be protected from tenant modification.,CT-020; CT-066,Apply the referenced procedure to the actual enforcement location and this focus; include effective negative/failure observations where the original criterion requires them.,SOURCE_AND_LOCAL_FIXTURE_ONLY_OR_NOT_IMPLEMENTED; NOT_NATIVE_QUALIFIED,,Exact installed AOS/Prism/Flow/API/provider/entitlement and route/selector/asynchronous behaviour remain unqualified; selected resources do not prove a complete ZIP or protected category authority.,TO_BE_DECIDED_FOR_ACTUAL_SERVICE; NOT_AUTO_NA,PROPOSED_ENGINEERING_ALLOCATION_NOT_CONTROL_SATISFACTION
NUT-004/A01,NUT-004,"The Nutanix profile SHALL qualify the actual AOS/Prism/Flow/provider tuple and external-attachment behavior; unresolved licensing, routing, policy precedence or asynchronous realization limitations SHALL block the affected capability.",The Nutanix profile SHALL qualify the actual AOS/Prism/Flow/provider tuple and external-attachment behavior,Exact source span under the complete requirement; not a replacement normative statement,RA §16,Platform engineering,"Nutanix Prism/AOS/Flow native VPC, external attachment and mandatory category authority",PARTIAL_NATIVE_CANDIDATE_NOT_QUALIFIED,terraform/modules/nutanix-domain/main.tf.json; terraform/modules/nutanix-route/main.tf.json; tools/nutanix_observe.py,Site engineering must name the actual native object/role/service and its accepted settings for: The Nutanix profile SHALL qualify the actual AOS/Prism/Flow/provider tuple and external-attachment behavior,CT-015; CT-023; CT-045; CT-080,Apply the referenced procedure to the actual enforcement location and this focus; include effective negative/failure observations where the original criterion requires them.,SOURCE_AND_LOCAL_FIXTURE_ONLY_OR_NOT_IMPLEMENTED; NOT_NATIVE_QUALIFIED,,Exact installed AOS/Prism/Flow/API/provider/entitlement and route/selector/asynchronous behaviour remain unqualified; selected resources do not prove a complete ZIP or protected category authority.,TO_BE_DECIDED_FOR_ACTUAL_SERVICE; NOT_AUTO_NA,PROPOSED_ENGINEERING_ALLOCATION_NOT_CONTROL_SATISFACTION
NUT-004/A02,NUT-004,"The Nutanix profile SHALL qualify the actual AOS/Prism/Flow/provider tuple and external-attachment behavior; unresolved licensing, routing, policy precedence or asynchronous realization limitations SHALL block the affected capability.","unresolved licensing, routing, policy precedence or asynchronous realization limitations SHALL block the affected capability.",Exact source span under the complete requirement; not a replacement normative statement,RA §16,Platform engineering,"Nutanix Prism/AOS/Flow native VPC, external attachment and mandatory category authority",PARTIAL_NATIVE_CANDIDATE_NOT_QUALIFIED,terraform/modules/nutanix-domain/main.tf.json; terraform/modules/nutanix-route/main.tf.json; tools/nutanix_observe.py,"Site engineering must name the actual native object/role/service and its accepted settings for: unresolved licensing, routing, policy precedence or asynchronous realization limitations SHALL block the affected capability.",CT-015; CT-023; CT-045; CT-080,Apply the referenced procedure to the actual enforcement location and this focus; include effective negative/failure observations where the original criterion requires them.,SOURCE_AND_LOCAL_FIXTURE_ONLY_OR_NOT_IMPLEMENTED; NOT_NATIVE_QUALIFIED,,Exact installed AOS/Prism/Flow/API/provider/entitlement and route/selector/asynchronous behaviour remain unqualified; selected resources do not prove a complete ZIP or protected category authority.,TO_BE_DECIDED_FOR_ACTUAL_SERVICE; NOT_AUTO_NA,PROPOSED_ENGINEERING_ALLOCATION_NOT_CONTROL_SATISFACTION
NSX-001/A01,NSX-001,An NSX implementation SHALL keep tenant/project policy distinct from provider/global management and security policy.,An NSX implementation SHALL keep tenant/project policy distinct from provider/global management and security policy.,Exact source span under the complete requirement; not a replacement normative statement,RA §17,Platform engineering,"NSX manager/global-domain permissions, distributed and gateway rules, Tier-1/Tier-0/VRF and Edge forwarding",PARTIAL_NATIVE_CANDIDATE_NOT_QUALIFIED,terraform/modules/nsx-domain/main.tf.json; terraform/modules/nsx-gateway-quarantine/main.tf.json; tools/nsx_observe.py,Site engineering must name the actual native object/role/service and its accepted settings for: An NSX implementation SHALL keep tenant/project policy distinct from provider/global management and security policy.,CT-019; CT-020; CT-066,Apply the referenced procedure to the actual enforcement location and this focus; include effective negative/failure observations where the original criterion requires them.,SOURCE_AND_LOCAL_FIXTURE_ONLY_OR_NOT_IMPLEMENTED; NOT_NATIVE_QUALIFIED,,"No complete Tier-0/VRF/Edge foundation or applicable global/tenant rule inventory is deployed; aggregate realization is not effective policy, same-host isolation or native HA evidence.",TO_BE_DECIDED_FOR_ACTUAL_SERVICE; NOT_AUTO_NA,PROPOSED_ENGINEERING_ALLOCATION_NOT_CONTROL_SATISFACTION
NSX-002/A01,NSX-002,Gateway policy used for zone transitions SHALL be generated from portable Flow/ZIP intent rather than manually duplicated per workload.,Gateway policy used for zone transitions SHALL be generated from portable Flow/ZIP intent rather than manually duplicated per workload.,Exact source span under the complete requirement; not a replacement normative statement,RA §17,Platform engineering,"NSX manager/global-domain permissions, distributed and gateway rules, Tier-1/Tier-0/VRF and Edge forwarding",PARTIAL_NATIVE_CANDIDATE_NOT_QUALIFIED,terraform/modules/nsx-domain/main.tf.json; terraform/modules/nsx-gateway-quarantine/main.tf.json; tools/nsx_observe.py,Site engineering must name the actual native object/role/service and its accepted settings for: Gateway policy used for zone transitions SHALL be generated from portable Flow/ZIP intent rather than manually duplicated per workload.,CT-003; CT-007; CT-009,Apply the referenced procedure to the actual enforcement location and this focus; include effective negative/failure observations where the original criterion requires them.,SOURCE_AND_LOCAL_FIXTURE_ONLY_OR_NOT_IMPLEMENTED; NOT_NATIVE_QUALIFIED,,"No complete Tier-0/VRF/Edge foundation or applicable global/tenant rule inventory is deployed; aggregate realization is not effective policy, same-host isolation or native HA evidence.",TO_BE_DECIDED_FOR_ACTUAL_SERVICE; NOT_AUTO_NA,PROPOSED_ENGINEERING_ALLOCATION_NOT_CONTROL_SATISFACTION
NSX-003/A01,NSX-003,"The NSX profile SHALL identify actual routing and enforcement components, global/project authority and policy precedence, and SHALL qualify their behavior on the selected product/provider tuple rather than equating a Tier-1 or project with a ZIP.","The NSX profile SHALL identify actual routing and enforcement components, global/project authority and policy precedence, and SHALL qualify their behavior on the selected product/provider tuple rather than equating a Tier-1 or project with a ZIP.",Exact source span under the complete requirement; not a replacement normative statement,RA §17,Platform engineering,"NSX manager/global-domain permissions, distributed and gateway rules, Tier-1/Tier-0/VRF and Edge forwarding",PARTIAL_NATIVE_CANDIDATE_NOT_QUALIFIED,terraform/modules/nsx-domain/main.tf.json; terraform/modules/nsx-gateway-quarantine/main.tf.json; tools/nsx_observe.py,"Site engineering must name the actual native object/role/service and its accepted settings for: The NSX profile SHALL identify actual routing and enforcement components, global/project authority and policy precedence, and SHALL qualify their behavior on the selected product/provider tuple rather than equating a Tier-1 or project with a ZIP.",CT-003; CT-015; CT-024; CT-080,Apply the referenced procedure to the actual enforcement location and this focus; include effective negative/failure observations where the original criterion requires them.,SOURCE_AND_LOCAL_FIXTURE_ONLY_OR_NOT_IMPLEMENTED; NOT_NATIVE_QUALIFIED,,"No complete Tier-0/VRF/Edge foundation or applicable global/tenant rule inventory is deployed; aggregate realization is not effective policy, same-host isolation or native HA evidence.",TO_BE_DECIDED_FOR_ACTUAL_SERVICE; NOT_AUTO_NA,PROPOSED_ENGINEERING_ALLOCATION_NOT_CONTROL_SATISFACTION
OS-001/A01,OS-001,Default OpenStack security-group behaviour SHALL be reviewed and normalized to the secure-by-default service baseline.,Default OpenStack security-group behaviour SHALL be reviewed and normalized to the secure-by-default service baseline.,Exact source span under the complete requirement; not a replacement normative statement,RA §18,Platform engineering,"OpenStack Keystone API policy, Neutron backend domain/router/ports and external-network authority",PARTIAL_NATIVE_CANDIDATE_NOT_QUALIFIED,terraform/modules/openstack-domain/main.tf.json; terraform/modules/openstack-workload/main.tf.json; tools/neutron_observe.py,Site engineering must name the actual native object/role/service and its accepted settings for: Default OpenStack security-group behaviour SHALL be reviewed and normalized to the secure-by-default service baseline.,CT-005; CT-021; CT-066,Apply the referenced procedure to the actual enforcement location and this focus; include effective negative/failure observations where the original criterion requires them.,SOURCE_AND_LOCAL_FIXTURE_ONLY_OR_NOT_IMPLEMENTED; NOT_NATIVE_QUALIFIED,,"Disabled ports/router and empty-group source is not the actual delegated-role proof, backend qualification, supported distribution/extensions or full stateful ZIP implementation.",TO_BE_DECIDED_FOR_ACTUAL_SERVICE; NOT_AUTO_NA,PROPOSED_ENGINEERING_ALLOCATION_NOT_CONTROL_SATISFACTION
OS-002/A01,OS-002,Provider networks and external-router capabilities SHALL remain provider controlled and SHALL not become unrestricted tenant escape paths.,Provider networks and external-router capabilities SHALL remain provider controlled and SHALL not become unrestricted tenant escape paths.,Exact source span under the complete requirement; not a replacement normative statement,RA §18,Platform engineering,"OpenStack Keystone API policy, Neutron backend domain/router/ports and external-network authority",PARTIAL_NATIVE_CANDIDATE_NOT_QUALIFIED,terraform/modules/openstack-domain/main.tf.json; terraform/modules/openstack-workload/main.tf.json; tools/neutron_observe.py,Site engineering must name the actual native object/role/service and its accepted settings for: Provider networks and external-router capabilities SHALL remain provider controlled and SHALL not become unrestricted tenant escape paths.,CT-019; CT-022; CT-023,Apply the referenced procedure to the actual enforcement location and this focus; include effective negative/failure observations where the original criterion requires them.,SOURCE_AND_LOCAL_FIXTURE_ONLY_OR_NOT_IMPLEMENTED; NOT_NATIVE_QUALIFIED,,"Disabled ports/router and empty-group source is not the actual delegated-role proof, backend qualification, supported distribution/extensions or full stateful ZIP implementation.",TO_BE_DECIDED_FOR_ACTUAL_SERVICE; NOT_AUTO_NA,PROPOSED_ENGINEERING_ALLOCATION_NOT_CONTROL_SATISFACTION
OS-003/A01,OS-003,"The OpenStack profile SHALL record distribution, service/API versions, Neutron backend/extensions and provider authority over external/port-security operations; native routing or editable security groups SHALL NOT be assumed to satisfy all ZIP functions.","The OpenStack profile SHALL record distribution, service/API versions, Neutron backend/extensions and provider authority over external/port-security operations",Exact source span under the complete requirement; not a replacement normative statement,RA §18,Platform engineering,"OpenStack Keystone API policy, Neutron backend domain/router/ports and external-network authority",PARTIAL_NATIVE_CANDIDATE_NOT_QUALIFIED,terraform/modules/openstack-domain/main.tf.json; terraform/modules/openstack-workload/main.tf.json; tools/neutron_observe.py,"Site engineering must name the actual native object/role/service and its accepted settings for: The OpenStack profile SHALL record distribution, service/API versions, Neutron backend/extensions and provider authority over external/port-security operations",CT-015; CT-018; CT-022; CT-080,Apply the referenced procedure to the actual enforcement location and this focus; include effective negative/failure observations where the original criterion requires them.,SOURCE_AND_LOCAL_FIXTURE_ONLY_OR_NOT_IMPLEMENTED; NOT_NATIVE_QUALIFIED,,"Disabled ports/router and empty-group source is not the actual delegated-role proof, backend qualification, supported distribution/extensions or full stateful ZIP implementation.",TO_BE_DECIDED_FOR_ACTUAL_SERVICE; NOT_AUTO_NA,PROPOSED_ENGINEERING_ALLOCATION_NOT_CONTROL_SATISFACTION
OS-003/A02,OS-003,"The OpenStack profile SHALL record distribution, service/API versions, Neutron backend/extensions and provider authority over external/port-security operations; native routing or editable security groups SHALL NOT be assumed to satisfy all ZIP functions.",native routing or editable security groups SHALL NOT be assumed to satisfy all ZIP functions.,Exact source span under the complete requirement; not a replacement normative statement,RA §18,Platform engineering,"OpenStack Keystone API policy, Neutron backend domain/router/ports and external-network authority",PARTIAL_NATIVE_CANDIDATE_NOT_QUALIFIED,terraform/modules/openstack-domain/main.tf.json; terraform/modules/openstack-workload/main.tf.json; tools/neutron_observe.py,Site engineering must name the actual native object/role/service and its accepted settings for: native routing or editable security groups SHALL NOT be assumed to satisfy all ZIP functions.,CT-015; CT-018; CT-022; CT-080,Apply the referenced procedure to the actual enforcement location and this focus; include effective negative/failure observations where the original criterion requires them.,SOURCE_AND_LOCAL_FIXTURE_ONLY_OR_NOT_IMPLEMENTED; NOT_NATIVE_QUALIFIED,,"Disabled ports/router and empty-group source is not the actual delegated-role proof, backend qualification, supported distribution/extensions or full stateful ZIP implementation.",TO_BE_DECIDED_FOR_ACTUAL_SERVICE; NOT_AUTO_NA,PROPOSED_ENGINEERING_ALLOCATION_NOT_CONTROL_SATISFACTION
FUT-001/A01,FUT-001,A new platform SHALL pass the applicable conformance suite before it is approved for production placement.,A new platform SHALL pass the applicable conformance suite before it is approved for production placement.,Exact source span under the complete requirement; not a replacement normative statement,RA §19,Platform engineering,Qualified platform capability/eligibility record and representative native service/exit campaigns,DOCUMENTED_QUALIFICATION_NOT_EXECUTED,docs/assurance/test-specifications.md; sources/implementation_backlog.csv,Site engineering must name the actual native object/role/service and its accepted settings for: A new platform SHALL pass the applicable conformance suite before it is approved for production placement.,CT-015; CT-018; CT-065; CT-080,Apply the referenced procedure to the actual enforcement location and this focus; include effective negative/failure observations where the original criterion requires them.,SOURCE_AND_LOCAL_FIXTURE_ONLY_OR_NOT_IMPLEMENTED; NOT_NATIVE_QUALIFIED,,"No active authoritative qualified-platform record, bare-metal/container implementation or complete first/second-platform and exit evidence is supplied; unsupported capability must stay ineligible.",TO_BE_DECIDED_FOR_ACTUAL_SERVICE; NOT_AUTO_NA,PROPOSED_ENGINEERING_ALLOCATION_NOT_CONTROL_SATISFACTION
FUT-002/A01,FUT-002,A platform SHALL declare unsupported capabilities explicitly; unsupported capabilities SHALL NOT be emulated by weakening a mandatory control.,A platform SHALL declare unsupported capabilities explicitly,Exact source span under the complete requirement; not a replacement normative statement,RA §19,Platform engineering,Qualified platform capability/eligibility record and representative native service/exit campaigns,DOCUMENTED_QUALIFICATION_NOT_EXECUTED,docs/assurance/test-specifications.md; sources/implementation_backlog.csv,Site engineering must name the actual native object/role/service and its accepted settings for: A platform SHALL declare unsupported capabilities explicitly,CT-018; CT-065,Apply the referenced procedure to the actual enforcement location and this focus; include effective negative/failure observations where the original criterion requires them.,SOURCE_AND_LOCAL_FIXTURE_ONLY_OR_NOT_IMPLEMENTED; NOT_NATIVE_QUALIFIED,,"No active authoritative qualified-platform record, bare-metal/container implementation or complete first/second-platform and exit evidence is supplied; unsupported capability must stay ineligible.",TO_BE_DECIDED_FOR_ACTUAL_SERVICE; NOT_AUTO_NA,PROPOSED_ENGINEERING_ALLOCATION_NOT_CONTROL_SATISFACTION
FUT-002/A02,FUT-002,A platform SHALL declare unsupported capabilities explicitly; unsupported capabilities SHALL NOT be emulated by weakening a mandatory control.,unsupported capabilities SHALL NOT be emulated by weakening a mandatory control.,Exact source span under the complete requirement; not a replacement normative statement,RA §19,Platform engineering,Qualified platform capability/eligibility record and representative native service/exit campaigns,DOCUMENTED_QUALIFICATION_NOT_EXECUTED,docs/assurance/test-specifications.md; sources/implementation_backlog.csv,Site engineering must name the actual native object/role/service and its accepted settings for: unsupported capabilities SHALL NOT be emulated by weakening a mandatory control.,CT-018; CT-065,Apply the referenced procedure to the actual enforcement location and this focus; include effective negative/failure observations where the original criterion requires them.,SOURCE_AND_LOCAL_FIXTURE_ONLY_OR_NOT_IMPLEMENTED; NOT_NATIVE_QUALIFIED,,"No active authoritative qualified-platform record, bare-metal/container implementation or complete first/second-platform and exit evidence is supplied; unsupported capability must stay ineligible.",TO_BE_DECIDED_FOR_ACTUAL_SERVICE; NOT_AUTO_NA,PROPOSED_ENGINEERING_ALLOCATION_NOT_CONTROL_SATISFACTION
FUT-003/A01,FUT-003,"Bare-metal and container profiles SHALL explicitly qualify host/control-plane, network, storage and lifecycle isolation; namespaces, projects and physical VRFs SHALL NOT alone be accepted as evidence of a complete security boundary.","Bare-metal and container profiles SHALL explicitly qualify host/control-plane, network, storage and lifecycle isolation",Exact source span under the complete requirement; not a replacement normative statement,RA §19,Platform engineering,Qualified platform capability/eligibility record and representative native service/exit campaigns,DOCUMENTED_QUALIFICATION_NOT_EXECUTED,docs/assurance/test-specifications.md; sources/implementation_backlog.csv,"Site engineering must name the actual native object/role/service and its accepted settings for: Bare-metal and container profiles SHALL explicitly qualify host/control-plane, network, storage and lifecycle isolation",CT-035; CT-037; CT-059; CT-065; CT-072,Apply the referenced procedure to the actual enforcement location and this focus; include effective negative/failure observations where the original criterion requires them.,SOURCE_AND_LOCAL_FIXTURE_ONLY_OR_NOT_IMPLEMENTED; NOT_NATIVE_QUALIFIED,,"No active authoritative qualified-platform record, bare-metal/container implementation or complete first/second-platform and exit evidence is supplied; unsupported capability must stay ineligible.",TO_BE_DECIDED_FOR_ACTUAL_SERVICE; NOT_AUTO_NA,PROPOSED_ENGINEERING_ALLOCATION_NOT_CONTROL_SATISFACTION
FUT-003/A02,FUT-003,"Bare-metal and container profiles SHALL explicitly qualify host/control-plane, network, storage and lifecycle isolation; namespaces, projects and physical VRFs SHALL NOT alone be accepted as evidence of a complete security boundary.","namespaces, projects and physical VRFs SHALL NOT alone be accepted as evidence of a complete security boundary.",Exact source span under the complete requirement; not a replacement normative statement,RA §19,Platform engineering,Qualified platform capability/eligibility record and representative native service/exit campaigns,DOCUMENTED_QUALIFICATION_NOT_EXECUTED,docs/assurance/test-specifications.md; sources/implementation_backlog.csv,"Site engineering must name the actual native object/role/service and its accepted settings for: namespaces, projects and physical VRFs SHALL NOT alone be accepted as evidence of a complete security boundary.",CT-035; CT-037; CT-059; CT-065; CT-072,Apply the referenced procedure to the actual enforcement location and this focus; include effective negative/failure observations where the original criterion requires them.,SOURCE_AND_LOCAL_FIXTURE_ONLY_OR_NOT_IMPLEMENTED; NOT_NATIVE_QUALIFIED,,"No active authoritative qualified-platform record, bare-metal/container implementation or complete first/second-platform and exit evidence is supplied; unsupported capability must stay ineligible.",TO_BE_DECIDED_FOR_ACTUAL_SERVICE; NOT_AUTO_NA,PROPOSED_ENGINEERING_ALLOCATION_NOT_CONTROL_SATISFACTION
API-001/A01,API-001,The portable API SHALL be versioned and backward-compatibility rules SHALL be published.,The portable API SHALL be versioned and backward-compatibility rules SHALL be published.,Exact source span under the complete requirement; not a replacement normative statement,RA §23; RA §24,Automation platform,Existing authorized service interface and scoped execution workflow before native side effects; native plan/readback layer,PARTIAL_OFFLINE_AND_SERVICE_CLIENT_CHECKS,tools/input_review.py; tools/plan_review.py; tools/dns_change.py; tools/recovery_review.py,Site engineering must name the actual native object/role/service and its accepted settings for: The portable API SHALL be versioned and backward-compatibility rules SHALL be published.,CT-016; CT-070,Apply the referenced procedure to the actual enforcement location and this focus; include effective negative/failure observations where the original criterion requires them.,SOURCE_AND_LOCAL_FIXTURE_ONLY_OR_NOT_IMPLEMENTED; NOT_NATIVE_QUALIFIED,,"These independent tools do not implement a complete catalogue/API, authoritative immutable status, quota/reservation, admission workflow or actual writer fencing. No bespoke controller is assumed necessary; an accepted existing interface can own those controls.",TO_BE_DECIDED_FOR_ACTUAL_SERVICE; NOT_AUTO_NA,PROPOSED_ENGINEERING_ALLOCATION_NOT_CONTROL_SATISFACTION
API-002/A01,API-002,"Vendor identifiers, VLAN/VNI/VRF details, route targets, raw firewall rules and raw next-hop routes SHALL NOT be part of the normal consumer contract.","Vendor identifiers, VLAN/VNI/VRF details, route targets, raw firewall rules and raw next-hop routes SHALL NOT be part of the normal consumer contract.",Exact source span under the complete requirement; not a replacement normative statement,RA §23; RA §24,Automation platform,Existing authorized service interface and scoped execution workflow before native side effects; native plan/readback layer,PARTIAL_OFFLINE_AND_SERVICE_CLIENT_CHECKS,tools/input_review.py; tools/plan_review.py; tools/dns_change.py; tools/recovery_review.py,"Site engineering must name the actual native object/role/service and its accepted settings for: Vendor identifiers, VLAN/VNI/VRF details, route targets, raw firewall rules and raw next-hop routes SHALL NOT be part of the normal consumer contract.",CT-017; CT-019,Apply the referenced procedure to the actual enforcement location and this focus; include effective negative/failure observations where the original criterion requires them.,SOURCE_AND_LOCAL_FIXTURE_ONLY_OR_NOT_IMPLEMENTED; NOT_NATIVE_QUALIFIED,,"These independent tools do not implement a complete catalogue/API, authoritative immutable status, quota/reservation, admission workflow or actual writer fencing. No bespoke controller is assumed necessary; an accepted existing interface can own those controls.",TO_BE_DECIDED_FOR_ACTUAL_SERVICE; NOT_AUTO_NA,PROPOSED_ENGINEERING_ALLOCATION_NOT_CONTROL_SATISFACTION
API-003/A01,API-003,"Where a consumer-facing provisioning API is provided, it SHALL enforce immutable IDs, idempotent create, optimistic concurrency, typed/closed schemas, authorized references and authoritative service-owned status; stale or unauthorized updates SHALL fail before side effects. These controls MAY be implemented by an existing qualified service interface.",immutable IDs,Exact source span under the complete requirement; not a replacement normative statement,RA §23; RA §24,Automation platform,Existing authorized service interface and scoped execution workflow before native side effects; native plan/readback layer,PARTIAL_OFFLINE_AND_SERVICE_CLIENT_CHECKS,tools/input_review.py; tools/plan_review.py; tools/dns_change.py; tools/recovery_review.py,Site engineering must name the actual native object/role/service and its accepted settings for: immutable IDs,CT-017; CT-046; CT-070,Apply the referenced procedure to the actual enforcement location and this focus; include effective negative/failure observations where the original criterion requires them.,SOURCE_AND_LOCAL_FIXTURE_ONLY_OR_NOT_IMPLEMENTED; NOT_NATIVE_QUALIFIED,,"These independent tools do not implement a complete catalogue/API, authoritative immutable status, quota/reservation, admission workflow or actual writer fencing. No bespoke controller is assumed necessary; an accepted existing interface can own those controls.",TO_BE_DECIDED_FOR_ACTUAL_SERVICE; NOT_AUTO_NA,PROPOSED_ENGINEERING_ALLOCATION_NOT_CONTROL_SATISFACTION
API-003/A02,API-003,"Where a consumer-facing provisioning API is provided, it SHALL enforce immutable IDs, idempotent create, optimistic concurrency, typed/closed schemas, authorized references and authoritative service-owned status; stale or unauthorized updates SHALL fail before side effects. These controls MAY be implemented by an existing qualified service interface.",idempotent create,Exact source span under the complete requirement; not a replacement normative statement,RA §23; RA §24,Automation platform,Existing authorized service interface and scoped execution workflow before native side effects; native plan/readback layer,PARTIAL_OFFLINE_AND_SERVICE_CLIENT_CHECKS,tools/input_review.py; tools/plan_review.py; tools/dns_change.py; tools/recovery_review.py,Site engineering must name the actual native object/role/service and its accepted settings for: idempotent create,CT-017; CT-046; CT-070,Apply the referenced procedure to the actual enforcement location and this focus; include effective negative/failure observations where the original criterion requires them.,SOURCE_AND_LOCAL_FIXTURE_ONLY_OR_NOT_IMPLEMENTED; NOT_NATIVE_QUALIFIED,,"These independent tools do not implement a complete catalogue/API, authoritative immutable status, quota/reservation, admission workflow or actual writer fencing. No bespoke controller is assumed necessary; an accepted existing interface can own those controls.",TO_BE_DECIDED_FOR_ACTUAL_SERVICE; NOT_AUTO_NA,PROPOSED_ENGINEERING_ALLOCATION_NOT_CONTROL_SATISFACTION
API-003/A03,API-003,"Where a consumer-facing provisioning API is provided, it SHALL enforce immutable IDs, idempotent create, optimistic concurrency, typed/closed schemas, authorized references and authoritative service-owned status; stale or unauthorized updates SHALL fail before side effects. These controls MAY be implemented by an existing qualified service interface.",optimistic concurrency,Exact source span under the complete requirement; not a replacement normative statement,RA §23; RA §24,Automation platform,Existing authorized service interface and scoped execution workflow before native side effects; native plan/readback layer,PARTIAL_OFFLINE_AND_SERVICE_CLIENT_CHECKS,tools/input_review.py; tools/plan_review.py; tools/dns_change.py; tools/recovery_review.py,Site engineering must name the actual native object/role/service and its accepted settings for: optimistic concurrency,CT-017; CT-046; CT-070,Apply the referenced procedure to the actual enforcement location and this focus; include effective negative/failure observations where the original criterion requires them.,SOURCE_AND_LOCAL_FIXTURE_ONLY_OR_NOT_IMPLEMENTED; NOT_NATIVE_QUALIFIED,,"These independent tools do not implement a complete catalogue/API, authoritative immutable status, quota/reservation, admission workflow or actual writer fencing. No bespoke controller is assumed necessary; an accepted existing interface can own those controls.",TO_BE_DECIDED_FOR_ACTUAL_SERVICE; NOT_AUTO_NA,PROPOSED_ENGINEERING_ALLOCATION_NOT_CONTROL_SATISFACTION
API-003/A04,API-003,"Where a consumer-facing provisioning API is provided, it SHALL enforce immutable IDs, idempotent create, optimistic concurrency, typed/closed schemas, authorized references and authoritative service-owned status; stale or unauthorized updates SHALL fail before side effects. These controls MAY be implemented by an existing qualified service interface.",typed/closed schemas,Exact source span under the complete requirement; not a replacement normative statement,RA §23; RA §24,Automation platform,Existing authorized service interface and scoped execution workflow before native side effects; native plan/readback layer,PARTIAL_OFFLINE_AND_SERVICE_CLIENT_CHECKS,tools/input_review.py; tools/plan_review.py; tools/dns_change.py; tools/recovery_review.py,Site engineering must name the actual native object/role/service and its accepted settings for: typed/closed schemas,CT-017; CT-046; CT-070,Apply the referenced procedure to the actual enforcement location and this focus; include effective negative/failure observations where the original criterion requires them.,SOURCE_AND_LOCAL_FIXTURE_ONLY_OR_NOT_IMPLEMENTED; NOT_NATIVE_QUALIFIED,,"These independent tools do not implement a complete catalogue/API, authoritative immutable status, quota/reservation, admission workflow or actual writer fencing. No bespoke controller is assumed necessary; an accepted existing interface can own those controls.",TO_BE_DECIDED_FOR_ACTUAL_SERVICE; NOT_AUTO_NA,PROPOSED_ENGINEERING_ALLOCATION_NOT_CONTROL_SATISFACTION
API-003/A05,API-003,"Where a consumer-facing provisioning API is provided, it SHALL enforce immutable IDs, idempotent create, optimistic concurrency, typed/closed schemas, authorized references and authoritative service-owned status; stale or unauthorized updates SHALL fail before side effects. These controls MAY be implemented by an existing qualified service interface.",authorized references,Exact source span under the complete requirement; not a replacement normative statement,RA §23; RA §24,Automation platform,Existing authorized service interface and scoped execution workflow before native side effects; native plan/readback layer,PARTIAL_OFFLINE_AND_SERVICE_CLIENT_CHECKS,tools/input_review.py; tools/plan_review.py; tools/dns_change.py; tools/recovery_review.py,Site engineering must name the actual native object/role/service and its accepted settings for: authorized references,CT-017; CT-046; CT-070,Apply the referenced procedure to the actual enforcement location and this focus; include effective negative/failure observations where the original criterion requires them.,SOURCE_AND_LOCAL_FIXTURE_ONLY_OR_NOT_IMPLEMENTED; NOT_NATIVE_QUALIFIED,,"These independent tools do not implement a complete catalogue/API, authoritative immutable status, quota/reservation, admission workflow or actual writer fencing. No bespoke controller is assumed necessary; an accepted existing interface can own those controls.",TO_BE_DECIDED_FOR_ACTUAL_SERVICE; NOT_AUTO_NA,PROPOSED_ENGINEERING_ALLOCATION_NOT_CONTROL_SATISFACTION
API-003/A06,API-003,"Where a consumer-facing provisioning API is provided, it SHALL enforce immutable IDs, idempotent create, optimistic concurrency, typed/closed schemas, authorized references and authoritative service-owned status; stale or unauthorized updates SHALL fail before side effects. These controls MAY be implemented by an existing qualified service interface.",authoritative service-owned status,Exact source span under the complete requirement; not a replacement normative statement,RA §23; RA §24,Automation platform,Existing authorized service interface and scoped execution workflow before native side effects; native plan/readback layer,PARTIAL_OFFLINE_AND_SERVICE_CLIENT_CHECKS,tools/input_review.py; tools/plan_review.py; tools/dns_change.py; tools/recovery_review.py,Site engineering must name the actual native object/role/service and its accepted settings for: authoritative service-owned status,CT-017; CT-046; CT-070,Apply the referenced procedure to the actual enforcement location and this focus; include effective negative/failure observations where the original criterion requires them.,SOURCE_AND_LOCAL_FIXTURE_ONLY_OR_NOT_IMPLEMENTED; NOT_NATIVE_QUALIFIED,,"These independent tools do not implement a complete catalogue/API, authoritative immutable status, quota/reservation, admission workflow or actual writer fencing. No bespoke controller is assumed necessary; an accepted existing interface can own those controls.",TO_BE_DECIDED_FOR_ACTUAL_SERVICE; NOT_AUTO_NA,PROPOSED_ENGINEERING_ALLOCATION_NOT_CONTROL_SATISFACTION
POL-001/A01,POL-001,Admission policy SHALL be provider independent wherever the rule expresses an architectural invariant.,Admission policy SHALL be provider independent wherever the rule expresses an architectural invariant.,Exact source span under the complete requirement; not a replacement normative statement,RA §20; RA §23,Automation platform,Existing authorized service interface and scoped execution workflow before native side effects; native plan/readback layer,PARTIAL_OFFLINE_AND_SERVICE_CLIENT_CHECKS,tools/input_review.py; tools/plan_review.py; tools/dns_change.py; tools/recovery_review.py,Site engineering must name the actual native object/role/service and its accepted settings for: Admission policy SHALL be provider independent wherever the rule expresses an architectural invariant.,CT-017; CT-025; CT-066,Apply the referenced procedure to the actual enforcement location and this focus; include effective negative/failure observations where the original criterion requires them.,SOURCE_AND_LOCAL_FIXTURE_ONLY_OR_NOT_IMPLEMENTED; NOT_NATIVE_QUALIFIED,,"These independent tools do not implement a complete catalogue/API, authoritative immutable status, quota/reservation, admission workflow or actual writer fencing. No bespoke controller is assumed necessary; an accepted existing interface can own those controls.",TO_BE_DECIDED_FOR_ACTUAL_SERVICE; NOT_AUTO_NA,PROPOSED_ENGINEERING_ALLOCATION_NOT_CONTROL_SATISFACTION
POL-002/A01,POL-002,Provider-specific plan checks SHOULD validate that the adapter compiled the intent into the expected native constructs.,Provider-specific plan checks SHOULD validate that the adapter compiled the intent into the expected native constructs.,Exact source span under the complete requirement; not a replacement normative statement,RA §20; RA §23,Automation platform,Existing authorized service interface and scoped execution workflow before native side effects; native plan/readback layer,PARTIAL_OFFLINE_AND_SERVICE_CLIENT_CHECKS,tools/input_review.py; tools/plan_review.py; tools/dns_change.py; tools/recovery_review.py,Site engineering must name the actual native object/role/service and its accepted settings for: Provider-specific plan checks SHOULD validate that the adapter compiled the intent into the expected native constructs.,CT-009; CT-048; CT-066,Apply the referenced procedure to the actual enforcement location and this focus; include effective negative/failure observations where the original criterion requires them.,SOURCE_AND_LOCAL_FIXTURE_ONLY_OR_NOT_IMPLEMENTED; NOT_NATIVE_QUALIFIED,,"These independent tools do not implement a complete catalogue/API, authoritative immutable status, quota/reservation, admission workflow or actual writer fencing. No bespoke controller is assumed necessary; an accepted existing interface can own those controls.",TO_BE_DECIDED_FOR_ACTUAL_SERVICE; NOT_AUTO_NA,PROPOSED_ENGINEERING_ALLOCATION_NOT_CONTROL_SATISFACTION
FLOW-001/A01,FLOW-001,"Flow Intentions SHALL resolve explicit identities, service/profile version, initiation direction, lifetime, purpose and logging; compilation SHALL preserve mandatory policy precedence and enforce approved session-revocation behavior.","Flow Intentions SHALL resolve explicit identities, service/profile version, initiation direction, lifetime, purpose and logging",Exact source span under the complete requirement; not a replacement normative statement,RA §20; RA §23,Security-edge operations,"Authorized route/flow design plus native RIB/FIB, edge session policy and lifecycle writer",PARTIAL_CANDIDATE_NATIVE_SOURCE,tools/route_audit.py; tools/route_record_review.py; terraform/modules/nsx-route/main.tf.json; terraform/modules/nutanix-route/main.tf.json; terraform/modules/openstack-route/main.tf.json,"Site engineering must name the actual native object/role/service and its accepted settings for: Flow Intentions SHALL resolve explicit identities, service/profile version, initiation direction, lifetime, purpose and logging",CT-007; CT-020; CT-066; CT-077,Apply the referenced procedure to the actual enforcement location and this focus; include effective negative/failure observations where the original criterion requires them.,SOURCE_AND_LOCAL_FIXTURE_ONLY_OR_NOT_IMPLEMENTED; NOT_NATIVE_QUALIFIED,,"Route models and exact native static-route resources do not implement a complete route authority, full flow compiler, expiration/teardown service, BGP ownership or effective NAT/PBR/session-revocation policy.",TO_BE_DECIDED_FOR_ACTUAL_SERVICE; NOT_AUTO_NA,PROPOSED_ENGINEERING_ALLOCATION_NOT_CONTROL_SATISFACTION
FLOW-001/A02,FLOW-001,"Flow Intentions SHALL resolve explicit identities, service/profile version, initiation direction, lifetime, purpose and logging; compilation SHALL preserve mandatory policy precedence and enforce approved session-revocation behavior.",compilation SHALL preserve mandatory policy precedence and enforce approved session-revocation behavior.,Exact source span under the complete requirement; not a replacement normative statement,RA §20; RA §23,Security-edge operations,"Authorized route/flow design plus native RIB/FIB, edge session policy and lifecycle writer",PARTIAL_CANDIDATE_NATIVE_SOURCE,tools/route_audit.py; tools/route_record_review.py; terraform/modules/nsx-route/main.tf.json; terraform/modules/nutanix-route/main.tf.json; terraform/modules/openstack-route/main.tf.json,Site engineering must name the actual native object/role/service and its accepted settings for: compilation SHALL preserve mandatory policy precedence and enforce approved session-revocation behavior.,CT-007; CT-020; CT-066; CT-077,Apply the referenced procedure to the actual enforcement location and this focus; include effective negative/failure observations where the original criterion requires them.,SOURCE_AND_LOCAL_FIXTURE_ONLY_OR_NOT_IMPLEMENTED; NOT_NATIVE_QUALIFIED,,"Route models and exact native static-route resources do not implement a complete route authority, full flow compiler, expiration/teardown service, BGP ownership or effective NAT/PBR/session-revocation policy.",TO_BE_DECIDED_FOR_ACTUAL_SERVICE; NOT_AUTO_NA,PROPOSED_ENGINEERING_ALLOCATION_NOT_CONTROL_SATISFACTION
AUTO-001/A01,AUTO-001,"If security admission, IPAM, route authority, or mandatory policy validation is unavailable, new provisioning SHALL stop rather than inventing or bypassing required state.","If security admission, IPAM, route authority, or mandatory policy validation is unavailable, new provisioning SHALL stop rather than inventing or bypassing required state.",Exact source span under the complete requirement; not a replacement normative statement,RA §23; RA §24,Automation platform,Existing authorized service interface and scoped execution workflow before native side effects; native plan/readback layer,PARTIAL_OFFLINE_AND_SERVICE_CLIENT_CHECKS,tools/input_review.py; tools/plan_review.py; tools/dns_change.py; tools/recovery_review.py,"Site engineering must name the actual native object/role/service and its accepted settings for: If security admission, IPAM, route authority, or mandatory policy validation is unavailable, new provisioning SHALL stop rather than inventing or bypassing required state.",CT-011; CT-029; CT-045,Apply the referenced procedure to the actual enforcement location and this focus; include effective negative/failure observations where the original criterion requires them.,SOURCE_AND_LOCAL_FIXTURE_ONLY_OR_NOT_IMPLEMENTED; NOT_NATIVE_QUALIFIED,,"These independent tools do not implement a complete catalogue/API, authoritative immutable status, quota/reservation, admission workflow or actual writer fencing. No bespoke controller is assumed necessary; an accepted existing interface can own those controls.",TO_BE_DECIDED_FOR_ACTUAL_SERVICE; NOT_AUTO_NA,PROPOSED_ENGINEERING_ALLOCATION_NOT_CONTROL_SATISFACTION
AUTO-002/A01,AUTO-002,"Provisioning SHALL be journaled and idempotent, reserve only eligible capacity/addresses, enforce deny before attachment/exposure, and gate activation on realized current-generation evidence and authorization.",journaled,Exact source span under the complete requirement; not a replacement normative statement,RA §23; RA §24,Automation platform,Existing authorized service interface and scoped execution workflow before native side effects; native plan/readback layer,PARTIAL_OFFLINE_AND_SERVICE_CLIENT_CHECKS,tools/input_review.py; tools/plan_review.py; tools/dns_change.py; tools/recovery_review.py,Site engineering must name the actual native object/role/service and its accepted settings for: journaled,CT-045; CT-046; CT-048; CT-069,Apply the referenced procedure to the actual enforcement location and this focus; include effective negative/failure observations where the original criterion requires them.,SOURCE_AND_LOCAL_FIXTURE_ONLY_OR_NOT_IMPLEMENTED; NOT_NATIVE_QUALIFIED,,"These independent tools do not implement a complete catalogue/API, authoritative immutable status, quota/reservation, admission workflow or actual writer fencing. No bespoke controller is assumed necessary; an accepted existing interface can own those controls.",TO_BE_DECIDED_FOR_ACTUAL_SERVICE; NOT_AUTO_NA,PROPOSED_ENGINEERING_ALLOCATION_NOT_CONTROL_SATISFACTION
AUTO-002/A02,AUTO-002,"Provisioning SHALL be journaled and idempotent, reserve only eligible capacity/addresses, enforce deny before attachment/exposure, and gate activation on realized current-generation evidence and authorization.",idempotent,Exact source span under the complete requirement; not a replacement normative statement,RA §23; RA §24,Automation platform,Existing authorized service interface and scoped execution workflow before native side effects; native plan/readback layer,PARTIAL_OFFLINE_AND_SERVICE_CLIENT_CHECKS,tools/input_review.py; tools/plan_review.py; tools/dns_change.py; tools/recovery_review.py,Site engineering must name the actual native object/role/service and its accepted settings for: idempotent,CT-045; CT-046; CT-048; CT-069,Apply the referenced procedure to the actual enforcement location and this focus; include effective negative/failure observations where the original criterion requires them.,SOURCE_AND_LOCAL_FIXTURE_ONLY_OR_NOT_IMPLEMENTED; NOT_NATIVE_QUALIFIED,,"These independent tools do not implement a complete catalogue/API, authoritative immutable status, quota/reservation, admission workflow or actual writer fencing. No bespoke controller is assumed necessary; an accepted existing interface can own those controls.",TO_BE_DECIDED_FOR_ACTUAL_SERVICE; NOT_AUTO_NA,PROPOSED_ENGINEERING_ALLOCATION_NOT_CONTROL_SATISFACTION
AUTO-002/A03,AUTO-002,"Provisioning SHALL be journaled and idempotent, reserve only eligible capacity/addresses, enforce deny before attachment/exposure, and gate activation on realized current-generation evidence and authorization.",eligible capacity/addresses,Exact source span under the complete requirement; not a replacement normative statement,RA §23; RA §24,Automation platform,Existing authorized service interface and scoped execution workflow before native side effects; native plan/readback layer,PARTIAL_OFFLINE_AND_SERVICE_CLIENT_CHECKS,tools/input_review.py; tools/plan_review.py; tools/dns_change.py; tools/recovery_review.py,Site engineering must name the actual native object/role/service and its accepted settings for: eligible capacity/addresses,CT-045; CT-046; CT-048; CT-069,Apply the referenced procedure to the actual enforcement location and this focus; include effective negative/failure observations where the original criterion requires them.,SOURCE_AND_LOCAL_FIXTURE_ONLY_OR_NOT_IMPLEMENTED; NOT_NATIVE_QUALIFIED,,"These independent tools do not implement a complete catalogue/API, authoritative immutable status, quota/reservation, admission workflow or actual writer fencing. No bespoke controller is assumed necessary; an accepted existing interface can own those controls.",TO_BE_DECIDED_FOR_ACTUAL_SERVICE; NOT_AUTO_NA,PROPOSED_ENGINEERING_ALLOCATION_NOT_CONTROL_SATISFACTION
AUTO-002/A04,AUTO-002,"Provisioning SHALL be journaled and idempotent, reserve only eligible capacity/addresses, enforce deny before attachment/exposure, and gate activation on realized current-generation evidence and authorization.",deny before attachment/exposure,Exact source span under the complete requirement; not a replacement normative statement,RA §23; RA §24,Automation platform,Existing authorized service interface and scoped execution workflow before native side effects; native plan/readback layer,PARTIAL_OFFLINE_AND_SERVICE_CLIENT_CHECKS,tools/input_review.py; tools/plan_review.py; tools/dns_change.py; tools/recovery_review.py,Site engineering must name the actual native object/role/service and its accepted settings for: deny before attachment/exposure,CT-045; CT-046; CT-048; CT-069,Apply the referenced procedure to the actual enforcement location and this focus; include effective negative/failure observations where the original criterion requires them.,SOURCE_AND_LOCAL_FIXTURE_ONLY_OR_NOT_IMPLEMENTED; NOT_NATIVE_QUALIFIED,,"These independent tools do not implement a complete catalogue/API, authoritative immutable status, quota/reservation, admission workflow or actual writer fencing. No bespoke controller is assumed necessary; an accepted existing interface can own those controls.",TO_BE_DECIDED_FOR_ACTUAL_SERVICE; NOT_AUTO_NA,PROPOSED_ENGINEERING_ALLOCATION_NOT_CONTROL_SATISFACTION
AUTO-002/A05,AUTO-002,"Provisioning SHALL be journaled and idempotent, reserve only eligible capacity/addresses, enforce deny before attachment/exposure, and gate activation on realized current-generation evidence and authorization.",current-generation evidence,Exact source span under the complete requirement; not a replacement normative statement,RA §23; RA §24,Automation platform,Existing authorized service interface and scoped execution workflow before native side effects; native plan/readback layer,PARTIAL_OFFLINE_AND_SERVICE_CLIENT_CHECKS,tools/input_review.py; tools/plan_review.py; tools/dns_change.py; tools/recovery_review.py,Site engineering must name the actual native object/role/service and its accepted settings for: current-generation evidence,CT-045; CT-046; CT-048; CT-069,Apply the referenced procedure to the actual enforcement location and this focus; include effective negative/failure observations where the original criterion requires them.,SOURCE_AND_LOCAL_FIXTURE_ONLY_OR_NOT_IMPLEMENTED; NOT_NATIVE_QUALIFIED,,"These independent tools do not implement a complete catalogue/API, authoritative immutable status, quota/reservation, admission workflow or actual writer fencing. No bespoke controller is assumed necessary; an accepted existing interface can own those controls.",TO_BE_DECIDED_FOR_ACTUAL_SERVICE; NOT_AUTO_NA,PROPOSED_ENGINEERING_ALLOCATION_NOT_CONTROL_SATISFACTION
AUTO-002/A06,AUTO-002,"Provisioning SHALL be journaled and idempotent, reserve only eligible capacity/addresses, enforce deny before attachment/exposure, and gate activation on realized current-generation evidence and authorization.",authorization,Exact source span under the complete requirement; not a replacement normative statement,RA §23; RA §24,Automation platform,Existing authorized service interface and scoped execution workflow before native side effects; native plan/readback layer,PARTIAL_OFFLINE_AND_SERVICE_CLIENT_CHECKS,tools/input_review.py; tools/plan_review.py; tools/dns_change.py; tools/recovery_review.py,Site engineering must name the actual native object/role/service and its accepted settings for: authorization,CT-045; CT-046; CT-048; CT-069,Apply the referenced procedure to the actual enforcement location and this focus; include effective negative/failure observations where the original criterion requires them.,SOURCE_AND_LOCAL_FIXTURE_ONLY_OR_NOT_IMPLEMENTED; NOT_NATIVE_QUALIFIED,,"These independent tools do not implement a complete catalogue/API, authoritative immutable status, quota/reservation, admission workflow or actual writer fencing. No bespoke controller is assumed necessary; an accepted existing interface can own those controls.",TO_BE_DECIDED_FOR_ACTUAL_SERVICE; NOT_AUTO_NA,PROPOSED_ENGINEERING_ALLOCATION_NOT_CONTROL_SATISFACTION
AUTO-003/A01,AUTO-003,"Retries SHALL distinguish transient, permanent and conflict failures, use bounded backoff/deadlines and preserve resource identity; uncertain outcomes SHALL be discovered and reconciled rather than duplicated.","Retries SHALL distinguish transient, permanent and conflict failures, use bounded backoff/deadlines and preserve resource identity",Exact source span under the complete requirement; not a replacement normative statement,RA §23; RA §24,Automation platform,Existing authorized service interface and scoped execution workflow before native side effects; native plan/readback layer,PARTIAL_OFFLINE_AND_SERVICE_CLIENT_CHECKS,tools/input_review.py; tools/plan_review.py; tools/dns_change.py; tools/recovery_review.py,"Site engineering must name the actual native object/role/service and its accepted settings for: Retries SHALL distinguish transient, permanent and conflict failures, use bounded backoff/deadlines and preserve resource identity",CT-045; CT-046; CT-047,Apply the referenced procedure to the actual enforcement location and this focus; include effective negative/failure observations where the original criterion requires them.,SOURCE_AND_LOCAL_FIXTURE_ONLY_OR_NOT_IMPLEMENTED; NOT_NATIVE_QUALIFIED,,"These independent tools do not implement a complete catalogue/API, authoritative immutable status, quota/reservation, admission workflow or actual writer fencing. No bespoke controller is assumed necessary; an accepted existing interface can own those controls.",TO_BE_DECIDED_FOR_ACTUAL_SERVICE; NOT_AUTO_NA,PROPOSED_ENGINEERING_ALLOCATION_NOT_CONTROL_SATISFACTION
AUTO-003/A02,AUTO-003,"Retries SHALL distinguish transient, permanent and conflict failures, use bounded backoff/deadlines and preserve resource identity; uncertain outcomes SHALL be discovered and reconciled rather than duplicated.",uncertain outcomes SHALL be discovered and reconciled rather than duplicated.,Exact source span under the complete requirement; not a replacement normative statement,RA §23; RA §24,Automation platform,Existing authorized service interface and scoped execution workflow before native side effects; native plan/readback layer,PARTIAL_OFFLINE_AND_SERVICE_CLIENT_CHECKS,tools/input_review.py; tools/plan_review.py; tools/dns_change.py; tools/recovery_review.py,Site engineering must name the actual native object/role/service and its accepted settings for: uncertain outcomes SHALL be discovered and reconciled rather than duplicated.,CT-045; CT-046; CT-047,Apply the referenced procedure to the actual enforcement location and this focus; include effective negative/failure observations where the original criterion requires them.,SOURCE_AND_LOCAL_FIXTURE_ONLY_OR_NOT_IMPLEMENTED; NOT_NATIVE_QUALIFIED,,"These independent tools do not implement a complete catalogue/API, authoritative immutable status, quota/reservation, admission workflow or actual writer fencing. No bespoke controller is assumed necessary; an accepted existing interface can own those controls.",TO_BE_DECIDED_FOR_ACTUAL_SERVICE; NOT_AUTO_NA,PROPOSED_ENGINEERING_ALLOCATION_NOT_CONTROL_SATISFACTION
TF-001/A01,TF-001,Provider configuration SHALL be defined in root modules and passed to child modules; reusable child modules SHOULD NOT embed provider credentials/configuration.,Provider configuration SHALL be defined in root modules and passed to child modules,Exact source span under the complete requirement; not a replacement normative statement,RA §24,Automation platform,"Terraform root/module source, plugin selection/locks and scoped backend use",CANDIDATE_CODE_ENGINE_GATE_REQUIRED,tools/verify_terraform.py; terraform/modules/nsx-domain/main.tf.json; terraform/roots/nsx-domain/main.tf.json,Site engineering must name the actual native object/role/service and its accepted settings for: Provider configuration SHALL be defined in root modules and passed to child modules,CT-042; CT-043,Apply the referenced procedure to the actual enforcement location and this focus; include effective negative/failure observations where the original criterion requires them.,SOURCE_AND_LOCAL_FIXTURE_ONLY_OR_NOT_IMPLEMENTED; NOT_NATIVE_QUALIFIED,,"Source pattern and mocked plans do not prove native capabilities. Actual engine validation and reviewed dependency locks are required; credentials, modules/images and state backend have distinct trust boundaries.",TO_BE_DECIDED_FOR_ACTUAL_SERVICE; NOT_AUTO_NA,PROPOSED_ENGINEERING_ALLOCATION_NOT_CONTROL_SATISFACTION
TF-001/A02,TF-001,Provider configuration SHALL be defined in root modules and passed to child modules; reusable child modules SHOULD NOT embed provider credentials/configuration.,reusable child modules SHOULD NOT embed provider credentials/configuration.,Exact source span under the complete requirement; not a replacement normative statement,RA §24,Automation platform,"Terraform root/module source, plugin selection/locks and scoped backend use",CANDIDATE_CODE_ENGINE_GATE_REQUIRED,tools/verify_terraform.py; terraform/modules/nsx-domain/main.tf.json; terraform/roots/nsx-domain/main.tf.json,Site engineering must name the actual native object/role/service and its accepted settings for: reusable child modules SHOULD NOT embed provider credentials/configuration.,CT-042; CT-043,Apply the referenced procedure to the actual enforcement location and this focus; include effective negative/failure observations where the original criterion requires them.,SOURCE_AND_LOCAL_FIXTURE_ONLY_OR_NOT_IMPLEMENTED; NOT_NATIVE_QUALIFIED,,"Source pattern and mocked plans do not prove native capabilities. Actual engine validation and reviewed dependency locks are required; credentials, modules/images and state backend have distinct trust boundaries.",TO_BE_DECIDED_FOR_ACTUAL_SERVICE; NOT_AUTO_NA,PROPOSED_ENGINEERING_ALLOCATION_NOT_CONTROL_SATISFACTION
TF-002/A01,TF-002,Provider versions SHALL be constrained and dependency lock files SHALL be committed and reviewed.,Provider versions SHALL be constrained and dependency lock files SHALL be committed and reviewed.,Exact source span under the complete requirement; not a replacement normative statement,RA §24,Automation platform,"Terraform root/module source, plugin selection/locks and scoped backend use",CANDIDATE_CODE_ENGINE_GATE_REQUIRED,tools/verify_terraform.py; terraform/modules/nsx-domain/main.tf.json; terraform/roots/nsx-domain/main.tf.json,Site engineering must name the actual native object/role/service and its accepted settings for: Provider versions SHALL be constrained and dependency lock files SHALL be committed and reviewed.,CT-015; CT-042; CT-048,Apply the referenced procedure to the actual enforcement location and this focus; include effective negative/failure observations where the original criterion requires them.,SOURCE_AND_LOCAL_FIXTURE_ONLY_OR_NOT_IMPLEMENTED; NOT_NATIVE_QUALIFIED,,"Source pattern and mocked plans do not prove native capabilities. Actual engine validation and reviewed dependency locks are required; credentials, modules/images and state backend have distinct trust boundaries.",TO_BE_DECIDED_FOR_ACTUAL_SERVICE; NOT_AUTO_NA,PROPOSED_ENGINEERING_ALLOCATION_NOT_CONTROL_SATISFACTION
TF-003/A01,TF-003,The provisioning workflow SHALL select the required hosting-platform and shared-service adapters before execution; adapters SHALL preserve their authority and lifecycle boundaries. A single giant conditional module SHOULD NOT attempt to implement all platforms.,The provisioning workflow SHALL select the required hosting-platform and shared-service adapters before execution,Exact source span under the complete requirement; not a replacement normative statement,RA §24,Automation platform,"Terraform root/module source, plugin selection/locks and scoped backend use",CANDIDATE_CODE_ENGINE_GATE_REQUIRED,tools/verify_terraform.py; terraform/modules/nsx-domain/main.tf.json; terraform/roots/nsx-domain/main.tf.json,Site engineering must name the actual native object/role/service and its accepted settings for: The provisioning workflow SHALL select the required hosting-platform and shared-service adapters before execution,CT-016; CT-044,Apply the referenced procedure to the actual enforcement location and this focus; include effective negative/failure observations where the original criterion requires them.,SOURCE_AND_LOCAL_FIXTURE_ONLY_OR_NOT_IMPLEMENTED; NOT_NATIVE_QUALIFIED,,"Source pattern and mocked plans do not prove native capabilities. Actual engine validation and reviewed dependency locks are required; credentials, modules/images and state backend have distinct trust boundaries.",TO_BE_DECIDED_FOR_ACTUAL_SERVICE; NOT_AUTO_NA,PROPOSED_ENGINEERING_ALLOCATION_NOT_CONTROL_SATISFACTION
TF-003/A02,TF-003,The provisioning workflow SHALL select the required hosting-platform and shared-service adapters before execution; adapters SHALL preserve their authority and lifecycle boundaries. A single giant conditional module SHOULD NOT attempt to implement all platforms.,adapters SHALL preserve their authority and lifecycle boundaries. A single giant conditional module SHOULD NOT attempt to implement all platforms.,Exact source span under the complete requirement; not a replacement normative statement,RA §24,Automation platform,"Terraform root/module source, plugin selection/locks and scoped backend use",CANDIDATE_CODE_ENGINE_GATE_REQUIRED,tools/verify_terraform.py; terraform/modules/nsx-domain/main.tf.json; terraform/roots/nsx-domain/main.tf.json,Site engineering must name the actual native object/role/service and its accepted settings for: adapters SHALL preserve their authority and lifecycle boundaries. A single giant conditional module SHOULD NOT attempt to implement all platforms.,CT-016; CT-044,Apply the referenced procedure to the actual enforcement location and this focus; include effective negative/failure observations where the original criterion requires them.,SOURCE_AND_LOCAL_FIXTURE_ONLY_OR_NOT_IMPLEMENTED; NOT_NATIVE_QUALIFIED,,"Source pattern and mocked plans do not prove native capabilities. Actual engine validation and reviewed dependency locks are required; credentials, modules/images and state backend have distinct trust boundaries.",TO_BE_DECIDED_FOR_ACTUAL_SERVICE; NOT_AUTO_NA,PROPOSED_ENGINEERING_ALLOCATION_NOT_CONTROL_SATISFACTION
TF-004/A01,TF-004,Module interfaces SHOULD be relatively flat and composable; deeply nested modules that obscure lifecycle or ownership boundaries SHOULD be avoided.,Module interfaces SHOULD be relatively flat and composable,Exact source span under the complete requirement; not a replacement normative statement,RA §24,Automation platform,"Terraform root/module source, plugin selection/locks and scoped backend use",CANDIDATE_CODE_ENGINE_GATE_REQUIRED,tools/verify_terraform.py; terraform/modules/nsx-domain/main.tf.json; terraform/roots/nsx-domain/main.tf.json,Site engineering must name the actual native object/role/service and its accepted settings for: Module interfaces SHOULD be relatively flat and composable,CT-044; CT-070,Apply the referenced procedure to the actual enforcement location and this focus; include effective negative/failure observations where the original criterion requires them.,SOURCE_AND_LOCAL_FIXTURE_ONLY_OR_NOT_IMPLEMENTED; NOT_NATIVE_QUALIFIED,,"Source pattern and mocked plans do not prove native capabilities. Actual engine validation and reviewed dependency locks are required; credentials, modules/images and state backend have distinct trust boundaries.",TO_BE_DECIDED_FOR_ACTUAL_SERVICE; NOT_AUTO_NA,PROPOSED_ENGINEERING_ALLOCATION_NOT_CONTROL_SATISFACTION
TF-004/A02,TF-004,Module interfaces SHOULD be relatively flat and composable; deeply nested modules that obscure lifecycle or ownership boundaries SHOULD be avoided.,deeply nested modules that obscure lifecycle or ownership boundaries SHOULD be avoided.,Exact source span under the complete requirement; not a replacement normative statement,RA §24,Automation platform,"Terraform root/module source, plugin selection/locks and scoped backend use",CANDIDATE_CODE_ENGINE_GATE_REQUIRED,tools/verify_terraform.py; terraform/modules/nsx-domain/main.tf.json; terraform/roots/nsx-domain/main.tf.json,Site engineering must name the actual native object/role/service and its accepted settings for: deeply nested modules that obscure lifecycle or ownership boundaries SHOULD be avoided.,CT-044; CT-070,Apply the referenced procedure to the actual enforcement location and this focus; include effective negative/failure observations where the original criterion requires them.,SOURCE_AND_LOCAL_FIXTURE_ONLY_OR_NOT_IMPLEMENTED; NOT_NATIVE_QUALIFIED,,"Source pattern and mocked plans do not prove native capabilities. Actual engine validation and reviewed dependency locks are required; credentials, modules/images and state backend have distinct trust boundaries.",TO_BE_DECIDED_FOR_ACTUAL_SERVICE; NOT_AUTO_NA,PROPOSED_ENGINEERING_ALLOCATION_NOT_CONTROL_SATISFACTION
TF-005/A01,TF-005,Remote module sources and runner images SHALL be pinned to immutable versions/digests separately from provider lockfiles; approved package checksums and provenance SHALL be verified before privileged execution.,Remote module sources and runner images SHALL be pinned to immutable versions/digests separately from provider lockfiles,Exact source span under the complete requirement; not a replacement normative statement,RA §24,Automation platform,"Terraform root/module source, plugin selection/locks and scoped backend use",CANDIDATE_CODE_ENGINE_GATE_REQUIRED,tools/verify_terraform.py; terraform/modules/nsx-domain/main.tf.json; terraform/roots/nsx-domain/main.tf.json,Site engineering must name the actual native object/role/service and its accepted settings for: Remote module sources and runner images SHALL be pinned to immutable versions/digests separately from provider lockfiles,CT-042; CT-048,Apply the referenced procedure to the actual enforcement location and this focus; include effective negative/failure observations where the original criterion requires them.,SOURCE_AND_LOCAL_FIXTURE_ONLY_OR_NOT_IMPLEMENTED; NOT_NATIVE_QUALIFIED,,"Source pattern and mocked plans do not prove native capabilities. Actual engine validation and reviewed dependency locks are required; credentials, modules/images and state backend have distinct trust boundaries.",TO_BE_DECIDED_FOR_ACTUAL_SERVICE; NOT_AUTO_NA,PROPOSED_ENGINEERING_ALLOCATION_NOT_CONTROL_SATISFACTION
TF-005/A02,TF-005,Remote module sources and runner images SHALL be pinned to immutable versions/digests separately from provider lockfiles; approved package checksums and provenance SHALL be verified before privileged execution.,approved package checksums and provenance SHALL be verified before privileged execution.,Exact source span under the complete requirement; not a replacement normative statement,RA §24,Automation platform,"Terraform root/module source, plugin selection/locks and scoped backend use",CANDIDATE_CODE_ENGINE_GATE_REQUIRED,tools/verify_terraform.py; terraform/modules/nsx-domain/main.tf.json; terraform/roots/nsx-domain/main.tf.json,Site engineering must name the actual native object/role/service and its accepted settings for: approved package checksums and provenance SHALL be verified before privileged execution.,CT-042; CT-048,Apply the referenced procedure to the actual enforcement location and this focus; include effective negative/failure observations where the original criterion requires them.,SOURCE_AND_LOCAL_FIXTURE_ONLY_OR_NOT_IMPLEMENTED; NOT_NATIVE_QUALIFIED,,"Source pattern and mocked plans do not prove native capabilities. Actual engine validation and reviewed dependency locks are required; credentials, modules/images and state backend have distinct trust boundaries.",TO_BE_DECIDED_FOR_ACTUAL_SERVICE; NOT_AUTO_NA,PROPOSED_ENGINEERING_ALLOCATION_NOT_CONTROL_SATISFACTION
STATE-001/A01,STATE-001,"No single routine tenant automation identity SHALL have authority to modify physical fabric, management foundation, security edge, and tenant workloads simultaneously.","No single routine tenant automation identity SHALL have authority to modify physical fabric, management foundation, security edge, and tenant workloads simultaneously.",Exact source span under the complete requirement; not a replacement normative statement,RA §24,Automation platform,"External remote-state backend, scoped execution identities and ownership handoffs",EXTERNAL_BACKEND_CONTROLS_REQUIRED,terraform/roots/nsx-domain/main.tf.json; docs/INTERRUPTED_CHANGE_RECOVERY.md,"Site engineering must name the actual native object/role/service and its accepted settings for: No single routine tenant automation identity SHALL have authority to modify physical fabric, management foundation, security edge, and tenant workloads simultaneously.",CT-019; CT-044,Apply the referenced procedure to the actual enforcement location and this focus; include effective negative/failure observations where the original criterion requires them.,SOURCE_AND_LOCAL_FIXTURE_ONLY_OR_NOT_IMPLEMENTED; NOT_NATIVE_QUALIFIED,,"HTTP backend declarations do not implement encryption, access control, locking, versioned recovery or audit logs. Those backend controls and cross-owner grants must be configured and tested outside the source root.",TO_BE_DECIDED_FOR_ACTUAL_SERVICE; NOT_AUTO_NA,PROPOSED_ENGINEERING_ALLOCATION_NOT_CONTROL_SATISFACTION
STATE-002/A01,STATE-002,"Remote state backends SHALL use encryption, strong authentication, locking, recovery/versioning, access logging, and separation appropriate to the sensitivity of contained data.",encryption,Exact source span under the complete requirement; not a replacement normative statement,RA §24,Automation platform,"External remote-state backend, scoped execution identities and ownership handoffs",EXTERNAL_BACKEND_CONTROLS_REQUIRED,terraform/roots/nsx-domain/main.tf.json; docs/INTERRUPTED_CHANGE_RECOVERY.md,Site engineering must name the actual native object/role/service and its accepted settings for: encryption,CT-043; CT-044; CT-055,Apply the referenced procedure to the actual enforcement location and this focus; include effective negative/failure observations where the original criterion requires them.,SOURCE_AND_LOCAL_FIXTURE_ONLY_OR_NOT_IMPLEMENTED; NOT_NATIVE_QUALIFIED,,"HTTP backend declarations do not implement encryption, access control, locking, versioned recovery or audit logs. Those backend controls and cross-owner grants must be configured and tested outside the source root.",TO_BE_DECIDED_FOR_ACTUAL_SERVICE; NOT_AUTO_NA,PROPOSED_ENGINEERING_ALLOCATION_NOT_CONTROL_SATISFACTION
STATE-002/A02,STATE-002,"Remote state backends SHALL use encryption, strong authentication, locking, recovery/versioning, access logging, and separation appropriate to the sensitivity of contained data.",strong authentication,Exact source span under the complete requirement; not a replacement normative statement,RA §24,Automation platform,"External remote-state backend, scoped execution identities and ownership handoffs",EXTERNAL_BACKEND_CONTROLS_REQUIRED,terraform/roots/nsx-domain/main.tf.json; docs/INTERRUPTED_CHANGE_RECOVERY.md,Site engineering must name the actual native object/role/service and its accepted settings for: strong authentication,CT-043; CT-044; CT-055,Apply the referenced procedure to the actual enforcement location and this focus; include effective negative/failure observations where the original criterion requires them.,SOURCE_AND_LOCAL_FIXTURE_ONLY_OR_NOT_IMPLEMENTED; NOT_NATIVE_QUALIFIED,,"HTTP backend declarations do not implement encryption, access control, locking, versioned recovery or audit logs. Those backend controls and cross-owner grants must be configured and tested outside the source root.",TO_BE_DECIDED_FOR_ACTUAL_SERVICE; NOT_AUTO_NA,PROPOSED_ENGINEERING_ALLOCATION_NOT_CONTROL_SATISFACTION
STATE-002/A03,STATE-002,"Remote state backends SHALL use encryption, strong authentication, locking, recovery/versioning, access logging, and separation appropriate to the sensitivity of contained data.",locking,Exact source span under the complete requirement; not a replacement normative statement,RA §24,Automation platform,"External remote-state backend, scoped execution identities and ownership handoffs",EXTERNAL_BACKEND_CONTROLS_REQUIRED,terraform/roots/nsx-domain/main.tf.json; docs/INTERRUPTED_CHANGE_RECOVERY.md,Site engineering must name the actual native object/role/service and its accepted settings for: locking,CT-043; CT-044; CT-055,Apply the referenced procedure to the actual enforcement location and this focus; include effective negative/failure observations where the original criterion requires them.,SOURCE_AND_LOCAL_FIXTURE_ONLY_OR_NOT_IMPLEMENTED; NOT_NATIVE_QUALIFIED,,"HTTP backend declarations do not implement encryption, access control, locking, versioned recovery or audit logs. Those backend controls and cross-owner grants must be configured and tested outside the source root.",TO_BE_DECIDED_FOR_ACTUAL_SERVICE; NOT_AUTO_NA,PROPOSED_ENGINEERING_ALLOCATION_NOT_CONTROL_SATISFACTION
STATE-002/A04,STATE-002,"Remote state backends SHALL use encryption, strong authentication, locking, recovery/versioning, access logging, and separation appropriate to the sensitivity of contained data.",recovery/versioning,Exact source span under the complete requirement; not a replacement normative statement,RA §24,Automation platform,"External remote-state backend, scoped execution identities and ownership handoffs",EXTERNAL_BACKEND_CONTROLS_REQUIRED,terraform/roots/nsx-domain/main.tf.json; docs/INTERRUPTED_CHANGE_RECOVERY.md,Site engineering must name the actual native object/role/service and its accepted settings for: recovery/versioning,CT-043; CT-044; CT-055,Apply the referenced procedure to the actual enforcement location and this focus; include effective negative/failure observations where the original criterion requires them.,SOURCE_AND_LOCAL_FIXTURE_ONLY_OR_NOT_IMPLEMENTED; NOT_NATIVE_QUALIFIED,,"HTTP backend declarations do not implement encryption, access control, locking, versioned recovery or audit logs. Those backend controls and cross-owner grants must be configured and tested outside the source root.",TO_BE_DECIDED_FOR_ACTUAL_SERVICE; NOT_AUTO_NA,PROPOSED_ENGINEERING_ALLOCATION_NOT_CONTROL_SATISFACTION
STATE-002/A05,STATE-002,"Remote state backends SHALL use encryption, strong authentication, locking, recovery/versioning, access logging, and separation appropriate to the sensitivity of contained data.",access logging,Exact source span under the complete requirement; not a replacement normative statement,RA §24,Automation platform,"External remote-state backend, scoped execution identities and ownership handoffs",EXTERNAL_BACKEND_CONTROLS_REQUIRED,terraform/roots/nsx-domain/main.tf.json; docs/INTERRUPTED_CHANGE_RECOVERY.md,Site engineering must name the actual native object/role/service and its accepted settings for: access logging,CT-043; CT-044; CT-055,Apply the referenced procedure to the actual enforcement location and this focus; include effective negative/failure observations where the original criterion requires them.,SOURCE_AND_LOCAL_FIXTURE_ONLY_OR_NOT_IMPLEMENTED; NOT_NATIVE_QUALIFIED,,"HTTP backend declarations do not implement encryption, access control, locking, versioned recovery or audit logs. Those backend controls and cross-owner grants must be configured and tested outside the source root.",TO_BE_DECIDED_FOR_ACTUAL_SERVICE; NOT_AUTO_NA,PROPOSED_ENGINEERING_ALLOCATION_NOT_CONTROL_SATISFACTION
STATE-002/A06,STATE-002,"Remote state backends SHALL use encryption, strong authentication, locking, recovery/versioning, access logging, and separation appropriate to the sensitivity of contained data.",separation,Exact source span under the complete requirement; not a replacement normative statement,RA §24,Automation platform,"External remote-state backend, scoped execution identities and ownership handoffs",EXTERNAL_BACKEND_CONTROLS_REQUIRED,terraform/roots/nsx-domain/main.tf.json; docs/INTERRUPTED_CHANGE_RECOVERY.md,Site engineering must name the actual native object/role/service and its accepted settings for: separation,CT-043; CT-044; CT-055,Apply the referenced procedure to the actual enforcement location and this focus; include effective negative/failure observations where the original criterion requires them.,SOURCE_AND_LOCAL_FIXTURE_ONLY_OR_NOT_IMPLEMENTED; NOT_NATIVE_QUALIFIED,,"HTTP backend declarations do not implement encryption, access control, locking, versioned recovery or audit logs. Those backend controls and cross-owner grants must be configured and tested outside the source root.",TO_BE_DECIDED_FOR_ACTUAL_SERVICE; NOT_AUTO_NA,PROPOSED_ENGINEERING_ALLOCATION_NOT_CONTROL_SATISFACTION
STATE-003/A01,STATE-003,"Cross-state/external-service changes SHALL use a journaled dependency workflow with scoped outputs, idempotent stage completion and data-safe compensation; state-file restoration SHALL NOT be represented as infrastructure rollback.","Cross-state/external-service changes SHALL use a journaled dependency workflow with scoped outputs, idempotent stage completion and data-safe compensation",Exact source span under the complete requirement; not a replacement normative statement,RA §24,Automation platform,"External remote-state backend, scoped execution identities and ownership handoffs",EXTERNAL_BACKEND_CONTROLS_REQUIRED,terraform/roots/nsx-domain/main.tf.json; docs/INTERRUPTED_CHANGE_RECOVERY.md,"Site engineering must name the actual native object/role/service and its accepted settings for: Cross-state/external-service changes SHALL use a journaled dependency workflow with scoped outputs, idempotent stage completion and data-safe compensation",CT-044; CT-045; CT-070,Apply the referenced procedure to the actual enforcement location and this focus; include effective negative/failure observations where the original criterion requires them.,SOURCE_AND_LOCAL_FIXTURE_ONLY_OR_NOT_IMPLEMENTED; NOT_NATIVE_QUALIFIED,,"HTTP backend declarations do not implement encryption, access control, locking, versioned recovery or audit logs. Those backend controls and cross-owner grants must be configured and tested outside the source root.",TO_BE_DECIDED_FOR_ACTUAL_SERVICE; NOT_AUTO_NA,PROPOSED_ENGINEERING_ALLOCATION_NOT_CONTROL_SATISFACTION
STATE-003/A02,STATE-003,"Cross-state/external-service changes SHALL use a journaled dependency workflow with scoped outputs, idempotent stage completion and data-safe compensation; state-file restoration SHALL NOT be represented as infrastructure rollback.",state-file restoration SHALL NOT be represented as infrastructure rollback.,Exact source span under the complete requirement; not a replacement normative statement,RA §24,Automation platform,"External remote-state backend, scoped execution identities and ownership handoffs",EXTERNAL_BACKEND_CONTROLS_REQUIRED,terraform/roots/nsx-domain/main.tf.json; docs/INTERRUPTED_CHANGE_RECOVERY.md,Site engineering must name the actual native object/role/service and its accepted settings for: state-file restoration SHALL NOT be represented as infrastructure rollback.,CT-044; CT-045; CT-070,Apply the referenced procedure to the actual enforcement location and this focus; include effective negative/failure observations where the original criterion requires them.,SOURCE_AND_LOCAL_FIXTURE_ONLY_OR_NOT_IMPLEMENTED; NOT_NATIVE_QUALIFIED,,"HTTP backend declarations do not implement encryption, access control, locking, versioned recovery or audit logs. Those backend controls and cross-owner grants must be configured and tested outside the source root.",TO_BE_DECIDED_FOR_ACTUAL_SERVICE; NOT_AUTO_NA,PROPOSED_ENGINEERING_ALLOCATION_NOT_CONTROL_SATISFACTION
CICD-001/A01,CICD-001,"A change that modifies inter-zone policy, external exposure, route authority, management access, or assurance profile SHALL receive a higher change classification than an ordinary workload scale operation.","A change that modifies inter-zone policy, external exposure, route authority, management access, or assurance profile SHALL receive a higher change classification than an ordinary workload scale operation.",Exact source span under the complete requirement; not a replacement normative statement,RA §24,Change authority,"Protected Git review, dependency provenance, isolated runner, scoped apply approval and evidence capture",PARTIAL_REPOSITORY_WORKFLOW,.github/workflows/validate.yml; tools/plan_review.py,"Site engineering must name the actual native object/role/service and its accepted settings for: A change that modifies inter-zone policy, external exposure, route authority, management access, or assurance profile SHALL receive a higher change classification than an ordinary workload scale operation.",CT-048; CT-058,Apply the referenced procedure to the actual enforcement location and this focus; include effective negative/failure observations where the original criterion requires them.,SOURCE_AND_LOCAL_FIXTURE_ONLY_OR_NOT_IMPLEMENTED; NOT_NATIVE_QUALIFIED,,"A read-only validation workflow is not an approved production runner, actual approval or native apply service. Action pins, dependency review, build images and signed source trust require ongoing ownership.",TO_BE_DECIDED_FOR_ACTUAL_SERVICE; NOT_AUTO_NA,PROPOSED_ENGINEERING_ALLOCATION_NOT_CONTROL_SATISFACTION
CICD-002/A01,CICD-002,"An approval SHALL bind the immutable plan and all security-relevant input/policy/state/dependency digests; stale, changed or expired artifacts SHALL be rejected at apply.",An approval SHALL bind the immutable plan and all security-relevant input/policy/state/dependency digests,Exact source span under the complete requirement; not a replacement normative statement,RA §24,Automation platform,"Protected Git review, dependency provenance, isolated runner, scoped apply approval and evidence capture",PARTIAL_REPOSITORY_WORKFLOW,.github/workflows/validate.yml; tools/plan_review.py,Site engineering must name the actual native object/role/service and its accepted settings for: An approval SHALL bind the immutable plan and all security-relevant input/policy/state/dependency digests,CT-042; CT-048,Apply the referenced procedure to the actual enforcement location and this focus; include effective negative/failure observations where the original criterion requires them.,SOURCE_AND_LOCAL_FIXTURE_ONLY_OR_NOT_IMPLEMENTED; NOT_NATIVE_QUALIFIED,,"A read-only validation workflow is not an approved production runner, actual approval or native apply service. Action pins, dependency review, build images and signed source trust require ongoing ownership.",TO_BE_DECIDED_FOR_ACTUAL_SERVICE; NOT_AUTO_NA,PROPOSED_ENGINEERING_ALLOCATION_NOT_CONTROL_SATISFACTION
CICD-002/A02,CICD-002,"An approval SHALL bind the immutable plan and all security-relevant input/policy/state/dependency digests; stale, changed or expired artifacts SHALL be rejected at apply.","stale, changed or expired artifacts SHALL be rejected at apply.",Exact source span under the complete requirement; not a replacement normative statement,RA §24,Automation platform,"Protected Git review, dependency provenance, isolated runner, scoped apply approval and evidence capture",PARTIAL_REPOSITORY_WORKFLOW,.github/workflows/validate.yml; tools/plan_review.py,"Site engineering must name the actual native object/role/service and its accepted settings for: stale, changed or expired artifacts SHALL be rejected at apply.",CT-042; CT-048,Apply the referenced procedure to the actual enforcement location and this focus; include effective negative/failure observations where the original criterion requires them.,SOURCE_AND_LOCAL_FIXTURE_ONLY_OR_NOT_IMPLEMENTED; NOT_NATIVE_QUALIFIED,,"A read-only validation workflow is not an approved production runner, actual approval or native apply service. Action pins, dependency review, build images and signed source trust require ongoing ownership.",TO_BE_DECIDED_FOR_ACTUAL_SERVICE; NOT_AUTO_NA,PROPOSED_ENGINEERING_ALLOCATION_NOT_CONTROL_SATISFACTION
SUP-001/A01,SUP-001,"Privileged software/provider/module supply chains SHALL use approved sources, integrity verification, revocation and a compromise-response procedure covering already-executed artifacts and credentials.","Privileged software/provider/module supply chains SHALL use approved sources, integrity verification, revocation and a compromise-response procedure covering already-executed artifacts and credentials.",Exact source span under the complete requirement; not a replacement normative statement,RA §24,Automation platform,"Protected Git review, dependency provenance, isolated runner, scoped apply approval and evidence capture",PARTIAL_REPOSITORY_WORKFLOW,.github/workflows/validate.yml; tools/plan_review.py,"Site engineering must name the actual native object/role/service and its accepted settings for: Privileged software/provider/module supply chains SHALL use approved sources, integrity verification, revocation and a compromise-response procedure covering already-executed artifacts and credentials.",CT-041; CT-042; CT-057,Apply the referenced procedure to the actual enforcement location and this focus; include effective negative/failure observations where the original criterion requires them.,SOURCE_AND_LOCAL_FIXTURE_ONLY_OR_NOT_IMPLEMENTED; NOT_NATIVE_QUALIFIED,,"A read-only validation workflow is not an approved production runner, actual approval or native apply service. Action pins, dependency review, build images and signed source trust require ongoing ownership.",TO_BE_DECIDED_FOR_ACTUAL_SERVICE; NOT_AUTO_NA,PROPOSED_ENGINEERING_ALLOCATION_NOT_CONTROL_SATISFACTION
SEC-001/A01,SEC-001,Static privileged provider credentials SHALL NOT be embedded in Terraform source code.,Static privileged provider credentials SHALL NOT be embedded in Terraform source code.,Exact source span under the complete requirement; not a replacement normative statement,RA §13; RA §24,Automation platform,"Enterprise IAM/PKI/KMS, consuming endpoint policy, session caches and independently controlled recovery custody",EXTERNAL_SECURITY_SERVICE_REQUIRED,lab/mtls_fixture.py; docs/SERVICE_IDENTITY.md; tools/nsx_observe.py,Site engineering must name the actual native object/role/service and its accepted settings for: Static privileged provider credentials SHALL NOT be embedded in Terraform source code.,CT-043,Apply the referenced procedure to the actual enforcement location and this focus; include effective negative/failure observations where the original criterion requires them.,SOURCE_AND_LOCAL_FIXTURE_ONLY_OR_NOT_IMPLEMENTED; NOT_NATIVE_QUALIFIED,,"Temporary mTLS fixtures and verified client HTTPS are not enterprise authentication/authorization, revocation, FIPS/module approval, at-rest encryption, key custody, algorithm transition or native KMS outage qualification.",TO_BE_DECIDED_FOR_ACTUAL_SERVICE; NOT_AUTO_NA,PROPOSED_ENGINEERING_ALLOCATION_NOT_CONTROL_SATISFACTION
SEC-002/A01,SEC-002,Automation identities SHALL use least privilege and separate duties by control domain.,Automation identities SHALL use least privilege and separate duties by control domain.,Exact source span under the complete requirement; not a replacement normative statement,RA §13; RA §24,Automation platform,"Enterprise IAM/PKI/KMS, consuming endpoint policy, session caches and independently controlled recovery custody",EXTERNAL_SECURITY_SERVICE_REQUIRED,lab/mtls_fixture.py; docs/SERVICE_IDENTITY.md; tools/nsx_observe.py,Site engineering must name the actual native object/role/service and its accepted settings for: Automation identities SHALL use least privilege and separate duties by control domain.,CT-019; CT-044; CT-079,Apply the referenced procedure to the actual enforcement location and this focus; include effective negative/failure observations where the original criterion requires them.,SOURCE_AND_LOCAL_FIXTURE_ONLY_OR_NOT_IMPLEMENTED; NOT_NATIVE_QUALIFIED,,"Temporary mTLS fixtures and verified client HTTPS are not enterprise authentication/authorization, revocation, FIPS/module approval, at-rest encryption, key custody, algorithm transition or native KMS outage qualification.",TO_BE_DECIDED_FOR_ACTUAL_SERVICE; NOT_AUTO_NA,PROPOSED_ENGINEERING_ALLOCATION_NOT_CONTROL_SATISFACTION
SEC-003/A01,SEC-003,"Credential rotation, revocation, and break-glass recovery SHALL be tested as part of the platform operational profile.","Credential rotation, revocation, and break-glass recovery SHALL be tested as part of the platform operational profile.",Exact source span under the complete requirement; not a replacement normative statement,RA §13; RA §24,Automation platform,"Enterprise IAM/PKI/KMS, consuming endpoint policy, session caches and independently controlled recovery custody",EXTERNAL_SECURITY_SERVICE_REQUIRED,lab/mtls_fixture.py; docs/SERVICE_IDENTITY.md; tools/nsx_observe.py,"Site engineering must name the actual native object/role/service and its accepted settings for: Credential rotation, revocation, and break-glass recovery SHALL be tested as part of the platform operational profile.",CT-027; CT-028; CT-043,Apply the referenced procedure to the actual enforcement location and this focus; include effective negative/failure observations where the original criterion requires them.,SOURCE_AND_LOCAL_FIXTURE_ONLY_OR_NOT_IMPLEMENTED; NOT_NATIVE_QUALIFIED,,"Temporary mTLS fixtures and verified client HTTPS are not enterprise authentication/authorization, revocation, FIPS/module approval, at-rest encryption, key custody, algorithm transition or native KMS outage qualification.",TO_BE_DECIDED_FOR_ACTUAL_SERVICE; NOT_AUTO_NA,PROPOSED_ENGINEERING_ALLOCATION_NOT_CONTROL_SATISFACTION
SEC-004/A01,SEC-004,"Where supported and verified, sensitive values SHOULD use ephemeral/write-only mechanisms; all remaining secret-bearing plan/state/log artifacts SHALL be classified, encrypted, access-controlled and tested for unintended disclosure.","Where supported and verified, sensitive values SHOULD use ephemeral/write-only mechanisms",Exact source span under the complete requirement; not a replacement normative statement,RA §13; RA §24,Automation platform,"Enterprise IAM/PKI/KMS, consuming endpoint policy, session caches and independently controlled recovery custody",EXTERNAL_SECURITY_SERVICE_REQUIRED,lab/mtls_fixture.py; docs/SERVICE_IDENTITY.md; tools/nsx_observe.py,"Site engineering must name the actual native object/role/service and its accepted settings for: Where supported and verified, sensitive values SHOULD use ephemeral/write-only mechanisms",CT-043; CT-044,Apply the referenced procedure to the actual enforcement location and this focus; include effective negative/failure observations where the original criterion requires them.,SOURCE_AND_LOCAL_FIXTURE_ONLY_OR_NOT_IMPLEMENTED; NOT_NATIVE_QUALIFIED,,"Temporary mTLS fixtures and verified client HTTPS are not enterprise authentication/authorization, revocation, FIPS/module approval, at-rest encryption, key custody, algorithm transition or native KMS outage qualification.",TO_BE_DECIDED_FOR_ACTUAL_SERVICE; NOT_AUTO_NA,PROPOSED_ENGINEERING_ALLOCATION_NOT_CONTROL_SATISFACTION
SEC-004/A02,SEC-004,"Where supported and verified, sensitive values SHOULD use ephemeral/write-only mechanisms; all remaining secret-bearing plan/state/log artifacts SHALL be classified, encrypted, access-controlled and tested for unintended disclosure.","all remaining secret-bearing plan/state/log artifacts SHALL be classified, encrypted, access-controlled and tested for unintended disclosure.",Exact source span under the complete requirement; not a replacement normative statement,RA §13; RA §24,Automation platform,"Enterprise IAM/PKI/KMS, consuming endpoint policy, session caches and independently controlled recovery custody",EXTERNAL_SECURITY_SERVICE_REQUIRED,lab/mtls_fixture.py; docs/SERVICE_IDENTITY.md; tools/nsx_observe.py,"Site engineering must name the actual native object/role/service and its accepted settings for: all remaining secret-bearing plan/state/log artifacts SHALL be classified, encrypted, access-controlled and tested for unintended disclosure.",CT-043; CT-044,Apply the referenced procedure to the actual enforcement location and this focus; include effective negative/failure observations where the original criterion requires them.,SOURCE_AND_LOCAL_FIXTURE_ONLY_OR_NOT_IMPLEMENTED; NOT_NATIVE_QUALIFIED,,"Temporary mTLS fixtures and verified client HTTPS are not enterprise authentication/authorization, revocation, FIPS/module approval, at-rest encryption, key custody, algorithm transition or native KMS outage qualification.",TO_BE_DECIDED_FOR_ACTUAL_SERVICE; NOT_AUTO_NA,PROPOSED_ENGINEERING_ALLOCATION_NOT_CONTROL_SATISFACTION
DRIFT-001/A01,DRIFT-001,Security-significant drift SHALL generate an actionable event and update technical conformance/readiness conditions until resolved or accepted; formal authorization records SHALL remain separately attributable and immutable.,Security-significant drift SHALL generate an actionable event and update technical conformance/readiness conditions until resolved or accepted,Exact source span under the complete requirement; not a replacement normative statement,RA §25,Operations/SRE,"Effective native runtime, incident owner and separately authorized current-generation recovery/repair process",PARTIAL_READBACK_REVIEW_NO_REPAIR,tools/recovery_review.py; tools/nsx_observe.py; tools/nutanix_observe.py; tools/neutron_observe.py,Site engineering must name the actual native object/role/service and its accepted settings for: Security-significant drift SHALL generate an actionable event and update technical conformance/readiness conditions until resolved or accepted,CT-014; CT-049; CT-057,Apply the referenced procedure to the actual enforcement location and this focus; include effective negative/failure observations where the original criterion requires them.,SOURCE_AND_LOCAL_FIXTURE_ONLY_OR_NOT_IMPLEMENTED; NOT_NATIVE_QUALIFIED,,"Exact-resource reads and offline decisions do not cover complete platform inventory, continuously detect all drift, authenticate incident authority, enforce real fencing or carry out safe native containment/repair.",TO_BE_DECIDED_FOR_ACTUAL_SERVICE; NOT_AUTO_NA,PROPOSED_ENGINEERING_ALLOCATION_NOT_CONTROL_SATISFACTION
DRIFT-001/A02,DRIFT-001,Security-significant drift SHALL generate an actionable event and update technical conformance/readiness conditions until resolved or accepted; formal authorization records SHALL remain separately attributable and immutable.,formal authorization records SHALL remain separately attributable and immutable.,Exact source span under the complete requirement; not a replacement normative statement,RA §25,Operations/SRE,"Effective native runtime, incident owner and separately authorized current-generation recovery/repair process",PARTIAL_READBACK_REVIEW_NO_REPAIR,tools/recovery_review.py; tools/nsx_observe.py; tools/nutanix_observe.py; tools/neutron_observe.py,Site engineering must name the actual native object/role/service and its accepted settings for: formal authorization records SHALL remain separately attributable and immutable.,CT-014; CT-049; CT-057,Apply the referenced procedure to the actual enforcement location and this focus; include effective negative/failure observations where the original criterion requires them.,SOURCE_AND_LOCAL_FIXTURE_ONLY_OR_NOT_IMPLEMENTED; NOT_NATIVE_QUALIFIED,,"Exact-resource reads and offline decisions do not cover complete platform inventory, continuously detect all drift, authenticate incident authority, enforce real fencing or carry out safe native containment/repair.",TO_BE_DECIDED_FOR_ACTUAL_SERVICE; NOT_AUTO_NA,PROPOSED_ENGINEERING_ALLOCATION_NOT_CONTROL_SATISFACTION
DRIFT-002/A01,DRIFT-002,Emergency changes SHALL be reconciled back into the source of truth after the incident or maintenance action.,Emergency changes SHALL be reconciled back into the source of truth after the incident or maintenance action.,Exact source span under the complete requirement; not a replacement normative statement,RA §25,Operations/SRE,"Effective native runtime, incident owner and separately authorized current-generation recovery/repair process",PARTIAL_READBACK_REVIEW_NO_REPAIR,tools/recovery_review.py; tools/nsx_observe.py; tools/nutanix_observe.py; tools/neutron_observe.py,Site engineering must name the actual native object/role/service and its accepted settings for: Emergency changes SHALL be reconciled back into the source of truth after the incident or maintenance action.,CT-014; CT-057,Apply the referenced procedure to the actual enforcement location and this focus; include effective negative/failure observations where the original criterion requires them.,SOURCE_AND_LOCAL_FIXTURE_ONLY_OR_NOT_IMPLEMENTED; NOT_NATIVE_QUALIFIED,,"Exact-resource reads and offline decisions do not cover complete platform inventory, continuously detect all drift, authenticate incident authority, enforce real fencing or carry out safe native containment/repair.",TO_BE_DECIDED_FOR_ACTUAL_SERVICE; NOT_AUTO_NA,PROPOSED_ENGINEERING_ALLOCATION_NOT_CONTROL_SATISFACTION
DRIFT-003/A01,DRIFT-003,Incident containment overrides SHALL take precedence over ordinary reconciliation until explicitly released or handled by their approved expiry policy; automated repair SHALL NOT silently undo containment.,Incident containment overrides SHALL take precedence over ordinary reconciliation until explicitly released or handled by their approved expiry policy,Exact source span under the complete requirement; not a replacement normative statement,RA §25,Incident response,"Effective native runtime, incident owner and separately authorized current-generation recovery/repair process",PARTIAL_READBACK_REVIEW_NO_REPAIR,tools/recovery_review.py; tools/nsx_observe.py; tools/nutanix_observe.py; tools/neutron_observe.py,Site engineering must name the actual native object/role/service and its accepted settings for: Incident containment overrides SHALL take precedence over ordinary reconciliation until explicitly released or handled by their approved expiry policy,CT-057; CT-058; CT-066,Apply the referenced procedure to the actual enforcement location and this focus; include effective negative/failure observations where the original criterion requires them.,SOURCE_AND_LOCAL_FIXTURE_ONLY_OR_NOT_IMPLEMENTED; NOT_NATIVE_QUALIFIED,,"Exact-resource reads and offline decisions do not cover complete platform inventory, continuously detect all drift, authenticate incident authority, enforce real fencing or carry out safe native containment/repair.",TO_BE_DECIDED_FOR_ACTUAL_SERVICE; NOT_AUTO_NA,PROPOSED_ENGINEERING_ALLOCATION_NOT_CONTROL_SATISFACTION
DRIFT-003/A02,DRIFT-003,Incident containment overrides SHALL take precedence over ordinary reconciliation until explicitly released or handled by their approved expiry policy; automated repair SHALL NOT silently undo containment.,automated repair SHALL NOT silently undo containment.,Exact source span under the complete requirement; not a replacement normative statement,RA §25,Incident response,"Effective native runtime, incident owner and separately authorized current-generation recovery/repair process",PARTIAL_READBACK_REVIEW_NO_REPAIR,tools/recovery_review.py; tools/nsx_observe.py; tools/nutanix_observe.py; tools/neutron_observe.py,Site engineering must name the actual native object/role/service and its accepted settings for: automated repair SHALL NOT silently undo containment.,CT-057; CT-058; CT-066,Apply the referenced procedure to the actual enforcement location and this focus; include effective negative/failure observations where the original criterion requires them.,SOURCE_AND_LOCAL_FIXTURE_ONLY_OR_NOT_IMPLEMENTED; NOT_NATIVE_QUALIFIED,,"Exact-resource reads and offline decisions do not cover complete platform inventory, continuously detect all drift, authenticate incident authority, enforce real fencing or carry out safe native containment/repair.",TO_BE_DECIDED_FOR_ACTUAL_SERVICE; NOT_AUTO_NA,PROPOSED_ENGINEERING_ALLOCATION_NOT_CONTROL_SATISFACTION
ASSUR-001/A01,ASSUR-001,Assurance profile selection SHALL be based on system security requirements and risk analysis rather than tenant preference alone.,Assurance profile selection SHALL be based on system security requirements and risk analysis rather than tenant preference alone.,Exact source span under the complete requirement; not a replacement normative statement,RA §7; RA §11; RA §12; RA §14,Security authority,Accepted service/profile and topology records; native domain/identity boundaries implement selected constraints,PARTIAL_DESIGN_AND_CANDIDATE,docs/architecture/RAD.md; docs/engineering/TAD.md; tools/input_review.py,Site engineering must name the actual native object/role/service and its accepted settings for: Assurance profile selection SHALL be based on system security requirements and risk analysis rather than tenant preference alone.,CT-035; CT-062,Apply the referenced procedure to the actual enforcement location and this focus; include effective negative/failure observations where the original criterion requires them.,SOURCE_AND_LOCAL_FIXTURE_ONLY_OR_NOT_IMPLEMENTED; NOT_NATIVE_QUALIFIED,,"No complete authoritative service/profile registry, tenant role enforcement or actual placement/edge evidence is supplied. Input screening covers only its enumerated examples and cannot accept the complete service.",TO_BE_DECIDED_FOR_ACTUAL_SERVICE; NOT_AUTO_NA,PROPOSED_ENGINEERING_ALLOCATION_NOT_CONTROL_SATISFACTION
ASSUR-002/A01,ASSUR-002,"Assurance profiles SHALL define explicit isolation for compute, storage, routing, edge, management, backup and keys, with measurable verification and exception rules; “dedicated” SHALL identify its actual resource scope.","Assurance profiles SHALL define explicit isolation for compute, storage, routing, edge, management, backup and keys, with measurable verification and exception rules",Exact source span under the complete requirement; not a replacement normative statement,RA §7; RA §11; RA §12; RA §14,Security authority,Accepted service/profile and topology records; native domain/identity boundaries implement selected constraints,PARTIAL_DESIGN_AND_CANDIDATE,docs/architecture/RAD.md; docs/engineering/TAD.md; tools/input_review.py,"Site engineering must name the actual native object/role/service and its accepted settings for: Assurance profiles SHALL define explicit isolation for compute, storage, routing, edge, management, backup and keys, with measurable verification and exception rules",CT-018; CT-035; CT-037; CT-062,Apply the referenced procedure to the actual enforcement location and this focus; include effective negative/failure observations where the original criterion requires them.,SOURCE_AND_LOCAL_FIXTURE_ONLY_OR_NOT_IMPLEMENTED; NOT_NATIVE_QUALIFIED,,"No complete authoritative service/profile registry, tenant role enforcement or actual placement/edge evidence is supplied. Input screening covers only its enumerated examples and cannot accept the complete service.",TO_BE_DECIDED_FOR_ACTUAL_SERVICE; NOT_AUTO_NA,PROPOSED_ENGINEERING_ALLOCATION_NOT_CONTROL_SATISFACTION
ASSUR-002/A02,ASSUR-002,"Assurance profiles SHALL define explicit isolation for compute, storage, routing, edge, management, backup and keys, with measurable verification and exception rules; “dedicated” SHALL identify its actual resource scope.",“dedicated” SHALL identify its actual resource scope.,Exact source span under the complete requirement; not a replacement normative statement,RA §7; RA §11; RA §12; RA §14,Security authority,Accepted service/profile and topology records; native domain/identity boundaries implement selected constraints,PARTIAL_DESIGN_AND_CANDIDATE,docs/architecture/RAD.md; docs/engineering/TAD.md; tools/input_review.py,Site engineering must name the actual native object/role/service and its accepted settings for: “dedicated” SHALL identify its actual resource scope.,CT-018; CT-035; CT-037; CT-062,Apply the referenced procedure to the actual enforcement location and this focus; include effective negative/failure observations where the original criterion requires them.,SOURCE_AND_LOCAL_FIXTURE_ONLY_OR_NOT_IMPLEMENTED; NOT_NATIVE_QUALIFIED,,"No complete authoritative service/profile registry, tenant role enforcement or actual placement/edge evidence is supplied. Input screening covers only its enumerated examples and cannot accept the complete service.",TO_BE_DECIDED_FOR_ACTUAL_SERVICE; NOT_AUTO_NA,PROPOSED_ENGINEERING_ALLOCATION_NOT_CONTROL_SATISFACTION
ASSUR-003/A01,ASSUR-003,"A production profile SHALL have approved parameter values, owners, applicable test sets and evidence freshness limits; incomplete or expired profiles SHALL be ineligible for new production placement.","A production profile SHALL have approved parameter values, owners, applicable test sets and evidence freshness limits",Exact source span under the complete requirement; not a replacement normative statement,RA §7; RA §11; RA §12; RA §14,Security authority,Accepted service/profile and topology records; native domain/identity boundaries implement selected constraints,PARTIAL_DESIGN_AND_CANDIDATE,docs/architecture/RAD.md; docs/engineering/TAD.md; tools/input_review.py,"Site engineering must name the actual native object/role/service and its accepted settings for: A production profile SHALL have approved parameter values, owners, applicable test sets and evidence freshness limits",CT-018; CT-058; CT-069,Apply the referenced procedure to the actual enforcement location and this focus; include effective negative/failure observations where the original criterion requires them.,SOURCE_AND_LOCAL_FIXTURE_ONLY_OR_NOT_IMPLEMENTED; NOT_NATIVE_QUALIFIED,,"No complete authoritative service/profile registry, tenant role enforcement or actual placement/edge evidence is supplied. Input screening covers only its enumerated examples and cannot accept the complete service.",TO_BE_DECIDED_FOR_ACTUAL_SERVICE; NOT_AUTO_NA,PROPOSED_ENGINEERING_ALLOCATION_NOT_CONTROL_SATISFACTION
ASSUR-003/A02,ASSUR-003,"A production profile SHALL have approved parameter values, owners, applicable test sets and evidence freshness limits; incomplete or expired profiles SHALL be ineligible for new production placement.",incomplete or expired profiles SHALL be ineligible for new production placement.,Exact source span under the complete requirement; not a replacement normative statement,RA §7; RA §11; RA §12; RA §14,Security authority,Accepted service/profile and topology records; native domain/identity boundaries implement selected constraints,PARTIAL_DESIGN_AND_CANDIDATE,docs/architecture/RAD.md; docs/engineering/TAD.md; tools/input_review.py,Site engineering must name the actual native object/role/service and its accepted settings for: incomplete or expired profiles SHALL be ineligible for new production placement.,CT-018; CT-058; CT-069,Apply the referenced procedure to the actual enforcement location and this focus; include effective negative/failure observations where the original criterion requires them.,SOURCE_AND_LOCAL_FIXTURE_ONLY_OR_NOT_IMPLEMENTED; NOT_NATIVE_QUALIFIED,,"No complete authoritative service/profile registry, tenant role enforcement or actual placement/edge evidence is supplied. Input screening covers only its enumerated examples and cannot accept the complete service.",TO_BE_DECIDED_FOR_ACTUAL_SERVICE; NOT_AUTO_NA,PROPOSED_ENGINEERING_ALLOCATION_NOT_CONTROL_SATISFACTION
TEST-001/A01,TEST-001,Negative tests SHALL be first-class acceptance criteria; proving that an allowed flow works is insufficient.,Negative tests SHALL be first-class acceptance criteria,Exact source span under the complete requirement; not a replacement normative statement,RA §28,Assurance engineering,"Approved qualification campaign, independent observation and evidence store at declared versions/topology",LOCAL_FIXTURES_NOT_NATIVE_QUALIFICATION,docs/assurance/test-specifications.md; lab/run_readback_lab.py; lab/run_namespace_lab.py,Site engineering must name the actual native object/role/service and its accepted settings for: Negative tests SHALL be first-class acceptance criteria,CT-001; CT-002; CT-003; CT-007,Apply the referenced procedure to the actual enforcement location and this focus; include effective negative/failure observations where the original criterion requires them.,SOURCE_AND_LOCAL_FIXTURE_ONLY_OR_NOT_IMPLEMENTED; NOT_NATIVE_QUALIFIED,,"Reference procedures, local fixtures and hashes do not create native evidence, immutable evidence custody, complete assertion coverage, platform qualification or authorization.",TO_BE_DECIDED_FOR_ACTUAL_SERVICE; NOT_AUTO_NA,PROPOSED_ENGINEERING_ALLOCATION_NOT_CONTROL_SATISFACTION
TEST-001/A02,TEST-001,Negative tests SHALL be first-class acceptance criteria; proving that an allowed flow works is insufficient.,proving that an allowed flow works is insufficient.,Exact source span under the complete requirement; not a replacement normative statement,RA §28,Assurance engineering,"Approved qualification campaign, independent observation and evidence store at declared versions/topology",LOCAL_FIXTURES_NOT_NATIVE_QUALIFICATION,docs/assurance/test-specifications.md; lab/run_readback_lab.py; lab/run_namespace_lab.py,Site engineering must name the actual native object/role/service and its accepted settings for: proving that an allowed flow works is insufficient.,CT-001; CT-002; CT-003; CT-007,Apply the referenced procedure to the actual enforcement location and this focus; include effective negative/failure observations where the original criterion requires them.,SOURCE_AND_LOCAL_FIXTURE_ONLY_OR_NOT_IMPLEMENTED; NOT_NATIVE_QUALIFIED,,"Reference procedures, local fixtures and hashes do not create native evidence, immutable evidence custody, complete assertion coverage, platform qualification or authorization.",TO_BE_DECIDED_FOR_ACTUAL_SERVICE; NOT_AUTO_NA,PROPOSED_ENGINEERING_ALLOCATION_NOT_CONTROL_SATISFACTION
TEST-002/A01,TEST-002,A platform upgrade SHALL trigger an appropriate regression/conformance test set before broad production rollout.,A platform upgrade SHALL trigger an appropriate regression/conformance test set before broad production rollout.,Exact source span under the complete requirement; not a replacement normative statement,RA §28,Assurance engineering,"Approved qualification campaign, independent observation and evidence store at declared versions/topology",LOCAL_FIXTURES_NOT_NATIVE_QUALIFICATION,docs/assurance/test-specifications.md; lab/run_readback_lab.py; lab/run_namespace_lab.py,Site engineering must name the actual native object/role/service and its accepted settings for: A platform upgrade SHALL trigger an appropriate regression/conformance test set before broad production rollout.,CT-015; CT-018,Apply the referenced procedure to the actual enforcement location and this focus; include effective negative/failure observations where the original criterion requires them.,SOURCE_AND_LOCAL_FIXTURE_ONLY_OR_NOT_IMPLEMENTED; NOT_NATIVE_QUALIFIED,,"Reference procedures, local fixtures and hashes do not create native evidence, immutable evidence custody, complete assertion coverage, platform qualification or authorization.",TO_BE_DECIDED_FOR_ACTUAL_SERVICE; NOT_AUTO_NA,PROPOSED_ENGINEERING_ALLOCATION_NOT_CONTROL_SATISFACTION
TEST-003/A01,TEST-003,"Every test execution SHALL record target versions, preconditions, healthy control paths, observation, expected outcome and attributable evidence; blocked, not-run or unjustified not-applicable results SHALL NOT satisfy mandatory gates.","Every test execution SHALL record target versions, preconditions, healthy control paths, observation, expected outcome and attributable evidence",Exact source span under the complete requirement; not a replacement normative statement,RA §28,Assurance engineering,"Approved qualification campaign, independent observation and evidence store at declared versions/topology",LOCAL_FIXTURES_NOT_NATIVE_QUALIFICATION,docs/assurance/test-specifications.md; lab/run_readback_lab.py; lab/run_namespace_lab.py,"Site engineering must name the actual native object/role/service and its accepted settings for: Every test execution SHALL record target versions, preconditions, healthy control paths, observation, expected outcome and attributable evidence",CT-049; CT-069; CT-075,Apply the referenced procedure to the actual enforcement location and this focus; include effective negative/failure observations where the original criterion requires them.,SOURCE_AND_LOCAL_FIXTURE_ONLY_OR_NOT_IMPLEMENTED; NOT_NATIVE_QUALIFIED,,"Reference procedures, local fixtures and hashes do not create native evidence, immutable evidence custody, complete assertion coverage, platform qualification or authorization.",TO_BE_DECIDED_FOR_ACTUAL_SERVICE; NOT_AUTO_NA,PROPOSED_ENGINEERING_ALLOCATION_NOT_CONTROL_SATISFACTION
TEST-003/A02,TEST-003,"Every test execution SHALL record target versions, preconditions, healthy control paths, observation, expected outcome and attributable evidence; blocked, not-run or unjustified not-applicable results SHALL NOT satisfy mandatory gates.","blocked, not-run or unjustified not-applicable results SHALL NOT satisfy mandatory gates.",Exact source span under the complete requirement; not a replacement normative statement,RA §28,Assurance engineering,"Approved qualification campaign, independent observation and evidence store at declared versions/topology",LOCAL_FIXTURES_NOT_NATIVE_QUALIFICATION,docs/assurance/test-specifications.md; lab/run_readback_lab.py; lab/run_namespace_lab.py,"Site engineering must name the actual native object/role/service and its accepted settings for: blocked, not-run or unjustified not-applicable results SHALL NOT satisfy mandatory gates.",CT-049; CT-069; CT-075,Apply the referenced procedure to the actual enforcement location and this focus; include effective negative/failure observations where the original criterion requires them.,SOURCE_AND_LOCAL_FIXTURE_ONLY_OR_NOT_IMPLEMENTED; NOT_NATIVE_QUALIFIED,,"Reference procedures, local fixtures and hashes do not create native evidence, immutable evidence custody, complete assertion coverage, platform qualification or authorization.",TO_BE_DECIDED_FOR_ACTUAL_SERVICE; NOT_AUTO_NA,PROPOSED_ENGINEERING_ALLOCATION_NOT_CONTROL_SATISFACTION
TEST-004/A01,TEST-004,"Fault-injection and intrusive negative tests SHALL run only within an approved scope, safety envelope and recovery procedure; production testing SHALL protect unrelated tenants.","Fault-injection and intrusive negative tests SHALL run only within an approved scope, safety envelope and recovery procedure",Exact source span under the complete requirement; not a replacement normative statement,RA §28,Assurance engineering,"Approved qualification campaign, independent observation and evidence store at declared versions/topology",LOCAL_FIXTURES_NOT_NATIVE_QUALIFICATION,docs/assurance/test-specifications.md; lab/run_readback_lab.py; lab/run_namespace_lab.py,"Site engineering must name the actual native object/role/service and its accepted settings for: Fault-injection and intrusive negative tests SHALL run only within an approved scope, safety envelope and recovery procedure",CT-011; CT-012; CT-034; CT-054,Apply the referenced procedure to the actual enforcement location and this focus; include effective negative/failure observations where the original criterion requires them.,SOURCE_AND_LOCAL_FIXTURE_ONLY_OR_NOT_IMPLEMENTED; NOT_NATIVE_QUALIFIED,,"Reference procedures, local fixtures and hashes do not create native evidence, immutable evidence custody, complete assertion coverage, platform qualification or authorization.",TO_BE_DECIDED_FOR_ACTUAL_SERVICE; NOT_AUTO_NA,PROPOSED_ENGINEERING_ALLOCATION_NOT_CONTROL_SATISFACTION
TEST-004/A02,TEST-004,"Fault-injection and intrusive negative tests SHALL run only within an approved scope, safety envelope and recovery procedure; production testing SHALL protect unrelated tenants.",production testing SHALL protect unrelated tenants.,Exact source span under the complete requirement; not a replacement normative statement,RA §28,Assurance engineering,"Approved qualification campaign, independent observation and evidence store at declared versions/topology",LOCAL_FIXTURES_NOT_NATIVE_QUALIFICATION,docs/assurance/test-specifications.md; lab/run_readback_lab.py; lab/run_namespace_lab.py,Site engineering must name the actual native object/role/service and its accepted settings for: production testing SHALL protect unrelated tenants.,CT-011; CT-012; CT-034; CT-054,Apply the referenced procedure to the actual enforcement location and this focus; include effective negative/failure observations where the original criterion requires them.,SOURCE_AND_LOCAL_FIXTURE_ONLY_OR_NOT_IMPLEMENTED; NOT_NATIVE_QUALIFIED,,"Reference procedures, local fixtures and hashes do not create native evidence, immutable evidence custody, complete assertion coverage, platform qualification or authorization.",TO_BE_DECIDED_FOR_ACTUAL_SERVICE; NOT_AUTO_NA,PROPOSED_ENGINEERING_ALLOCATION_NOT_CONTROL_SATISFACTION
EVID-001/A01,EVID-001,"The evidence record SHALL identify the source revision, policy version, provider/module versions, realized security relationships, test results, and active exceptions.","The evidence record SHALL identify the source revision, policy version, provider/module versions, realized security relationships, test results, and active exceptions.",Exact source span under the complete requirement; not a replacement normative statement,RA §26; RA §28,Assurance engineering,"Approved qualification campaign, independent observation and evidence store at declared versions/topology",LOCAL_FIXTURES_NOT_NATIVE_QUALIFICATION,docs/assurance/test-specifications.md; lab/run_readback_lab.py; lab/run_namespace_lab.py,"Site engineering must name the actual native object/role/service and its accepted settings for: The evidence record SHALL identify the source revision, policy version, provider/module versions, realized security relationships, test results, and active exceptions.",CT-049; CT-069; CT-075,Apply the referenced procedure to the actual enforcement location and this focus; include effective negative/failure observations where the original criterion requires them.,SOURCE_AND_LOCAL_FIXTURE_ONLY_OR_NOT_IMPLEMENTED; NOT_NATIVE_QUALIFIED,,"Reference procedures, local fixtures and hashes do not create native evidence, immutable evidence custody, complete assertion coverage, platform qualification or authorization.",TO_BE_DECIDED_FOR_ACTUAL_SERVICE; NOT_AUTO_NA,PROPOSED_ENGINEERING_ALLOCATION_NOT_CONTROL_SATISFACTION
EVID-002/A01,EVID-002,"Evidence SHALL bind target generation, source/profile/capability/dependency digests, artifact integrity, collection time, test executions and active exceptions; freshness SHALL be evaluated after material changes.","Evidence SHALL bind target generation, source/profile/capability/dependency digests, artifact integrity, collection time, test executions and active exceptions",Exact source span under the complete requirement; not a replacement normative statement,RA §26; RA §28,Assurance engineering,"Approved qualification campaign, independent observation and evidence store at declared versions/topology",LOCAL_FIXTURES_NOT_NATIVE_QUALIFICATION,docs/assurance/test-specifications.md; lab/run_readback_lab.py; lab/run_namespace_lab.py,"Site engineering must name the actual native object/role/service and its accepted settings for: Evidence SHALL bind target generation, source/profile/capability/dependency digests, artifact integrity, collection time, test executions and active exceptions",CT-048; CT-049; CT-069,Apply the referenced procedure to the actual enforcement location and this focus; include effective negative/failure observations where the original criterion requires them.,SOURCE_AND_LOCAL_FIXTURE_ONLY_OR_NOT_IMPLEMENTED; NOT_NATIVE_QUALIFIED,,"Reference procedures, local fixtures and hashes do not create native evidence, immutable evidence custody, complete assertion coverage, platform qualification or authorization.",TO_BE_DECIDED_FOR_ACTUAL_SERVICE; NOT_AUTO_NA,PROPOSED_ENGINEERING_ALLOCATION_NOT_CONTROL_SATISFACTION
EVID-002/A02,EVID-002,"Evidence SHALL bind target generation, source/profile/capability/dependency digests, artifact integrity, collection time, test executions and active exceptions; freshness SHALL be evaluated after material changes.",freshness SHALL be evaluated after material changes.,Exact source span under the complete requirement; not a replacement normative statement,RA §26; RA §28,Assurance engineering,"Approved qualification campaign, independent observation and evidence store at declared versions/topology",LOCAL_FIXTURES_NOT_NATIVE_QUALIFICATION,docs/assurance/test-specifications.md; lab/run_readback_lab.py; lab/run_namespace_lab.py,Site engineering must name the actual native object/role/service and its accepted settings for: freshness SHALL be evaluated after material changes.,CT-048; CT-049; CT-069,Apply the referenced procedure to the actual enforcement location and this focus; include effective negative/failure observations where the original criterion requires them.,SOURCE_AND_LOCAL_FIXTURE_ONLY_OR_NOT_IMPLEMENTED; NOT_NATIVE_QUALIFIED,,"Reference procedures, local fixtures and hashes do not create native evidence, immutable evidence custody, complete assertion coverage, platform qualification or authorization.",TO_BE_DECIDED_FOR_ACTUAL_SERVICE; NOT_AUTO_NA,PROPOSED_ENGINEERING_ALLOCATION_NOT_CONTROL_SATISFACTION
EVID-003/A01,EVID-003,"Formal authorization decisions SHALL be issued by the designated authority and retained separately from technical test status, with scope, validity and operating conditions that the controller can evaluate.","Formal authorization decisions SHALL be issued by the designated authority and retained separately from technical test status, with scope, validity and operating conditions that the controller can evaluate.",Exact source span under the complete requirement; not a replacement normative statement,RA §26; RA §28,Security authority,"Approved qualification campaign, independent observation and evidence store at declared versions/topology",LOCAL_FIXTURES_NOT_NATIVE_QUALIFICATION,docs/assurance/test-specifications.md; lab/run_readback_lab.py; lab/run_namespace_lab.py,"Site engineering must name the actual native object/role/service and its accepted settings for: Formal authorization decisions SHALL be issued by the designated authority and retained separately from technical test status, with scope, validity and operating conditions that the controller can evaluate.",CT-049; CT-058; CT-069,Apply the referenced procedure to the actual enforcement location and this focus; include effective negative/failure observations where the original criterion requires them.,SOURCE_AND_LOCAL_FIXTURE_ONLY_OR_NOT_IMPLEMENTED; NOT_NATIVE_QUALIFIED,,"Reference procedures, local fixtures and hashes do not create native evidence, immutable evidence custody, complete assertion coverage, platform qualification or authorization.",TO_BE_DECIDED_FOR_ACTUAL_SERVICE; NOT_AUTO_NA,PROPOSED_ENGINEERING_ALLOCATION_NOT_CONTROL_SATISFACTION
OBS-001/A01,OBS-001,"Logs SHALL contain stable identifiers sufficient to correlate tenant, WSD, Security Domain, policy, and deployment evidence.","Logs SHALL contain stable identifiers sufficient to correlate tenant, WSD, Security Domain, policy, and deployment evidence.",Exact source span under the complete requirement; not a replacement normative statement,RA §26,Security operations,"Independent collectors and audit paths at platforms, ZIPs, execution, identity and address authorities",EXTERNAL_TELEMETRY_SERVICE_REQUIRED,docs/operations/README.md; lab/run_namespace_lab.py,"Site engineering must name the actual native object/role/service and its accepted settings for: Logs SHALL contain stable identifiers sufficient to correlate tenant, WSD, Security Domain, policy, and deployment evidence.",CT-010; CT-049,Apply the referenced procedure to the actual enforcement location and this focus; include effective negative/failure observations where the original criterion requires them.,SOURCE_AND_LOCAL_FIXTURE_ONLY_OR_NOT_IMPLEMENTED; NOT_NATIVE_QUALIFIED,,"Fixture counters are not production telemetry. Stable event identifiers, collector independence, buffering/loss detection, storage retention/access and outage restrictions require native services and observations.",TO_BE_DECIDED_FOR_ACTUAL_SERVICE; NOT_AUTO_NA,PROPOSED_ENGINEERING_ALLOCATION_NOT_CONTROL_SATISFACTION
OBS-002/A01,OBS-002,Security control logging SHALL not depend solely on the tenant workload being healthy or cooperative.,Security control logging SHALL not depend solely on the tenant workload being healthy or cooperative.,Exact source span under the complete requirement; not a replacement normative statement,RA §26,Security operations,"Independent collectors and audit paths at platforms, ZIPs, execution, identity and address authorities",EXTERNAL_TELEMETRY_SERVICE_REQUIRED,docs/operations/README.md; lab/run_namespace_lab.py,Site engineering must name the actual native object/role/service and its accepted settings for: Security control logging SHALL not depend solely on the tenant workload being healthy or cooperative.,CT-010; CT-050,Apply the referenced procedure to the actual enforcement location and this focus; include effective negative/failure observations where the original criterion requires them.,SOURCE_AND_LOCAL_FIXTURE_ONLY_OR_NOT_IMPLEMENTED; NOT_NATIVE_QUALIFIED,,"Fixture counters are not production telemetry. Stable event identifiers, collector independence, buffering/loss detection, storage retention/access and outage restrictions require native services and observations.",TO_BE_DECIDED_FOR_ACTUAL_SERVICE; NOT_AUTO_NA,PROPOSED_ENGINEERING_ALLOCATION_NOT_CONTROL_SATISFACTION
OBS-003/A01,OBS-003,"Logging profiles SHALL define event coverage, attribution, time integrity, minimization, forwarding latency, buffering, loss alerting, retention, access and safe behavior during collection failure.","Logging profiles SHALL define event coverage, attribution, time integrity, minimization, forwarding latency, buffering, loss alerting, retention, access and safe behavior during collection failure.",Exact source span under the complete requirement; not a replacement normative statement,RA §26,Security operations,"Independent collectors and audit paths at platforms, ZIPs, execution, identity and address authorities",EXTERNAL_TELEMETRY_SERVICE_REQUIRED,docs/operations/README.md; lab/run_namespace_lab.py,"Site engineering must name the actual native object/role/service and its accepted settings for: Logging profiles SHALL define event coverage, attribution, time integrity, minimization, forwarding latency, buffering, loss alerting, retention, access and safe behavior during collection failure.",CT-010; CT-050; CT-068,Apply the referenced procedure to the actual enforcement location and this focus; include effective negative/failure observations where the original criterion requires them.,SOURCE_AND_LOCAL_FIXTURE_ONLY_OR_NOT_IMPLEMENTED; NOT_NATIVE_QUALIFIED,,"Fixture counters are not production telemetry. Stable event identifiers, collector independence, buffering/loss detection, storage retention/access and outage restrictions require native services and observations.",TO_BE_DECIDED_FOR_ACTUAL_SERVICE; NOT_AUTO_NA,PROPOSED_ENGINEERING_ALLOCATION_NOT_CONTROL_SATISFACTION
CAP-001/A01,CAP-001,Capacity planning SHALL include N+failure headroom so that loss of a security-edge node does not require disabling or bypassing enforcement.,Capacity planning SHALL include N+failure headroom so that loss of a security-edge node does not require disabling or bypassing enforcement.,Exact source span under the complete requirement; not a replacement normative statement,RA §4; RA §26,Capacity management,"Service catalogue, measured surviving resource pools, security-edge and dependency failure/maintenance behaviour",EXTERNAL_CAPACITY_AND_QUALIFICATION_REQUIRED,docs/engineering/TAD.md; lab/run_namespace_lab.py,Site engineering must name the actual native object/role/service and its accepted settings for: Capacity planning SHALL include N+failure headroom so that loss of a security-edge node does not require disabling or bypassing enforcement.,CT-012; CT-056,Apply the referenced procedure to the actual enforcement location and this focus; include effective negative/failure observations where the original criterion requires them.,SOURCE_AND_LOCAL_FIXTURE_ONLY_OR_NOT_IMPLEMENTED; NOT_NATIVE_QUALIFIED,,"Illustrative capacity schedules and local link-failure fixtures do not establish measured production SLO/RTO/RPO, qualified limits, complete reservations or procured-to-available inventory.",TO_BE_DECIDED_FOR_ACTUAL_SERVICE; NOT_AUTO_NA,PROPOSED_ENGINEERING_ALLOCATION_NOT_CONTROL_SATISFACTION
CAP-002/A01,CAP-002,"Placement and growth admission SHALL evaluate measured surviving capacity, security-feature overhead, shared dependencies, quotas and operational reserves for the approved failure model.","Placement and growth admission SHALL evaluate measured surviving capacity, security-feature overhead, shared dependencies, quotas and operational reserves for the approved failure model.",Exact source span under the complete requirement; not a replacement normative statement,RA §4; RA §26,Capacity management,"Service catalogue, measured surviving resource pools, security-edge and dependency failure/maintenance behaviour",EXTERNAL_CAPACITY_AND_QUALIFICATION_REQUIRED,docs/engineering/TAD.md; lab/run_namespace_lab.py,"Site engineering must name the actual native object/role/service and its accepted settings for: Placement and growth admission SHALL evaluate measured surviving capacity, security-feature overhead, shared dependencies, quotas and operational reserves for the approved failure model.",CT-039; CT-047; CT-056,Apply the referenced procedure to the actual enforcement location and this focus; include effective negative/failure observations where the original criterion requires them.,SOURCE_AND_LOCAL_FIXTURE_ONLY_OR_NOT_IMPLEMENTED; NOT_NATIVE_QUALIFIED,,"Illustrative capacity schedules and local link-failure fixtures do not establish measured production SLO/RTO/RPO, qualified limits, complete reservations or procured-to-available inventory.",TO_BE_DECIDED_FOR_ACTUAL_SERVICE; NOT_AUTO_NA,PROPOSED_ENGINEERING_ALLOCATION_NOT_CONTROL_SATISFACTION
CAP-003/A01,CAP-003,"Capacity reporting SHALL distinguish procured, received, commissioned, allocated, reserved and consumed capacity and identify unused-capacity age, constraints and accountable remediation.","Capacity reporting SHALL distinguish procured, received, commissioned, allocated, reserved and consumed capacity and identify unused-capacity age, constraints and accountable remediation.",Exact source span under the complete requirement; not a replacement normative statement,RA §4; RA §26,Service management,"Service catalogue, measured surviving resource pools, security-edge and dependency failure/maintenance behaviour",EXTERNAL_CAPACITY_AND_QUALIFICATION_REQUIRED,docs/engineering/TAD.md; lab/run_namespace_lab.py,"Site engineering must name the actual native object/role/service and its accepted settings for: Capacity reporting SHALL distinguish procured, received, commissioned, allocated, reserved and consumed capacity and identify unused-capacity age, constraints and accountable remediation.",CT-074,Apply the referenced procedure to the actual enforcement location and this focus; include effective negative/failure observations where the original criterion requires them.,SOURCE_AND_LOCAL_FIXTURE_ONLY_OR_NOT_IMPLEMENTED; NOT_NATIVE_QUALIFIED,,"Illustrative capacity schedules and local link-failure fixtures do not establish measured production SLO/RTO/RPO, qualified limits, complete reservations or procured-to-available inventory.",TO_BE_DECIDED_FOR_ACTUAL_SERVICE; NOT_AUTO_NA,PROPOSED_ENGINEERING_ALLOCATION_NOT_CONTROL_SATISFACTION
FAIL-001/A01,FAIL-001,Control-plane failure SHALL NOT create an implicit permit path.,Control-plane failure SHALL NOT create an implicit permit path.,Exact source span under the complete requirement; not a replacement normative statement,RA §14; RA §27,Platform operations,"Service catalogue, measured surviving resource pools, security-edge and dependency failure/maintenance behaviour",EXTERNAL_CAPACITY_AND_QUALIFICATION_REQUIRED,docs/engineering/TAD.md; lab/run_namespace_lab.py,Site engineering must name the actual native object/role/service and its accepted settings for: Control-plane failure SHALL NOT create an implicit permit path.,CT-011; CT-012; CT-024; CT-052,Apply the referenced procedure to the actual enforcement location and this focus; include effective negative/failure observations where the original criterion requires them.,SOURCE_AND_LOCAL_FIXTURE_ONLY_OR_NOT_IMPLEMENTED; NOT_NATIVE_QUALIFIED,,"Illustrative capacity schedules and local link-failure fixtures do not establish measured production SLO/RTO/RPO, qualified limits, complete reservations or procured-to-available inventory.",TO_BE_DECIDED_FOR_ACTUAL_SERVICE; NOT_AUTO_NA,PROPOSED_ENGINEERING_ALLOCATION_NOT_CONTROL_SATISFACTION
FAIL-002/A01,FAIL-002,Failover and control-plane-loss scenarios SHALL be included in platform conformance testing.,Failover and control-plane-loss scenarios SHALL be included in platform conformance testing.,Exact source span under the complete requirement; not a replacement normative statement,RA §14; RA §27,Assurance engineering,"Service catalogue, measured surviving resource pools, security-edge and dependency failure/maintenance behaviour",EXTERNAL_CAPACITY_AND_QUALIFICATION_REQUIRED,docs/engineering/TAD.md; lab/run_namespace_lab.py,Site engineering must name the actual native object/role/service and its accepted settings for: Failover and control-plane-loss scenarios SHALL be included in platform conformance testing.,CT-011; CT-012; CT-027; CT-038; CT-050; CT-054; CT-055,Apply the referenced procedure to the actual enforcement location and this focus; include effective negative/failure observations where the original criterion requires them.,SOURCE_AND_LOCAL_FIXTURE_ONLY_OR_NOT_IMPLEMENTED; NOT_NATIVE_QUALIFIED,,"Illustrative capacity schedules and local link-failure fixtures do not establish measured production SLO/RTO/RPO, qualified limits, complete reservations or procured-to-available inventory.",TO_BE_DECIDED_FOR_ACTUAL_SERVICE; NOT_AUTO_NA,PROPOSED_ENGINEERING_ALLOCATION_NOT_CONTROL_SATISFACTION
FAIL-003/A01,FAIL-003,"Every critical dependency SHALL have a qualified loss/partition/recovery behavior, including credential/key continuity, logging loss, state recovery and split-brain prevention; unavailable authority SHALL NOT authorize fallback bypass.","Every critical dependency SHALL have a qualified loss/partition/recovery behavior, including credential/key continuity, logging loss, state recovery and split-brain prevention",Exact source span under the complete requirement; not a replacement normative statement,RA §14; RA §27,Platform operations,"Service catalogue, measured surviving resource pools, security-edge and dependency failure/maintenance behaviour",EXTERNAL_CAPACITY_AND_QUALIFICATION_REQUIRED,docs/engineering/TAD.md; lab/run_namespace_lab.py,"Site engineering must name the actual native object/role/service and its accepted settings for: Every critical dependency SHALL have a qualified loss/partition/recovery behavior, including credential/key continuity, logging loss, state recovery and split-brain prevention",CT-027; CT-038; CT-044; CT-050; CT-054; CT-055,Apply the referenced procedure to the actual enforcement location and this focus; include effective negative/failure observations where the original criterion requires them.,SOURCE_AND_LOCAL_FIXTURE_ONLY_OR_NOT_IMPLEMENTED; NOT_NATIVE_QUALIFIED,,"Illustrative capacity schedules and local link-failure fixtures do not establish measured production SLO/RTO/RPO, qualified limits, complete reservations or procured-to-available inventory.",TO_BE_DECIDED_FOR_ACTUAL_SERVICE; NOT_AUTO_NA,PROPOSED_ENGINEERING_ALLOCATION_NOT_CONTROL_SATISFACTION
FAIL-003/A02,FAIL-003,"Every critical dependency SHALL have a qualified loss/partition/recovery behavior, including credential/key continuity, logging loss, state recovery and split-brain prevention; unavailable authority SHALL NOT authorize fallback bypass.",unavailable authority SHALL NOT authorize fallback bypass.,Exact source span under the complete requirement; not a replacement normative statement,RA §14; RA §27,Platform operations,"Service catalogue, measured surviving resource pools, security-edge and dependency failure/maintenance behaviour",EXTERNAL_CAPACITY_AND_QUALIFICATION_REQUIRED,docs/engineering/TAD.md; lab/run_namespace_lab.py,Site engineering must name the actual native object/role/service and its accepted settings for: unavailable authority SHALL NOT authorize fallback bypass.,CT-027; CT-038; CT-044; CT-050; CT-054; CT-055,Apply the referenced procedure to the actual enforcement location and this focus; include effective negative/failure observations where the original criterion requires them.,SOURCE_AND_LOCAL_FIXTURE_ONLY_OR_NOT_IMPLEMENTED; NOT_NATIVE_QUALIFIED,,"Illustrative capacity schedules and local link-failure fixtures do not establish measured production SLO/RTO/RPO, qualified limits, complete reservations or procured-to-available inventory.",TO_BE_DECIDED_FOR_ACTUAL_SERVICE; NOT_AUTO_NA,PROPOSED_ENGINEERING_ALLOCATION_NOT_CONTROL_SATISFACTION
REC-001/A01,REC-001,"Recovery procedures SHALL include independent bootstrap access, protected key/state/catalog recovery, dependency ordering, writer fencing, isolated validation and attributable activation authority.","Recovery procedures SHALL include independent bootstrap access, protected key/state/catalog recovery, dependency ordering, writer fencing, isolated validation and attributable activation authority.",Exact source span under the complete requirement; not a replacement normative statement,RA §21; RA §27,Continuity management,"Backup management and data endpoints, protected-copy authority, catalogues/keys and isolated restore target",EXTERNAL_PROTECTION_SERVICE_REQUIRED,docs/operations/README.md; sources/implementation_backlog.csv,"Site engineering must name the actual native object/role/service and its accepted settings for: Recovery procedures SHALL include independent bootstrap access, protected key/state/catalog recovery, dependency ordering, writer fencing, isolated validation and attributable activation authority.",CT-052; CT-054; CT-055,Apply the referenced procedure to the actual enforcement location and this focus; include effective negative/failure observations where the original criterion requires them.,SOURCE_AND_LOCAL_FIXTURE_ONLY_OR_NOT_IMPLEMENTED; NOT_NATIVE_QUALIFIED,,"No complete native backup/KMS/catalogue integration, independent deletion control, measured application-consistent restore or retention-aware release is supplied.",TO_BE_DECIDED_FOR_ACTUAL_SERVICE; NOT_AUTO_NA,PROPOSED_ENGINEERING_ALLOCATION_NOT_CONTROL_SATISFACTION
REC-002/A01,REC-002,"Recovery and failback exercises SHALL measure actual service RTO/RPO, data consistency and security outcomes and SHALL remove temporary routes, grants and exposures after authorized completion.","Recovery and failback exercises SHALL measure actual service RTO/RPO, data consistency and security outcomes and SHALL remove temporary routes, grants and exposures after authorized completion.",Exact source span under the complete requirement; not a replacement normative statement,RA §21; RA §27,Continuity management,"Backup management and data endpoints, protected-copy authority, catalogues/keys and isolated restore target",EXTERNAL_PROTECTION_SERVICE_REQUIRED,docs/operations/README.md; sources/implementation_backlog.csv,"Site engineering must name the actual native object/role/service and its accepted settings for: Recovery and failback exercises SHALL measure actual service RTO/RPO, data consistency and security outcomes and SHALL remove temporary routes, grants and exposures after authorized completion.",CT-052; CT-054; CT-055; CT-060,Apply the referenced procedure to the actual enforcement location and this focus; include effective negative/failure observations where the original criterion requires them.,SOURCE_AND_LOCAL_FIXTURE_ONLY_OR_NOT_IMPLEMENTED; NOT_NATIVE_QUALIFIED,,"No complete native backup/KMS/catalogue integration, independent deletion control, measured application-consistent restore or retention-aware release is supplied.",TO_BE_DECIDED_FOR_ACTUAL_SERVICE; NOT_AUTO_NA,PROPOSED_ENGINEERING_ALLOCATION_NOT_CONTROL_SATISFACTION
VULN-001/A01,VULN-001,"All platform and automation assets SHALL have version/support inventory, vulnerability ownership, risk-based remediation targets, exception handling and retirement decisions.","All platform and automation assets SHALL have version/support inventory, vulnerability ownership, risk-based remediation targets, exception handling and retirement decisions.",Exact source span under the complete requirement; not a replacement normative statement,RA §25,Vulnerability management,"Approved image registry, artifact signature/digest policy and native guest/platform hardening configuration",EXTERNAL_IMAGE_AND_BASELINE_SERVICE_REQUIRED,terraform/modules/nutanix-workload/main.tf.json; terraform/modules/vsphere-workload/main.tf.json; terraform/modules/openstack-workload/main.tf.json,"Site engineering must name the actual native object/role/service and its accepted settings for: All platform and automation assets SHALL have version/support inventory, vulnerability ownership, risk-based remediation targets, exception handling and retirement decisions.",CT-041; CT-042; CT-074,Apply the referenced procedure to the actual enforcement location and this focus; include effective negative/failure observations where the original criterion requires them.,SOURCE_AND_LOCAL_FIXTURE_ONLY_OR_NOT_IMPLEMENTED; NOT_NATIVE_QUALIFIED,,"Modules consume image/template references; a governed image catalogue, provenance/revocation/hardening agents, vulnerability disposition and runtime guest compliance are not implemented.",TO_BE_DECIDED_FOR_ACTUAL_SERVICE; NOT_AUTO_NA,PROPOSED_ENGINEERING_ALLOCATION_NOT_CONTROL_SATISFACTION
VULN-002/A01,VULN-002,"Security updates SHALL use trusted artifacts, compatibility/regression evidence, phased promotion and a tested recovery strategy; unsupported or vulnerable templates SHALL be controlled at new-deployment admission.","Security updates SHALL use trusted artifacts, compatibility/regression evidence, phased promotion and a tested recovery strategy",Exact source span under the complete requirement; not a replacement normative statement,RA §25,Platform engineering,"Approved image registry, artifact signature/digest policy and native guest/platform hardening configuration",EXTERNAL_IMAGE_AND_BASELINE_SERVICE_REQUIRED,terraform/modules/nutanix-workload/main.tf.json; terraform/modules/vsphere-workload/main.tf.json; terraform/modules/openstack-workload/main.tf.json,"Site engineering must name the actual native object/role/service and its accepted settings for: Security updates SHALL use trusted artifacts, compatibility/regression evidence, phased promotion and a tested recovery strategy",CT-015; CT-040; CT-041; CT-042,Apply the referenced procedure to the actual enforcement location and this focus; include effective negative/failure observations where the original criterion requires them.,SOURCE_AND_LOCAL_FIXTURE_ONLY_OR_NOT_IMPLEMENTED; NOT_NATIVE_QUALIFIED,,"Modules consume image/template references; a governed image catalogue, provenance/revocation/hardening agents, vulnerability disposition and runtime guest compliance are not implemented.",TO_BE_DECIDED_FOR_ACTUAL_SERVICE; NOT_AUTO_NA,PROPOSED_ENGINEERING_ALLOCATION_NOT_CONTROL_SATISFACTION
VULN-002/A02,VULN-002,"Security updates SHALL use trusted artifacts, compatibility/regression evidence, phased promotion and a tested recovery strategy; unsupported or vulnerable templates SHALL be controlled at new-deployment admission.",unsupported or vulnerable templates SHALL be controlled at new-deployment admission.,Exact source span under the complete requirement; not a replacement normative statement,RA §25,Platform engineering,"Approved image registry, artifact signature/digest policy and native guest/platform hardening configuration",EXTERNAL_IMAGE_AND_BASELINE_SERVICE_REQUIRED,terraform/modules/nutanix-workload/main.tf.json; terraform/modules/vsphere-workload/main.tf.json; terraform/modules/openstack-workload/main.tf.json,Site engineering must name the actual native object/role/service and its accepted settings for: unsupported or vulnerable templates SHALL be controlled at new-deployment admission.,CT-015; CT-040; CT-041; CT-042,Apply the referenced procedure to the actual enforcement location and this focus; include effective negative/failure observations where the original criterion requires them.,SOURCE_AND_LOCAL_FIXTURE_ONLY_OR_NOT_IMPLEMENTED; NOT_NATIVE_QUALIFIED,,"Modules consume image/template references; a governed image catalogue, provenance/revocation/hardening agents, vulnerability disposition and runtime guest compliance are not implemented.",TO_BE_DECIDED_FOR_ACTUAL_SERVICE; NOT_AUTO_NA,PROPOSED_ENGINEERING_ALLOCATION_NOT_CONTROL_SATISFACTION
IR-001/A01,IR-001,Emergency containment SHALL be possible without requiring a physical-fabric redesign or broad outage to unrelated tenants.,Emergency containment SHALL be possible without requiring a physical-fabric redesign or broad outage to unrelated tenants.,Exact source span under the complete requirement; not a replacement normative statement,RA §25; RA §27,Incident response,"Effective native runtime, incident owner and separately authorized current-generation recovery/repair process",PARTIAL_READBACK_REVIEW_NO_REPAIR,tools/recovery_review.py; tools/nsx_observe.py; tools/nutanix_observe.py; tools/neutron_observe.py,Site engineering must name the actual native object/role/service and its accepted settings for: Emergency containment SHALL be possible without requiring a physical-fabric redesign or broad outage to unrelated tenants.,CT-057; CT-067,Apply the referenced procedure to the actual enforcement location and this focus; include effective negative/failure observations where the original criterion requires them.,SOURCE_AND_LOCAL_FIXTURE_ONLY_OR_NOT_IMPLEMENTED; NOT_NATIVE_QUALIFIED,,"Exact-resource reads and offline decisions do not cover complete platform inventory, continuously detect all drift, authenticate incident authority, enforce real fencing or carry out safe native containment/repair.",TO_BE_DECIDED_FOR_ACTUAL_SERVICE; NOT_AUTO_NA,PROPOSED_ENGINEERING_ALLOCATION_NOT_CONTROL_SATISFACTION
IR-002/A01,IR-002,"Incident procedures SHALL define authority, scoped containment, evidence custody, coordination, recovery acceptance and reconciliation of emergency changes; containment release SHALL be explicit and attributable.","Incident procedures SHALL define authority, scoped containment, evidence custody, coordination, recovery acceptance and reconciliation of emergency changes",Exact source span under the complete requirement; not a replacement normative statement,RA §25; RA §27,Incident response,"Effective native runtime, incident owner and separately authorized current-generation recovery/repair process",PARTIAL_READBACK_REVIEW_NO_REPAIR,tools/recovery_review.py; tools/nsx_observe.py; tools/nutanix_observe.py; tools/neutron_observe.py,"Site engineering must name the actual native object/role/service and its accepted settings for: Incident procedures SHALL define authority, scoped containment, evidence custody, coordination, recovery acceptance and reconciliation of emergency changes",CT-049; CT-057; CT-058; CT-066,Apply the referenced procedure to the actual enforcement location and this focus; include effective negative/failure observations where the original criterion requires them.,SOURCE_AND_LOCAL_FIXTURE_ONLY_OR_NOT_IMPLEMENTED; NOT_NATIVE_QUALIFIED,,"Exact-resource reads and offline decisions do not cover complete platform inventory, continuously detect all drift, authenticate incident authority, enforce real fencing or carry out safe native containment/repair.",TO_BE_DECIDED_FOR_ACTUAL_SERVICE; NOT_AUTO_NA,PROPOSED_ENGINEERING_ALLOCATION_NOT_CONTROL_SATISFACTION
IR-002/A02,IR-002,"Incident procedures SHALL define authority, scoped containment, evidence custody, coordination, recovery acceptance and reconciliation of emergency changes; containment release SHALL be explicit and attributable.",containment release SHALL be explicit and attributable.,Exact source span under the complete requirement; not a replacement normative statement,RA §25; RA §27,Incident response,"Effective native runtime, incident owner and separately authorized current-generation recovery/repair process",PARTIAL_READBACK_REVIEW_NO_REPAIR,tools/recovery_review.py; tools/nsx_observe.py; tools/nutanix_observe.py; tools/neutron_observe.py,Site engineering must name the actual native object/role/service and its accepted settings for: containment release SHALL be explicit and attributable.,CT-049; CT-057; CT-058; CT-066,Apply the referenced procedure to the actual enforcement location and this focus; include effective negative/failure observations where the original criterion requires them.,SOURCE_AND_LOCAL_FIXTURE_ONLY_OR_NOT_IMPLEMENTED; NOT_NATIVE_QUALIFIED,,"Exact-resource reads and offline decisions do not cover complete platform inventory, continuously detect all drift, authenticate incident authority, enforce real fencing or carry out safe native containment/repair.",TO_BE_DECIDED_FOR_ACTUAL_SERVICE; NOT_AUTO_NA,PROPOSED_ENGINEERING_ALLOCATION_NOT_CONTROL_SATISFACTION
LIFE-001/A01,LIFE-001,Offboarding SHALL remove obsolete routes and policy objects and SHALL produce evidence of completion.,Offboarding SHALL remove obsolete routes and policy objects and SHALL produce evidence of completion.,Exact source span under the complete requirement; not a replacement normative statement,RA §27,Service management,"Storage/controller authorization, snapshot/clone/export lineage, retained copies, keys and media sanitization services",PARTIAL_RESOURCE_CREATION_EXTERNAL_LIFECYCLE,terraform/modules/nutanix-workload/main.tf.json; terraform/modules/openstack-workload/main.tf.json; docs/DNS_LIFECYCLE.md,Site engineering must name the actual native object/role/service and its accepted settings for: Offboarding SHALL remove obsolete routes and policy objects and SHALL produce evidence of completion.,CT-013; CT-059; CT-070,Apply the referenced procedure to the actual enforcement location and this focus; include effective negative/failure observations where the original criterion requires them.,SOURCE_AND_LOCAL_FIXTURE_ONLY_OR_NOT_IMPLEMENTED; NOT_NATIVE_QUALIFIED,,"Boot/data volume references and DNS retirement do not implement complete copy inventory, cross-owner export authorization, retention/hold policy, sanitization, receipt or safe shared-resource deletion.",TO_BE_DECIDED_FOR_ACTUAL_SERVICE; NOT_AUTO_NA,PROPOSED_ENGINEERING_ALLOCATION_NOT_CONTROL_SATISFACTION
LIFE-002/A01,LIFE-002,"Retirement SHALL distinguish live-service removal from retained-data obligations and SHALL verify identity, DNS, route, policy, attachment, copy and key lifecycle without deleting shared or held resources.",live-service removal,Exact source span under the complete requirement; not a replacement normative statement,RA §27,Service management,"Storage/controller authorization, snapshot/clone/export lineage, retained copies, keys and media sanitization services",PARTIAL_RESOURCE_CREATION_EXTERNAL_LIFECYCLE,terraform/modules/nutanix-workload/main.tf.json; terraform/modules/openstack-workload/main.tf.json; docs/DNS_LIFECYCLE.md,Site engineering must name the actual native object/role/service and its accepted settings for: live-service removal,CT-013; CT-053; CT-059; CT-070; CT-078,Apply the referenced procedure to the actual enforcement location and this focus; include effective negative/failure observations where the original criterion requires them.,SOURCE_AND_LOCAL_FIXTURE_ONLY_OR_NOT_IMPLEMENTED; NOT_NATIVE_QUALIFIED,,"Boot/data volume references and DNS retirement do not implement complete copy inventory, cross-owner export authorization, retention/hold policy, sanitization, receipt or safe shared-resource deletion.",TO_BE_DECIDED_FOR_ACTUAL_SERVICE; NOT_AUTO_NA,PROPOSED_ENGINEERING_ALLOCATION_NOT_CONTROL_SATISFACTION
LIFE-002/A02,LIFE-002,"Retirement SHALL distinguish live-service removal from retained-data obligations and SHALL verify identity, DNS, route, policy, attachment, copy and key lifecycle without deleting shared or held resources.",retained-data obligations,Exact source span under the complete requirement; not a replacement normative statement,RA §27,Service management,"Storage/controller authorization, snapshot/clone/export lineage, retained copies, keys and media sanitization services",PARTIAL_RESOURCE_CREATION_EXTERNAL_LIFECYCLE,terraform/modules/nutanix-workload/main.tf.json; terraform/modules/openstack-workload/main.tf.json; docs/DNS_LIFECYCLE.md,Site engineering must name the actual native object/role/service and its accepted settings for: retained-data obligations,CT-013; CT-053; CT-059; CT-070; CT-078,Apply the referenced procedure to the actual enforcement location and this focus; include effective negative/failure observations where the original criterion requires them.,SOURCE_AND_LOCAL_FIXTURE_ONLY_OR_NOT_IMPLEMENTED; NOT_NATIVE_QUALIFIED,,"Boot/data volume references and DNS retirement do not implement complete copy inventory, cross-owner export authorization, retention/hold policy, sanitization, receipt or safe shared-resource deletion.",TO_BE_DECIDED_FOR_ACTUAL_SERVICE; NOT_AUTO_NA,PROPOSED_ENGINEERING_ALLOCATION_NOT_CONTROL_SATISFACTION
LIFE-002/A03,LIFE-002,"Retirement SHALL distinguish live-service removal from retained-data obligations and SHALL verify identity, DNS, route, policy, attachment, copy and key lifecycle without deleting shared or held resources.",identity,Exact source span under the complete requirement; not a replacement normative statement,RA §27,Service management,"Storage/controller authorization, snapshot/clone/export lineage, retained copies, keys and media sanitization services",PARTIAL_RESOURCE_CREATION_EXTERNAL_LIFECYCLE,terraform/modules/nutanix-workload/main.tf.json; terraform/modules/openstack-workload/main.tf.json; docs/DNS_LIFECYCLE.md,Site engineering must name the actual native object/role/service and its accepted settings for: identity,CT-013; CT-053; CT-059; CT-070; CT-078,Apply the referenced procedure to the actual enforcement location and this focus; include effective negative/failure observations where the original criterion requires them.,SOURCE_AND_LOCAL_FIXTURE_ONLY_OR_NOT_IMPLEMENTED; NOT_NATIVE_QUALIFIED,,"Boot/data volume references and DNS retirement do not implement complete copy inventory, cross-owner export authorization, retention/hold policy, sanitization, receipt or safe shared-resource deletion.",TO_BE_DECIDED_FOR_ACTUAL_SERVICE; NOT_AUTO_NA,PROPOSED_ENGINEERING_ALLOCATION_NOT_CONTROL_SATISFACTION
LIFE-002/A04,LIFE-002,"Retirement SHALL distinguish live-service removal from retained-data obligations and SHALL verify identity, DNS, route, policy, attachment, copy and key lifecycle without deleting shared or held resources.",DNS,Exact source span under the complete requirement; not a replacement normative statement,RA §27,Service management,"Storage/controller authorization, snapshot/clone/export lineage, retained copies, keys and media sanitization services",PARTIAL_RESOURCE_CREATION_EXTERNAL_LIFECYCLE,terraform/modules/nutanix-workload/main.tf.json; terraform/modules/openstack-workload/main.tf.json; docs/DNS_LIFECYCLE.md,Site engineering must name the actual native object/role/service and its accepted settings for: DNS,CT-013; CT-053; CT-059; CT-070; CT-078,Apply the referenced procedure to the actual enforcement location and this focus; include effective negative/failure observations where the original criterion requires them.,SOURCE_AND_LOCAL_FIXTURE_ONLY_OR_NOT_IMPLEMENTED; NOT_NATIVE_QUALIFIED,,"Boot/data volume references and DNS retirement do not implement complete copy inventory, cross-owner export authorization, retention/hold policy, sanitization, receipt or safe shared-resource deletion.",TO_BE_DECIDED_FOR_ACTUAL_SERVICE; NOT_AUTO_NA,PROPOSED_ENGINEERING_ALLOCATION_NOT_CONTROL_SATISFACTION
LIFE-002/A05,LIFE-002,"Retirement SHALL distinguish live-service removal from retained-data obligations and SHALL verify identity, DNS, route, policy, attachment, copy and key lifecycle without deleting shared or held resources.",route,Exact source span under the complete requirement; not a replacement normative statement,RA §27,Service management,"Storage/controller authorization, snapshot/clone/export lineage, retained copies, keys and media sanitization services",PARTIAL_RESOURCE_CREATION_EXTERNAL_LIFECYCLE,terraform/modules/nutanix-workload/main.tf.json; terraform/modules/openstack-workload/main.tf.json; docs/DNS_LIFECYCLE.md,Site engineering must name the actual native object/role/service and its accepted settings for: route,CT-013; CT-053; CT-059; CT-070; CT-078,Apply the referenced procedure to the actual enforcement location and this focus; include effective negative/failure observations where the original criterion requires them.,SOURCE_AND_LOCAL_FIXTURE_ONLY_OR_NOT_IMPLEMENTED; NOT_NATIVE_QUALIFIED,,"Boot/data volume references and DNS retirement do not implement complete copy inventory, cross-owner export authorization, retention/hold policy, sanitization, receipt or safe shared-resource deletion.",TO_BE_DECIDED_FOR_ACTUAL_SERVICE; NOT_AUTO_NA,PROPOSED_ENGINEERING_ALLOCATION_NOT_CONTROL_SATISFACTION
LIFE-002/A06,LIFE-002,"Retirement SHALL distinguish live-service removal from retained-data obligations and SHALL verify identity, DNS, route, policy, attachment, copy and key lifecycle without deleting shared or held resources.",policy,Exact source span under the complete requirement; not a replacement normative statement,RA §27,Service management,"Storage/controller authorization, snapshot/clone/export lineage, retained copies, keys and media sanitization services",PARTIAL_RESOURCE_CREATION_EXTERNAL_LIFECYCLE,terraform/modules/nutanix-workload/main.tf.json; terraform/modules/openstack-workload/main.tf.json; docs/DNS_LIFECYCLE.md,Site engineering must name the actual native object/role/service and its accepted settings for: policy,CT-013; CT-053; CT-059; CT-070; CT-078,Apply the referenced procedure to the actual enforcement location and this focus; include effective negative/failure observations where the original criterion requires them.,SOURCE_AND_LOCAL_FIXTURE_ONLY_OR_NOT_IMPLEMENTED; NOT_NATIVE_QUALIFIED,,"Boot/data volume references and DNS retirement do not implement complete copy inventory, cross-owner export authorization, retention/hold policy, sanitization, receipt or safe shared-resource deletion.",TO_BE_DECIDED_FOR_ACTUAL_SERVICE; NOT_AUTO_NA,PROPOSED_ENGINEERING_ALLOCATION_NOT_CONTROL_SATISFACTION
LIFE-002/A07,LIFE-002,"Retirement SHALL distinguish live-service removal from retained-data obligations and SHALL verify identity, DNS, route, policy, attachment, copy and key lifecycle without deleting shared or held resources.",attachment,Exact source span under the complete requirement; not a replacement normative statement,RA §27,Service management,"Storage/controller authorization, snapshot/clone/export lineage, retained copies, keys and media sanitization services",PARTIAL_RESOURCE_CREATION_EXTERNAL_LIFECYCLE,terraform/modules/nutanix-workload/main.tf.json; terraform/modules/openstack-workload/main.tf.json; docs/DNS_LIFECYCLE.md,Site engineering must name the actual native object/role/service and its accepted settings for: attachment,CT-013; CT-053; CT-059; CT-070; CT-078,Apply the referenced procedure to the actual enforcement location and this focus; include effective negative/failure observations where the original criterion requires them.,SOURCE_AND_LOCAL_FIXTURE_ONLY_OR_NOT_IMPLEMENTED; NOT_NATIVE_QUALIFIED,,"Boot/data volume references and DNS retirement do not implement complete copy inventory, cross-owner export authorization, retention/hold policy, sanitization, receipt or safe shared-resource deletion.",TO_BE_DECIDED_FOR_ACTUAL_SERVICE; NOT_AUTO_NA,PROPOSED_ENGINEERING_ALLOCATION_NOT_CONTROL_SATISFACTION
LIFE-002/A08,LIFE-002,"Retirement SHALL distinguish live-service removal from retained-data obligations and SHALL verify identity, DNS, route, policy, attachment, copy and key lifecycle without deleting shared or held resources.",copy,Exact source span under the complete requirement; not a replacement normative statement,RA §27,Service management,"Storage/controller authorization, snapshot/clone/export lineage, retained copies, keys and media sanitization services",PARTIAL_RESOURCE_CREATION_EXTERNAL_LIFECYCLE,terraform/modules/nutanix-workload/main.tf.json; terraform/modules/openstack-workload/main.tf.json; docs/DNS_LIFECYCLE.md,Site engineering must name the actual native object/role/service and its accepted settings for: copy,CT-013; CT-053; CT-059; CT-070; CT-078,Apply the referenced procedure to the actual enforcement location and this focus; include effective negative/failure observations where the original criterion requires them.,SOURCE_AND_LOCAL_FIXTURE_ONLY_OR_NOT_IMPLEMENTED; NOT_NATIVE_QUALIFIED,,"Boot/data volume references and DNS retirement do not implement complete copy inventory, cross-owner export authorization, retention/hold policy, sanitization, receipt or safe shared-resource deletion.",TO_BE_DECIDED_FOR_ACTUAL_SERVICE; NOT_AUTO_NA,PROPOSED_ENGINEERING_ALLOCATION_NOT_CONTROL_SATISFACTION
LIFE-002/A09,LIFE-002,"Retirement SHALL distinguish live-service removal from retained-data obligations and SHALL verify identity, DNS, route, policy, attachment, copy and key lifecycle without deleting shared or held resources.",key lifecycle,Exact source span under the complete requirement; not a replacement normative statement,RA §27,Service management,"Storage/controller authorization, snapshot/clone/export lineage, retained copies, keys and media sanitization services",PARTIAL_RESOURCE_CREATION_EXTERNAL_LIFECYCLE,terraform/modules/nutanix-workload/main.tf.json; terraform/modules/openstack-workload/main.tf.json; docs/DNS_LIFECYCLE.md,Site engineering must name the actual native object/role/service and its accepted settings for: key lifecycle,CT-013; CT-053; CT-059; CT-070; CT-078,Apply the referenced procedure to the actual enforcement location and this focus; include effective negative/failure observations where the original criterion requires them.,SOURCE_AND_LOCAL_FIXTURE_ONLY_OR_NOT_IMPLEMENTED; NOT_NATIVE_QUALIFIED,,"Boot/data volume references and DNS retirement do not implement complete copy inventory, cross-owner export authorization, retention/hold policy, sanitization, receipt or safe shared-resource deletion.",TO_BE_DECIDED_FOR_ACTUAL_SERVICE; NOT_AUTO_NA,PROPOSED_ENGINEERING_ALLOCATION_NOT_CONTROL_SATISFACTION
LIFE-003/A01,LIFE-003,Sanitization SHALL use an approved media-appropriate method with copy/key-scope evidence; deletion of a resource record SHALL NOT alone constitute proof of data destruction.,Sanitization SHALL use an approved media-appropriate method with copy/key-scope evidence,Exact source span under the complete requirement; not a replacement normative statement,RA §27,Data owner,"Storage/controller authorization, snapshot/clone/export lineage, retained copies, keys and media sanitization services",PARTIAL_RESOURCE_CREATION_EXTERNAL_LIFECYCLE,terraform/modules/nutanix-workload/main.tf.json; terraform/modules/openstack-workload/main.tf.json; docs/DNS_LIFECYCLE.md,Site engineering must name the actual native object/role/service and its accepted settings for: Sanitization SHALL use an approved media-appropriate method with copy/key-scope evidence,CT-053; CT-059,Apply the referenced procedure to the actual enforcement location and this focus; include effective negative/failure observations where the original criterion requires them.,SOURCE_AND_LOCAL_FIXTURE_ONLY_OR_NOT_IMPLEMENTED; NOT_NATIVE_QUALIFIED,,"Boot/data volume references and DNS retirement do not implement complete copy inventory, cross-owner export authorization, retention/hold policy, sanitization, receipt or safe shared-resource deletion.",TO_BE_DECIDED_FOR_ACTUAL_SERVICE; NOT_AUTO_NA,PROPOSED_ENGINEERING_ALLOCATION_NOT_CONTROL_SATISFACTION
LIFE-003/A02,LIFE-003,Sanitization SHALL use an approved media-appropriate method with copy/key-scope evidence; deletion of a resource record SHALL NOT alone constitute proof of data destruction.,deletion of a resource record SHALL NOT alone constitute proof of data destruction.,Exact source span under the complete requirement; not a replacement normative statement,RA §27,Data owner,"Storage/controller authorization, snapshot/clone/export lineage, retained copies, keys and media sanitization services",PARTIAL_RESOURCE_CREATION_EXTERNAL_LIFECYCLE,terraform/modules/nutanix-workload/main.tf.json; terraform/modules/openstack-workload/main.tf.json; docs/DNS_LIFECYCLE.md,Site engineering must name the actual native object/role/service and its accepted settings for: deletion of a resource record SHALL NOT alone constitute proof of data destruction.,CT-053; CT-059,Apply the referenced procedure to the actual enforcement location and this focus; include effective negative/failure observations where the original criterion requires them.,SOURCE_AND_LOCAL_FIXTURE_ONLY_OR_NOT_IMPLEMENTED; NOT_NATIVE_QUALIFIED,,"Boot/data volume references and DNS retirement do not implement complete copy inventory, cross-owner export authorization, retention/hold policy, sanitization, receipt or safe shared-resource deletion.",TO_BE_DECIDED_FOR_ACTUAL_SERVICE; NOT_AUTO_NA,PROPOSED_ENGINEERING_ALLOCATION_NOT_CONTROL_SATISFACTION
MIG-001/A01,MIG-001,Migration connectivity SHALL be time-bound unless explicitly converted to an approved steady-state connection.,Migration connectivity SHALL be time-bound unless explicitly converted to an approved steady-state connection.,Exact source span under the complete requirement; not a replacement normative statement,RA §27,Migration owner,"Accepted temporary transfer interfaces, data-consistency/writer fencing and identity/DNS/route cutover",DOCUMENTED_TRANSITION_NATIVE_EXECUTION_OPEN,tools/recovery_review.py; docs/DNS_LIFECYCLE.md,Site engineering must name the actual native object/role/service and its accepted settings for: Migration connectivity SHALL be time-bound unless explicitly converted to an approved steady-state connection.,CT-058; CT-060; CT-076,Apply the referenced procedure to the actual enforcement location and this focus; include effective negative/failure observations where the original criterion requires them.,SOURCE_AND_LOCAL_FIXTURE_ONLY_OR_NOT_IMPLEMENTED; NOT_NATIVE_QUALIFIED,,"Neither DNS changes nor readback performs complete cross-platform state transfer, native writer fencing, application consistency, reverse synchronization or transition teardown.",TO_BE_DECIDED_FOR_ACTUAL_SERVICE; NOT_AUTO_NA,PROPOSED_ENGINEERING_ALLOCATION_NOT_CONTROL_SATISFACTION
MIG-002/A01,MIG-002,Migration flows SHALL traverse an approved security edge when they cross security-domain boundaries.,Migration flows SHALL traverse an approved security edge when they cross security-domain boundaries.,Exact source span under the complete requirement; not a replacement normative statement,RA §27,Migration owner,"Accepted temporary transfer interfaces, data-consistency/writer fencing and identity/DNS/route cutover",DOCUMENTED_TRANSITION_NATIVE_EXECUTION_OPEN,tools/recovery_review.py; docs/DNS_LIFECYCLE.md,Site engineering must name the actual native object/role/service and its accepted settings for: Migration flows SHALL traverse an approved security edge when they cross security-domain boundaries.,CT-003; CT-060,Apply the referenced procedure to the actual enforcement location and this focus; include effective negative/failure observations where the original criterion requires them.,SOURCE_AND_LOCAL_FIXTURE_ONLY_OR_NOT_IMPLEMENTED; NOT_NATIVE_QUALIFIED,,"Neither DNS changes nor readback performs complete cross-platform state transfer, native writer fencing, application consistency, reverse synchronization or transition teardown.",TO_BE_DECIDED_FOR_ACTUAL_SERVICE; NOT_AUTO_NA,PROPOSED_ENGINEERING_ALLOCATION_NOT_CONTROL_SATISFACTION
MIG-003/A01,MIG-003,"Migration and exit rehearsals SHALL validate data/application consistency, identity/key dependencies, equivalent security outcomes, fencing/cutover, rollback feasibility and complete transition teardown.",data/application consistency,Exact source span under the complete requirement; not a replacement normative statement,RA §27,Migration owner,"Accepted temporary transfer interfaces, data-consistency/writer fencing and identity/DNS/route cutover",DOCUMENTED_TRANSITION_NATIVE_EXECUTION_OPEN,tools/recovery_review.py; docs/DNS_LIFECYCLE.md,Site engineering must name the actual native object/role/service and its accepted settings for: data/application consistency,CT-054; CT-060; CT-073; CT-078,Apply the referenced procedure to the actual enforcement location and this focus; include effective negative/failure observations where the original criterion requires them.,SOURCE_AND_LOCAL_FIXTURE_ONLY_OR_NOT_IMPLEMENTED; NOT_NATIVE_QUALIFIED,,"Neither DNS changes nor readback performs complete cross-platform state transfer, native writer fencing, application consistency, reverse synchronization or transition teardown.",TO_BE_DECIDED_FOR_ACTUAL_SERVICE; NOT_AUTO_NA,PROPOSED_ENGINEERING_ALLOCATION_NOT_CONTROL_SATISFACTION
MIG-003/A02,MIG-003,"Migration and exit rehearsals SHALL validate data/application consistency, identity/key dependencies, equivalent security outcomes, fencing/cutover, rollback feasibility and complete transition teardown.",identity/key dependencies,Exact source span under the complete requirement; not a replacement normative statement,RA §27,Migration owner,"Accepted temporary transfer interfaces, data-consistency/writer fencing and identity/DNS/route cutover",DOCUMENTED_TRANSITION_NATIVE_EXECUTION_OPEN,tools/recovery_review.py; docs/DNS_LIFECYCLE.md,Site engineering must name the actual native object/role/service and its accepted settings for: identity/key dependencies,CT-054; CT-060; CT-073; CT-078,Apply the referenced procedure to the actual enforcement location and this focus; include effective negative/failure observations where the original criterion requires them.,SOURCE_AND_LOCAL_FIXTURE_ONLY_OR_NOT_IMPLEMENTED; NOT_NATIVE_QUALIFIED,,"Neither DNS changes nor readback performs complete cross-platform state transfer, native writer fencing, application consistency, reverse synchronization or transition teardown.",TO_BE_DECIDED_FOR_ACTUAL_SERVICE; NOT_AUTO_NA,PROPOSED_ENGINEERING_ALLOCATION_NOT_CONTROL_SATISFACTION
MIG-003/A03,MIG-003,"Migration and exit rehearsals SHALL validate data/application consistency, identity/key dependencies, equivalent security outcomes, fencing/cutover, rollback feasibility and complete transition teardown.",equivalent security outcomes,Exact source span under the complete requirement; not a replacement normative statement,RA §27,Migration owner,"Accepted temporary transfer interfaces, data-consistency/writer fencing and identity/DNS/route cutover",DOCUMENTED_TRANSITION_NATIVE_EXECUTION_OPEN,tools/recovery_review.py; docs/DNS_LIFECYCLE.md,Site engineering must name the actual native object/role/service and its accepted settings for: equivalent security outcomes,CT-054; CT-060; CT-073; CT-078,Apply the referenced procedure to the actual enforcement location and this focus; include effective negative/failure observations where the original criterion requires them.,SOURCE_AND_LOCAL_FIXTURE_ONLY_OR_NOT_IMPLEMENTED; NOT_NATIVE_QUALIFIED,,"Neither DNS changes nor readback performs complete cross-platform state transfer, native writer fencing, application consistency, reverse synchronization or transition teardown.",TO_BE_DECIDED_FOR_ACTUAL_SERVICE; NOT_AUTO_NA,PROPOSED_ENGINEERING_ALLOCATION_NOT_CONTROL_SATISFACTION
MIG-003/A04,MIG-003,"Migration and exit rehearsals SHALL validate data/application consistency, identity/key dependencies, equivalent security outcomes, fencing/cutover, rollback feasibility and complete transition teardown.",fencing/cutover,Exact source span under the complete requirement; not a replacement normative statement,RA §27,Migration owner,"Accepted temporary transfer interfaces, data-consistency/writer fencing and identity/DNS/route cutover",DOCUMENTED_TRANSITION_NATIVE_EXECUTION_OPEN,tools/recovery_review.py; docs/DNS_LIFECYCLE.md,Site engineering must name the actual native object/role/service and its accepted settings for: fencing/cutover,CT-054; CT-060; CT-073; CT-078,Apply the referenced procedure to the actual enforcement location and this focus; include effective negative/failure observations where the original criterion requires them.,SOURCE_AND_LOCAL_FIXTURE_ONLY_OR_NOT_IMPLEMENTED; NOT_NATIVE_QUALIFIED,,"Neither DNS changes nor readback performs complete cross-platform state transfer, native writer fencing, application consistency, reverse synchronization or transition teardown.",TO_BE_DECIDED_FOR_ACTUAL_SERVICE; NOT_AUTO_NA,PROPOSED_ENGINEERING_ALLOCATION_NOT_CONTROL_SATISFACTION
MIG-003/A05,MIG-003,"Migration and exit rehearsals SHALL validate data/application consistency, identity/key dependencies, equivalent security outcomes, fencing/cutover, rollback feasibility and complete transition teardown.",rollback feasibility,Exact source span under the complete requirement; not a replacement normative statement,RA §27,Migration owner,"Accepted temporary transfer interfaces, data-consistency/writer fencing and identity/DNS/route cutover",DOCUMENTED_TRANSITION_NATIVE_EXECUTION_OPEN,tools/recovery_review.py; docs/DNS_LIFECYCLE.md,Site engineering must name the actual native object/role/service and its accepted settings for: rollback feasibility,CT-054; CT-060; CT-073; CT-078,Apply the referenced procedure to the actual enforcement location and this focus; include effective negative/failure observations where the original criterion requires them.,SOURCE_AND_LOCAL_FIXTURE_ONLY_OR_NOT_IMPLEMENTED; NOT_NATIVE_QUALIFIED,,"Neither DNS changes nor readback performs complete cross-platform state transfer, native writer fencing, application consistency, reverse synchronization or transition teardown.",TO_BE_DECIDED_FOR_ACTUAL_SERVICE; NOT_AUTO_NA,PROPOSED_ENGINEERING_ALLOCATION_NOT_CONTROL_SATISFACTION
MIG-003/A06,MIG-003,"Migration and exit rehearsals SHALL validate data/application consistency, identity/key dependencies, equivalent security outcomes, fencing/cutover, rollback feasibility and complete transition teardown.",transition teardown,Exact source span under the complete requirement; not a replacement normative statement,RA §27,Migration owner,"Accepted temporary transfer interfaces, data-consistency/writer fencing and identity/DNS/route cutover",DOCUMENTED_TRANSITION_NATIVE_EXECUTION_OPEN,tools/recovery_review.py; docs/DNS_LIFECYCLE.md,Site engineering must name the actual native object/role/service and its accepted settings for: transition teardown,CT-054; CT-060; CT-073; CT-078,Apply the referenced procedure to the actual enforcement location and this focus; include effective negative/failure observations where the original criterion requires them.,SOURCE_AND_LOCAL_FIXTURE_ONLY_OR_NOT_IMPLEMENTED; NOT_NATIVE_QUALIFIED,,"Neither DNS changes nor readback performs complete cross-platform state transfer, native writer fencing, application consistency, reverse synchronization or transition teardown.",TO_BE_DECIDED_FOR_ACTUAL_SERVICE; NOT_AUTO_NA,PROPOSED_ENGINEERING_ALLOCATION_NOT_CONTROL_SATISFACTION
OPS-001/A01,OPS-001,"Each service SHALL publish a provider/tenant/shared control responsibility matrix and accountable decision owners for its complete lifecycle, including inherited controls, support access and data disposal.","Each service SHALL publish a provider/tenant/shared control responsibility matrix and accountable decision owners for its complete lifecycle, including inherited controls, support access and data disposal.",Exact source span under the complete requirement; not a replacement normative statement,RA §20; RA §26,Service management,Architecture/security/service-owner review and controlled evidence/exception record systems,EXTERNAL_GOVERNANCE_OR_MANUAL_CONTROL,docs/DOCUMENTATION_MIGRATION.md; docs/assurance/requirements.md,"Site engineering must name the actual native object/role/service and its accepted settings for: Each service SHALL publish a provider/tenant/shared control responsibility matrix and accountable decision owners for its complete lifecycle, including inherited controls, support access and data disposal.",CT-019; CT-062; CT-079,Apply the referenced procedure to the actual enforcement location and this focus; include effective negative/failure observations where the original criterion requires them.,SOURCE_AND_LOCAL_FIXTURE_ONLY_OR_NOT_IMPLEMENTED; NOT_NATIVE_QUALIFIED,,"Actual deciding authority, jurisdiction, applicability, issued approval, operating evidence and exception expiry handling must be supplied by the service owner; Git labels and test passes cannot issue them.",TO_BE_DECIDED_FOR_ACTUAL_SERVICE; NOT_AUTO_NA,PROPOSED_ENGINEERING_ALLOCATION_NOT_CONTROL_SATISFACTION
OPS-002/A01,OPS-002,"Production handover SHALL include owner/escalation, dependency, SLO/recovery, capacity, monitoring, runbook, support/version and evidence records; privileged access SHALL be reviewed against the actual authority model.","Production handover SHALL include owner/escalation, dependency, SLO/recovery, capacity, monitoring, runbook, support/version and evidence records",Exact source span under the complete requirement; not a replacement normative statement,RA §20; RA §26,Service management,Architecture/security/service-owner review and controlled evidence/exception record systems,EXTERNAL_GOVERNANCE_OR_MANUAL_CONTROL,docs/DOCUMENTATION_MIGRATION.md; docs/assurance/requirements.md,"Site engineering must name the actual native object/role/service and its accepted settings for: Production handover SHALL include owner/escalation, dependency, SLO/recovery, capacity, monitoring, runbook, support/version and evidence records",CT-019; CT-062; CT-069,Apply the referenced procedure to the actual enforcement location and this focus; include effective negative/failure observations where the original criterion requires them.,SOURCE_AND_LOCAL_FIXTURE_ONLY_OR_NOT_IMPLEMENTED; NOT_NATIVE_QUALIFIED,,"Actual deciding authority, jurisdiction, applicability, issued approval, operating evidence and exception expiry handling must be supplied by the service owner; Git labels and test passes cannot issue them.",TO_BE_DECIDED_FOR_ACTUAL_SERVICE; NOT_AUTO_NA,PROPOSED_ENGINEERING_ALLOCATION_NOT_CONTROL_SATISFACTION
OPS-002/A02,OPS-002,"Production handover SHALL include owner/escalation, dependency, SLO/recovery, capacity, monitoring, runbook, support/version and evidence records; privileged access SHALL be reviewed against the actual authority model.",privileged access SHALL be reviewed against the actual authority model.,Exact source span under the complete requirement; not a replacement normative statement,RA §20; RA §26,Service management,Architecture/security/service-owner review and controlled evidence/exception record systems,EXTERNAL_GOVERNANCE_OR_MANUAL_CONTROL,docs/DOCUMENTATION_MIGRATION.md; docs/assurance/requirements.md,Site engineering must name the actual native object/role/service and its accepted settings for: privileged access SHALL be reviewed against the actual authority model.,CT-019; CT-062; CT-069,Apply the referenced procedure to the actual enforcement location and this focus; include effective negative/failure observations where the original criterion requires them.,SOURCE_AND_LOCAL_FIXTURE_ONLY_OR_NOT_IMPLEMENTED; NOT_NATIVE_QUALIFIED,,"Actual deciding authority, jurisdiction, applicability, issued approval, operating evidence and exception expiry handling must be supplied by the service owner; Git labels and test passes cannot issue them.",TO_BE_DECIDED_FOR_ACTUAL_SERVICE; NOT_AUTO_NA,PROPOSED_ENGINEERING_ALLOCATION_NOT_CONTROL_SATISFACTION
EXC-001/A01,EXC-001,Every exception SHALL have an accountable risk owner and expiry or review date.,Every exception SHALL have an accountable risk owner and expiry or review date.,Exact source span under the complete requirement; not a replacement normative statement,RA §25,Risk owner,Architecture/security/service-owner review and controlled evidence/exception record systems,EXTERNAL_GOVERNANCE_OR_MANUAL_CONTROL,docs/DOCUMENTATION_MIGRATION.md; docs/assurance/requirements.md,Site engineering must name the actual native object/role/service and its accepted settings for: Every exception SHALL have an accountable risk owner and expiry or review date.,CT-058; CT-062,Apply the referenced procedure to the actual enforcement location and this focus; include effective negative/failure observations where the original criterion requires them.,SOURCE_AND_LOCAL_FIXTURE_ONLY_OR_NOT_IMPLEMENTED; NOT_NATIVE_QUALIFIED,,"Actual deciding authority, jurisdiction, applicability, issued approval, operating evidence and exception expiry handling must be supplied by the service owner; Git labels and test passes cannot issue them.",TO_BE_DECIDED_FOR_ACTUAL_SERVICE; NOT_AUTO_NA,PROPOSED_ENGINEERING_ALLOCATION_NOT_CONTROL_SATISFACTION
EXC-002/A01,EXC-002,The control plane SHALL surface expired exceptions as non-compliant state rather than allowing them to become permanent undocumented architecture.,The control plane SHALL surface expired exceptions as non-compliant state rather than allowing them to become permanent undocumented architecture.,Exact source span under the complete requirement; not a replacement normative statement,RA §25,Risk owner,Architecture/security/service-owner review and controlled evidence/exception record systems,EXTERNAL_GOVERNANCE_OR_MANUAL_CONTROL,docs/DOCUMENTATION_MIGRATION.md; docs/assurance/requirements.md,Site engineering must name the actual native object/role/service and its accepted settings for: The control plane SHALL surface expired exceptions as non-compliant state rather than allowing them to become permanent undocumented architecture.,CT-058; CT-069,Apply the referenced procedure to the actual enforcement location and this focus; include effective negative/failure observations where the original criterion requires them.,SOURCE_AND_LOCAL_FIXTURE_ONLY_OR_NOT_IMPLEMENTED; NOT_NATIVE_QUALIFIED,,"Actual deciding authority, jurisdiction, applicability, issued approval, operating evidence and exception expiry handling must be supplied by the service owner; Git labels and test passes cannot issue them.",TO_BE_DECIDED_FOR_ACTUAL_SERVICE; NOT_AUTO_NA,PROPOSED_ENGINEERING_ALLOCATION_NOT_CONTROL_SATISFACTION
EXC-003/A01,EXC-003,"Exceptions SHALL bind requirement IDs, precise scope, effective/expiry times, compensating controls and authorized risk approval; expiry handling SHALL preserve evidence and follow a pre-approved secure continuity/remediation decision.","Exceptions SHALL bind requirement IDs, precise scope, effective/expiry times, compensating controls and authorized risk approval",Exact source span under the complete requirement; not a replacement normative statement,RA §25,Risk owner,Architecture/security/service-owner review and controlled evidence/exception record systems,EXTERNAL_GOVERNANCE_OR_MANUAL_CONTROL,docs/DOCUMENTATION_MIGRATION.md; docs/assurance/requirements.md,"Site engineering must name the actual native object/role/service and its accepted settings for: Exceptions SHALL bind requirement IDs, precise scope, effective/expiry times, compensating controls and authorized risk approval",CT-017; CT-058; CT-069,Apply the referenced procedure to the actual enforcement location and this focus; include effective negative/failure observations where the original criterion requires them.,SOURCE_AND_LOCAL_FIXTURE_ONLY_OR_NOT_IMPLEMENTED; NOT_NATIVE_QUALIFIED,,"Actual deciding authority, jurisdiction, applicability, issued approval, operating evidence and exception expiry handling must be supplied by the service owner; Git labels and test passes cannot issue them.",TO_BE_DECIDED_FOR_ACTUAL_SERVICE; NOT_AUTO_NA,PROPOSED_ENGINEERING_ALLOCATION_NOT_CONTROL_SATISFACTION
EXC-003/A02,EXC-003,"Exceptions SHALL bind requirement IDs, precise scope, effective/expiry times, compensating controls and authorized risk approval; expiry handling SHALL preserve evidence and follow a pre-approved secure continuity/remediation decision.",expiry handling SHALL preserve evidence and follow a pre-approved secure continuity/remediation decision.,Exact source span under the complete requirement; not a replacement normative statement,RA §25,Risk owner,Architecture/security/service-owner review and controlled evidence/exception record systems,EXTERNAL_GOVERNANCE_OR_MANUAL_CONTROL,docs/DOCUMENTATION_MIGRATION.md; docs/assurance/requirements.md,Site engineering must name the actual native object/role/service and its accepted settings for: expiry handling SHALL preserve evidence and follow a pre-approved secure continuity/remediation decision.,CT-017; CT-058; CT-069,Apply the referenced procedure to the actual enforcement location and this focus; include effective negative/failure observations where the original criterion requires them.,SOURCE_AND_LOCAL_FIXTURE_ONLY_OR_NOT_IMPLEMENTED; NOT_NATIVE_QUALIFIED,,"Actual deciding authority, jurisdiction, applicability, issued approval, operating evidence and exception expiry handling must be supplied by the service owner; Git labels and test passes cannot issue them.",TO_BE_DECIDED_FOR_ACTUAL_SERVICE; NOT_AUTO_NA,PROPOSED_ENGINEERING_ALLOCATION_NOT_CONTROL_SATISFACTION
ONB-001/A01,ONB-001,"Onboarding SHALL verify ownership, complete intent/profiles, current qualification/authorization conditions, operational readiness and lifecycle obligations before Service Ready is granted.","Onboarding SHALL verify ownership, complete intent/profiles, current qualification/authorization conditions, operational readiness and lifecycle obligations before Service Ready is granted.",Exact source span under the complete requirement; not a replacement normative statement,RA §23; RA §28,Service management,Architecture/security/service-owner review and controlled evidence/exception record systems,EXTERNAL_GOVERNANCE_OR_MANUAL_CONTROL,docs/DOCUMENTATION_MIGRATION.md; docs/assurance/requirements.md,"Site engineering must name the actual native object/role/service and its accepted settings for: Onboarding SHALL verify ownership, complete intent/profiles, current qualification/authorization conditions, operational readiness and lifecycle obligations before Service Ready is granted.",CT-017; CT-018; CT-049; CT-062; CT-069,Apply the referenced procedure to the actual enforcement location and this focus; include effective negative/failure observations where the original criterion requires them.,SOURCE_AND_LOCAL_FIXTURE_ONLY_OR_NOT_IMPLEMENTED; NOT_NATIVE_QUALIFIED,,"Actual deciding authority, jurisdiction, applicability, issued approval, operating evidence and exception expiry handling must be supplied by the service owner; Git labels and test passes cannot issue them.",TO_BE_DECIDED_FOR_ACTUAL_SERVICE; NOT_AUTO_NA,PROPOSED_ENGINEERING_ALLOCATION_NOT_CONTROL_SATISFACTION
DEL-001/A01,DEL-001,"The reference implementation SHALL demonstrate two-tenant isolation, controlled zone transitions, protected management, service bindings, recovery and retirement on a qualified first platform before scale expansion.","The reference implementation SHALL demonstrate two-tenant isolation, controlled zone transitions, protected management, service bindings, recovery and retirement on a qualified first platform before scale expansion.",Exact source span under the complete requirement; not a replacement normative statement,RA §22; RA §30,Delivery owner,"Approved qualification campaign, independent observation and evidence store at declared versions/topology",LOCAL_FIXTURES_NOT_NATIVE_QUALIFICATION,docs/assurance/test-specifications.md; lab/run_readback_lab.py; lab/run_namespace_lab.py,"Site engineering must name the actual native object/role/service and its accepted settings for: The reference implementation SHALL demonstrate two-tenant isolation, controlled zone transitions, protected management, service bindings, recovery and retirement on a qualified first platform before scale expansion.",CT-001; CT-003; CT-004; CT-008; CT-013; CT-052; CT-069,Apply the referenced procedure to the actual enforcement location and this focus; include effective negative/failure observations where the original criterion requires them.,SOURCE_AND_LOCAL_FIXTURE_ONLY_OR_NOT_IMPLEMENTED; NOT_NATIVE_QUALIFIED,,"Reference procedures, local fixtures and hashes do not create native evidence, immutable evidence custody, complete assertion coverage, platform qualification or authorization.",TO_BE_DECIDED_FOR_ACTUAL_SERVICE; NOT_AUTO_NA,PROPOSED_ENGINEERING_ALLOCATION_NOT_CONTROL_SATISFACTION
DEL-002/A01,DEL-002,Multi-platform portability claims SHALL be supported by the same intent/core conformance outcomes on at least two qualified implementations and by a representative data/application exit rehearsal.,Multi-platform portability claims SHALL be supported by the same intent/core conformance outcomes on at least two qualified implementations and by a representative data/application exit rehearsal.,Exact source span under the complete requirement; not a replacement normative statement,RA §22; RA §30,Delivery owner,"Approved qualification campaign, independent observation and evidence store at declared versions/topology",LOCAL_FIXTURES_NOT_NATIVE_QUALIFICATION,docs/assurance/test-specifications.md; lab/run_readback_lab.py; lab/run_namespace_lab.py,Site engineering must name the actual native object/role/service and its accepted settings for: Multi-platform portability claims SHALL be supported by the same intent/core conformance outcomes on at least two qualified implementations and by a representative data/application exit rehearsal.,CT-016; CT-060; CT-073,Apply the referenced procedure to the actual enforcement location and this focus; include effective negative/failure observations where the original criterion requires them.,SOURCE_AND_LOCAL_FIXTURE_ONLY_OR_NOT_IMPLEMENTED; NOT_NATIVE_QUALIFIED,,"Reference procedures, local fixtures and hashes do not create native evidence, immutable evidence custody, complete assertion coverage, platform qualification or authorization.",TO_BE_DECIDED_FOR_ACTUAL_SERVICE; NOT_AUTO_NA,PROPOSED_ENGINEERING_ALLOCATION_NOT_CONTROL_SATISFACTION
ACPT-001/A01,ACPT-001,"Production acceptance SHALL require current evidence for every applicable acceptance criterion, explicit exclusions and risk decisions, operational owner acceptance and a valid separately issued authorization decision.","Production acceptance SHALL require current evidence for every applicable acceptance criterion, explicit exclusions and risk decisions, operational owner acceptance and a valid separately issued authorization decision.",Exact source span under the complete requirement; not a replacement normative statement,RA §28; RA §30,Security authority,Architecture/security/service-owner review and controlled evidence/exception record systems,EXTERNAL_GOVERNANCE_OR_MANUAL_CONTROL,docs/DOCUMENTATION_MIGRATION.md; docs/assurance/requirements.md,"Site engineering must name the actual native object/role/service and its accepted settings for: Production acceptance SHALL require current evidence for every applicable acceptance criterion, explicit exclusions and risk decisions, operational owner acceptance and a valid separately issued authorization decision.",CT-018; CT-049; CT-062; CT-069,Apply the referenced procedure to the actual enforcement location and this focus; include effective negative/failure observations where the original criterion requires them.,SOURCE_AND_LOCAL_FIXTURE_ONLY_OR_NOT_IMPLEMENTED; NOT_NATIVE_QUALIFIED,,"Actual deciding authority, jurisdiction, applicability, issued approval, operating evidence and exception expiry handling must be supplied by the service owner; Git labels and test passes cannot issue them.",TO_BE_DECIDED_FOR_ACTUAL_SERVICE; NOT_AUTO_NA,PROPOSED_ENGINEERING_ALLOCATION_NOT_CONTROL_SATISFACTION
