assertion_id,requirement_id,source_requirement,assertion,implementation_owner,enforcement_location,implementation_disposition,required_artifact_or_record,candidate_artifacts,verification_method,reference_tests,evidence_class,remaining_dependency,owner_review,source_sections,not_applicable
ARCH-001.A01,ARCH-001,The hosting contract SHALL be vendor neutral and SHALL NOT require consumers to specify vendor-specific identifiers or topology objects.,Complete source obligation; all applicable clauses must be satisfied: The hosting contract SHALL be vendor neutral and SHALL NOT require consumers to specify vendor-specific identifiers or topology objects.,Architecture authority,Architecture/design review and separately governed service/adoption/qualification authority,MANUAL_GOVERNANCE_OR_EXTERNAL_AUTHORITATIVE_RECORD_REQUIRED,"Scope-specific current architecture/engineering/authority record addressing the exact assertion, with named owner and protected evidence — specifically: Complete source obligation; all applicable clauses must be satisfied: The hosting contract SHALL be vendor neutral and SHALL NOT require consumers to specify vendor-specific identifiers or topology objects.",docs/current/RAD-adoption.md; docs/current/TAD-infrastructure.md; docs/assurance/verification-families.md,Review the actual versioned record and its individual assertions; corroborate implementation-specific obligations with the applicable native tests.,CT-016; CT-017,"NATIVE_NOT_RUN; related local fixtures/engine checks are narrower evidence, not satisfaction","No controller or document generator can issue organizational approval, assess all adopted controls or complete absent site-specific evidence.","PROPOSED_ALLOCATION; actual applicability, named authority and evidence assignment pending",RA §1; RA §2; RA §20,Not selected; explicit scope rationale and authority required before any N/A disposition
ARCH-001.A02,ARCH-001,The hosting contract SHALL be vendor neutral and SHALL NOT require consumers to specify vendor-specific identifiers or topology objects.,Consumer contract is vendor neutral,Architecture authority,Architecture/design review and separately governed service/adoption/qualification authority,MANUAL_GOVERNANCE_OR_EXTERNAL_AUTHORITATIVE_RECORD_REQUIRED,"Scope-specific current architecture/engineering/authority record addressing the exact assertion, with named owner and protected evidence — specifically: Consumer contract is vendor neutral",docs/current/RAD-adoption.md; docs/current/TAD-infrastructure.md; docs/assurance/verification-families.md,Review the actual versioned record and its individual assertions; corroborate implementation-specific obligations with the applicable native tests.,CT-016; CT-017,"NATIVE_NOT_RUN; related local fixtures/engine checks are narrower evidence, not satisfaction","No controller or document generator can issue organizational approval, assess all adopted controls or complete absent site-specific evidence.","PROPOSED_ALLOCATION; actual applicability, named authority and evidence assignment pending",RA §1; RA §2; RA §20,Not selected; explicit scope rationale and authority required before any N/A disposition
ARCH-001.A03,ARCH-001,The hosting contract SHALL be vendor neutral and SHALL NOT require consumers to specify vendor-specific identifiers or topology objects.,Consumer does not need native IDs,Architecture authority,Architecture/design review and separately governed service/adoption/qualification authority,MANUAL_GOVERNANCE_OR_EXTERNAL_AUTHORITATIVE_RECORD_REQUIRED,"Scope-specific current architecture/engineering/authority record addressing the exact assertion, with named owner and protected evidence — specifically: Consumer does not need native IDs",docs/current/RAD-adoption.md; docs/current/TAD-infrastructure.md; docs/assurance/verification-families.md,Review the actual versioned record and its individual assertions; corroborate implementation-specific obligations with the applicable native tests.,CT-016; CT-017,"NATIVE_NOT_RUN; related local fixtures/engine checks are narrower evidence, not satisfaction","No controller or document generator can issue organizational approval, assess all adopted controls or complete absent site-specific evidence.","PROPOSED_ALLOCATION; actual applicability, named authority and evidence assignment pending",RA §1; RA §2; RA §20,Not selected; explicit scope rationale and authority required before any N/A disposition
ARCH-001.A04,ARCH-001,The hosting contract SHALL be vendor neutral and SHALL NOT require consumers to specify vendor-specific identifiers or topology objects.,Consumer does not need vendor-specific topology objects,Architecture authority,Architecture/design review and separately governed service/adoption/qualification authority,MANUAL_GOVERNANCE_OR_EXTERNAL_AUTHORITATIVE_RECORD_REQUIRED,"Scope-specific current architecture/engineering/authority record addressing the exact assertion, with named owner and protected evidence — specifically: Consumer does not need vendor-specific topology objects",docs/current/RAD-adoption.md; docs/current/TAD-infrastructure.md; docs/assurance/verification-families.md,Review the actual versioned record and its individual assertions; corroborate implementation-specific obligations with the applicable native tests.,CT-016; CT-017,"NATIVE_NOT_RUN; related local fixtures/engine checks are narrower evidence, not satisfaction","No controller or document generator can issue organizational approval, assess all adopted controls or complete absent site-specific evidence.","PROPOSED_ALLOCATION; actual applicability, named authority and evidence assignment pending",RA §1; RA §2; RA §20,Not selected; explicit scope rationale and authority required before any N/A disposition
ARCH-002.A01,ARCH-002,Routine tenant and workload lifecycle operations SHOULD NOT require changes to physical leaf or spine configuration.,Complete source obligation; all applicable clauses must be satisfied: Routine tenant and workload lifecycle operations SHOULD NOT require changes to physical leaf or spine configuration.,Architecture authority,Architecture/design review and separately governed service/adoption/qualification authority,MANUAL_GOVERNANCE_OR_EXTERNAL_AUTHORITATIVE_RECORD_REQUIRED,"Scope-specific current architecture/engineering/authority record addressing the exact assertion, with named owner and protected evidence — specifically: Complete source obligation; all applicable clauses must be satisfied: Routine tenant and workload lifecycle operations SHOULD NOT require changes to physical leaf or spine configuration.",docs/current/RAD-adoption.md; docs/current/TAD-infrastructure.md; docs/assurance/verification-families.md,Review the actual versioned record and its individual assertions; corroborate implementation-specific obligations with the applicable native tests.,CT-071; CT-072,"NATIVE_NOT_RUN; related local fixtures/engine checks are narrower evidence, not satisfaction","No controller or document generator can issue organizational approval, assess all adopted controls or complete absent site-specific evidence.","PROPOSED_ALLOCATION; actual applicability, named authority and evidence assignment pending",RA §1; RA §2; RA §20,Not selected; explicit scope rationale and authority required before any N/A disposition
ARCH-003.A01,ARCH-003,All inter-zone paths SHALL be explicit and SHALL traverse the applicable ZIP/security edge.,Complete source obligation; all applicable clauses must be satisfied: All inter-zone paths SHALL be explicit and SHALL traverse the applicable ZIP/security edge.,Architecture authority,Architecture/design review and separately governed service/adoption/qualification authority,MANUAL_GOVERNANCE_OR_EXTERNAL_AUTHORITATIVE_RECORD_REQUIRED,"Scope-specific current architecture/engineering/authority record addressing the exact assertion, with named owner and protected evidence — specifically: Complete source obligation; all applicable clauses must be satisfied: All inter-zone paths SHALL be explicit and SHALL traverse the applicable ZIP/security edge.",docs/current/RAD-adoption.md; docs/current/TAD-infrastructure.md; docs/assurance/verification-families.md,Review the actual versioned record and its individual assertions; corroborate implementation-specific obligations with the applicable native tests.,CT-003; CT-025,"NATIVE_NOT_RUN; related local fixtures/engine checks are narrower evidence, not satisfaction","No controller or document generator can issue organizational approval, assess all adopted controls or complete absent site-specific evidence.","PROPOSED_ALLOCATION; actual applicability, named authority and evidence assignment pending",RA §1; RA §2; RA §20,Not selected; explicit scope rationale and authority required before any N/A disposition
ARCH-003.A02,ARCH-003,All inter-zone paths SHALL be explicit and SHALL traverse the applicable ZIP/security edge.,Every inter-zone path is explicitly identified,Architecture authority,Architecture/design review and separately governed service/adoption/qualification authority,MANUAL_GOVERNANCE_OR_EXTERNAL_AUTHORITATIVE_RECORD_REQUIRED,"Scope-specific current architecture/engineering/authority record addressing the exact assertion, with named owner and protected evidence — specifically: Every inter-zone path is explicitly identified",docs/current/RAD-adoption.md; docs/current/TAD-infrastructure.md; docs/assurance/verification-families.md,Review the actual versioned record and its individual assertions; corroborate implementation-specific obligations with the applicable native tests.,CT-003; CT-025,"NATIVE_NOT_RUN; related local fixtures/engine checks are narrower evidence, not satisfaction","No controller or document generator can issue organizational approval, assess all adopted controls or complete absent site-specific evidence.","PROPOSED_ALLOCATION; actual applicability, named authority and evidence assignment pending",RA §1; RA §2; RA §20,Not selected; explicit scope rationale and authority required before any N/A disposition
ARCH-003.A03,ARCH-003,All inter-zone paths SHALL be explicit and SHALL traverse the applicable ZIP/security edge.,Each identified inter-zone path traverses its applicable qualified boundary,Architecture authority,Architecture/design review and separately governed service/adoption/qualification authority,MANUAL_GOVERNANCE_OR_EXTERNAL_AUTHORITATIVE_RECORD_REQUIRED,"Scope-specific current architecture/engineering/authority record addressing the exact assertion, with named owner and protected evidence — specifically: Each identified inter-zone path traverses its applicable qualified boundary",docs/current/RAD-adoption.md; docs/current/TAD-infrastructure.md; docs/assurance/verification-families.md,Review the actual versioned record and its individual assertions; corroborate implementation-specific obligations with the applicable native tests.,CT-003; CT-025,"NATIVE_NOT_RUN; related local fixtures/engine checks are narrower evidence, not satisfaction","No controller or document generator can issue organizational approval, assess all adopted controls or complete absent site-specific evidence.","PROPOSED_ALLOCATION; actual applicability, named authority and evidence assignment pending",RA §1; RA §2; RA §20,Not selected; explicit scope rationale and authority required before any N/A disposition
ARCH-004.A01,ARCH-004,Management/OOB traffic SHALL be separated from tenant operational traffic and SHALL have independently controlled access paths.,Complete source obligation; all applicable clauses must be satisfied: Management/OOB traffic SHALL be separated from tenant operational traffic and SHALL have independently controlled access paths.,Architecture authority,Architecture/design review and separately governed service/adoption/qualification authority,MANUAL_GOVERNANCE_OR_EXTERNAL_AUTHORITATIVE_RECORD_REQUIRED,"Scope-specific current architecture/engineering/authority record addressing the exact assertion, with named owner and protected evidence — specifically: Complete source obligation; all applicable clauses must be satisfied: Management/OOB traffic SHALL be separated from tenant operational traffic and SHALL have independently controlled access paths.",docs/current/RAD-adoption.md; docs/current/TAD-infrastructure.md; docs/assurance/verification-families.md,Review the actual versioned record and its individual assertions; corroborate implementation-specific obligations with the applicable native tests.,CT-004; CT-026,"NATIVE_NOT_RUN; related local fixtures/engine checks are narrower evidence, not satisfaction","No controller or document generator can issue organizational approval, assess all adopted controls or complete absent site-specific evidence.","PROPOSED_ALLOCATION; actual applicability, named authority and evidence assignment pending",RA §1; RA §2; RA §20,Not selected; explicit scope rationale and authority required before any N/A disposition
ARCH-004.A02,ARCH-004,Management/OOB traffic SHALL be separated from tenant operational traffic and SHALL have independently controlled access paths.,Workload-to-management route and policy separation,Architecture authority,Architecture/design review and separately governed service/adoption/qualification authority,MANUAL_GOVERNANCE_OR_EXTERNAL_AUTHORITATIVE_RECORD_REQUIRED,"Scope-specific current architecture/engineering/authority record addressing the exact assertion, with named owner and protected evidence — specifically: Workload-to-management route and policy separation",docs/current/RAD-adoption.md; docs/current/TAD-infrastructure.md; docs/assurance/verification-families.md,Review the actual versioned record and its individual assertions; corroborate implementation-specific obligations with the applicable native tests.,CT-004; CT-026,"NATIVE_NOT_RUN; related local fixtures/engine checks are narrower evidence, not satisfaction","No controller or document generator can issue organizational approval, assess all adopted controls or complete absent site-specific evidence.","PROPOSED_ALLOCATION; actual applicability, named authority and evidence assignment pending",RA §1; RA §2; RA §20,Not selected; explicit scope rationale and authority required before any N/A disposition
ARCH-004.A03,ARCH-004,Management/OOB traffic SHALL be separated from tenant operational traffic and SHALL have independently controlled access paths.,Authorized privileged access paths,Architecture authority,Architecture/design review and separately governed service/adoption/qualification authority,MANUAL_GOVERNANCE_OR_EXTERNAL_AUTHORITATIVE_RECORD_REQUIRED,"Scope-specific current architecture/engineering/authority record addressing the exact assertion, with named owner and protected evidence — specifically: Authorized privileged access paths",docs/current/RAD-adoption.md; docs/current/TAD-infrastructure.md; docs/assurance/verification-families.md,Review the actual versioned record and its individual assertions; corroborate implementation-specific obligations with the applicable native tests.,CT-004; CT-026,"NATIVE_NOT_RUN; related local fixtures/engine checks are narrower evidence, not satisfaction","No controller or document generator can issue organizational approval, assess all adopted controls or complete absent site-specific evidence.","PROPOSED_ALLOCATION; actual applicability, named authority and evidence assignment pending",RA §1; RA §2; RA §20,Not selected; explicit scope rationale and authority required before any N/A disposition
ARCH-004.A04,ARCH-004,Management/OOB traffic SHALL be separated from tenant operational traffic and SHALL have independently controlled access paths.,OOB transport and recovery dependencies separately documented,Architecture authority,Architecture/design review and separately governed service/adoption/qualification authority,MANUAL_GOVERNANCE_OR_EXTERNAL_AUTHORITATIVE_RECORD_REQUIRED,"Scope-specific current architecture/engineering/authority record addressing the exact assertion, with named owner and protected evidence — specifically: OOB transport and recovery dependencies separately documented",docs/current/RAD-adoption.md; docs/current/TAD-infrastructure.md; docs/assurance/verification-families.md,Review the actual versioned record and its individual assertions; corroborate implementation-specific obligations with the applicable native tests.,CT-004; CT-026,"NATIVE_NOT_RUN; related local fixtures/engine checks are narrower evidence, not satisfaction","No controller or document generator can issue organizational approval, assess all adopted controls or complete absent site-specific evidence.","PROPOSED_ALLOCATION; actual applicability, named authority and evidence assignment pending",RA §1; RA §2; RA §20,Not selected; explicit scope rationale and authority required before any N/A disposition
SCOPE-001.A01,SCOPE-001,"Every implementation SHALL publish its offered service classes, supported information categories, excluded capabilities and required qualification evidence before accepting a production request.","Complete source obligation; all applicable clauses must be satisfied: Every implementation SHALL publish its offered service classes, supported information categories, excluded capabilities and required qualification evidence before accepting a production request.",Architecture authority,Architecture/design review and separately governed service/adoption/qualification authority,MANUAL_GOVERNANCE_OR_EXTERNAL_AUTHORITATIVE_RECORD_REQUIRED,"Scope-specific current architecture/engineering/authority record addressing the exact assertion, with named owner and protected evidence — specifically: Complete source obligation; all applicable clauses must be satisfied: Every implementation SHALL publish its offered service classes, supported information categories, excluded capabilities and required qualification evidence before accepting a production request.",docs/current/RAD-adoption.md; docs/current/TAD-infrastructure.md; docs/assurance/verification-families.md,Review the actual versioned record and its individual assertions; corroborate implementation-specific obligations with the applicable native tests.,CT-018; CT-062,"NATIVE_NOT_RUN; related local fixtures/engine checks are narrower evidence, not satisfaction","No controller or document generator can issue organizational approval, assess all adopted controls or complete absent site-specific evidence.","PROPOSED_ALLOCATION; actual applicability, named authority and evidence assignment pending",RA §1; RA §2; RA §20,Not selected; explicit scope rationale and authority required before any N/A disposition
INV-001.A01,INV-001,"Tenant identity, security-zone identity, workload lifecycle, and platform realization are separate concepts.","Complete source obligation; all applicable clauses must be satisfied: Tenant identity, security-zone identity, workload lifecycle, and platform realization are separate concepts.",Architecture authority,Architecture/design review and separately governed service/adoption/qualification authority,MANUAL_GOVERNANCE_OR_EXTERNAL_AUTHORITATIVE_RECORD_REQUIRED,"Scope-specific current architecture/engineering/authority record addressing the exact assertion, with named owner and protected evidence — specifically: Complete source obligation; all applicable clauses must be satisfied: Tenant identity, security-zone identity, workload lifecycle, and platform realization are separate concepts.",docs/current/RAD-adoption.md; docs/current/TAD-infrastructure.md; docs/assurance/verification-families.md,Review the actual versioned record and its individual assertions; corroborate implementation-specific obligations with the applicable native tests.,CT-016; CT-070,"NATIVE_NOT_RUN; related local fixtures/engine checks are narrower evidence, not satisfaction","No controller or document generator can issue organizational approval, assess all adopted controls or complete absent site-specific evidence.","PROPOSED_ALLOCATION; actual applicability, named authority and evidence assignment pending",RA §1; RA §28,Not selected; explicit scope rationale and authority required before any N/A disposition
INV-001.A02,INV-001,"Tenant identity, security-zone identity, workload lifecycle, and platform realization are separate concepts.",Tenant ownership identity is separate,Architecture authority,Architecture/design review and separately governed service/adoption/qualification authority,MANUAL_GOVERNANCE_OR_EXTERNAL_AUTHORITATIVE_RECORD_REQUIRED,"Scope-specific current architecture/engineering/authority record addressing the exact assertion, with named owner and protected evidence — specifically: Tenant ownership identity is separate",docs/current/RAD-adoption.md; docs/current/TAD-infrastructure.md; docs/assurance/verification-families.md,Review the actual versioned record and its individual assertions; corroborate implementation-specific obligations with the applicable native tests.,CT-016; CT-070,"NATIVE_NOT_RUN; related local fixtures/engine checks are narrower evidence, not satisfaction","No controller or document generator can issue organizational approval, assess all adopted controls or complete absent site-specific evidence.","PROPOSED_ALLOCATION; actual applicability, named authority and evidence assignment pending",RA §1; RA §28,Not selected; explicit scope rationale and authority required before any N/A disposition
INV-001.A03,INV-001,"Tenant identity, security-zone identity, workload lifecycle, and platform realization are separate concepts.",Zone semantics are separate,Architecture authority,Architecture/design review and separately governed service/adoption/qualification authority,MANUAL_GOVERNANCE_OR_EXTERNAL_AUTHORITATIVE_RECORD_REQUIRED,"Scope-specific current architecture/engineering/authority record addressing the exact assertion, with named owner and protected evidence — specifically: Zone semantics are separate",docs/current/RAD-adoption.md; docs/current/TAD-infrastructure.md; docs/assurance/verification-families.md,Review the actual versioned record and its individual assertions; corroborate implementation-specific obligations with the applicable native tests.,CT-016; CT-070,"NATIVE_NOT_RUN; related local fixtures/engine checks are narrower evidence, not satisfaction","No controller or document generator can issue organizational approval, assess all adopted controls or complete absent site-specific evidence.","PROPOSED_ALLOCATION; actual applicability, named authority and evidence assignment pending",RA §1; RA §28,Not selected; explicit scope rationale and authority required before any N/A disposition
INV-001.A04,INV-001,"Tenant identity, security-zone identity, workload lifecycle, and platform realization are separate concepts.",Workload lifecycle identity is separate,Architecture authority,Architecture/design review and separately governed service/adoption/qualification authority,MANUAL_GOVERNANCE_OR_EXTERNAL_AUTHORITATIVE_RECORD_REQUIRED,"Scope-specific current architecture/engineering/authority record addressing the exact assertion, with named owner and protected evidence — specifically: Workload lifecycle identity is separate",docs/current/RAD-adoption.md; docs/current/TAD-infrastructure.md; docs/assurance/verification-families.md,Review the actual versioned record and its individual assertions; corroborate implementation-specific obligations with the applicable native tests.,CT-016; CT-070,"NATIVE_NOT_RUN; related local fixtures/engine checks are narrower evidence, not satisfaction","No controller or document generator can issue organizational approval, assess all adopted controls or complete absent site-specific evidence.","PROPOSED_ALLOCATION; actual applicability, named authority and evidence assignment pending",RA §1; RA §28,Not selected; explicit scope rationale and authority required before any N/A disposition
INV-001.A05,INV-001,"Tenant identity, security-zone identity, workload lifecycle, and platform realization are separate concepts.",Native realization identity is separate,Architecture authority,Architecture/design review and separately governed service/adoption/qualification authority,MANUAL_GOVERNANCE_OR_EXTERNAL_AUTHORITATIVE_RECORD_REQUIRED,"Scope-specific current architecture/engineering/authority record addressing the exact assertion, with named owner and protected evidence — specifically: Native realization identity is separate",docs/current/RAD-adoption.md; docs/current/TAD-infrastructure.md; docs/assurance/verification-families.md,Review the actual versioned record and its individual assertions; corroborate implementation-specific obligations with the applicable native tests.,CT-016; CT-070,"NATIVE_NOT_RUN; related local fixtures/engine checks are narrower evidence, not satisfaction","No controller or document generator can issue organizational approval, assess all adopted controls or complete absent site-specific evidence.","PROPOSED_ALLOCATION; actual applicability, named authority and evidence assignment pending",RA §1; RA §28,Not selected; explicit scope rationale and authority required before any N/A disposition
INV-002.A01,INV-002,"A VPC, VRF, Tier-1 gateway, or Neutron router is an implementation mechanism, not the enterprise definition of a security zone.","Complete source obligation; all applicable clauses must be satisfied: A VPC, VRF, Tier-1 gateway, or Neutron router is an implementation mechanism, not the enterprise definition of a security zone.",Architecture authority,Architecture/design review and separately governed service/adoption/qualification authority,MANUAL_GOVERNANCE_OR_EXTERNAL_AUTHORITATIVE_RECORD_REQUIRED,"Scope-specific current architecture/engineering/authority record addressing the exact assertion, with named owner and protected evidence — specifically: Complete source obligation; all applicable clauses must be satisfied: A VPC, VRF, Tier-1 gateway, or Neutron router is an implementation mechanism, not the enterprise definition of a security zone.",docs/current/RAD-adoption.md; docs/current/TAD-infrastructure.md; docs/assurance/verification-families.md,Review the actual versioned record and its individual assertions; corroborate implementation-specific obligations with the applicable native tests.,CT-025; CT-080,"NATIVE_NOT_RUN; related local fixtures/engine checks are narrower evidence, not satisfaction","No controller or document generator can issue organizational approval, assess all adopted controls or complete absent site-specific evidence.","PROPOSED_ALLOCATION; actual applicability, named authority and evidence assignment pending",RA §1; RA §28,Not selected; explicit scope rationale and authority required before any N/A disposition
INV-003.A01,INV-003,"Routes are derived from authorized intent; workload owners do not provide arbitrary route tables, BGP peers, route targets, or prefix imports/exports.","Complete source obligation; all applicable clauses must be satisfied: Routes are derived from authorized intent; workload owners do not provide arbitrary route tables, BGP peers, route targets, or prefix imports/exports.",Architecture authority,Architecture/design review and separately governed service/adoption/qualification authority,MANUAL_GOVERNANCE_OR_EXTERNAL_AUTHORITATIVE_RECORD_REQUIRED,"Scope-specific current architecture/engineering/authority record addressing the exact assertion, with named owner and protected evidence — specifically: Complete source obligation; all applicable clauses must be satisfied: Routes are derived from authorized intent; workload owners do not provide arbitrary route tables, BGP peers, route targets, or prefix imports/exports.",docs/current/RAD-adoption.md; docs/current/TAD-infrastructure.md; docs/assurance/verification-families.md,Review the actual versioned record and its individual assertions; corroborate implementation-specific obligations with the applicable native tests.,CT-009; CT-033,"NATIVE_NOT_RUN; related local fixtures/engine checks are narrower evidence, not satisfaction","No controller or document generator can issue organizational approval, assess all adopted controls or complete absent site-specific evidence.","PROPOSED_ALLOCATION; actual applicability, named authority and evidence assignment pending",RA §1; RA §28,Not selected; explicit scope rationale and authority required before any N/A disposition
INV-003.A02,INV-003,"Routes are derived from authorized intent; workload owners do not provide arbitrary route tables, BGP peers, route targets, or prefix imports/exports.",Routes are derived from authorized intent,Architecture authority,Architecture/design review and separately governed service/adoption/qualification authority,MANUAL_GOVERNANCE_OR_EXTERNAL_AUTHORITATIVE_RECORD_REQUIRED,"Scope-specific current architecture/engineering/authority record addressing the exact assertion, with named owner and protected evidence — specifically: Routes are derived from authorized intent",docs/current/RAD-adoption.md; docs/current/TAD-infrastructure.md; docs/assurance/verification-families.md,Review the actual versioned record and its individual assertions; corroborate implementation-specific obligations with the applicable native tests.,CT-009; CT-033,"NATIVE_NOT_RUN; related local fixtures/engine checks are narrower evidence, not satisfaction","No controller or document generator can issue organizational approval, assess all adopted controls or complete absent site-specific evidence.","PROPOSED_ALLOCATION; actual applicability, named authority and evidence assignment pending",RA §1; RA §28,Not selected; explicit scope rationale and authority required before any N/A disposition
INV-003.A03,INV-003,"Routes are derived from authorized intent; workload owners do not provide arbitrary route tables, BGP peers, route targets, or prefix imports/exports.","workload owners do not provide arbitrary route tables, BGP peers, route targets, or prefix imports/exports.",Architecture authority,Architecture/design review and separately governed service/adoption/qualification authority,MANUAL_GOVERNANCE_OR_EXTERNAL_AUTHORITATIVE_RECORD_REQUIRED,"Scope-specific current architecture/engineering/authority record addressing the exact assertion, with named owner and protected evidence — specifically: workload owners do not provide arbitrary route tables, BGP peers, route targets, or prefix imports/exports.",docs/current/RAD-adoption.md; docs/current/TAD-infrastructure.md; docs/assurance/verification-families.md,Review the actual versioned record and its individual assertions; corroborate implementation-specific obligations with the applicable native tests.,CT-009; CT-033,"NATIVE_NOT_RUN; related local fixtures/engine checks are narrower evidence, not satisfaction","No controller or document generator can issue organizational approval, assess all adopted controls or complete absent site-specific evidence.","PROPOSED_ALLOCATION; actual applicability, named authority and evidence assignment pending",RA §1; RA §28,Not selected; explicit scope rationale and authority required before any N/A disposition
INV-004.A01,INV-004,Shared services are exposed through explicit service bindings; broad reachability to a common-services supernet is not the default.,Complete source obligation; all applicable clauses must be satisfied: Shared services are exposed through explicit service bindings; broad reachability to a common-services supernet is not the default.,Architecture authority,Architecture/design review and separately governed service/adoption/qualification authority,MANUAL_GOVERNANCE_OR_EXTERNAL_AUTHORITATIVE_RECORD_REQUIRED,"Scope-specific current architecture/engineering/authority record addressing the exact assertion, with named owner and protected evidence — specifically: Complete source obligation; all applicable clauses must be satisfied: Shared services are exposed through explicit service bindings; broad reachability to a common-services supernet is not the default.",docs/current/RAD-adoption.md; docs/current/TAD-infrastructure.md; docs/assurance/verification-families.md,Review the actual versioned record and its individual assertions; corroborate implementation-specific obligations with the applicable native tests.,CT-008,"NATIVE_NOT_RUN; related local fixtures/engine checks are narrower evidence, not satisfaction","No controller or document generator can issue organizational approval, assess all adopted controls or complete absent site-specific evidence.","PROPOSED_ALLOCATION; actual applicability, named authority and evidence assignment pending",RA §1; RA §28,Not selected; explicit scope rationale and authority required before any N/A disposition
INV-004.A02,INV-004,Shared services are exposed through explicit service bindings; broad reachability to a common-services supernet is not the default.,Shared services are exposed through explicit service bindings,Architecture authority,Architecture/design review and separately governed service/adoption/qualification authority,MANUAL_GOVERNANCE_OR_EXTERNAL_AUTHORITATIVE_RECORD_REQUIRED,"Scope-specific current architecture/engineering/authority record addressing the exact assertion, with named owner and protected evidence — specifically: Shared services are exposed through explicit service bindings",docs/current/RAD-adoption.md; docs/current/TAD-infrastructure.md; docs/assurance/verification-families.md,Review the actual versioned record and its individual assertions; corroborate implementation-specific obligations with the applicable native tests.,CT-008,"NATIVE_NOT_RUN; related local fixtures/engine checks are narrower evidence, not satisfaction","No controller or document generator can issue organizational approval, assess all adopted controls or complete absent site-specific evidence.","PROPOSED_ALLOCATION; actual applicability, named authority and evidence assignment pending",RA §1; RA §28,Not selected; explicit scope rationale and authority required before any N/A disposition
INV-004.A03,INV-004,Shared services are exposed through explicit service bindings; broad reachability to a common-services supernet is not the default.,broad reachability to a common-services supernet is not the default.,Architecture authority,Architecture/design review and separately governed service/adoption/qualification authority,MANUAL_GOVERNANCE_OR_EXTERNAL_AUTHORITATIVE_RECORD_REQUIRED,"Scope-specific current architecture/engineering/authority record addressing the exact assertion, with named owner and protected evidence — specifically: broad reachability to a common-services supernet is not the default.",docs/current/RAD-adoption.md; docs/current/TAD-infrastructure.md; docs/assurance/verification-families.md,Review the actual versioned record and its individual assertions; corroborate implementation-specific obligations with the applicable native tests.,CT-008,"NATIVE_NOT_RUN; related local fixtures/engine checks are narrower evidence, not satisfaction","No controller or document generator can issue organizational approval, assess all adopted controls or complete absent site-specific evidence.","PROPOSED_ALLOCATION; actual applicability, named authority and evidence assignment pending",RA §1; RA §28,Not selected; explicit scope rationale and authority required before any N/A disposition
INV-005.A01,INV-005,"Portability means equivalent required outcomes and conformance, not identical topology.","Complete source obligation; all applicable clauses must be satisfied: Portability means equivalent required outcomes and conformance, not identical topology.",Architecture authority,Architecture/design review and separately governed service/adoption/qualification authority,MANUAL_GOVERNANCE_OR_EXTERNAL_AUTHORITATIVE_RECORD_REQUIRED,"Scope-specific current architecture/engineering/authority record addressing the exact assertion, with named owner and protected evidence — specifically: Complete source obligation; all applicable clauses must be satisfied: Portability means equivalent required outcomes and conformance, not identical topology.",docs/current/RAD-adoption.md; docs/current/TAD-infrastructure.md; docs/assurance/verification-families.md,Review the actual versioned record and its individual assertions; corroborate implementation-specific obligations with the applicable native tests.,CT-016; CT-060,"NATIVE_NOT_RUN; related local fixtures/engine checks are narrower evidence, not satisfaction","No controller or document generator can issue organizational approval, assess all adopted controls or complete absent site-specific evidence.","PROPOSED_ALLOCATION; actual applicability, named authority and evidence assignment pending",RA §1; RA §28,Not selected; explicit scope rationale and authority required before any N/A disposition
INV-006.A01,INV-006,A deployment is not Service Ready until realized state and security controls are verified.,Complete source obligation; all applicable clauses must be satisfied: A deployment is not Service Ready until realized state and security controls are verified.,Architecture authority,Architecture/design review and separately governed service/adoption/qualification authority,MANUAL_GOVERNANCE_OR_EXTERNAL_AUTHORITATIVE_RECORD_REQUIRED,"Scope-specific current architecture/engineering/authority record addressing the exact assertion, with named owner and protected evidence — specifically: Complete source obligation; all applicable clauses must be satisfied: A deployment is not Service Ready until realized state and security controls are verified.",docs/current/RAD-adoption.md; docs/current/TAD-infrastructure.md; docs/assurance/verification-families.md,Review the actual versioned record and its individual assertions; corroborate implementation-specific obligations with the applicable native tests.,CT-049; CT-069,"NATIVE_NOT_RUN; related local fixtures/engine checks are narrower evidence, not satisfaction","No controller or document generator can issue organizational approval, assess all adopted controls or complete absent site-specific evidence.","PROPOSED_ALLOCATION; actual applicability, named authority and evidence assignment pending",RA §1; RA §28,Not selected; explicit scope rationale and authority required before any N/A disposition
INV-006.A02,INV-006,A deployment is not Service Ready until realized state and security controls are verified.,Native realized resources observed,Architecture authority,Architecture/design review and separately governed service/adoption/qualification authority,MANUAL_GOVERNANCE_OR_EXTERNAL_AUTHORITATIVE_RECORD_REQUIRED,"Scope-specific current architecture/engineering/authority record addressing the exact assertion, with named owner and protected evidence — specifically: Native realized resources observed",docs/current/RAD-adoption.md; docs/current/TAD-infrastructure.md; docs/assurance/verification-families.md,Review the actual versioned record and its individual assertions; corroborate implementation-specific obligations with the applicable native tests.,CT-049; CT-069,"NATIVE_NOT_RUN; related local fixtures/engine checks are narrower evidence, not satisfaction","No controller or document generator can issue organizational approval, assess all adopted controls or complete absent site-specific evidence.","PROPOSED_ALLOCATION; actual applicability, named authority and evidence assignment pending",RA §1; RA §28,Not selected; explicit scope rationale and authority required before any N/A disposition
INV-006.A03,INV-006,A deployment is not Service Ready until realized state and security controls are verified.,Effective required security controls verified,Architecture authority,Architecture/design review and separately governed service/adoption/qualification authority,MANUAL_GOVERNANCE_OR_EXTERNAL_AUTHORITATIVE_RECORD_REQUIRED,"Scope-specific current architecture/engineering/authority record addressing the exact assertion, with named owner and protected evidence — specifically: Effective required security controls verified",docs/current/RAD-adoption.md; docs/current/TAD-infrastructure.md; docs/assurance/verification-families.md,Review the actual versioned record and its individual assertions; corroborate implementation-specific obligations with the applicable native tests.,CT-049; CT-069,"NATIVE_NOT_RUN; related local fixtures/engine checks are narrower evidence, not satisfaction","No controller or document generator can issue organizational approval, assess all adopted controls or complete absent site-specific evidence.","PROPOSED_ALLOCATION; actual applicability, named authority and evidence assignment pending",RA §1; RA §28,Not selected; explicit scope rationale and authority required before any N/A disposition
INV-006.A04,INV-006,A deployment is not Service Ready until realized state and security controls are verified.,Service-ready promotion held until both complete,Architecture authority,Architecture/design review and separately governed service/adoption/qualification authority,MANUAL_GOVERNANCE_OR_EXTERNAL_AUTHORITATIVE_RECORD_REQUIRED,"Scope-specific current architecture/engineering/authority record addressing the exact assertion, with named owner and protected evidence — specifically: Service-ready promotion held until both complete",docs/current/RAD-adoption.md; docs/current/TAD-infrastructure.md; docs/assurance/verification-families.md,Review the actual versioned record and its individual assertions; corroborate implementation-specific obligations with the applicable native tests.,CT-049; CT-069,"NATIVE_NOT_RUN; related local fixtures/engine checks are narrower evidence, not satisfaction","No controller or document generator can issue organizational approval, assess all adopted controls or complete absent site-specific evidence.","PROPOSED_ALLOCATION; actual applicability, named authority and evidence assignment pending",RA §1; RA §28,Not selected; explicit scope rationale and authority required before any N/A disposition
INV-007.A01,INV-007,Failure of an admission or control-plane dependency SHALL fail new changes closed; failure SHALL NOT silently create a security bypass.,Complete source obligation; all applicable clauses must be satisfied: Failure of an admission or control-plane dependency SHALL fail new changes closed; failure SHALL NOT silently create a security bypass.,Architecture authority,Architecture/design review and separately governed service/adoption/qualification authority,MANUAL_GOVERNANCE_OR_EXTERNAL_AUTHORITATIVE_RECORD_REQUIRED,"Scope-specific current architecture/engineering/authority record addressing the exact assertion, with named owner and protected evidence — specifically: Complete source obligation; all applicable clauses must be satisfied: Failure of an admission or control-plane dependency SHALL fail new changes closed; failure SHALL NOT silently create a security bypass.",docs/current/RAD-adoption.md; docs/current/TAD-infrastructure.md; docs/assurance/verification-families.md,Review the actual versioned record and its individual assertions; corroborate implementation-specific obligations with the applicable native tests.,CT-011; CT-045,"NATIVE_NOT_RUN; related local fixtures/engine checks are narrower evidence, not satisfaction","No controller or document generator can issue organizational approval, assess all adopted controls or complete absent site-specific evidence.","PROPOSED_ALLOCATION; actual applicability, named authority and evidence assignment pending",RA §1; RA §28,Not selected; explicit scope rationale and authority required before any N/A disposition
INV-007.A02,INV-007,Failure of an admission or control-plane dependency SHALL fail new changes closed; failure SHALL NOT silently create a security bypass.,Admission dependency loss halts new changes,Architecture authority,Architecture/design review and separately governed service/adoption/qualification authority,MANUAL_GOVERNANCE_OR_EXTERNAL_AUTHORITATIVE_RECORD_REQUIRED,"Scope-specific current architecture/engineering/authority record addressing the exact assertion, with named owner and protected evidence — specifically: Admission dependency loss halts new changes",docs/current/RAD-adoption.md; docs/current/TAD-infrastructure.md; docs/assurance/verification-families.md,Review the actual versioned record and its individual assertions; corroborate implementation-specific obligations with the applicable native tests.,CT-011; CT-045,"NATIVE_NOT_RUN; related local fixtures/engine checks are narrower evidence, not satisfaction","No controller or document generator can issue organizational approval, assess all adopted controls or complete absent site-specific evidence.","PROPOSED_ALLOCATION; actual applicability, named authority and evidence assignment pending",RA §1; RA §28,Not selected; explicit scope rationale and authority required before any N/A disposition
INV-007.A03,INV-007,Failure of an admission or control-plane dependency SHALL fail new changes closed; failure SHALL NOT silently create a security bypass.,Control-plane loss does not create an implicit allow,Architecture authority,Architecture/design review and separately governed service/adoption/qualification authority,MANUAL_GOVERNANCE_OR_EXTERNAL_AUTHORITATIVE_RECORD_REQUIRED,"Scope-specific current architecture/engineering/authority record addressing the exact assertion, with named owner and protected evidence — specifically: Control-plane loss does not create an implicit allow",docs/current/RAD-adoption.md; docs/current/TAD-infrastructure.md; docs/assurance/verification-families.md,Review the actual versioned record and its individual assertions; corroborate implementation-specific obligations with the applicable native tests.,CT-011; CT-045,"NATIVE_NOT_RUN; related local fixtures/engine checks are narrower evidence, not satisfaction","No controller or document generator can issue organizational approval, assess all adopted controls or complete absent site-specific evidence.","PROPOSED_ALLOCATION; actual applicability, named authority and evidence assignment pending",RA §1; RA §28,Not selected; explicit scope rationale and authority required before any N/A disposition
REF-001.A01,REF-001,"The service contract SHALL remain stable when a supported platform is replaced, provided the replacement platform passes the required conformance profile.","Complete source obligation; all applicable clauses must be satisfied: The service contract SHALL remain stable when a supported platform is replaced, provided the replacement platform passes the required conformance profile.",Architecture authority,Architecture/design review and separately governed service/adoption/qualification authority,MANUAL_GOVERNANCE_OR_EXTERNAL_AUTHORITATIVE_RECORD_REQUIRED,"Scope-specific current architecture/engineering/authority record addressing the exact assertion, with named owner and protected evidence — specifically: Complete source obligation; all applicable clauses must be satisfied: The service contract SHALL remain stable when a supported platform is replaced, provided the replacement platform passes the required conformance profile.",docs/current/RAD-adoption.md; docs/current/TAD-infrastructure.md; docs/assurance/verification-families.md,Review the actual versioned record and its individual assertions; corroborate implementation-specific obligations with the applicable native tests.,CT-016; CT-060,"NATIVE_NOT_RUN; related local fixtures/engine checks are narrower evidence, not satisfaction","No controller or document generator can issue organizational approval, assess all adopted controls or complete absent site-specific evidence.","PROPOSED_ALLOCATION; actual applicability, named authority and evidence assignment pending",RA §1; RA §28,Not selected; explicit scope rationale and authority required before any N/A disposition
REF-002.A01,REF-002,"Platform-specific extensions MAY be offered, but they SHALL be declared as capabilities and SHALL NOT redefine the portable core semantics.","Complete source obligation; all applicable clauses must be satisfied: Platform-specific extensions MAY be offered, but they SHALL be declared as capabilities and SHALL NOT redefine the portable core semantics.",Architecture authority,Architecture/design review and separately governed service/adoption/qualification authority,MANUAL_GOVERNANCE_OR_EXTERNAL_AUTHORITATIVE_RECORD_REQUIRED,"Scope-specific current architecture/engineering/authority record addressing the exact assertion, with named owner and protected evidence — specifically: Complete source obligation; all applicable clauses must be satisfied: Platform-specific extensions MAY be offered, but they SHALL be declared as capabilities and SHALL NOT redefine the portable core semantics.",docs/current/RAD-adoption.md; docs/current/TAD-infrastructure.md; docs/assurance/verification-families.md,Review the actual versioned record and its individual assertions; corroborate implementation-specific obligations with the applicable native tests.,CT-016; CT-018,"NATIVE_NOT_RUN; related local fixtures/engine checks are narrower evidence, not satisfaction","No controller or document generator can issue organizational approval, assess all adopted controls or complete absent site-specific evidence.","PROPOSED_ALLOCATION; actual applicability, named authority and evidence assignment pending",RA §1; RA §28,Not selected; explicit scope rationale and authority required before any N/A disposition
DOC-001.A01,DOC-001,"Every normative requirement SHALL have a stable identifier, accountable owner, applicability, source basis, verification procedure and exception policy; generated catalogues SHALL contain every active requirement.","Complete source obligation; all applicable clauses must be satisfied: Every normative requirement SHALL have a stable identifier, accountable owner, applicability, source basis, verification procedure and exception policy; generated catalogues SHALL contain every active requirement.",Architecture authority,Architecture/design review and separately governed service/adoption/qualification authority,MANUAL_GOVERNANCE_OR_EXTERNAL_AUTHORITATIVE_RECORD_REQUIRED,"Scope-specific current architecture/engineering/authority record addressing the exact assertion, with named owner and protected evidence — specifically: Complete source obligation; all applicable clauses must be satisfied: Every normative requirement SHALL have a stable identifier, accountable owner, applicability, source basis, verification procedure and exception policy; generated catalogues SHALL contain every active requirement.",docs/current/RAD-adoption.md; docs/current/TAD-infrastructure.md; docs/assurance/verification-families.md,Review the actual versioned record and its individual assertions; corroborate implementation-specific obligations with the applicable native tests.,CT-075,"NATIVE_NOT_RUN; related local fixtures/engine checks are narrower evidence, not satisfaction","No controller or document generator can issue organizational approval, assess all adopted controls or complete absent site-specific evidence.","PROPOSED_ALLOCATION; actual applicability, named authority and evidence assignment pending",RA §1; RA §28,Not selected; explicit scope rationale and authority required before any N/A disposition
DOC-001.A02,DOC-001,"Every normative requirement SHALL have a stable identifier, accountable owner, applicability, source basis, verification procedure and exception policy; generated catalogues SHALL contain every active requirement.",Stable requirement identifier,Architecture authority,Architecture/design review and separately governed service/adoption/qualification authority,MANUAL_GOVERNANCE_OR_EXTERNAL_AUTHORITATIVE_RECORD_REQUIRED,"Scope-specific current architecture/engineering/authority record addressing the exact assertion, with named owner and protected evidence — specifically: Stable requirement identifier",docs/current/RAD-adoption.md; docs/current/TAD-infrastructure.md; docs/assurance/verification-families.md,Review the actual versioned record and its individual assertions; corroborate implementation-specific obligations with the applicable native tests.,CT-075,"NATIVE_NOT_RUN; related local fixtures/engine checks are narrower evidence, not satisfaction","No controller or document generator can issue organizational approval, assess all adopted controls or complete absent site-specific evidence.","PROPOSED_ALLOCATION; actual applicability, named authority and evidence assignment pending",RA §1; RA §28,Not selected; explicit scope rationale and authority required before any N/A disposition
DOC-001.A03,DOC-001,"Every normative requirement SHALL have a stable identifier, accountable owner, applicability, source basis, verification procedure and exception policy; generated catalogues SHALL contain every active requirement.",Accountable owner,Architecture authority,Architecture/design review and separately governed service/adoption/qualification authority,MANUAL_GOVERNANCE_OR_EXTERNAL_AUTHORITATIVE_RECORD_REQUIRED,"Scope-specific current architecture/engineering/authority record addressing the exact assertion, with named owner and protected evidence — specifically: Accountable owner",docs/current/RAD-adoption.md; docs/current/TAD-infrastructure.md; docs/assurance/verification-families.md,Review the actual versioned record and its individual assertions; corroborate implementation-specific obligations with the applicable native tests.,CT-075,"NATIVE_NOT_RUN; related local fixtures/engine checks are narrower evidence, not satisfaction","No controller or document generator can issue organizational approval, assess all adopted controls or complete absent site-specific evidence.","PROPOSED_ALLOCATION; actual applicability, named authority and evidence assignment pending",RA §1; RA §28,Not selected; explicit scope rationale and authority required before any N/A disposition
DOC-001.A04,DOC-001,"Every normative requirement SHALL have a stable identifier, accountable owner, applicability, source basis, verification procedure and exception policy; generated catalogues SHALL contain every active requirement.",Applicability,Architecture authority,Architecture/design review and separately governed service/adoption/qualification authority,MANUAL_GOVERNANCE_OR_EXTERNAL_AUTHORITATIVE_RECORD_REQUIRED,"Scope-specific current architecture/engineering/authority record addressing the exact assertion, with named owner and protected evidence — specifically: Applicability",docs/current/RAD-adoption.md; docs/current/TAD-infrastructure.md; docs/assurance/verification-families.md,Review the actual versioned record and its individual assertions; corroborate implementation-specific obligations with the applicable native tests.,CT-075,"NATIVE_NOT_RUN; related local fixtures/engine checks are narrower evidence, not satisfaction","No controller or document generator can issue organizational approval, assess all adopted controls or complete absent site-specific evidence.","PROPOSED_ALLOCATION; actual applicability, named authority and evidence assignment pending",RA §1; RA §28,Not selected; explicit scope rationale and authority required before any N/A disposition
DOC-001.A05,DOC-001,"Every normative requirement SHALL have a stable identifier, accountable owner, applicability, source basis, verification procedure and exception policy; generated catalogues SHALL contain every active requirement.",Source basis and edition,Architecture authority,Architecture/design review and separately governed service/adoption/qualification authority,MANUAL_GOVERNANCE_OR_EXTERNAL_AUTHORITATIVE_RECORD_REQUIRED,"Scope-specific current architecture/engineering/authority record addressing the exact assertion, with named owner and protected evidence — specifically: Source basis and edition",docs/current/RAD-adoption.md; docs/current/TAD-infrastructure.md; docs/assurance/verification-families.md,Review the actual versioned record and its individual assertions; corroborate implementation-specific obligations with the applicable native tests.,CT-075,"NATIVE_NOT_RUN; related local fixtures/engine checks are narrower evidence, not satisfaction","No controller or document generator can issue organizational approval, assess all adopted controls or complete absent site-specific evidence.","PROPOSED_ALLOCATION; actual applicability, named authority and evidence assignment pending",RA §1; RA §28,Not selected; explicit scope rationale and authority required before any N/A disposition
DOC-001.A06,DOC-001,"Every normative requirement SHALL have a stable identifier, accountable owner, applicability, source basis, verification procedure and exception policy; generated catalogues SHALL contain every active requirement.",Verification procedure for each assertion,Architecture authority,Architecture/design review and separately governed service/adoption/qualification authority,MANUAL_GOVERNANCE_OR_EXTERNAL_AUTHORITATIVE_RECORD_REQUIRED,"Scope-specific current architecture/engineering/authority record addressing the exact assertion, with named owner and protected evidence — specifically: Verification procedure for each assertion",docs/current/RAD-adoption.md; docs/current/TAD-infrastructure.md; docs/assurance/verification-families.md,Review the actual versioned record and its individual assertions; corroborate implementation-specific obligations with the applicable native tests.,CT-075,"NATIVE_NOT_RUN; related local fixtures/engine checks are narrower evidence, not satisfaction","No controller or document generator can issue organizational approval, assess all adopted controls or complete absent site-specific evidence.","PROPOSED_ALLOCATION; actual applicability, named authority and evidence assignment pending",RA §1; RA §28,Not selected; explicit scope rationale and authority required before any N/A disposition
DOC-001.A07,DOC-001,"Every normative requirement SHALL have a stable identifier, accountable owner, applicability, source basis, verification procedure and exception policy; generated catalogues SHALL contain every active requirement.",Exception policy,Architecture authority,Architecture/design review and separately governed service/adoption/qualification authority,MANUAL_GOVERNANCE_OR_EXTERNAL_AUTHORITATIVE_RECORD_REQUIRED,"Scope-specific current architecture/engineering/authority record addressing the exact assertion, with named owner and protected evidence — specifically: Exception policy",docs/current/RAD-adoption.md; docs/current/TAD-infrastructure.md; docs/assurance/verification-families.md,Review the actual versioned record and its individual assertions; corroborate implementation-specific obligations with the applicable native tests.,CT-075,"NATIVE_NOT_RUN; related local fixtures/engine checks are narrower evidence, not satisfaction","No controller or document generator can issue organizational approval, assess all adopted controls or complete absent site-specific evidence.","PROPOSED_ALLOCATION; actual applicability, named authority and evidence assignment pending",RA §1; RA §28,Not selected; explicit scope rationale and authority required before any N/A disposition
DOC-001.A08,DOC-001,"Every normative requirement SHALL have a stable identifier, accountable owner, applicability, source basis, verification procedure and exception policy; generated catalogues SHALL contain every active requirement.",Complete generated active catalogue,Architecture authority,Architecture/design review and separately governed service/adoption/qualification authority,MANUAL_GOVERNANCE_OR_EXTERNAL_AUTHORITATIVE_RECORD_REQUIRED,"Scope-specific current architecture/engineering/authority record addressing the exact assertion, with named owner and protected evidence — specifically: Complete generated active catalogue",docs/current/RAD-adoption.md; docs/current/TAD-infrastructure.md; docs/assurance/verification-families.md,Review the actual versioned record and its individual assertions; corroborate implementation-specific obligations with the applicable native tests.,CT-075,"NATIVE_NOT_RUN; related local fixtures/engine checks are narrower evidence, not satisfaction","No controller or document generator can issue organizational approval, assess all adopted controls or complete absent site-specific evidence.","PROPOSED_ALLOCATION; actual applicability, named authority and evidence assignment pending",RA §1; RA §28,Not selected; explicit scope rationale and authority required before any N/A disposition
AUTH-001.A01,AUTH-001,"Technical conformance, service readiness and formal authorization SHALL be recorded as distinct states; an automated test result SHALL NOT create, renew or impersonate an authorization decision.","Complete source obligation; all applicable clauses must be satisfied: Technical conformance, service readiness and formal authorization SHALL be recorded as distinct states; an automated test result SHALL NOT create, renew or impersonate an authorization decision.",Security authority,Architecture/design review and separately governed service/adoption/qualification authority,MANUAL_GOVERNANCE_OR_EXTERNAL_AUTHORITATIVE_RECORD_REQUIRED,"Scope-specific current architecture/engineering/authority record addressing the exact assertion, with named owner and protected evidence — specifically: Complete source obligation; all applicable clauses must be satisfied: Technical conformance, service readiness and formal authorization SHALL be recorded as distinct states; an automated test result SHALL NOT create, renew or impersonate an authorization decision.",docs/current/RAD-adoption.md; docs/current/TAD-infrastructure.md; docs/assurance/verification-families.md,Review the actual versioned record and its individual assertions; corroborate implementation-specific obligations with the applicable native tests.,CT-049; CT-069,"NATIVE_NOT_RUN; related local fixtures/engine checks are narrower evidence, not satisfaction","No controller or document generator can issue organizational approval, assess all adopted controls or complete absent site-specific evidence.","PROPOSED_ALLOCATION; actual applicability, named authority and evidence assignment pending",RA §1; RA §28,Not selected; explicit scope rationale and authority required before any N/A disposition
AUTH-001.A02,AUTH-001,"Technical conformance, service readiness and formal authorization SHALL be recorded as distinct states; an automated test result SHALL NOT create, renew or impersonate an authorization decision.","Technical conformance, service readiness and formal authorization SHALL be recorded as distinct states",Security authority,Architecture/design review and separately governed service/adoption/qualification authority,MANUAL_GOVERNANCE_OR_EXTERNAL_AUTHORITATIVE_RECORD_REQUIRED,"Scope-specific current architecture/engineering/authority record addressing the exact assertion, with named owner and protected evidence — specifically: Technical conformance, service readiness and formal authorization SHALL be recorded as distinct states",docs/current/RAD-adoption.md; docs/current/TAD-infrastructure.md; docs/assurance/verification-families.md,Review the actual versioned record and its individual assertions; corroborate implementation-specific obligations with the applicable native tests.,CT-049; CT-069,"NATIVE_NOT_RUN; related local fixtures/engine checks are narrower evidence, not satisfaction","No controller or document generator can issue organizational approval, assess all adopted controls or complete absent site-specific evidence.","PROPOSED_ALLOCATION; actual applicability, named authority and evidence assignment pending",RA §1; RA §28,Not selected; explicit scope rationale and authority required before any N/A disposition
AUTH-001.A03,AUTH-001,"Technical conformance, service readiness and formal authorization SHALL be recorded as distinct states; an automated test result SHALL NOT create, renew or impersonate an authorization decision.","an automated test result SHALL NOT create, renew or impersonate an authorization decision.",Security authority,Architecture/design review and separately governed service/adoption/qualification authority,MANUAL_GOVERNANCE_OR_EXTERNAL_AUTHORITATIVE_RECORD_REQUIRED,"Scope-specific current architecture/engineering/authority record addressing the exact assertion, with named owner and protected evidence — specifically: an automated test result SHALL NOT create, renew or impersonate an authorization decision.",docs/current/RAD-adoption.md; docs/current/TAD-infrastructure.md; docs/assurance/verification-families.md,Review the actual versioned record and its individual assertions; corroborate implementation-specific obligations with the applicable native tests.,CT-049; CT-069,"NATIVE_NOT_RUN; related local fixtures/engine checks are narrower evidence, not satisfaction","No controller or document generator can issue organizational approval, assess all adopted controls or complete absent site-specific evidence.","PROPOSED_ALLOCATION; actual applicability, named authority and evidence assignment pending",RA §1; RA §28,Not selected; explicit scope rationale and authority required before any N/A disposition
STD-001.A01,STD-001,"The standards register SHALL record edition, effective/review date, applicability, owner and supersession relationships; external changes SHALL trigger an impact review of affected profiles and evidence.","Complete source obligation; all applicable clauses must be satisfied: The standards register SHALL record edition, effective/review date, applicability, owner and supersession relationships; external changes SHALL trigger an impact review of affected profiles and evidence.",Security authority,Architecture/design review and separately governed service/adoption/qualification authority,MANUAL_GOVERNANCE_OR_EXTERNAL_AUTHORITATIVE_RECORD_REQUIRED,"Scope-specific current architecture/engineering/authority record addressing the exact assertion, with named owner and protected evidence — specifically: Complete source obligation; all applicable clauses must be satisfied: The standards register SHALL record edition, effective/review date, applicability, owner and supersession relationships; external changes SHALL trigger an impact review of affected profiles and evidence.",docs/current/RAD-adoption.md; docs/current/TAD-infrastructure.md; docs/assurance/verification-families.md,Review the actual versioned record and its individual assertions; corroborate implementation-specific obligations with the applicable native tests.,CT-062; CT-075,"NATIVE_NOT_RUN; related local fixtures/engine checks are narrower evidence, not satisfaction","No controller or document generator can issue organizational approval, assess all adopted controls or complete absent site-specific evidence.","PROPOSED_ALLOCATION; actual applicability, named authority and evidence assignment pending",RA §1; RA §28,Not selected; explicit scope rationale and authority required before any N/A disposition
STD-001.A02,STD-001,"The standards register SHALL record edition, effective/review date, applicability, owner and supersession relationships; external changes SHALL trigger an impact review of affected profiles and evidence.","The standards register SHALL record edition, effective/review date, applicability, owner and supersession relationships",Security authority,Architecture/design review and separately governed service/adoption/qualification authority,MANUAL_GOVERNANCE_OR_EXTERNAL_AUTHORITATIVE_RECORD_REQUIRED,"Scope-specific current architecture/engineering/authority record addressing the exact assertion, with named owner and protected evidence — specifically: The standards register SHALL record edition, effective/review date, applicability, owner and supersession relationships",docs/current/RAD-adoption.md; docs/current/TAD-infrastructure.md; docs/assurance/verification-families.md,Review the actual versioned record and its individual assertions; corroborate implementation-specific obligations with the applicable native tests.,CT-062; CT-075,"NATIVE_NOT_RUN; related local fixtures/engine checks are narrower evidence, not satisfaction","No controller or document generator can issue organizational approval, assess all adopted controls or complete absent site-specific evidence.","PROPOSED_ALLOCATION; actual applicability, named authority and evidence assignment pending",RA §1; RA §28,Not selected; explicit scope rationale and authority required before any N/A disposition
STD-001.A03,STD-001,"The standards register SHALL record edition, effective/review date, applicability, owner and supersession relationships; external changes SHALL trigger an impact review of affected profiles and evidence.",external changes SHALL trigger an impact review of affected profiles and evidence.,Security authority,Architecture/design review and separately governed service/adoption/qualification authority,MANUAL_GOVERNANCE_OR_EXTERNAL_AUTHORITATIVE_RECORD_REQUIRED,"Scope-specific current architecture/engineering/authority record addressing the exact assertion, with named owner and protected evidence — specifically: external changes SHALL trigger an impact review of affected profiles and evidence.",docs/current/RAD-adoption.md; docs/current/TAD-infrastructure.md; docs/assurance/verification-families.md,Review the actual versioned record and its individual assertions; corroborate implementation-specific obligations with the applicable native tests.,CT-062; CT-075,"NATIVE_NOT_RUN; related local fixtures/engine checks are narrower evidence, not satisfaction","No controller or document generator can issue organizational approval, assess all adopted controls or complete absent site-specific evidence.","PROPOSED_ALLOCATION; actual applicability, named authority and evidence assignment pending",RA §1; RA §28,Not selected; explicit scope rationale and authority required before any N/A disposition
STD-002.A01,STD-002,"Control mappings SHALL preserve source edition and identifier and SHALL distinguish direct source requirements, local translations and design decisions; a family-level crosswalk SHALL NOT be represented as a completed control assessment.","Complete source obligation; all applicable clauses must be satisfied: Control mappings SHALL preserve source edition and identifier and SHALL distinguish direct source requirements, local translations and design decisions; a family-level crosswalk SHALL NOT be represented as a completed control assessment.",Security authority,Architecture/design review and separately governed service/adoption/qualification authority,MANUAL_GOVERNANCE_OR_EXTERNAL_AUTHORITATIVE_RECORD_REQUIRED,"Scope-specific current architecture/engineering/authority record addressing the exact assertion, with named owner and protected evidence — specifically: Complete source obligation; all applicable clauses must be satisfied: Control mappings SHALL preserve source edition and identifier and SHALL distinguish direct source requirements, local translations and design decisions; a family-level crosswalk SHALL NOT be represented as a completed control assessment.",docs/current/RAD-adoption.md; docs/current/TAD-infrastructure.md; docs/assurance/verification-families.md,Review the actual versioned record and its individual assertions; corroborate implementation-specific obligations with the applicable native tests.,CT-062; CT-075,"NATIVE_NOT_RUN; related local fixtures/engine checks are narrower evidence, not satisfaction","No controller or document generator can issue organizational approval, assess all adopted controls or complete absent site-specific evidence.","PROPOSED_ALLOCATION; actual applicability, named authority and evidence assignment pending",RA §1; RA §28,Not selected; explicit scope rationale and authority required before any N/A disposition
STD-002.A02,STD-002,"Control mappings SHALL preserve source edition and identifier and SHALL distinguish direct source requirements, local translations and design decisions; a family-level crosswalk SHALL NOT be represented as a completed control assessment.","Control mappings SHALL preserve source edition and identifier and SHALL distinguish direct source requirements, local translations and design decisions",Security authority,Architecture/design review and separately governed service/adoption/qualification authority,MANUAL_GOVERNANCE_OR_EXTERNAL_AUTHORITATIVE_RECORD_REQUIRED,"Scope-specific current architecture/engineering/authority record addressing the exact assertion, with named owner and protected evidence — specifically: Control mappings SHALL preserve source edition and identifier and SHALL distinguish direct source requirements, local translations and design decisions",docs/current/RAD-adoption.md; docs/current/TAD-infrastructure.md; docs/assurance/verification-families.md,Review the actual versioned record and its individual assertions; corroborate implementation-specific obligations with the applicable native tests.,CT-062; CT-075,"NATIVE_NOT_RUN; related local fixtures/engine checks are narrower evidence, not satisfaction","No controller or document generator can issue organizational approval, assess all adopted controls or complete absent site-specific evidence.","PROPOSED_ALLOCATION; actual applicability, named authority and evidence assignment pending",RA §1; RA §28,Not selected; explicit scope rationale and authority required before any N/A disposition
STD-002.A03,STD-002,"Control mappings SHALL preserve source edition and identifier and SHALL distinguish direct source requirements, local translations and design decisions; a family-level crosswalk SHALL NOT be represented as a completed control assessment.",a family-level crosswalk SHALL NOT be represented as a completed control assessment.,Security authority,Architecture/design review and separately governed service/adoption/qualification authority,MANUAL_GOVERNANCE_OR_EXTERNAL_AUTHORITATIVE_RECORD_REQUIRED,"Scope-specific current architecture/engineering/authority record addressing the exact assertion, with named owner and protected evidence — specifically: a family-level crosswalk SHALL NOT be represented as a completed control assessment.",docs/current/RAD-adoption.md; docs/current/TAD-infrastructure.md; docs/assurance/verification-families.md,Review the actual versioned record and its individual assertions; corroborate implementation-specific obligations with the applicable native tests.,CT-062; CT-075,"NATIVE_NOT_RUN; related local fixtures/engine checks are narrower evidence, not satisfaction","No controller or document generator can issue organizational approval, assess all adopted controls or complete absent site-specific evidence.","PROPOSED_ALLOCATION; actual applicability, named authority and evidence assignment pending",RA §1; RA §28,Not selected; explicit scope rationale and authority required before any N/A disposition
CAT-001.A01,CAT-001,"Each WSD SHALL record confidentiality, integrity and availability separately and SHALL reference the exact adopted SecurityProfile, AssuranceProfile, AvailabilityProfile, RecoveryProfile and PlacementProfile.","Complete source obligation; all applicable clauses must be satisfied: Each WSD SHALL record confidentiality, integrity and availability separately and SHALL reference the exact adopted SecurityProfile, AssuranceProfile, AvailabilityProfile, RecoveryProfile and PlacementProfile.",Security authority,Architecture/design review and separately governed service/adoption/qualification authority,MANUAL_GOVERNANCE_OR_EXTERNAL_AUTHORITATIVE_RECORD_REQUIRED,"Scope-specific current architecture/engineering/authority record addressing the exact assertion, with named owner and protected evidence — specifically: Complete source obligation; all applicable clauses must be satisfied: Each WSD SHALL record confidentiality, integrity and availability separately and SHALL reference the exact adopted SecurityProfile, AssuranceProfile, AvailabilityProfile, RecoveryProfile and PlacementProfile.",docs/current/RAD-adoption.md; docs/current/TAD-infrastructure.md; docs/assurance/verification-families.md,Review the actual versioned record and its individual assertions; corroborate implementation-specific obligations with the applicable native tests.,CT-017; CT-062; CT-069,"NATIVE_NOT_RUN; related local fixtures/engine checks are narrower evidence, not satisfaction","No controller or document generator can issue organizational approval, assess all adopted controls or complete absent site-specific evidence.","PROPOSED_ALLOCATION; actual applicability, named authority and evidence assignment pending",RA §2,Not selected; explicit scope rationale and authority required before any N/A disposition
CAT-001.A02,CAT-001,"Each WSD SHALL record confidentiality, integrity and availability separately and SHALL reference the exact adopted SecurityProfile, AssuranceProfile, AvailabilityProfile, RecoveryProfile and PlacementProfile.",Confidentiality impact,Security authority,Architecture/design review and separately governed service/adoption/qualification authority,MANUAL_GOVERNANCE_OR_EXTERNAL_AUTHORITATIVE_RECORD_REQUIRED,"Scope-specific current architecture/engineering/authority record addressing the exact assertion, with named owner and protected evidence — specifically: Confidentiality impact",docs/current/RAD-adoption.md; docs/current/TAD-infrastructure.md; docs/assurance/verification-families.md,Review the actual versioned record and its individual assertions; corroborate implementation-specific obligations with the applicable native tests.,CT-017; CT-062; CT-069,"NATIVE_NOT_RUN; related local fixtures/engine checks are narrower evidence, not satisfaction","No controller or document generator can issue organizational approval, assess all adopted controls or complete absent site-specific evidence.","PROPOSED_ALLOCATION; actual applicability, named authority and evidence assignment pending",RA §2,Not selected; explicit scope rationale and authority required before any N/A disposition
CAT-001.A03,CAT-001,"Each WSD SHALL record confidentiality, integrity and availability separately and SHALL reference the exact adopted SecurityProfile, AssuranceProfile, AvailabilityProfile, RecoveryProfile and PlacementProfile.",Integrity impact,Security authority,Architecture/design review and separately governed service/adoption/qualification authority,MANUAL_GOVERNANCE_OR_EXTERNAL_AUTHORITATIVE_RECORD_REQUIRED,"Scope-specific current architecture/engineering/authority record addressing the exact assertion, with named owner and protected evidence — specifically: Integrity impact",docs/current/RAD-adoption.md; docs/current/TAD-infrastructure.md; docs/assurance/verification-families.md,Review the actual versioned record and its individual assertions; corroborate implementation-specific obligations with the applicable native tests.,CT-017; CT-062; CT-069,"NATIVE_NOT_RUN; related local fixtures/engine checks are narrower evidence, not satisfaction","No controller or document generator can issue organizational approval, assess all adopted controls or complete absent site-specific evidence.","PROPOSED_ALLOCATION; actual applicability, named authority and evidence assignment pending",RA §2,Not selected; explicit scope rationale and authority required before any N/A disposition
CAT-001.A04,CAT-001,"Each WSD SHALL record confidentiality, integrity and availability separately and SHALL reference the exact adopted SecurityProfile, AssuranceProfile, AvailabilityProfile, RecoveryProfile and PlacementProfile.",Availability impact,Security authority,Architecture/design review and separately governed service/adoption/qualification authority,MANUAL_GOVERNANCE_OR_EXTERNAL_AUTHORITATIVE_RECORD_REQUIRED,"Scope-specific current architecture/engineering/authority record addressing the exact assertion, with named owner and protected evidence — specifically: Availability impact",docs/current/RAD-adoption.md; docs/current/TAD-infrastructure.md; docs/assurance/verification-families.md,Review the actual versioned record and its individual assertions; corroborate implementation-specific obligations with the applicable native tests.,CT-017; CT-062; CT-069,"NATIVE_NOT_RUN; related local fixtures/engine checks are narrower evidence, not satisfaction","No controller or document generator can issue organizational approval, assess all adopted controls or complete absent site-specific evidence.","PROPOSED_ALLOCATION; actual applicability, named authority and evidence assignment pending",RA §2,Not selected; explicit scope rationale and authority required before any N/A disposition
CAT-001.A05,CAT-001,"Each WSD SHALL record confidentiality, integrity and availability separately and SHALL reference the exact adopted SecurityProfile, AssuranceProfile, AvailabilityProfile, RecoveryProfile and PlacementProfile.",Exact security profile,Security authority,Architecture/design review and separately governed service/adoption/qualification authority,MANUAL_GOVERNANCE_OR_EXTERNAL_AUTHORITATIVE_RECORD_REQUIRED,"Scope-specific current architecture/engineering/authority record addressing the exact assertion, with named owner and protected evidence — specifically: Exact security profile",docs/current/RAD-adoption.md; docs/current/TAD-infrastructure.md; docs/assurance/verification-families.md,Review the actual versioned record and its individual assertions; corroborate implementation-specific obligations with the applicable native tests.,CT-017; CT-062; CT-069,"NATIVE_NOT_RUN; related local fixtures/engine checks are narrower evidence, not satisfaction","No controller or document generator can issue organizational approval, assess all adopted controls or complete absent site-specific evidence.","PROPOSED_ALLOCATION; actual applicability, named authority and evidence assignment pending",RA §2,Not selected; explicit scope rationale and authority required before any N/A disposition
CAT-001.A06,CAT-001,"Each WSD SHALL record confidentiality, integrity and availability separately and SHALL reference the exact adopted SecurityProfile, AssuranceProfile, AvailabilityProfile, RecoveryProfile and PlacementProfile.",Exact assurance profile,Security authority,Architecture/design review and separately governed service/adoption/qualification authority,MANUAL_GOVERNANCE_OR_EXTERNAL_AUTHORITATIVE_RECORD_REQUIRED,"Scope-specific current architecture/engineering/authority record addressing the exact assertion, with named owner and protected evidence — specifically: Exact assurance profile",docs/current/RAD-adoption.md; docs/current/TAD-infrastructure.md; docs/assurance/verification-families.md,Review the actual versioned record and its individual assertions; corroborate implementation-specific obligations with the applicable native tests.,CT-017; CT-062; CT-069,"NATIVE_NOT_RUN; related local fixtures/engine checks are narrower evidence, not satisfaction","No controller or document generator can issue organizational approval, assess all adopted controls or complete absent site-specific evidence.","PROPOSED_ALLOCATION; actual applicability, named authority and evidence assignment pending",RA §2,Not selected; explicit scope rationale and authority required before any N/A disposition
CAT-001.A07,CAT-001,"Each WSD SHALL record confidentiality, integrity and availability separately and SHALL reference the exact adopted SecurityProfile, AssuranceProfile, AvailabilityProfile, RecoveryProfile and PlacementProfile.",Exact availability profile,Security authority,Architecture/design review and separately governed service/adoption/qualification authority,MANUAL_GOVERNANCE_OR_EXTERNAL_AUTHORITATIVE_RECORD_REQUIRED,"Scope-specific current architecture/engineering/authority record addressing the exact assertion, with named owner and protected evidence — specifically: Exact availability profile",docs/current/RAD-adoption.md; docs/current/TAD-infrastructure.md; docs/assurance/verification-families.md,Review the actual versioned record and its individual assertions; corroborate implementation-specific obligations with the applicable native tests.,CT-017; CT-062; CT-069,"NATIVE_NOT_RUN; related local fixtures/engine checks are narrower evidence, not satisfaction","No controller or document generator can issue organizational approval, assess all adopted controls or complete absent site-specific evidence.","PROPOSED_ALLOCATION; actual applicability, named authority and evidence assignment pending",RA §2,Not selected; explicit scope rationale and authority required before any N/A disposition
CAT-001.A08,CAT-001,"Each WSD SHALL record confidentiality, integrity and availability separately and SHALL reference the exact adopted SecurityProfile, AssuranceProfile, AvailabilityProfile, RecoveryProfile and PlacementProfile.",Exact recovery profile,Security authority,Architecture/design review and separately governed service/adoption/qualification authority,MANUAL_GOVERNANCE_OR_EXTERNAL_AUTHORITATIVE_RECORD_REQUIRED,"Scope-specific current architecture/engineering/authority record addressing the exact assertion, with named owner and protected evidence — specifically: Exact recovery profile",docs/current/RAD-adoption.md; docs/current/TAD-infrastructure.md; docs/assurance/verification-families.md,Review the actual versioned record and its individual assertions; corroborate implementation-specific obligations with the applicable native tests.,CT-017; CT-062; CT-069,"NATIVE_NOT_RUN; related local fixtures/engine checks are narrower evidence, not satisfaction","No controller or document generator can issue organizational approval, assess all adopted controls or complete absent site-specific evidence.","PROPOSED_ALLOCATION; actual applicability, named authority and evidence assignment pending",RA §2,Not selected; explicit scope rationale and authority required before any N/A disposition
CAT-001.A09,CAT-001,"Each WSD SHALL record confidentiality, integrity and availability separately and SHALL reference the exact adopted SecurityProfile, AssuranceProfile, AvailabilityProfile, RecoveryProfile and PlacementProfile.",Exact placement profile,Security authority,Architecture/design review and separately governed service/adoption/qualification authority,MANUAL_GOVERNANCE_OR_EXTERNAL_AUTHORITATIVE_RECORD_REQUIRED,"Scope-specific current architecture/engineering/authority record addressing the exact assertion, with named owner and protected evidence — specifically: Exact placement profile",docs/current/RAD-adoption.md; docs/current/TAD-infrastructure.md; docs/assurance/verification-families.md,Review the actual versioned record and its individual assertions; corroborate implementation-specific obligations with the applicable native tests.,CT-017; CT-062; CT-069,"NATIVE_NOT_RUN; related local fixtures/engine checks are narrower evidence, not satisfaction","No controller or document generator can issue organizational approval, assess all adopted controls or complete absent site-specific evidence.","PROPOSED_ALLOCATION; actual applicability, named authority and evidence assignment pending",RA §2,Not selected; explicit scope rationale and authority required before any N/A disposition
CAT-002.A01,CAT-002,"Profile resolution SHALL be immutable and authorized; a consumer SHALL NOT lower mandatory requirements by editing a profile, forging a status field or choosing an unsupported category.","Complete source obligation; all applicable clauses must be satisfied: Profile resolution SHALL be immutable and authorized; a consumer SHALL NOT lower mandatory requirements by editing a profile, forging a status field or choosing an unsupported category.",Automation platform,Architecture/design review and separately governed service/adoption/qualification authority,MANUAL_GOVERNANCE_OR_EXTERNAL_AUTHORITATIVE_RECORD_REQUIRED,"Scope-specific current architecture/engineering/authority record addressing the exact assertion, with named owner and protected evidence — specifically: Complete source obligation; all applicable clauses must be satisfied: Profile resolution SHALL be immutable and authorized; a consumer SHALL NOT lower mandatory requirements by editing a profile, forging a status field or choosing an unsupported category.",docs/current/RAD-adoption.md; docs/current/TAD-infrastructure.md; docs/assurance/verification-families.md,Review the actual versioned record and its individual assertions; corroborate implementation-specific obligations with the applicable native tests.,CT-017; CT-018,"NATIVE_NOT_RUN; related local fixtures/engine checks are narrower evidence, not satisfaction","No controller or document generator can issue organizational approval, assess all adopted controls or complete absent site-specific evidence.","PROPOSED_ALLOCATION; actual applicability, named authority and evidence assignment pending",RA §2,Not selected; explicit scope rationale and authority required before any N/A disposition
CAT-002.A02,CAT-002,"Profile resolution SHALL be immutable and authorized; a consumer SHALL NOT lower mandatory requirements by editing a profile, forging a status field or choosing an unsupported category.",Profile resolution SHALL be immutable and authorized,Automation platform,Architecture/design review and separately governed service/adoption/qualification authority,MANUAL_GOVERNANCE_OR_EXTERNAL_AUTHORITATIVE_RECORD_REQUIRED,"Scope-specific current architecture/engineering/authority record addressing the exact assertion, with named owner and protected evidence — specifically: Profile resolution SHALL be immutable and authorized",docs/current/RAD-adoption.md; docs/current/TAD-infrastructure.md; docs/assurance/verification-families.md,Review the actual versioned record and its individual assertions; corroborate implementation-specific obligations with the applicable native tests.,CT-017; CT-018,"NATIVE_NOT_RUN; related local fixtures/engine checks are narrower evidence, not satisfaction","No controller or document generator can issue organizational approval, assess all adopted controls or complete absent site-specific evidence.","PROPOSED_ALLOCATION; actual applicability, named authority and evidence assignment pending",RA §2,Not selected; explicit scope rationale and authority required before any N/A disposition
CAT-002.A03,CAT-002,"Profile resolution SHALL be immutable and authorized; a consumer SHALL NOT lower mandatory requirements by editing a profile, forging a status field or choosing an unsupported category.","a consumer SHALL NOT lower mandatory requirements by editing a profile, forging a status field or choosing an unsupported category.",Automation platform,Architecture/design review and separately governed service/adoption/qualification authority,MANUAL_GOVERNANCE_OR_EXTERNAL_AUTHORITATIVE_RECORD_REQUIRED,"Scope-specific current architecture/engineering/authority record addressing the exact assertion, with named owner and protected evidence — specifically: a consumer SHALL NOT lower mandatory requirements by editing a profile, forging a status field or choosing an unsupported category.",docs/current/RAD-adoption.md; docs/current/TAD-infrastructure.md; docs/assurance/verification-families.md,Review the actual versioned record and its individual assertions; corroborate implementation-specific obligations with the applicable native tests.,CT-017; CT-018,"NATIVE_NOT_RUN; related local fixtures/engine checks are narrower evidence, not satisfaction","No controller or document generator can issue organizational approval, assess all adopted controls or complete absent site-specific evidence.","PROPOSED_ALLOCATION; actual applicability, named authority and evidence assignment pending",RA §2,Not selected; explicit scope rationale and authority required before any N/A disposition
THR-001.A01,THR-001,"Each platform qualification and material WSD change SHALL include a threat/failure analysis that identifies trust boundaries, privileged actors, dependency failures, residual risks and applicable tests.","Complete source obligation; all applicable clauses must be satisfied: Each platform qualification and material WSD change SHALL include a threat/failure analysis that identifies trust boundaries, privileged actors, dependency failures, residual risks and applicable tests.",Security authority,Architecture/design review and separately governed service/adoption/qualification authority,MANUAL_GOVERNANCE_OR_EXTERNAL_AUTHORITATIVE_RECORD_REQUIRED,"Scope-specific current architecture/engineering/authority record addressing the exact assertion, with named owner and protected evidence — specifically: Complete source obligation; all applicable clauses must be satisfied: Each platform qualification and material WSD change SHALL include a threat/failure analysis that identifies trust boundaries, privileged actors, dependency failures, residual risks and applicable tests.",docs/current/RAD-adoption.md; docs/current/TAD-infrastructure.md; docs/assurance/verification-families.md,Review the actual versioned record and its individual assertions; corroborate implementation-specific obligations with the applicable native tests.,CT-035; CT-062; CT-080,"NATIVE_NOT_RUN; related local fixtures/engine checks are narrower evidence, not satisfaction","No controller or document generator can issue organizational approval, assess all adopted controls or complete absent site-specific evidence.","PROPOSED_ALLOCATION; actual applicability, named authority and evidence assignment pending",RA §2,Not selected; explicit scope rationale and authority required before any N/A disposition
MODEL-001.A01,MODEL-001,"Every network SHALL resolve to one Security Domain Instance, one logical domain, one zone class, one address authority and one accountable owner; shared-domain lifecycle SHALL use explicit dependency references.","Complete source obligation; all applicable clauses must be satisfied: Every network SHALL resolve to one Security Domain Instance, one logical domain, one zone class, one address authority and one accountable owner; shared-domain lifecycle SHALL use explicit dependency references.",Architecture authority,Architecture/design review and separately governed service/adoption/qualification authority,MANUAL_GOVERNANCE_OR_EXTERNAL_AUTHORITATIVE_RECORD_REQUIRED,"Scope-specific current architecture/engineering/authority record addressing the exact assertion, with named owner and protected evidence — specifically: Complete source obligation; all applicable clauses must be satisfied: Every network SHALL resolve to one Security Domain Instance, one logical domain, one zone class, one address authority and one accountable owner; shared-domain lifecycle SHALL use explicit dependency references.",docs/current/RAD-adoption.md; docs/current/TAD-infrastructure.md; docs/assurance/verification-families.md,Review the actual versioned record and its individual assertions; corroborate implementation-specific obligations with the applicable native tests.,CT-017; CT-025; CT-070,"NATIVE_NOT_RUN; related local fixtures/engine checks are narrower evidence, not satisfaction","No controller or document generator can issue organizational approval, assess all adopted controls or complete absent site-specific evidence.","PROPOSED_ALLOCATION; actual applicability, named authority and evidence assignment pending",RA §3; RA §7,Not selected; explicit scope rationale and authority required before any N/A disposition
MODEL-001.A02,MODEL-001,"Every network SHALL resolve to one Security Domain Instance, one logical domain, one zone class, one address authority and one accountable owner; shared-domain lifecycle SHALL use explicit dependency references.",Network has one native domain instance,Architecture authority,Architecture/design review and separately governed service/adoption/qualification authority,MANUAL_GOVERNANCE_OR_EXTERNAL_AUTHORITATIVE_RECORD_REQUIRED,"Scope-specific current architecture/engineering/authority record addressing the exact assertion, with named owner and protected evidence — specifically: Network has one native domain instance",docs/current/RAD-adoption.md; docs/current/TAD-infrastructure.md; docs/assurance/verification-families.md,Review the actual versioned record and its individual assertions; corroborate implementation-specific obligations with the applicable native tests.,CT-017; CT-025; CT-070,"NATIVE_NOT_RUN; related local fixtures/engine checks are narrower evidence, not satisfaction","No controller or document generator can issue organizational approval, assess all adopted controls or complete absent site-specific evidence.","PROPOSED_ALLOCATION; actual applicability, named authority and evidence assignment pending",RA §3; RA §7,Not selected; explicit scope rationale and authority required before any N/A disposition
MODEL-001.A03,MODEL-001,"Every network SHALL resolve to one Security Domain Instance, one logical domain, one zone class, one address authority and one accountable owner; shared-domain lifecycle SHALL use explicit dependency references.",Network resolves to logical domain,Architecture authority,Architecture/design review and separately governed service/adoption/qualification authority,MANUAL_GOVERNANCE_OR_EXTERNAL_AUTHORITATIVE_RECORD_REQUIRED,"Scope-specific current architecture/engineering/authority record addressing the exact assertion, with named owner and protected evidence — specifically: Network resolves to logical domain",docs/current/RAD-adoption.md; docs/current/TAD-infrastructure.md; docs/assurance/verification-families.md,Review the actual versioned record and its individual assertions; corroborate implementation-specific obligations with the applicable native tests.,CT-017; CT-025; CT-070,"NATIVE_NOT_RUN; related local fixtures/engine checks are narrower evidence, not satisfaction","No controller or document generator can issue organizational approval, assess all adopted controls or complete absent site-specific evidence.","PROPOSED_ALLOCATION; actual applicability, named authority and evidence assignment pending",RA §3; RA §7,Not selected; explicit scope rationale and authority required before any N/A disposition
MODEL-001.A04,MODEL-001,"Every network SHALL resolve to one Security Domain Instance, one logical domain, one zone class, one address authority and one accountable owner; shared-domain lifecycle SHALL use explicit dependency references.",Network resolves to zone class,Architecture authority,Architecture/design review and separately governed service/adoption/qualification authority,MANUAL_GOVERNANCE_OR_EXTERNAL_AUTHORITATIVE_RECORD_REQUIRED,"Scope-specific current architecture/engineering/authority record addressing the exact assertion, with named owner and protected evidence — specifically: Network resolves to zone class",docs/current/RAD-adoption.md; docs/current/TAD-infrastructure.md; docs/assurance/verification-families.md,Review the actual versioned record and its individual assertions; corroborate implementation-specific obligations with the applicable native tests.,CT-017; CT-025; CT-070,"NATIVE_NOT_RUN; related local fixtures/engine checks are narrower evidence, not satisfaction","No controller or document generator can issue organizational approval, assess all adopted controls or complete absent site-specific evidence.","PROPOSED_ALLOCATION; actual applicability, named authority and evidence assignment pending",RA §3; RA §7,Not selected; explicit scope rationale and authority required before any N/A disposition
MODEL-001.A05,MODEL-001,"Every network SHALL resolve to one Security Domain Instance, one logical domain, one zone class, one address authority and one accountable owner; shared-domain lifecycle SHALL use explicit dependency references.",Network resolves to address authority,Architecture authority,Architecture/design review and separately governed service/adoption/qualification authority,MANUAL_GOVERNANCE_OR_EXTERNAL_AUTHORITATIVE_RECORD_REQUIRED,"Scope-specific current architecture/engineering/authority record addressing the exact assertion, with named owner and protected evidence — specifically: Network resolves to address authority",docs/current/RAD-adoption.md; docs/current/TAD-infrastructure.md; docs/assurance/verification-families.md,Review the actual versioned record and its individual assertions; corroborate implementation-specific obligations with the applicable native tests.,CT-017; CT-025; CT-070,"NATIVE_NOT_RUN; related local fixtures/engine checks are narrower evidence, not satisfaction","No controller or document generator can issue organizational approval, assess all adopted controls or complete absent site-specific evidence.","PROPOSED_ALLOCATION; actual applicability, named authority and evidence assignment pending",RA §3; RA §7,Not selected; explicit scope rationale and authority required before any N/A disposition
MODEL-001.A06,MODEL-001,"Every network SHALL resolve to one Security Domain Instance, one logical domain, one zone class, one address authority and one accountable owner; shared-domain lifecycle SHALL use explicit dependency references.",Accountable owner,Architecture authority,Architecture/design review and separately governed service/adoption/qualification authority,MANUAL_GOVERNANCE_OR_EXTERNAL_AUTHORITATIVE_RECORD_REQUIRED,"Scope-specific current architecture/engineering/authority record addressing the exact assertion, with named owner and protected evidence — specifically: Accountable owner",docs/current/RAD-adoption.md; docs/current/TAD-infrastructure.md; docs/assurance/verification-families.md,Review the actual versioned record and its individual assertions; corroborate implementation-specific obligations with the applicable native tests.,CT-017; CT-025; CT-070,"NATIVE_NOT_RUN; related local fixtures/engine checks are narrower evidence, not satisfaction","No controller or document generator can issue organizational approval, assess all adopted controls or complete absent site-specific evidence.","PROPOSED_ALLOCATION; actual applicability, named authority and evidence assignment pending",RA §3; RA §7,Not selected; explicit scope rationale and authority required before any N/A disposition
MODEL-001.A07,MODEL-001,"Every network SHALL resolve to one Security Domain Instance, one logical domain, one zone class, one address authority and one accountable owner; shared-domain lifecycle SHALL use explicit dependency references.",Shared-domain dependencies explicitly recorded,Architecture authority,Architecture/design review and separately governed service/adoption/qualification authority,MANUAL_GOVERNANCE_OR_EXTERNAL_AUTHORITATIVE_RECORD_REQUIRED,"Scope-specific current architecture/engineering/authority record addressing the exact assertion, with named owner and protected evidence — specifically: Shared-domain dependencies explicitly recorded",docs/current/RAD-adoption.md; docs/current/TAD-infrastructure.md; docs/assurance/verification-families.md,Review the actual versioned record and its individual assertions; corroborate implementation-specific obligations with the applicable native tests.,CT-017; CT-025; CT-070,"NATIVE_NOT_RUN; related local fixtures/engine checks are narrower evidence, not satisfaction","No controller or document generator can issue organizational approval, assess all adopted controls or complete absent site-specific evidence.","PROPOSED_ALLOCATION; actual applicability, named authority and evidence assignment pending",RA §3; RA §7,Not selected; explicit scope rationale and authority required before any N/A disposition
MODEL-002.A01,MODEL-002,"Provider service consumption, platform control, privileged management and OOB transport SHALL be modeled separately; a shared service SHALL NOT create implicit authority over another plane.","Complete source obligation; all applicable clauses must be satisfied: Provider service consumption, platform control, privileged management and OOB transport SHALL be modeled separately; a shared service SHALL NOT create implicit authority over another plane.",Architecture authority,Architecture/design review and separately governed service/adoption/qualification authority,MANUAL_GOVERNANCE_OR_EXTERNAL_AUTHORITATIVE_RECORD_REQUIRED,"Scope-specific current architecture/engineering/authority record addressing the exact assertion, with named owner and protected evidence — specifically: Complete source obligation; all applicable clauses must be satisfied: Provider service consumption, platform control, privileged management and OOB transport SHALL be modeled separately; a shared service SHALL NOT create implicit authority over another plane.",docs/current/RAD-adoption.md; docs/current/TAD-infrastructure.md; docs/assurance/verification-families.md,Review the actual versioned record and its individual assertions; corroborate implementation-specific obligations with the applicable native tests.,CT-004; CT-008; CT-026,"NATIVE_NOT_RUN; related local fixtures/engine checks are narrower evidence, not satisfaction","No controller or document generator can issue organizational approval, assess all adopted controls or complete absent site-specific evidence.","PROPOSED_ALLOCATION; actual applicability, named authority and evidence assignment pending",RA §3; RA §7,Not selected; explicit scope rationale and authority required before any N/A disposition
MODEL-002.A02,MODEL-002,"Provider service consumption, platform control, privileged management and OOB transport SHALL be modeled separately; a shared service SHALL NOT create implicit authority over another plane.",Service-consumption boundary,Architecture authority,Architecture/design review and separately governed service/adoption/qualification authority,MANUAL_GOVERNANCE_OR_EXTERNAL_AUTHORITATIVE_RECORD_REQUIRED,"Scope-specific current architecture/engineering/authority record addressing the exact assertion, with named owner and protected evidence — specifically: Service-consumption boundary",docs/current/RAD-adoption.md; docs/current/TAD-infrastructure.md; docs/assurance/verification-families.md,Review the actual versioned record and its individual assertions; corroborate implementation-specific obligations with the applicable native tests.,CT-004; CT-008; CT-026,"NATIVE_NOT_RUN; related local fixtures/engine checks are narrower evidence, not satisfaction","No controller or document generator can issue organizational approval, assess all adopted controls or complete absent site-specific evidence.","PROPOSED_ALLOCATION; actual applicability, named authority and evidence assignment pending",RA §3; RA §7,Not selected; explicit scope rationale and authority required before any N/A disposition
MODEL-002.A03,MODEL-002,"Provider service consumption, platform control, privileged management and OOB transport SHALL be modeled separately; a shared service SHALL NOT create implicit authority over another plane.",Platform-control boundary,Architecture authority,Architecture/design review and separately governed service/adoption/qualification authority,MANUAL_GOVERNANCE_OR_EXTERNAL_AUTHORITATIVE_RECORD_REQUIRED,"Scope-specific current architecture/engineering/authority record addressing the exact assertion, with named owner and protected evidence — specifically: Platform-control boundary",docs/current/RAD-adoption.md; docs/current/TAD-infrastructure.md; docs/assurance/verification-families.md,Review the actual versioned record and its individual assertions; corroborate implementation-specific obligations with the applicable native tests.,CT-004; CT-008; CT-026,"NATIVE_NOT_RUN; related local fixtures/engine checks are narrower evidence, not satisfaction","No controller or document generator can issue organizational approval, assess all adopted controls or complete absent site-specific evidence.","PROPOSED_ALLOCATION; actual applicability, named authority and evidence assignment pending",RA §3; RA §7,Not selected; explicit scope rationale and authority required before any N/A disposition
MODEL-002.A04,MODEL-002,"Provider service consumption, platform control, privileged management and OOB transport SHALL be modeled separately; a shared service SHALL NOT create implicit authority over another plane.",Privileged-management boundary,Architecture authority,Architecture/design review and separately governed service/adoption/qualification authority,MANUAL_GOVERNANCE_OR_EXTERNAL_AUTHORITATIVE_RECORD_REQUIRED,"Scope-specific current architecture/engineering/authority record addressing the exact assertion, with named owner and protected evidence — specifically: Privileged-management boundary",docs/current/RAD-adoption.md; docs/current/TAD-infrastructure.md; docs/assurance/verification-families.md,Review the actual versioned record and its individual assertions; corroborate implementation-specific obligations with the applicable native tests.,CT-004; CT-008; CT-026,"NATIVE_NOT_RUN; related local fixtures/engine checks are narrower evidence, not satisfaction","No controller or document generator can issue organizational approval, assess all adopted controls or complete absent site-specific evidence.","PROPOSED_ALLOCATION; actual applicability, named authority and evidence assignment pending",RA §3; RA §7,Not selected; explicit scope rationale and authority required before any N/A disposition
MODEL-002.A05,MODEL-002,"Provider service consumption, platform control, privileged management and OOB transport SHALL be modeled separately; a shared service SHALL NOT create implicit authority over another plane.",OOB transport dependency,Architecture authority,Architecture/design review and separately governed service/adoption/qualification authority,MANUAL_GOVERNANCE_OR_EXTERNAL_AUTHORITATIVE_RECORD_REQUIRED,"Scope-specific current architecture/engineering/authority record addressing the exact assertion, with named owner and protected evidence — specifically: OOB transport dependency",docs/current/RAD-adoption.md; docs/current/TAD-infrastructure.md; docs/assurance/verification-families.md,Review the actual versioned record and its individual assertions; corroborate implementation-specific obligations with the applicable native tests.,CT-004; CT-008; CT-026,"NATIVE_NOT_RUN; related local fixtures/engine checks are narrower evidence, not satisfaction","No controller or document generator can issue organizational approval, assess all adopted controls or complete absent site-specific evidence.","PROPOSED_ALLOCATION; actual applicability, named authority and evidence assignment pending",RA §3; RA §7,Not selected; explicit scope rationale and authority required before any N/A disposition
MODEL-002.A06,MODEL-002,"Provider service consumption, platform control, privileged management and OOB transport SHALL be modeled separately; a shared service SHALL NOT create implicit authority over another plane.",No implicit cross-plane authority,Architecture authority,Architecture/design review and separately governed service/adoption/qualification authority,MANUAL_GOVERNANCE_OR_EXTERNAL_AUTHORITATIVE_RECORD_REQUIRED,"Scope-specific current architecture/engineering/authority record addressing the exact assertion, with named owner and protected evidence — specifically: No implicit cross-plane authority",docs/current/RAD-adoption.md; docs/current/TAD-infrastructure.md; docs/assurance/verification-families.md,Review the actual versioned record and its individual assertions; corroborate implementation-specific obligations with the applicable native tests.,CT-004; CT-008; CT-026,"NATIVE_NOT_RUN; related local fixtures/engine checks are narrower evidence, not satisfaction","No controller or document generator can issue organizational approval, assess all adopted controls or complete absent site-specific evidence.","PROPOSED_ALLOCATION; actual applicability, named authority and evidence assignment pending",RA §3; RA §7,Not selected; explicit scope rationale and authority required before any N/A disposition
TEN-001.A01,TEN-001,Cross-tenant routing SHALL be denied by default even when two tenants use the same zone class.,Complete source obligation; all applicable clauses must be satisfied: Cross-tenant routing SHALL be denied by default even when two tenants use the same zone class.,Automation platform,Selected native domain/gateway/mandatory-policy scope plus independently owned EC/SE security edge,CANDIDATE_PARTIAL_NATIVE_CONFIGURATION_WITH_EXTERNAL_EDGE_REQUIRED,Exact accepted native rule/route/attachment configuration and authority record for the assertion; packet/control-plane observations from both sides — specifically: Complete source obligation; all applicable clauses must be satisfied: Cross-tenant routing SHALL be denied by default even when two tenants use the same zone class.,terraform/modules; tools/route_audit.py; docs/NATIVE_READBACK.md,"Use the named CT procedure with healthy endpoints; inspect native connected/distributed alternatives, effective rules and forward/reply behaviour, including relevant failure.",CT-001; CT-002; CT-019,"NATIVE_NOT_RUN; related local fixtures/engine checks are narrower evidence, not satisfaction","A prepared VPC/Tier-1/router, exact static route or readback projection does not implement the entire ZIP, native tenant-role policy, isolation, inspection or HA.","PROPOSED_ALLOCATION; actual applicability, named authority and evidence assignment pending",RA §7,Not selected; explicit scope rationale and authority required before any N/A disposition
TEN-002.A01,TEN-002,"Tenant administrators SHALL NOT have authority to modify provider management, security-edge infrastructure, physical fabric, or another tenant namespace.","Complete source obligation; all applicable clauses must be satisfied: Tenant administrators SHALL NOT have authority to modify provider management, security-edge infrastructure, physical fabric, or another tenant namespace.",Automation platform,Selected native domain/gateway/mandatory-policy scope plus independently owned EC/SE security edge,CANDIDATE_PARTIAL_NATIVE_CONFIGURATION_WITH_EXTERNAL_EDGE_REQUIRED,"Exact accepted native rule/route/attachment configuration and authority record for the assertion; packet/control-plane observations from both sides — specifically: Complete source obligation; all applicable clauses must be satisfied: Tenant administrators SHALL NOT have authority to modify provider management, security-edge infrastructure, physical fabric, or another tenant namespace.",terraform/modules; tools/route_audit.py; docs/NATIVE_READBACK.md,"Use the named CT procedure with healthy endpoints; inspect native connected/distributed alternatives, effective rules and forward/reply behaviour, including relevant failure.",CT-019; CT-026,"NATIVE_NOT_RUN; related local fixtures/engine checks are narrower evidence, not satisfaction","A prepared VPC/Tier-1/router, exact static route or readback projection does not implement the entire ZIP, native tenant-role policy, isolation, inspection or HA.","PROPOSED_ALLOCATION; actual applicability, named authority and evidence assignment pending",RA §7,Not selected; explicit scope rationale and authority required before any N/A disposition
TEN-002.A02,TEN-002,"Tenant administrators SHALL NOT have authority to modify provider management, security-edge infrastructure, physical fabric, or another tenant namespace.",Tenant cannot mutate provider management,Automation platform,Selected native domain/gateway/mandatory-policy scope plus independently owned EC/SE security edge,CANDIDATE_PARTIAL_NATIVE_CONFIGURATION_WITH_EXTERNAL_EDGE_REQUIRED,Exact accepted native rule/route/attachment configuration and authority record for the assertion; packet/control-plane observations from both sides — specifically: Tenant cannot mutate provider management,terraform/modules; tools/route_audit.py; docs/NATIVE_READBACK.md,"Use the named CT procedure with healthy endpoints; inspect native connected/distributed alternatives, effective rules and forward/reply behaviour, including relevant failure.",CT-019; CT-026,"NATIVE_NOT_RUN; related local fixtures/engine checks are narrower evidence, not satisfaction","A prepared VPC/Tier-1/router, exact static route or readback projection does not implement the entire ZIP, native tenant-role policy, isolation, inspection or HA.","PROPOSED_ALLOCATION; actual applicability, named authority and evidence assignment pending",RA §7,Not selected; explicit scope rationale and authority required before any N/A disposition
TEN-002.A03,TEN-002,"Tenant administrators SHALL NOT have authority to modify provider management, security-edge infrastructure, physical fabric, or another tenant namespace.",Tenant cannot mutate security-edge infrastructure,Automation platform,Selected native domain/gateway/mandatory-policy scope plus independently owned EC/SE security edge,CANDIDATE_PARTIAL_NATIVE_CONFIGURATION_WITH_EXTERNAL_EDGE_REQUIRED,Exact accepted native rule/route/attachment configuration and authority record for the assertion; packet/control-plane observations from both sides — specifically: Tenant cannot mutate security-edge infrastructure,terraform/modules; tools/route_audit.py; docs/NATIVE_READBACK.md,"Use the named CT procedure with healthy endpoints; inspect native connected/distributed alternatives, effective rules and forward/reply behaviour, including relevant failure.",CT-019; CT-026,"NATIVE_NOT_RUN; related local fixtures/engine checks are narrower evidence, not satisfaction","A prepared VPC/Tier-1/router, exact static route or readback projection does not implement the entire ZIP, native tenant-role policy, isolation, inspection or HA.","PROPOSED_ALLOCATION; actual applicability, named authority and evidence assignment pending",RA §7,Not selected; explicit scope rationale and authority required before any N/A disposition
TEN-002.A04,TEN-002,"Tenant administrators SHALL NOT have authority to modify provider management, security-edge infrastructure, physical fabric, or another tenant namespace.",Tenant cannot mutate fabric,Automation platform,Selected native domain/gateway/mandatory-policy scope plus independently owned EC/SE security edge,CANDIDATE_PARTIAL_NATIVE_CONFIGURATION_WITH_EXTERNAL_EDGE_REQUIRED,Exact accepted native rule/route/attachment configuration and authority record for the assertion; packet/control-plane observations from both sides — specifically: Tenant cannot mutate fabric,terraform/modules; tools/route_audit.py; docs/NATIVE_READBACK.md,"Use the named CT procedure with healthy endpoints; inspect native connected/distributed alternatives, effective rules and forward/reply behaviour, including relevant failure.",CT-019; CT-026,"NATIVE_NOT_RUN; related local fixtures/engine checks are narrower evidence, not satisfaction","A prepared VPC/Tier-1/router, exact static route or readback projection does not implement the entire ZIP, native tenant-role policy, isolation, inspection or HA.","PROPOSED_ALLOCATION; actual applicability, named authority and evidence assignment pending",RA §7,Not selected; explicit scope rationale and authority required before any N/A disposition
TEN-002.A05,TEN-002,"Tenant administrators SHALL NOT have authority to modify provider management, security-edge infrastructure, physical fabric, or another tenant namespace.",Tenant cannot mutate another tenant,Automation platform,Selected native domain/gateway/mandatory-policy scope plus independently owned EC/SE security edge,CANDIDATE_PARTIAL_NATIVE_CONFIGURATION_WITH_EXTERNAL_EDGE_REQUIRED,Exact accepted native rule/route/attachment configuration and authority record for the assertion; packet/control-plane observations from both sides — specifically: Tenant cannot mutate another tenant,terraform/modules; tools/route_audit.py; docs/NATIVE_READBACK.md,"Use the named CT procedure with healthy endpoints; inspect native connected/distributed alternatives, effective rules and forward/reply behaviour, including relevant failure.",CT-019; CT-026,"NATIVE_NOT_RUN; related local fixtures/engine checks are narrower evidence, not satisfaction","A prepared VPC/Tier-1/router, exact static route or readback projection does not implement the entire ZIP, native tenant-role policy, isolation, inspection or HA.","PROPOSED_ALLOCATION; actual applicability, named authority and evidence assignment pending",RA §7,Not selected; explicit scope rationale and authority required before any N/A disposition
TEN-003.A01,TEN-003,"Tenant ownership, entitlements and role bindings SHALL be versioned and auditable; suspension SHALL specify permitted recovery/containment actions and SHALL NOT imply indiscriminate workload deletion.","Complete source obligation; all applicable clauses must be satisfied: Tenant ownership, entitlements and role bindings SHALL be versioned and auditable; suspension SHALL specify permitted recovery/containment actions and SHALL NOT imply indiscriminate workload deletion.",Service owner,Selected native domain/gateway/mandatory-policy scope plus independently owned EC/SE security edge,CANDIDATE_PARTIAL_NATIVE_CONFIGURATION_WITH_EXTERNAL_EDGE_REQUIRED,"Exact accepted native rule/route/attachment configuration and authority record for the assertion; packet/control-plane observations from both sides — specifically: Complete source obligation; all applicable clauses must be satisfied: Tenant ownership, entitlements and role bindings SHALL be versioned and auditable; suspension SHALL specify permitted recovery/containment actions and SHALL NOT imply indiscriminate workload deletion.",terraform/modules; tools/route_audit.py; docs/NATIVE_READBACK.md,"Use the named CT procedure with healthy endpoints; inspect native connected/distributed alternatives, effective rules and forward/reply behaviour, including relevant failure.",CT-019; CT-057; CT-070,"NATIVE_NOT_RUN; related local fixtures/engine checks are narrower evidence, not satisfaction","A prepared VPC/Tier-1/router, exact static route or readback projection does not implement the entire ZIP, native tenant-role policy, isolation, inspection or HA.","PROPOSED_ALLOCATION; actual applicability, named authority and evidence assignment pending",RA §7,Not selected; explicit scope rationale and authority required before any N/A disposition
TEN-003.A02,TEN-003,"Tenant ownership, entitlements and role bindings SHALL be versioned and auditable; suspension SHALL specify permitted recovery/containment actions and SHALL NOT imply indiscriminate workload deletion.","Tenant ownership, entitlements and role bindings SHALL be versioned and auditable",Service owner,Selected native domain/gateway/mandatory-policy scope plus independently owned EC/SE security edge,CANDIDATE_PARTIAL_NATIVE_CONFIGURATION_WITH_EXTERNAL_EDGE_REQUIRED,"Exact accepted native rule/route/attachment configuration and authority record for the assertion; packet/control-plane observations from both sides — specifically: Tenant ownership, entitlements and role bindings SHALL be versioned and auditable",terraform/modules; tools/route_audit.py; docs/NATIVE_READBACK.md,"Use the named CT procedure with healthy endpoints; inspect native connected/distributed alternatives, effective rules and forward/reply behaviour, including relevant failure.",CT-019; CT-057; CT-070,"NATIVE_NOT_RUN; related local fixtures/engine checks are narrower evidence, not satisfaction","A prepared VPC/Tier-1/router, exact static route or readback projection does not implement the entire ZIP, native tenant-role policy, isolation, inspection or HA.","PROPOSED_ALLOCATION; actual applicability, named authority and evidence assignment pending",RA §7,Not selected; explicit scope rationale and authority required before any N/A disposition
TEN-003.A03,TEN-003,"Tenant ownership, entitlements and role bindings SHALL be versioned and auditable; suspension SHALL specify permitted recovery/containment actions and SHALL NOT imply indiscriminate workload deletion.",suspension SHALL specify permitted recovery/containment actions and SHALL NOT imply indiscriminate workload deletion.,Service owner,Selected native domain/gateway/mandatory-policy scope plus independently owned EC/SE security edge,CANDIDATE_PARTIAL_NATIVE_CONFIGURATION_WITH_EXTERNAL_EDGE_REQUIRED,Exact accepted native rule/route/attachment configuration and authority record for the assertion; packet/control-plane observations from both sides — specifically: suspension SHALL specify permitted recovery/containment actions and SHALL NOT imply indiscriminate workload deletion.,terraform/modules; tools/route_audit.py; docs/NATIVE_READBACK.md,"Use the named CT procedure with healthy endpoints; inspect native connected/distributed alternatives, effective rules and forward/reply behaviour, including relevant failure.",CT-019; CT-057; CT-070,"NATIVE_NOT_RUN; related local fixtures/engine checks are narrower evidence, not satisfaction","A prepared VPC/Tier-1/router, exact static route or readback projection does not implement the entire ZIP, native tenant-role policy, isolation, inspection or HA.","PROPOSED_ALLOCATION; actual applicability, named authority and evidence assignment pending",RA §7,Not selected; explicit scope rationale and authority required before any N/A disposition
WSD-001.A01,WSD-001,Every managed workload SHALL belong to a WSD or an explicitly documented equivalent lifecycle object.,Complete source obligation; all applicable clauses must be satisfied: Every managed workload SHALL belong to a WSD or an explicitly documented equivalent lifecycle object.,Service owner,Architecture/design review and separately governed service/adoption/qualification authority,MANUAL_GOVERNANCE_OR_EXTERNAL_AUTHORITATIVE_RECORD_REQUIRED,"Scope-specific current architecture/engineering/authority record addressing the exact assertion, with named owner and protected evidence — specifically: Complete source obligation; all applicable clauses must be satisfied: Every managed workload SHALL belong to a WSD or an explicitly documented equivalent lifecycle object.",docs/current/RAD-adoption.md; docs/current/TAD-infrastructure.md; docs/assurance/verification-families.md,Review the actual versioned record and its individual assertions; corroborate implementation-specific obligations with the applicable native tests.,CT-017; CT-070,"NATIVE_NOT_RUN; related local fixtures/engine checks are narrower evidence, not satisfaction","No controller or document generator can issue organizational approval, assess all adopted controls or complete absent site-specific evidence.","PROPOSED_ALLOCATION; actual applicability, named authority and evidence assignment pending",RA §7,Not selected; explicit scope rationale and authority required before any N/A disposition
WSD-002.A01,WSD-002,The WSD SHALL contain security and connectivity intent; it SHALL NOT contain vendor-specific infrastructure identifiers in the consumer contract.,Complete source obligation; all applicable clauses must be satisfied: The WSD SHALL contain security and connectivity intent; it SHALL NOT contain vendor-specific infrastructure identifiers in the consumer contract.,Automation platform,Architecture/design review and separately governed service/adoption/qualification authority,MANUAL_GOVERNANCE_OR_EXTERNAL_AUTHORITATIVE_RECORD_REQUIRED,"Scope-specific current architecture/engineering/authority record addressing the exact assertion, with named owner and protected evidence — specifically: Complete source obligation; all applicable clauses must be satisfied: The WSD SHALL contain security and connectivity intent; it SHALL NOT contain vendor-specific infrastructure identifiers in the consumer contract.",docs/current/RAD-adoption.md; docs/current/TAD-infrastructure.md; docs/assurance/verification-families.md,Review the actual versioned record and its individual assertions; corroborate implementation-specific obligations with the applicable native tests.,CT-016; CT-017,"NATIVE_NOT_RUN; related local fixtures/engine checks are narrower evidence, not satisfaction","No controller or document generator can issue organizational approval, assess all adopted controls or complete absent site-specific evidence.","PROPOSED_ALLOCATION; actual applicability, named authority and evidence assignment pending",RA §7,Not selected; explicit scope rationale and authority required before any N/A disposition
WSD-002.A02,WSD-002,The WSD SHALL contain security and connectivity intent; it SHALL NOT contain vendor-specific infrastructure identifiers in the consumer contract.,The WSD SHALL contain security and connectivity intent,Automation platform,Architecture/design review and separately governed service/adoption/qualification authority,MANUAL_GOVERNANCE_OR_EXTERNAL_AUTHORITATIVE_RECORD_REQUIRED,"Scope-specific current architecture/engineering/authority record addressing the exact assertion, with named owner and protected evidence — specifically: The WSD SHALL contain security and connectivity intent",docs/current/RAD-adoption.md; docs/current/TAD-infrastructure.md; docs/assurance/verification-families.md,Review the actual versioned record and its individual assertions; corroborate implementation-specific obligations with the applicable native tests.,CT-016; CT-017,"NATIVE_NOT_RUN; related local fixtures/engine checks are narrower evidence, not satisfaction","No controller or document generator can issue organizational approval, assess all adopted controls or complete absent site-specific evidence.","PROPOSED_ALLOCATION; actual applicability, named authority and evidence assignment pending",RA §7,Not selected; explicit scope rationale and authority required before any N/A disposition
WSD-002.A03,WSD-002,The WSD SHALL contain security and connectivity intent; it SHALL NOT contain vendor-specific infrastructure identifiers in the consumer contract.,it SHALL NOT contain vendor-specific infrastructure identifiers in the consumer contract.,Automation platform,Architecture/design review and separately governed service/adoption/qualification authority,MANUAL_GOVERNANCE_OR_EXTERNAL_AUTHORITATIVE_RECORD_REQUIRED,"Scope-specific current architecture/engineering/authority record addressing the exact assertion, with named owner and protected evidence — specifically: it SHALL NOT contain vendor-specific infrastructure identifiers in the consumer contract.",docs/current/RAD-adoption.md; docs/current/TAD-infrastructure.md; docs/assurance/verification-families.md,Review the actual versioned record and its individual assertions; corroborate implementation-specific obligations with the applicable native tests.,CT-016; CT-017,"NATIVE_NOT_RUN; related local fixtures/engine checks are narrower evidence, not satisfaction","No controller or document generator can issue organizational approval, assess all adopted controls or complete absent site-specific evidence.","PROPOSED_ALLOCATION; actual applicability, named authority and evidence assignment pending",RA §7,Not selected; explicit scope rationale and authority required before any N/A disposition
WSD-003.A01,WSD-003,"A WSD SHALL declare compute, storage, identity, backup, recovery, exposure and evidence dependencies in addition to network intent; unresolved mandatory dependencies SHALL block Service Ready.","Complete source obligation; all applicable clauses must be satisfied: A WSD SHALL declare compute, storage, identity, backup, recovery, exposure and evidence dependencies in addition to network intent; unresolved mandatory dependencies SHALL block Service Ready.",Service owner,Architecture/design review and separately governed service/adoption/qualification authority,MANUAL_GOVERNANCE_OR_EXTERNAL_AUTHORITATIVE_RECORD_REQUIRED,"Scope-specific current architecture/engineering/authority record addressing the exact assertion, with named owner and protected evidence — specifically: Complete source obligation; all applicable clauses must be satisfied: A WSD SHALL declare compute, storage, identity, backup, recovery, exposure and evidence dependencies in addition to network intent; unresolved mandatory dependencies SHALL block Service Ready.",docs/current/RAD-adoption.md; docs/current/TAD-infrastructure.md; docs/assurance/verification-families.md,Review the actual versioned record and its individual assertions; corroborate implementation-specific obligations with the applicable native tests.,CT-062; CT-069,"NATIVE_NOT_RUN; related local fixtures/engine checks are narrower evidence, not satisfaction","No controller or document generator can issue organizational approval, assess all adopted controls or complete absent site-specific evidence.","PROPOSED_ALLOCATION; actual applicability, named authority and evidence assignment pending",RA §7,Not selected; explicit scope rationale and authority required before any N/A disposition
WSD-003.A02,WSD-003,"A WSD SHALL declare compute, storage, identity, backup, recovery, exposure and evidence dependencies in addition to network intent; unresolved mandatory dependencies SHALL block Service Ready.",Compute dependency,Service owner,Architecture/design review and separately governed service/adoption/qualification authority,MANUAL_GOVERNANCE_OR_EXTERNAL_AUTHORITATIVE_RECORD_REQUIRED,"Scope-specific current architecture/engineering/authority record addressing the exact assertion, with named owner and protected evidence — specifically: Compute dependency",docs/current/RAD-adoption.md; docs/current/TAD-infrastructure.md; docs/assurance/verification-families.md,Review the actual versioned record and its individual assertions; corroborate implementation-specific obligations with the applicable native tests.,CT-062; CT-069,"NATIVE_NOT_RUN; related local fixtures/engine checks are narrower evidence, not satisfaction","No controller or document generator can issue organizational approval, assess all adopted controls or complete absent site-specific evidence.","PROPOSED_ALLOCATION; actual applicability, named authority and evidence assignment pending",RA §7,Not selected; explicit scope rationale and authority required before any N/A disposition
WSD-003.A03,WSD-003,"A WSD SHALL declare compute, storage, identity, backup, recovery, exposure and evidence dependencies in addition to network intent; unresolved mandatory dependencies SHALL block Service Ready.",Storage dependency,Service owner,Architecture/design review and separately governed service/adoption/qualification authority,MANUAL_GOVERNANCE_OR_EXTERNAL_AUTHORITATIVE_RECORD_REQUIRED,"Scope-specific current architecture/engineering/authority record addressing the exact assertion, with named owner and protected evidence — specifically: Storage dependency",docs/current/RAD-adoption.md; docs/current/TAD-infrastructure.md; docs/assurance/verification-families.md,Review the actual versioned record and its individual assertions; corroborate implementation-specific obligations with the applicable native tests.,CT-062; CT-069,"NATIVE_NOT_RUN; related local fixtures/engine checks are narrower evidence, not satisfaction","No controller or document generator can issue organizational approval, assess all adopted controls or complete absent site-specific evidence.","PROPOSED_ALLOCATION; actual applicability, named authority and evidence assignment pending",RA §7,Not selected; explicit scope rationale and authority required before any N/A disposition
WSD-003.A04,WSD-003,"A WSD SHALL declare compute, storage, identity, backup, recovery, exposure and evidence dependencies in addition to network intent; unresolved mandatory dependencies SHALL block Service Ready.",Identity dependency,Service owner,Architecture/design review and separately governed service/adoption/qualification authority,MANUAL_GOVERNANCE_OR_EXTERNAL_AUTHORITATIVE_RECORD_REQUIRED,"Scope-specific current architecture/engineering/authority record addressing the exact assertion, with named owner and protected evidence — specifically: Identity dependency",docs/current/RAD-adoption.md; docs/current/TAD-infrastructure.md; docs/assurance/verification-families.md,Review the actual versioned record and its individual assertions; corroborate implementation-specific obligations with the applicable native tests.,CT-062; CT-069,"NATIVE_NOT_RUN; related local fixtures/engine checks are narrower evidence, not satisfaction","No controller or document generator can issue organizational approval, assess all adopted controls or complete absent site-specific evidence.","PROPOSED_ALLOCATION; actual applicability, named authority and evidence assignment pending",RA §7,Not selected; explicit scope rationale and authority required before any N/A disposition
WSD-003.A05,WSD-003,"A WSD SHALL declare compute, storage, identity, backup, recovery, exposure and evidence dependencies in addition to network intent; unresolved mandatory dependencies SHALL block Service Ready.",Backup dependency,Service owner,Architecture/design review and separately governed service/adoption/qualification authority,MANUAL_GOVERNANCE_OR_EXTERNAL_AUTHORITATIVE_RECORD_REQUIRED,"Scope-specific current architecture/engineering/authority record addressing the exact assertion, with named owner and protected evidence — specifically: Backup dependency",docs/current/RAD-adoption.md; docs/current/TAD-infrastructure.md; docs/assurance/verification-families.md,Review the actual versioned record and its individual assertions; corroborate implementation-specific obligations with the applicable native tests.,CT-062; CT-069,"NATIVE_NOT_RUN; related local fixtures/engine checks are narrower evidence, not satisfaction","No controller or document generator can issue organizational approval, assess all adopted controls or complete absent site-specific evidence.","PROPOSED_ALLOCATION; actual applicability, named authority and evidence assignment pending",RA §7,Not selected; explicit scope rationale and authority required before any N/A disposition
WSD-003.A06,WSD-003,"A WSD SHALL declare compute, storage, identity, backup, recovery, exposure and evidence dependencies in addition to network intent; unresolved mandatory dependencies SHALL block Service Ready.",Recovery dependency,Service owner,Architecture/design review and separately governed service/adoption/qualification authority,MANUAL_GOVERNANCE_OR_EXTERNAL_AUTHORITATIVE_RECORD_REQUIRED,"Scope-specific current architecture/engineering/authority record addressing the exact assertion, with named owner and protected evidence — specifically: Recovery dependency",docs/current/RAD-adoption.md; docs/current/TAD-infrastructure.md; docs/assurance/verification-families.md,Review the actual versioned record and its individual assertions; corroborate implementation-specific obligations with the applicable native tests.,CT-062; CT-069,"NATIVE_NOT_RUN; related local fixtures/engine checks are narrower evidence, not satisfaction","No controller or document generator can issue organizational approval, assess all adopted controls or complete absent site-specific evidence.","PROPOSED_ALLOCATION; actual applicability, named authority and evidence assignment pending",RA §7,Not selected; explicit scope rationale and authority required before any N/A disposition
WSD-003.A07,WSD-003,"A WSD SHALL declare compute, storage, identity, backup, recovery, exposure and evidence dependencies in addition to network intent; unresolved mandatory dependencies SHALL block Service Ready.",Exposure dependency,Service owner,Architecture/design review and separately governed service/adoption/qualification authority,MANUAL_GOVERNANCE_OR_EXTERNAL_AUTHORITATIVE_RECORD_REQUIRED,"Scope-specific current architecture/engineering/authority record addressing the exact assertion, with named owner and protected evidence — specifically: Exposure dependency",docs/current/RAD-adoption.md; docs/current/TAD-infrastructure.md; docs/assurance/verification-families.md,Review the actual versioned record and its individual assertions; corroborate implementation-specific obligations with the applicable native tests.,CT-062; CT-069,"NATIVE_NOT_RUN; related local fixtures/engine checks are narrower evidence, not satisfaction","No controller or document generator can issue organizational approval, assess all adopted controls or complete absent site-specific evidence.","PROPOSED_ALLOCATION; actual applicability, named authority and evidence assignment pending",RA §7,Not selected; explicit scope rationale and authority required before any N/A disposition
WSD-003.A08,WSD-003,"A WSD SHALL declare compute, storage, identity, backup, recovery, exposure and evidence dependencies in addition to network intent; unresolved mandatory dependencies SHALL block Service Ready.",Evidence dependency,Service owner,Architecture/design review and separately governed service/adoption/qualification authority,MANUAL_GOVERNANCE_OR_EXTERNAL_AUTHORITATIVE_RECORD_REQUIRED,"Scope-specific current architecture/engineering/authority record addressing the exact assertion, with named owner and protected evidence — specifically: Evidence dependency",docs/current/RAD-adoption.md; docs/current/TAD-infrastructure.md; docs/assurance/verification-families.md,Review the actual versioned record and its individual assertions; corroborate implementation-specific obligations with the applicable native tests.,CT-062; CT-069,"NATIVE_NOT_RUN; related local fixtures/engine checks are narrower evidence, not satisfaction","No controller or document generator can issue organizational approval, assess all adopted controls or complete absent site-specific evidence.","PROPOSED_ALLOCATION; actual applicability, named authority and evidence assignment pending",RA §7,Not selected; explicit scope rationale and authority required before any N/A disposition
WSD-003.A09,WSD-003,"A WSD SHALL declare compute, storage, identity, backup, recovery, exposure and evidence dependencies in addition to network intent; unresolved mandatory dependencies SHALL block Service Ready.",Unresolved mandatory dependency holds readiness,Service owner,Architecture/design review and separately governed service/adoption/qualification authority,MANUAL_GOVERNANCE_OR_EXTERNAL_AUTHORITATIVE_RECORD_REQUIRED,"Scope-specific current architecture/engineering/authority record addressing the exact assertion, with named owner and protected evidence — specifically: Unresolved mandatory dependency holds readiness",docs/current/RAD-adoption.md; docs/current/TAD-infrastructure.md; docs/assurance/verification-families.md,Review the actual versioned record and its individual assertions; corroborate implementation-specific obligations with the applicable native tests.,CT-062; CT-069,"NATIVE_NOT_RUN; related local fixtures/engine checks are narrower evidence, not satisfaction","No controller or document generator can issue organizational approval, assess all adopted controls or complete absent site-specific evidence.","PROPOSED_ALLOCATION; actual applicability, named authority and evidence assignment pending",RA §7,Not selected; explicit scope rationale and authority required before any N/A disposition
SDI-001.A01,SDI-001,A Security Domain Instance SHALL contain only networks authorized to share its routing/security authority.,Complete source obligation; all applicable clauses must be satisfied: A Security Domain Instance SHALL contain only networks authorized to share its routing/security authority.,Security authority,Selected native domain/gateway/mandatory-policy scope plus independently owned EC/SE security edge,CANDIDATE_PARTIAL_NATIVE_CONFIGURATION_WITH_EXTERNAL_EDGE_REQUIRED,Exact accepted native rule/route/attachment configuration and authority record for the assertion; packet/control-plane observations from both sides — specifically: Complete source obligation; all applicable clauses must be satisfied: A Security Domain Instance SHALL contain only networks authorized to share its routing/security authority.,terraform/modules; tools/route_audit.py; docs/NATIVE_READBACK.md,"Use the named CT procedure with healthy endpoints; inspect native connected/distributed alternatives, effective rules and forward/reply behaviour, including relevant failure.",CT-025; CT-035,"NATIVE_NOT_RUN; related local fixtures/engine checks are narrower evidence, not satisfaction","A prepared VPC/Tier-1/router, exact static route or readback projection does not implement the entire ZIP, native tenant-role policy, isolation, inspection or HA.","PROPOSED_ALLOCATION; actual applicability, named authority and evidence assignment pending",RA §7,Not selected; explicit scope rationale and authority required before any N/A disposition
SDI-002.A01,SDI-002,Sharing a zone class SHALL NOT imply reachability between independent Security Domain Instances.,Complete source obligation; all applicable clauses must be satisfied: Sharing a zone class SHALL NOT imply reachability between independent Security Domain Instances.,Platform engineering,Selected native domain/gateway/mandatory-policy scope plus independently owned EC/SE security edge,CANDIDATE_PARTIAL_NATIVE_CONFIGURATION_WITH_EXTERNAL_EDGE_REQUIRED,Exact accepted native rule/route/attachment configuration and authority record for the assertion; packet/control-plane observations from both sides — specifically: Complete source obligation; all applicable clauses must be satisfied: Sharing a zone class SHALL NOT imply reachability between independent Security Domain Instances.,terraform/modules; tools/route_audit.py; docs/NATIVE_READBACK.md,"Use the named CT procedure with healthy endpoints; inspect native connected/distributed alternatives, effective rules and forward/reply behaviour, including relevant failure.",CT-001; CT-002; CT-021,"NATIVE_NOT_RUN; related local fixtures/engine checks are narrower evidence, not satisfaction","A prepared VPC/Tier-1/router, exact static route or readback projection does not implement the entire ZIP, native tenant-role policy, isolation, inspection or HA.","PROPOSED_ALLOCATION; actual applicability, named authority and evidence assignment pending",RA §7,Not selected; explicit scope rationale and authority required before any N/A disposition
SDI-003.A01,SDI-003,Dedicated Security Domain Instances SHOULD be available for workloads whose assurance profile or threat model requires stronger isolation than shared logical segmentation.,Complete source obligation; all applicable clauses must be satisfied: Dedicated Security Domain Instances SHOULD be available for workloads whose assurance profile or threat model requires stronger isolation than shared logical segmentation.,Platform engineering,Selected native domain/gateway/mandatory-policy scope plus independently owned EC/SE security edge,CANDIDATE_PARTIAL_NATIVE_CONFIGURATION_WITH_EXTERNAL_EDGE_REQUIRED,Exact accepted native rule/route/attachment configuration and authority record for the assertion; packet/control-plane observations from both sides — specifically: Complete source obligation; all applicable clauses must be satisfied: Dedicated Security Domain Instances SHOULD be available for workloads whose assurance profile or threat model requires stronger isolation than shared logical segmentation.,terraform/modules; tools/route_audit.py; docs/NATIVE_READBACK.md,"Use the named CT procedure with healthy endpoints; inspect native connected/distributed alternatives, effective rules and forward/reply behaviour, including relevant failure.",CT-018; CT-035,"NATIVE_NOT_RUN; related local fixtures/engine checks are narrower evidence, not satisfaction","A prepared VPC/Tier-1/router, exact static route or readback projection does not implement the entire ZIP, native tenant-role policy, isolation, inspection or HA.","PROPOSED_ALLOCATION; actual applicability, named authority and evidence assignment pending",RA §7,Not selected; explicit scope rationale and authority required before any N/A disposition
SDI-004.A01,SDI-004,Each Security Domain Instance SHALL reference a logical domain and a qualified site/platform realization; membership and sharing changes SHALL be assessed as security-significant changes.,Complete source obligation; all applicable clauses must be satisfied: Each Security Domain Instance SHALL reference a logical domain and a qualified site/platform realization; membership and sharing changes SHALL be assessed as security-significant changes.,Security authority,Selected native domain/gateway/mandatory-policy scope plus independently owned EC/SE security edge,CANDIDATE_PARTIAL_NATIVE_CONFIGURATION_WITH_EXTERNAL_EDGE_REQUIRED,Exact accepted native rule/route/attachment configuration and authority record for the assertion; packet/control-plane observations from both sides — specifically: Complete source obligation; all applicable clauses must be satisfied: Each Security Domain Instance SHALL reference a logical domain and a qualified site/platform realization; membership and sharing changes SHALL be assessed as security-significant changes.,terraform/modules; tools/route_audit.py; docs/NATIVE_READBACK.md,"Use the named CT procedure with healthy endpoints; inspect native connected/distributed alternatives, effective rules and forward/reply behaviour, including relevant failure.",CT-025; CT-035; CT-048,"NATIVE_NOT_RUN; related local fixtures/engine checks are narrower evidence, not satisfaction","A prepared VPC/Tier-1/router, exact static route or readback projection does not implement the entire ZIP, native tenant-role policy, isolation, inspection or HA.","PROPOSED_ALLOCATION; actual applicability, named authority and evidence assignment pending",RA §7,Not selected; explicit scope rationale and authority required before any N/A disposition
SDI-004.A02,SDI-004,Each Security Domain Instance SHALL reference a logical domain and a qualified site/platform realization; membership and sharing changes SHALL be assessed as security-significant changes.,Each Security Domain Instance SHALL reference a logical domain and a qualified site/platform realization,Security authority,Selected native domain/gateway/mandatory-policy scope plus independently owned EC/SE security edge,CANDIDATE_PARTIAL_NATIVE_CONFIGURATION_WITH_EXTERNAL_EDGE_REQUIRED,Exact accepted native rule/route/attachment configuration and authority record for the assertion; packet/control-plane observations from both sides — specifically: Each Security Domain Instance SHALL reference a logical domain and a qualified site/platform realization,terraform/modules; tools/route_audit.py; docs/NATIVE_READBACK.md,"Use the named CT procedure with healthy endpoints; inspect native connected/distributed alternatives, effective rules and forward/reply behaviour, including relevant failure.",CT-025; CT-035; CT-048,"NATIVE_NOT_RUN; related local fixtures/engine checks are narrower evidence, not satisfaction","A prepared VPC/Tier-1/router, exact static route or readback projection does not implement the entire ZIP, native tenant-role policy, isolation, inspection or HA.","PROPOSED_ALLOCATION; actual applicability, named authority and evidence assignment pending",RA §7,Not selected; explicit scope rationale and authority required before any N/A disposition
SDI-004.A03,SDI-004,Each Security Domain Instance SHALL reference a logical domain and a qualified site/platform realization; membership and sharing changes SHALL be assessed as security-significant changes.,membership and sharing changes SHALL be assessed as security-significant changes.,Security authority,Selected native domain/gateway/mandatory-policy scope plus independently owned EC/SE security edge,CANDIDATE_PARTIAL_NATIVE_CONFIGURATION_WITH_EXTERNAL_EDGE_REQUIRED,Exact accepted native rule/route/attachment configuration and authority record for the assertion; packet/control-plane observations from both sides — specifically: membership and sharing changes SHALL be assessed as security-significant changes.,terraform/modules; tools/route_audit.py; docs/NATIVE_READBACK.md,"Use the named CT procedure with healthy endpoints; inspect native connected/distributed alternatives, effective rules and forward/reply behaviour, including relevant failure.",CT-025; CT-035; CT-048,"NATIVE_NOT_RUN; related local fixtures/engine checks are narrower evidence, not satisfaction","A prepared VPC/Tier-1/router, exact static route or readback projection does not implement the entire ZIP, native tenant-role policy, isolation, inspection or HA.","PROPOSED_ALLOCATION; actual applicability, named authority and evidence assignment pending",RA §7,Not selected; explicit scope rationale and authority required before any N/A disposition
ZONE-001.A01,ZONE-001,"Internal instance zoneClass SHALL be limited to PAZ, OZ, RZ, HRZ or provider-controlled MZ; external PZ/REZ relationships SHALL use ExternalDomain with explicit authority and trust metadata.","Complete source obligation; all applicable clauses must be satisfied: Internal instance zoneClass SHALL be limited to PAZ, OZ, RZ, HRZ or provider-controlled MZ; external PZ/REZ relationships SHALL use ExternalDomain with explicit authority and trust metadata.",Security authority,Selected native domain/gateway/mandatory-policy scope plus independently owned EC/SE security edge,CANDIDATE_PARTIAL_NATIVE_CONFIGURATION_WITH_EXTERNAL_EDGE_REQUIRED,"Exact accepted native rule/route/attachment configuration and authority record for the assertion; packet/control-plane observations from both sides — specifically: Complete source obligation; all applicable clauses must be satisfied: Internal instance zoneClass SHALL be limited to PAZ, OZ, RZ, HRZ or provider-controlled MZ; external PZ/REZ relationships SHALL use ExternalDomain with explicit authority and trust metadata.",terraform/modules; tools/route_audit.py; docs/NATIVE_READBACK.md,"Use the named CT procedure with healthy endpoints; inspect native connected/distributed alternatives, effective rules and forward/reply behaviour, including relevant failure.",CT-017; CT-025; CT-076,"NATIVE_NOT_RUN; related local fixtures/engine checks are narrower evidence, not satisfaction","A prepared VPC/Tier-1/router, exact static route or readback projection does not implement the entire ZIP, native tenant-role policy, isolation, inspection or HA.","PROPOSED_ALLOCATION; actual applicability, named authority and evidence assignment pending",RA §8,Not selected; explicit scope rationale and authority required before any N/A disposition
ZONE-001.A02,ZONE-001,"Internal instance zoneClass SHALL be limited to PAZ, OZ, RZ, HRZ or provider-controlled MZ; external PZ/REZ relationships SHALL use ExternalDomain with explicit authority and trust metadata.","Internal instance zoneClass SHALL be limited to PAZ, OZ, RZ, HRZ or provider-controlled MZ",Security authority,Selected native domain/gateway/mandatory-policy scope plus independently owned EC/SE security edge,CANDIDATE_PARTIAL_NATIVE_CONFIGURATION_WITH_EXTERNAL_EDGE_REQUIRED,"Exact accepted native rule/route/attachment configuration and authority record for the assertion; packet/control-plane observations from both sides — specifically: Internal instance zoneClass SHALL be limited to PAZ, OZ, RZ, HRZ or provider-controlled MZ",terraform/modules; tools/route_audit.py; docs/NATIVE_READBACK.md,"Use the named CT procedure with healthy endpoints; inspect native connected/distributed alternatives, effective rules and forward/reply behaviour, including relevant failure.",CT-017; CT-025; CT-076,"NATIVE_NOT_RUN; related local fixtures/engine checks are narrower evidence, not satisfaction","A prepared VPC/Tier-1/router, exact static route or readback projection does not implement the entire ZIP, native tenant-role policy, isolation, inspection or HA.","PROPOSED_ALLOCATION; actual applicability, named authority and evidence assignment pending",RA §8,Not selected; explicit scope rationale and authority required before any N/A disposition
ZONE-001.A03,ZONE-001,"Internal instance zoneClass SHALL be limited to PAZ, OZ, RZ, HRZ or provider-controlled MZ; external PZ/REZ relationships SHALL use ExternalDomain with explicit authority and trust metadata.",external PZ/REZ relationships SHALL use ExternalDomain with explicit authority and trust metadata.,Security authority,Selected native domain/gateway/mandatory-policy scope plus independently owned EC/SE security edge,CANDIDATE_PARTIAL_NATIVE_CONFIGURATION_WITH_EXTERNAL_EDGE_REQUIRED,Exact accepted native rule/route/attachment configuration and authority record for the assertion; packet/control-plane observations from both sides — specifically: external PZ/REZ relationships SHALL use ExternalDomain with explicit authority and trust metadata.,terraform/modules; tools/route_audit.py; docs/NATIVE_READBACK.md,"Use the named CT procedure with healthy endpoints; inspect native connected/distributed alternatives, effective rules and forward/reply behaviour, including relevant failure.",CT-017; CT-025; CT-076,"NATIVE_NOT_RUN; related local fixtures/engine checks are narrower evidence, not satisfaction","A prepared VPC/Tier-1/router, exact static route or readback projection does not implement the entire ZIP, native tenant-role policy, isolation, inspection or HA.","PROPOSED_ALLOCATION; actual applicability, named authority and evidence assignment pending",RA §8,Not selected; explicit scope rationale and authority required before any N/A disposition
ZONE-002.A01,ZONE-002,Every requested adjacency SHALL be evaluated against the versioned zone policy before allocation; being permitted to create a ZIP SHALL NOT grant any traffic by default.,Complete source obligation; all applicable clauses must be satisfied: Every requested adjacency SHALL be evaluated against the versioned zone policy before allocation; being permitted to create a ZIP SHALL NOT grant any traffic by default.,Automation platform,Selected native domain/gateway/mandatory-policy scope plus independently owned EC/SE security edge,CANDIDATE_PARTIAL_NATIVE_CONFIGURATION_WITH_EXTERNAL_EDGE_REQUIRED,Exact accepted native rule/route/attachment configuration and authority record for the assertion; packet/control-plane observations from both sides — specifically: Complete source obligation; all applicable clauses must be satisfied: Every requested adjacency SHALL be evaluated against the versioned zone policy before allocation; being permitted to create a ZIP SHALL NOT grant any traffic by default.,terraform/modules; tools/route_audit.py; docs/NATIVE_READBACK.md,"Use the named CT procedure with healthy endpoints; inspect native connected/distributed alternatives, effective rules and forward/reply behaviour, including relevant failure.",CT-025; CT-066,"NATIVE_NOT_RUN; related local fixtures/engine checks are narrower evidence, not satisfaction","A prepared VPC/Tier-1/router, exact static route or readback projection does not implement the entire ZIP, native tenant-role policy, isolation, inspection or HA.","PROPOSED_ALLOCATION; actual applicability, named authority and evidence assignment pending",RA §8,Not selected; explicit scope rationale and authority required before any N/A disposition
ZONE-002.A02,ZONE-002,Every requested adjacency SHALL be evaluated against the versioned zone policy before allocation; being permitted to create a ZIP SHALL NOT grant any traffic by default.,Every requested adjacency SHALL be evaluated against the versioned zone policy before allocation,Automation platform,Selected native domain/gateway/mandatory-policy scope plus independently owned EC/SE security edge,CANDIDATE_PARTIAL_NATIVE_CONFIGURATION_WITH_EXTERNAL_EDGE_REQUIRED,Exact accepted native rule/route/attachment configuration and authority record for the assertion; packet/control-plane observations from both sides — specifically: Every requested adjacency SHALL be evaluated against the versioned zone policy before allocation,terraform/modules; tools/route_audit.py; docs/NATIVE_READBACK.md,"Use the named CT procedure with healthy endpoints; inspect native connected/distributed alternatives, effective rules and forward/reply behaviour, including relevant failure.",CT-025; CT-066,"NATIVE_NOT_RUN; related local fixtures/engine checks are narrower evidence, not satisfaction","A prepared VPC/Tier-1/router, exact static route or readback projection does not implement the entire ZIP, native tenant-role policy, isolation, inspection or HA.","PROPOSED_ALLOCATION; actual applicability, named authority and evidence assignment pending",RA §8,Not selected; explicit scope rationale and authority required before any N/A disposition
ZONE-002.A03,ZONE-002,Every requested adjacency SHALL be evaluated against the versioned zone policy before allocation; being permitted to create a ZIP SHALL NOT grant any traffic by default.,being permitted to create a ZIP SHALL NOT grant any traffic by default.,Automation platform,Selected native domain/gateway/mandatory-policy scope plus independently owned EC/SE security edge,CANDIDATE_PARTIAL_NATIVE_CONFIGURATION_WITH_EXTERNAL_EDGE_REQUIRED,Exact accepted native rule/route/attachment configuration and authority record for the assertion; packet/control-plane observations from both sides — specifically: being permitted to create a ZIP SHALL NOT grant any traffic by default.,terraform/modules; tools/route_audit.py; docs/NATIVE_READBACK.md,"Use the named CT procedure with healthy endpoints; inspect native connected/distributed alternatives, effective rules and forward/reply behaviour, including relevant failure.",CT-025; CT-066,"NATIVE_NOT_RUN; related local fixtures/engine checks are narrower evidence, not satisfaction","A prepared VPC/Tier-1/router, exact static route or readback projection does not implement the entire ZIP, native tenant-role policy, isolation, inspection or HA.","PROPOSED_ALLOCATION; actual applicability, named authority and evidence assignment pending",RA §8,Not selected; explicit scope rationale and authority required before any N/A disposition
ZIP-001.A01,ZIP-001,All inter-zone network paths SHALL traverse the applicable ZIP/security edge.,Complete source obligation; all applicable clauses must be satisfied: All inter-zone network paths SHALL traverse the applicable ZIP/security edge.,Security-edge operations,Selected native domain/gateway/mandatory-policy scope plus independently owned EC/SE security edge,CANDIDATE_PARTIAL_NATIVE_CONFIGURATION_WITH_EXTERNAL_EDGE_REQUIRED,Exact accepted native rule/route/attachment configuration and authority record for the assertion; packet/control-plane observations from both sides — specifically: Complete source obligation; all applicable clauses must be satisfied: All inter-zone network paths SHALL traverse the applicable ZIP/security edge.,terraform/modules; tools/route_audit.py; docs/NATIVE_READBACK.md,"Use the named CT procedure with healthy endpoints; inspect native connected/distributed alternatives, effective rules and forward/reply behaviour, including relevant failure.",CT-003; CT-080,"NATIVE_NOT_RUN; related local fixtures/engine checks are narrower evidence, not satisfaction","A prepared VPC/Tier-1/router, exact static route or readback projection does not implement the entire ZIP, native tenant-role policy, isolation, inspection or HA.","PROPOSED_ALLOCATION; actual applicability, named authority and evidence assignment pending",RA §8,Not selected; explicit scope rationale and authority required before any N/A disposition
ZIP-002.A01,ZIP-002,"A ZIP SHALL identify exactly two authorized adjacent endpoints, each an internal domain instance or approved external/management domain, and SHALL NOT create a general-purpose third-zone transit path.","Complete source obligation; all applicable clauses must be satisfied: A ZIP SHALL identify exactly two authorized adjacent endpoints, each an internal domain instance or approved external/management domain, and SHALL NOT create a general-purpose third-zone transit path.",Security authority,Selected native domain/gateway/mandatory-policy scope plus independently owned EC/SE security edge,CANDIDATE_PARTIAL_NATIVE_CONFIGURATION_WITH_EXTERNAL_EDGE_REQUIRED,"Exact accepted native rule/route/attachment configuration and authority record for the assertion; packet/control-plane observations from both sides — specifically: Complete source obligation; all applicable clauses must be satisfied: A ZIP SHALL identify exactly two authorized adjacent endpoints, each an internal domain instance or approved external/management domain, and SHALL NOT create a general-purpose third-zone transit path.",terraform/modules; tools/route_audit.py; docs/NATIVE_READBACK.md,"Use the named CT procedure with healthy endpoints; inspect native connected/distributed alternatives, effective rules and forward/reply behaviour, including relevant failure.",CT-023; CT-025,"NATIVE_NOT_RUN; related local fixtures/engine checks are narrower evidence, not satisfaction","A prepared VPC/Tier-1/router, exact static route or readback projection does not implement the entire ZIP, native tenant-role policy, isolation, inspection or HA.","PROPOSED_ALLOCATION; actual applicability, named authority and evidence assignment pending",RA §8,Not selected; explicit scope rationale and authority required before any N/A disposition
ZIP-003.A01,ZIP-003,Default inter-zone policy SHALL be deny; allowed flows SHALL be generated from approved Flow Intentions and Service Bindings.,Complete source obligation; all applicable clauses must be satisfied: Default inter-zone policy SHALL be deny; allowed flows SHALL be generated from approved Flow Intentions and Service Bindings.,Security-edge operations,Selected native domain/gateway/mandatory-policy scope plus independently owned EC/SE security edge,CANDIDATE_PARTIAL_NATIVE_CONFIGURATION_WITH_EXTERNAL_EDGE_REQUIRED,Exact accepted native rule/route/attachment configuration and authority record for the assertion; packet/control-plane observations from both sides — specifically: Complete source obligation; all applicable clauses must be satisfied: Default inter-zone policy SHALL be deny; allowed flows SHALL be generated from approved Flow Intentions and Service Bindings.,terraform/modules; tools/route_audit.py; docs/NATIVE_READBACK.md,"Use the named CT procedure with healthy endpoints; inspect native connected/distributed alternatives, effective rules and forward/reply behaviour, including relevant failure.",CT-007; CT-025; CT-066,"NATIVE_NOT_RUN; related local fixtures/engine checks are narrower evidence, not satisfaction","A prepared VPC/Tier-1/router, exact static route or readback projection does not implement the entire ZIP, native tenant-role policy, isolation, inspection or HA.","PROPOSED_ALLOCATION; actual applicability, named authority and evidence assignment pending",RA §8,Not selected; explicit scope rationale and authority required before any N/A disposition
ZIP-003.A02,ZIP-003,Default inter-zone policy SHALL be deny; allowed flows SHALL be generated from approved Flow Intentions and Service Bindings.,Default inter-zone policy SHALL be deny,Security-edge operations,Selected native domain/gateway/mandatory-policy scope plus independently owned EC/SE security edge,CANDIDATE_PARTIAL_NATIVE_CONFIGURATION_WITH_EXTERNAL_EDGE_REQUIRED,Exact accepted native rule/route/attachment configuration and authority record for the assertion; packet/control-plane observations from both sides — specifically: Default inter-zone policy SHALL be deny,terraform/modules; tools/route_audit.py; docs/NATIVE_READBACK.md,"Use the named CT procedure with healthy endpoints; inspect native connected/distributed alternatives, effective rules and forward/reply behaviour, including relevant failure.",CT-007; CT-025; CT-066,"NATIVE_NOT_RUN; related local fixtures/engine checks are narrower evidence, not satisfaction","A prepared VPC/Tier-1/router, exact static route or readback projection does not implement the entire ZIP, native tenant-role policy, isolation, inspection or HA.","PROPOSED_ALLOCATION; actual applicability, named authority and evidence assignment pending",RA §8,Not selected; explicit scope rationale and authority required before any N/A disposition
ZIP-003.A03,ZIP-003,Default inter-zone policy SHALL be deny; allowed flows SHALL be generated from approved Flow Intentions and Service Bindings.,allowed flows SHALL be generated from approved Flow Intentions and Service Bindings.,Security-edge operations,Selected native domain/gateway/mandatory-policy scope plus independently owned EC/SE security edge,CANDIDATE_PARTIAL_NATIVE_CONFIGURATION_WITH_EXTERNAL_EDGE_REQUIRED,Exact accepted native rule/route/attachment configuration and authority record for the assertion; packet/control-plane observations from both sides — specifically: allowed flows SHALL be generated from approved Flow Intentions and Service Bindings.,terraform/modules; tools/route_audit.py; docs/NATIVE_READBACK.md,"Use the named CT procedure with healthy endpoints; inspect native connected/distributed alternatives, effective rules and forward/reply behaviour, including relevant failure.",CT-007; CT-025; CT-066,"NATIVE_NOT_RUN; related local fixtures/engine checks are narrower evidence, not satisfaction","A prepared VPC/Tier-1/router, exact static route or readback projection does not implement the entire ZIP, native tenant-role policy, isolation, inspection or HA.","PROPOSED_ALLOCATION; actual applicability, named authority and evidence assignment pending",RA §8,Not selected; explicit scope rationale and authority required before any N/A disposition
ZIP-004.A01,ZIP-004,ZIP management traffic SHALL be segregated from operational traffic.,Complete source obligation; all applicable clauses must be satisfied: ZIP management traffic SHALL be segregated from operational traffic.,Security-edge operations,Selected native domain/gateway/mandatory-policy scope plus independently owned EC/SE security edge,CANDIDATE_PARTIAL_NATIVE_CONFIGURATION_WITH_EXTERNAL_EDGE_REQUIRED,Exact accepted native rule/route/attachment configuration and authority record for the assertion; packet/control-plane observations from both sides — specifically: Complete source obligation; all applicable clauses must be satisfied: ZIP management traffic SHALL be segregated from operational traffic.,terraform/modules; tools/route_audit.py; docs/NATIVE_READBACK.md,"Use the named CT procedure with healthy endpoints; inspect native connected/distributed alternatives, effective rules and forward/reply behaviour, including relevant failure.",CT-004; CT-026,"NATIVE_NOT_RUN; related local fixtures/engine checks are narrower evidence, not satisfaction","A prepared VPC/Tier-1/router, exact static route or readback projection does not implement the entire ZIP, native tenant-role policy, isolation, inspection or HA.","PROPOSED_ALLOCATION; actual applicability, named authority and evidence assignment pending",RA §8,Not selected; explicit scope rationale and authority required before any N/A disposition
ZIP-005.A01,ZIP-005,Data-path ZIPs and management-path ZIPs SHALL be governed and deployed as distinct security services; shared virtualization SHALL only be used where the applicable assurance analysis supports it.,Complete source obligation; all applicable clauses must be satisfied: Data-path ZIPs and management-path ZIPs SHALL be governed and deployed as distinct security services; shared virtualization SHALL only be used where the applicable assurance analysis supports it.,Security authority,Selected native domain/gateway/mandatory-policy scope plus independently owned EC/SE security edge,CANDIDATE_PARTIAL_NATIVE_CONFIGURATION_WITH_EXTERNAL_EDGE_REQUIRED,Exact accepted native rule/route/attachment configuration and authority record for the assertion; packet/control-plane observations from both sides — specifically: Complete source obligation; all applicable clauses must be satisfied: Data-path ZIPs and management-path ZIPs SHALL be governed and deployed as distinct security services; shared virtualization SHALL only be used where the applicable assurance analysis supports it.,terraform/modules; tools/route_audit.py; docs/NATIVE_READBACK.md,"Use the named CT procedure with healthy endpoints; inspect native connected/distributed alternatives, effective rules and forward/reply behaviour, including relevant failure.",CT-026; CT-035; CT-080,"NATIVE_NOT_RUN; related local fixtures/engine checks are narrower evidence, not satisfaction","A prepared VPC/Tier-1/router, exact static route or readback projection does not implement the entire ZIP, native tenant-role policy, isolation, inspection or HA.","PROPOSED_ALLOCATION; actual applicability, named authority and evidence assignment pending",RA §8,Not selected; explicit scope rationale and authority required before any N/A disposition
ZIP-005.A02,ZIP-005,Data-path ZIPs and management-path ZIPs SHALL be governed and deployed as distinct security services; shared virtualization SHALL only be used where the applicable assurance analysis supports it.,Separate data-path security service,Security authority,Selected native domain/gateway/mandatory-policy scope plus independently owned EC/SE security edge,CANDIDATE_PARTIAL_NATIVE_CONFIGURATION_WITH_EXTERNAL_EDGE_REQUIRED,Exact accepted native rule/route/attachment configuration and authority record for the assertion; packet/control-plane observations from both sides — specifically: Separate data-path security service,terraform/modules; tools/route_audit.py; docs/NATIVE_READBACK.md,"Use the named CT procedure with healthy endpoints; inspect native connected/distributed alternatives, effective rules and forward/reply behaviour, including relevant failure.",CT-026; CT-035; CT-080,"NATIVE_NOT_RUN; related local fixtures/engine checks are narrower evidence, not satisfaction","A prepared VPC/Tier-1/router, exact static route or readback projection does not implement the entire ZIP, native tenant-role policy, isolation, inspection or HA.","PROPOSED_ALLOCATION; actual applicability, named authority and evidence assignment pending",RA §8,Not selected; explicit scope rationale and authority required before any N/A disposition
ZIP-005.A03,ZIP-005,Data-path ZIPs and management-path ZIPs SHALL be governed and deployed as distinct security services; shared virtualization SHALL only be used where the applicable assurance analysis supports it.,Separate management-path security service,Security authority,Selected native domain/gateway/mandatory-policy scope plus independently owned EC/SE security edge,CANDIDATE_PARTIAL_NATIVE_CONFIGURATION_WITH_EXTERNAL_EDGE_REQUIRED,Exact accepted native rule/route/attachment configuration and authority record for the assertion; packet/control-plane observations from both sides — specifically: Separate management-path security service,terraform/modules; tools/route_audit.py; docs/NATIVE_READBACK.md,"Use the named CT procedure with healthy endpoints; inspect native connected/distributed alternatives, effective rules and forward/reply behaviour, including relevant failure.",CT-026; CT-035; CT-080,"NATIVE_NOT_RUN; related local fixtures/engine checks are narrower evidence, not satisfaction","A prepared VPC/Tier-1/router, exact static route or readback projection does not implement the entire ZIP, native tenant-role policy, isolation, inspection or HA.","PROPOSED_ALLOCATION; actual applicability, named authority and evidence assignment pending",RA §8,Not selected; explicit scope rationale and authority required before any N/A disposition
ZIP-005.A04,ZIP-005,Data-path ZIPs and management-path ZIPs SHALL be governed and deployed as distinct security services; shared virtualization SHALL only be used where the applicable assurance analysis supports it.,Shared virtualization is covered by actual assurance analysis,Security authority,Selected native domain/gateway/mandatory-policy scope plus independently owned EC/SE security edge,CANDIDATE_PARTIAL_NATIVE_CONFIGURATION_WITH_EXTERNAL_EDGE_REQUIRED,Exact accepted native rule/route/attachment configuration and authority record for the assertion; packet/control-plane observations from both sides — specifically: Shared virtualization is covered by actual assurance analysis,terraform/modules; tools/route_audit.py; docs/NATIVE_READBACK.md,"Use the named CT procedure with healthy endpoints; inspect native connected/distributed alternatives, effective rules and forward/reply behaviour, including relevant failure.",CT-026; CT-035; CT-080,"NATIVE_NOT_RUN; related local fixtures/engine checks are narrower evidence, not satisfaction","A prepared VPC/Tier-1/router, exact static route or readback projection does not implement the entire ZIP, native tenant-role policy, isolation, inspection or HA.","PROPOSED_ALLOCATION; actual applicability, named authority and evidence assignment pending",RA §8,Not selected; explicit scope rationale and authority required before any N/A disposition
ZIP-006.A01,ZIP-006,"Each ZIP SHALL record its two zone authorities, joint approval, required security functions, management authority, heightened posture, session-revocation behavior and current evidence.","Complete source obligation; all applicable clauses must be satisfied: Each ZIP SHALL record its two zone authorities, joint approval, required security functions, management authority, heightened posture, session-revocation behavior and current evidence.",Security authority,Selected native domain/gateway/mandatory-policy scope plus independently owned EC/SE security edge,CANDIDATE_PARTIAL_NATIVE_CONFIGURATION_WITH_EXTERNAL_EDGE_REQUIRED,"Exact accepted native rule/route/attachment configuration and authority record for the assertion; packet/control-plane observations from both sides — specifically: Complete source obligation; all applicable clauses must be satisfied: Each ZIP SHALL record its two zone authorities, joint approval, required security functions, management authority, heightened posture, session-revocation behavior and current evidence.",terraform/modules; tools/route_audit.py; docs/NATIVE_READBACK.md,"Use the named CT procedure with healthy endpoints; inspect native connected/distributed alternatives, effective rules and forward/reply behaviour, including relevant failure.",CT-067; CT-077; CT-080,"NATIVE_NOT_RUN; related local fixtures/engine checks are narrower evidence, not satisfaction","A prepared VPC/Tier-1/router, exact static route or readback projection does not implement the entire ZIP, native tenant-role policy, isolation, inspection or HA.","PROPOSED_ALLOCATION; actual applicability, named authority and evidence assignment pending",RA §8,Not selected; explicit scope rationale and authority required before any N/A disposition
ZIP-006.A02,ZIP-006,"Each ZIP SHALL record its two zone authorities, joint approval, required security functions, management authority, heightened posture, session-revocation behavior and current evidence.",Exactly the adjacent zone authorities,Security authority,Selected native domain/gateway/mandatory-policy scope plus independently owned EC/SE security edge,CANDIDATE_PARTIAL_NATIVE_CONFIGURATION_WITH_EXTERNAL_EDGE_REQUIRED,Exact accepted native rule/route/attachment configuration and authority record for the assertion; packet/control-plane observations from both sides — specifically: Exactly the adjacent zone authorities,terraform/modules; tools/route_audit.py; docs/NATIVE_READBACK.md,"Use the named CT procedure with healthy endpoints; inspect native connected/distributed alternatives, effective rules and forward/reply behaviour, including relevant failure.",CT-067; CT-077; CT-080,"NATIVE_NOT_RUN; related local fixtures/engine checks are narrower evidence, not satisfaction","A prepared VPC/Tier-1/router, exact static route or readback projection does not implement the entire ZIP, native tenant-role policy, isolation, inspection or HA.","PROPOSED_ALLOCATION; actual applicability, named authority and evidence assignment pending",RA §8,Not selected; explicit scope rationale and authority required before any N/A disposition
ZIP-006.A03,ZIP-006,"Each ZIP SHALL record its two zone authorities, joint approval, required security functions, management authority, heightened posture, session-revocation behavior and current evidence.",Joint approval,Security authority,Selected native domain/gateway/mandatory-policy scope plus independently owned EC/SE security edge,CANDIDATE_PARTIAL_NATIVE_CONFIGURATION_WITH_EXTERNAL_EDGE_REQUIRED,Exact accepted native rule/route/attachment configuration and authority record for the assertion; packet/control-plane observations from both sides — specifically: Joint approval,terraform/modules; tools/route_audit.py; docs/NATIVE_READBACK.md,"Use the named CT procedure with healthy endpoints; inspect native connected/distributed alternatives, effective rules and forward/reply behaviour, including relevant failure.",CT-067; CT-077; CT-080,"NATIVE_NOT_RUN; related local fixtures/engine checks are narrower evidence, not satisfaction","A prepared VPC/Tier-1/router, exact static route or readback projection does not implement the entire ZIP, native tenant-role policy, isolation, inspection or HA.","PROPOSED_ALLOCATION; actual applicability, named authority and evidence assignment pending",RA §8,Not selected; explicit scope rationale and authority required before any N/A disposition
ZIP-006.A04,ZIP-006,"Each ZIP SHALL record its two zone authorities, joint approval, required security functions, management authority, heightened posture, session-revocation behavior and current evidence.",Required security functions,Security authority,Selected native domain/gateway/mandatory-policy scope plus independently owned EC/SE security edge,CANDIDATE_PARTIAL_NATIVE_CONFIGURATION_WITH_EXTERNAL_EDGE_REQUIRED,Exact accepted native rule/route/attachment configuration and authority record for the assertion; packet/control-plane observations from both sides — specifically: Required security functions,terraform/modules; tools/route_audit.py; docs/NATIVE_READBACK.md,"Use the named CT procedure with healthy endpoints; inspect native connected/distributed alternatives, effective rules and forward/reply behaviour, including relevant failure.",CT-067; CT-077; CT-080,"NATIVE_NOT_RUN; related local fixtures/engine checks are narrower evidence, not satisfaction","A prepared VPC/Tier-1/router, exact static route or readback projection does not implement the entire ZIP, native tenant-role policy, isolation, inspection or HA.","PROPOSED_ALLOCATION; actual applicability, named authority and evidence assignment pending",RA §8,Not selected; explicit scope rationale and authority required before any N/A disposition
ZIP-006.A05,ZIP-006,"Each ZIP SHALL record its two zone authorities, joint approval, required security functions, management authority, heightened posture, session-revocation behavior and current evidence.",Management authority,Security authority,Selected native domain/gateway/mandatory-policy scope plus independently owned EC/SE security edge,CANDIDATE_PARTIAL_NATIVE_CONFIGURATION_WITH_EXTERNAL_EDGE_REQUIRED,Exact accepted native rule/route/attachment configuration and authority record for the assertion; packet/control-plane observations from both sides — specifically: Management authority,terraform/modules; tools/route_audit.py; docs/NATIVE_READBACK.md,"Use the named CT procedure with healthy endpoints; inspect native connected/distributed alternatives, effective rules and forward/reply behaviour, including relevant failure.",CT-067; CT-077; CT-080,"NATIVE_NOT_RUN; related local fixtures/engine checks are narrower evidence, not satisfaction","A prepared VPC/Tier-1/router, exact static route or readback projection does not implement the entire ZIP, native tenant-role policy, isolation, inspection or HA.","PROPOSED_ALLOCATION; actual applicability, named authority and evidence assignment pending",RA §8,Not selected; explicit scope rationale and authority required before any N/A disposition
ZIP-006.A06,ZIP-006,"Each ZIP SHALL record its two zone authorities, joint approval, required security functions, management authority, heightened posture, session-revocation behavior and current evidence.",Heightened posture,Security authority,Selected native domain/gateway/mandatory-policy scope plus independently owned EC/SE security edge,CANDIDATE_PARTIAL_NATIVE_CONFIGURATION_WITH_EXTERNAL_EDGE_REQUIRED,Exact accepted native rule/route/attachment configuration and authority record for the assertion; packet/control-plane observations from both sides — specifically: Heightened posture,terraform/modules; tools/route_audit.py; docs/NATIVE_READBACK.md,"Use the named CT procedure with healthy endpoints; inspect native connected/distributed alternatives, effective rules and forward/reply behaviour, including relevant failure.",CT-067; CT-077; CT-080,"NATIVE_NOT_RUN; related local fixtures/engine checks are narrower evidence, not satisfaction","A prepared VPC/Tier-1/router, exact static route or readback projection does not implement the entire ZIP, native tenant-role policy, isolation, inspection or HA.","PROPOSED_ALLOCATION; actual applicability, named authority and evidence assignment pending",RA §8,Not selected; explicit scope rationale and authority required before any N/A disposition
ZIP-006.A07,ZIP-006,"Each ZIP SHALL record its two zone authorities, joint approval, required security functions, management authority, heightened posture, session-revocation behavior and current evidence.",Existing-session withdrawal behaviour,Security authority,Selected native domain/gateway/mandatory-policy scope plus independently owned EC/SE security edge,CANDIDATE_PARTIAL_NATIVE_CONFIGURATION_WITH_EXTERNAL_EDGE_REQUIRED,Exact accepted native rule/route/attachment configuration and authority record for the assertion; packet/control-plane observations from both sides — specifically: Existing-session withdrawal behaviour,terraform/modules; tools/route_audit.py; docs/NATIVE_READBACK.md,"Use the named CT procedure with healthy endpoints; inspect native connected/distributed alternatives, effective rules and forward/reply behaviour, including relevant failure.",CT-067; CT-077; CT-080,"NATIVE_NOT_RUN; related local fixtures/engine checks are narrower evidence, not satisfaction","A prepared VPC/Tier-1/router, exact static route or readback projection does not implement the entire ZIP, native tenant-role policy, isolation, inspection or HA.","PROPOSED_ALLOCATION; actual applicability, named authority and evidence assignment pending",RA §8,Not selected; explicit scope rationale and authority required before any N/A disposition
ZIP-006.A08,ZIP-006,"Each ZIP SHALL record its two zone authorities, joint approval, required security functions, management authority, heightened posture, session-revocation behavior and current evidence.",Current attributable evidence,Security authority,Selected native domain/gateway/mandatory-policy scope plus independently owned EC/SE security edge,CANDIDATE_PARTIAL_NATIVE_CONFIGURATION_WITH_EXTERNAL_EDGE_REQUIRED,Exact accepted native rule/route/attachment configuration and authority record for the assertion; packet/control-plane observations from both sides — specifically: Current attributable evidence,terraform/modules; tools/route_audit.py; docs/NATIVE_READBACK.md,"Use the named CT procedure with healthy endpoints; inspect native connected/distributed alternatives, effective rules and forward/reply behaviour, including relevant failure.",CT-067; CT-077; CT-080,"NATIVE_NOT_RUN; related local fixtures/engine checks are narrower evidence, not satisfaction","A prepared VPC/Tier-1/router, exact static route or readback projection does not implement the entire ZIP, native tenant-role policy, isolation, inspection or HA.","PROPOSED_ALLOCATION; actual applicability, named authority and evidence assignment pending",RA §8,Not selected; explicit scope rationale and authority required before any N/A disposition
ZIP-007.A01,ZIP-007,A distributed or shared-infrastructure ZIP SHALL be qualified against the same required security outcomes as a dedicated edge; any unsupported mandatory function SHALL make that realization ineligible.,Complete source obligation; all applicable clauses must be satisfied: A distributed or shared-infrastructure ZIP SHALL be qualified against the same required security outcomes as a dedicated edge; any unsupported mandatory function SHALL make that realization ineligible.,Platform engineering,Selected native domain/gateway/mandatory-policy scope plus independently owned EC/SE security edge,CANDIDATE_PARTIAL_NATIVE_CONFIGURATION_WITH_EXTERNAL_EDGE_REQUIRED,Exact accepted native rule/route/attachment configuration and authority record for the assertion; packet/control-plane observations from both sides — specifically: Complete source obligation; all applicable clauses must be satisfied: A distributed or shared-infrastructure ZIP SHALL be qualified against the same required security outcomes as a dedicated edge; any unsupported mandatory function SHALL make that realization ineligible.,terraform/modules; tools/route_audit.py; docs/NATIVE_READBACK.md,"Use the named CT procedure with healthy endpoints; inspect native connected/distributed alternatives, effective rules and forward/reply behaviour, including relevant failure.",CT-003; CT-023; CT-080,"NATIVE_NOT_RUN; related local fixtures/engine checks are narrower evidence, not satisfaction","A prepared VPC/Tier-1/router, exact static route or readback projection does not implement the entire ZIP, native tenant-role policy, isolation, inspection or HA.","PROPOSED_ALLOCATION; actual applicability, named authority and evidence assignment pending",RA §8,Not selected; explicit scope rationale and authority required before any N/A disposition
ZIP-007.A02,ZIP-007,A distributed or shared-infrastructure ZIP SHALL be qualified against the same required security outcomes as a dedicated edge; any unsupported mandatory function SHALL make that realization ineligible.,A distributed or shared-infrastructure ZIP SHALL be qualified against the same required security outcomes as a dedicated edge,Platform engineering,Selected native domain/gateway/mandatory-policy scope plus independently owned EC/SE security edge,CANDIDATE_PARTIAL_NATIVE_CONFIGURATION_WITH_EXTERNAL_EDGE_REQUIRED,Exact accepted native rule/route/attachment configuration and authority record for the assertion; packet/control-plane observations from both sides — specifically: A distributed or shared-infrastructure ZIP SHALL be qualified against the same required security outcomes as a dedicated edge,terraform/modules; tools/route_audit.py; docs/NATIVE_READBACK.md,"Use the named CT procedure with healthy endpoints; inspect native connected/distributed alternatives, effective rules and forward/reply behaviour, including relevant failure.",CT-003; CT-023; CT-080,"NATIVE_NOT_RUN; related local fixtures/engine checks are narrower evidence, not satisfaction","A prepared VPC/Tier-1/router, exact static route or readback projection does not implement the entire ZIP, native tenant-role policy, isolation, inspection or HA.","PROPOSED_ALLOCATION; actual applicability, named authority and evidence assignment pending",RA §8,Not selected; explicit scope rationale and authority required before any N/A disposition
ZIP-007.A03,ZIP-007,A distributed or shared-infrastructure ZIP SHALL be qualified against the same required security outcomes as a dedicated edge; any unsupported mandatory function SHALL make that realization ineligible.,any unsupported mandatory function SHALL make that realization ineligible.,Platform engineering,Selected native domain/gateway/mandatory-policy scope plus independently owned EC/SE security edge,CANDIDATE_PARTIAL_NATIVE_CONFIGURATION_WITH_EXTERNAL_EDGE_REQUIRED,Exact accepted native rule/route/attachment configuration and authority record for the assertion; packet/control-plane observations from both sides — specifically: any unsupported mandatory function SHALL make that realization ineligible.,terraform/modules; tools/route_audit.py; docs/NATIVE_READBACK.md,"Use the named CT procedure with healthy endpoints; inspect native connected/distributed alternatives, effective rules and forward/reply behaviour, including relevant failure.",CT-003; CT-023; CT-080,"NATIVE_NOT_RUN; related local fixtures/engine checks are narrower evidence, not satisfaction","A prepared VPC/Tier-1/router, exact static route or readback projection does not implement the entire ZIP, native tenant-role policy, isolation, inspection or HA.","PROPOSED_ALLOCATION; actual applicability, named authority and evidence assignment pending",RA §8,Not selected; explicit scope rationale and authority required before any N/A disposition
MGT-001.A01,MGT-001,Tenant workload networks SHALL have no direct route to infrastructure management interfaces.,Complete source obligation; all applicable clauses must be satisfied: Tenant workload networks SHALL have no direct route to infrastructure management interfaces.,Management operations,Approved management/IAM/key/state service and privileged execution boundaries,EXTERNAL_SERVICE_AND_OPERATING_CONTROL_REQUIRED,"Native role/route/key/backend configuration, owner-approved recovery procedure and independently retained audit records — specifically: Complete source obligation; all applicable clauses must be satisfied: Tenant workload networks SHALL have no direct route to infrastructure management interfaces.",docs/current/TAD-infrastructure.md; docs/current/interface-agreements.md,"Observe both authorized use and denied cross-authority access, then exercise the declared loss/recovery case.",CT-004; CT-026,"NATIVE_NOT_RUN; related local fixtures/engine checks are narrower evidence, not satisfaction","Actual protected management transport, independent recovery, native least privilege and the selected state/key service are not supplied by network readback tools.","PROPOSED_ALLOCATION; actual applicability, named authority and evidence assignment pending",RA §6; RA §13,Not selected; explicit scope rationale and authority required before any N/A disposition
MGT-002.A01,MGT-002,Administrative access SHALL originate from an authorized management access path and traverse management-specific security controls.,Complete source obligation; all applicable clauses must be satisfied: Administrative access SHALL originate from an authorized management access path and traverse management-specific security controls.,Management operations,Approved management/IAM/key/state service and privileged execution boundaries,EXTERNAL_SERVICE_AND_OPERATING_CONTROL_REQUIRED,"Native role/route/key/backend configuration, owner-approved recovery procedure and independently retained audit records — specifically: Complete source obligation; all applicable clauses must be satisfied: Administrative access SHALL originate from an authorized management access path and traverse management-specific security controls.",docs/current/TAD-infrastructure.md; docs/current/interface-agreements.md,"Observe both authorized use and denied cross-authority access, then exercise the declared loss/recovery case.",CT-026; CT-027,"NATIVE_NOT_RUN; related local fixtures/engine checks are narrower evidence, not satisfaction","Actual protected management transport, independent recovery, native least privilege and the selected state/key service are not supplied by network readback tools.","PROPOSED_ALLOCATION; actual applicability, named authority and evidence assignment pending",RA §6; RA §13,Not selected; explicit scope rationale and authority required before any N/A disposition
MGT-003.A01,MGT-003,"Automation identities used to manage tenant workloads SHALL be separated from identities able to modify the physical fabric, security edge, or management foundation.","Complete source obligation; all applicable clauses must be satisfied: Automation identities used to manage tenant workloads SHALL be separated from identities able to modify the physical fabric, security edge, or management foundation.",Automation platform,Approved management/IAM/key/state service and privileged execution boundaries,EXTERNAL_SERVICE_AND_OPERATING_CONTROL_REQUIRED,"Native role/route/key/backend configuration, owner-approved recovery procedure and independently retained audit records — specifically: Complete source obligation; all applicable clauses must be satisfied: Automation identities used to manage tenant workloads SHALL be separated from identities able to modify the physical fabric, security edge, or management foundation.",docs/current/TAD-infrastructure.md; docs/current/interface-agreements.md,"Observe both authorized use and denied cross-authority access, then exercise the declared loss/recovery case.",CT-019; CT-044,"NATIVE_NOT_RUN; related local fixtures/engine checks are narrower evidence, not satisfaction","Actual protected management transport, independent recovery, native least privilege and the selected state/key service are not supplied by network readback tools.","PROPOSED_ALLOCATION; actual applicability, named authority and evidence assignment pending",RA §6; RA §13,Not selected; explicit scope rationale and authority required before any N/A disposition
MGT-004.A01,MGT-004,"Break-glass access SHALL be separately controlled, strongly authenticated, logged, time-bounded where feasible, and periodically tested.","Complete source obligation; all applicable clauses must be satisfied: Break-glass access SHALL be separately controlled, strongly authenticated, logged, time-bounded where feasible, and periodically tested.",Management operations,Approved management/IAM/key/state service and privileged execution boundaries,EXTERNAL_SERVICE_AND_OPERATING_CONTROL_REQUIRED,"Native role/route/key/backend configuration, owner-approved recovery procedure and independently retained audit records — specifically: Complete source obligation; all applicable clauses must be satisfied: Break-glass access SHALL be separately controlled, strongly authenticated, logged, time-bounded where feasible, and periodically tested.",docs/current/TAD-infrastructure.md; docs/current/interface-agreements.md,"Observe both authorized use and denied cross-authority access, then exercise the declared loss/recovery case.",CT-027; CT-079,"NATIVE_NOT_RUN; related local fixtures/engine checks are narrower evidence, not satisfaction","Actual protected management transport, independent recovery, native least privilege and the selected state/key service are not supplied by network readback tools.","PROPOSED_ALLOCATION; actual applicability, named authority and evidence assignment pending",RA §6; RA §13,Not selected; explicit scope rationale and authority required before any N/A disposition
MGT-004.A02,MGT-004,"Break-glass access SHALL be separately controlled, strongly authenticated, logged, time-bounded where feasible, and periodically tested.",Separate emergency authority,Management operations,Approved management/IAM/key/state service and privileged execution boundaries,EXTERNAL_SERVICE_AND_OPERATING_CONTROL_REQUIRED,"Native role/route/key/backend configuration, owner-approved recovery procedure and independently retained audit records — specifically: Separate emergency authority",docs/current/TAD-infrastructure.md; docs/current/interface-agreements.md,"Observe both authorized use and denied cross-authority access, then exercise the declared loss/recovery case.",CT-027; CT-079,"NATIVE_NOT_RUN; related local fixtures/engine checks are narrower evidence, not satisfaction","Actual protected management transport, independent recovery, native least privilege and the selected state/key service are not supplied by network readback tools.","PROPOSED_ALLOCATION; actual applicability, named authority and evidence assignment pending",RA §6; RA §13,Not selected; explicit scope rationale and authority required before any N/A disposition
MGT-004.A03,MGT-004,"Break-glass access SHALL be separately controlled, strongly authenticated, logged, time-bounded where feasible, and periodically tested.",Strong emergency authentication,Management operations,Approved management/IAM/key/state service and privileged execution boundaries,EXTERNAL_SERVICE_AND_OPERATING_CONTROL_REQUIRED,"Native role/route/key/backend configuration, owner-approved recovery procedure and independently retained audit records — specifically: Strong emergency authentication",docs/current/TAD-infrastructure.md; docs/current/interface-agreements.md,"Observe both authorized use and denied cross-authority access, then exercise the declared loss/recovery case.",CT-027; CT-079,"NATIVE_NOT_RUN; related local fixtures/engine checks are narrower evidence, not satisfaction","Actual protected management transport, independent recovery, native least privilege and the selected state/key service are not supplied by network readback tools.","PROPOSED_ALLOCATION; actual applicability, named authority and evidence assignment pending",RA §6; RA §13,Not selected; explicit scope rationale and authority required before any N/A disposition
MGT-004.A04,MGT-004,"Break-glass access SHALL be separately controlled, strongly authenticated, logged, time-bounded where feasible, and periodically tested.",Emergency access logging,Management operations,Approved management/IAM/key/state service and privileged execution boundaries,EXTERNAL_SERVICE_AND_OPERATING_CONTROL_REQUIRED,"Native role/route/key/backend configuration, owner-approved recovery procedure and independently retained audit records — specifically: Emergency access logging",docs/current/TAD-infrastructure.md; docs/current/interface-agreements.md,"Observe both authorized use and denied cross-authority access, then exercise the declared loss/recovery case.",CT-027; CT-079,"NATIVE_NOT_RUN; related local fixtures/engine checks are narrower evidence, not satisfaction","Actual protected management transport, independent recovery, native least privilege and the selected state/key service are not supplied by network readback tools.","PROPOSED_ALLOCATION; actual applicability, named authority and evidence assignment pending",RA §6; RA §13,Not selected; explicit scope rationale and authority required before any N/A disposition
MGT-004.A05,MGT-004,"Break-glass access SHALL be separately controlled, strongly authenticated, logged, time-bounded where feasible, and periodically tested.",Bounded access where feasible,Management operations,Approved management/IAM/key/state service and privileged execution boundaries,EXTERNAL_SERVICE_AND_OPERATING_CONTROL_REQUIRED,"Native role/route/key/backend configuration, owner-approved recovery procedure and independently retained audit records — specifically: Bounded access where feasible",docs/current/TAD-infrastructure.md; docs/current/interface-agreements.md,"Observe both authorized use and denied cross-authority access, then exercise the declared loss/recovery case.",CT-027; CT-079,"NATIVE_NOT_RUN; related local fixtures/engine checks are narrower evidence, not satisfaction","Actual protected management transport, independent recovery, native least privilege and the selected state/key service are not supplied by network readback tools.","PROPOSED_ALLOCATION; actual applicability, named authority and evidence assignment pending",RA §6; RA §13,Not selected; explicit scope rationale and authority required before any N/A disposition
MGT-004.A06,MGT-004,"Break-glass access SHALL be separately controlled, strongly authenticated, logged, time-bounded where feasible, and periodically tested.",Periodic actual recovery exercise,Management operations,Approved management/IAM/key/state service and privileged execution boundaries,EXTERNAL_SERVICE_AND_OPERATING_CONTROL_REQUIRED,"Native role/route/key/backend configuration, owner-approved recovery procedure and independently retained audit records — specifically: Periodic actual recovery exercise",docs/current/TAD-infrastructure.md; docs/current/interface-agreements.md,"Observe both authorized use and denied cross-authority access, then exercise the declared loss/recovery case.",CT-027; CT-079,"NATIVE_NOT_RUN; related local fixtures/engine checks are narrower evidence, not satisfaction","Actual protected management transport, independent recovery, native least privilege and the selected state/key service are not supplied by network readback tools.","PROPOSED_ALLOCATION; actual applicability, named authority and evidence assignment pending",RA §6; RA §13,Not selected; explicit scope rationale and authority required before any N/A disposition
MGT-005.A01,MGT-005,"The implementation SHALL document independent MZ semantics, OOB transport dependencies, remote-management boundary and privileged identity controls; tenant-facing APIs SHALL NOT expose infrastructure administration.","Complete source obligation; all applicable clauses must be satisfied: The implementation SHALL document independent MZ semantics, OOB transport dependencies, remote-management boundary and privileged identity controls; tenant-facing APIs SHALL NOT expose infrastructure administration.",Management operations,Approved management/IAM/key/state service and privileged execution boundaries,EXTERNAL_SERVICE_AND_OPERATING_CONTROL_REQUIRED,"Native role/route/key/backend configuration, owner-approved recovery procedure and independently retained audit records — specifically: Complete source obligation; all applicable clauses must be satisfied: The implementation SHALL document independent MZ semantics, OOB transport dependencies, remote-management boundary and privileged identity controls; tenant-facing APIs SHALL NOT expose infrastructure administration.",docs/current/TAD-infrastructure.md; docs/current/interface-agreements.md,"Observe both authorized use and denied cross-authority access, then exercise the declared loss/recovery case.",CT-004; CT-026; CT-055,"NATIVE_NOT_RUN; related local fixtures/engine checks are narrower evidence, not satisfaction","Actual protected management transport, independent recovery, native least privilege and the selected state/key service are not supplied by network readback tools.","PROPOSED_ALLOCATION; actual applicability, named authority and evidence assignment pending",RA §6; RA §13,Not selected; explicit scope rationale and authority required before any N/A disposition
MGT-005.A02,MGT-005,"The implementation SHALL document independent MZ semantics, OOB transport dependencies, remote-management boundary and privileged identity controls; tenant-facing APIs SHALL NOT expose infrastructure administration.",MZ security semantics,Management operations,Approved management/IAM/key/state service and privileged execution boundaries,EXTERNAL_SERVICE_AND_OPERATING_CONTROL_REQUIRED,"Native role/route/key/backend configuration, owner-approved recovery procedure and independently retained audit records — specifically: MZ security semantics",docs/current/TAD-infrastructure.md; docs/current/interface-agreements.md,"Observe both authorized use and denied cross-authority access, then exercise the declared loss/recovery case.",CT-004; CT-026; CT-055,"NATIVE_NOT_RUN; related local fixtures/engine checks are narrower evidence, not satisfaction","Actual protected management transport, independent recovery, native least privilege and the selected state/key service are not supplied by network readback tools.","PROPOSED_ALLOCATION; actual applicability, named authority and evidence assignment pending",RA §6; RA §13,Not selected; explicit scope rationale and authority required before any N/A disposition
MGT-005.A03,MGT-005,"The implementation SHALL document independent MZ semantics, OOB transport dependencies, remote-management boundary and privileged identity controls; tenant-facing APIs SHALL NOT expose infrastructure administration.",Physical/logical OOB dependencies,Management operations,Approved management/IAM/key/state service and privileged execution boundaries,EXTERNAL_SERVICE_AND_OPERATING_CONTROL_REQUIRED,"Native role/route/key/backend configuration, owner-approved recovery procedure and independently retained audit records — specifically: Physical/logical OOB dependencies",docs/current/TAD-infrastructure.md; docs/current/interface-agreements.md,"Observe both authorized use and denied cross-authority access, then exercise the declared loss/recovery case.",CT-004; CT-026; CT-055,"NATIVE_NOT_RUN; related local fixtures/engine checks are narrower evidence, not satisfaction","Actual protected management transport, independent recovery, native least privilege and the selected state/key service are not supplied by network readback tools.","PROPOSED_ALLOCATION; actual applicability, named authority and evidence assignment pending",RA §6; RA §13,Not selected; explicit scope rationale and authority required before any N/A disposition
MGT-005.A04,MGT-005,"The implementation SHALL document independent MZ semantics, OOB transport dependencies, remote-management boundary and privileged identity controls; tenant-facing APIs SHALL NOT expose infrastructure administration.",Remote-management boundary,Management operations,Approved management/IAM/key/state service and privileged execution boundaries,EXTERNAL_SERVICE_AND_OPERATING_CONTROL_REQUIRED,"Native role/route/key/backend configuration, owner-approved recovery procedure and independently retained audit records — specifically: Remote-management boundary",docs/current/TAD-infrastructure.md; docs/current/interface-agreements.md,"Observe both authorized use and denied cross-authority access, then exercise the declared loss/recovery case.",CT-004; CT-026; CT-055,"NATIVE_NOT_RUN; related local fixtures/engine checks are narrower evidence, not satisfaction","Actual protected management transport, independent recovery, native least privilege and the selected state/key service are not supplied by network readback tools.","PROPOSED_ALLOCATION; actual applicability, named authority and evidence assignment pending",RA §6; RA §13,Not selected; explicit scope rationale and authority required before any N/A disposition
MGT-005.A05,MGT-005,"The implementation SHALL document independent MZ semantics, OOB transport dependencies, remote-management boundary and privileged identity controls; tenant-facing APIs SHALL NOT expose infrastructure administration.",Privileged identity control,Management operations,Approved management/IAM/key/state service and privileged execution boundaries,EXTERNAL_SERVICE_AND_OPERATING_CONTROL_REQUIRED,"Native role/route/key/backend configuration, owner-approved recovery procedure and independently retained audit records — specifically: Privileged identity control",docs/current/TAD-infrastructure.md; docs/current/interface-agreements.md,"Observe both authorized use and denied cross-authority access, then exercise the declared loss/recovery case.",CT-004; CT-026; CT-055,"NATIVE_NOT_RUN; related local fixtures/engine checks are narrower evidence, not satisfaction","Actual protected management transport, independent recovery, native least privilege and the selected state/key service are not supplied by network readback tools.","PROPOSED_ALLOCATION; actual applicability, named authority and evidence assignment pending",RA §6; RA §13,Not selected; explicit scope rationale and authority required before any N/A disposition
MGT-005.A06,MGT-005,"The implementation SHALL document independent MZ semantics, OOB transport dependencies, remote-management boundary and privileged identity controls; tenant-facing APIs SHALL NOT expose infrastructure administration.",Tenant-facing interface excludes infrastructure administration,Management operations,Approved management/IAM/key/state service and privileged execution boundaries,EXTERNAL_SERVICE_AND_OPERATING_CONTROL_REQUIRED,"Native role/route/key/backend configuration, owner-approved recovery procedure and independently retained audit records — specifically: Tenant-facing interface excludes infrastructure administration",docs/current/TAD-infrastructure.md; docs/current/interface-agreements.md,"Observe both authorized use and denied cross-authority access, then exercise the declared loss/recovery case.",CT-004; CT-026; CT-055,"NATIVE_NOT_RUN; related local fixtures/engine checks are narrower evidence, not satisfaction","Actual protected management transport, independent recovery, native least privilege and the selected state/key service are not supplied by network readback tools.","PROPOSED_ALLOCATION; actual applicability, named authority and evidence assignment pending",RA §6; RA §13,Not selected; explicit scope rationale and authority required before any N/A disposition
OVL-001.A01,OVL-001,A platform SHALL provide an isolated routing/policy mechanism capable of realizing the Security Domain semantics required by the applicable conformance profile.,Complete source obligation; all applicable clauses must be satisfied: A platform SHALL provide an isolated routing/policy mechanism capable of realizing the Security Domain semantics required by the applicable conformance profile.,Platform engineering,Selected native domain/gateway/mandatory-policy scope plus independently owned EC/SE security edge,CANDIDATE_PARTIAL_NATIVE_CONFIGURATION_WITH_EXTERNAL_EDGE_REQUIRED,Exact accepted native rule/route/attachment configuration and authority record for the assertion; packet/control-plane observations from both sides — specifically: Complete source obligation; all applicable clauses must be satisfied: A platform SHALL provide an isolated routing/policy mechanism capable of realizing the Security Domain semantics required by the applicable conformance profile.,terraform/modules; tools/route_audit.py; docs/NATIVE_READBACK.md,"Use the named CT procedure with healthy endpoints; inspect native connected/distributed alternatives, effective rules and forward/reply behaviour, including relevant failure.",CT-016; CT-018; CT-080,"NATIVE_NOT_RUN; related local fixtures/engine checks are narrower evidence, not satisfaction","A prepared VPC/Tier-1/router, exact static route or readback projection does not implement the entire ZIP, native tenant-role policy, isolation, inspection or HA.","PROPOSED_ALLOCATION; actual applicability, named authority and evidence assignment pending",RA §8,Not selected; explicit scope rationale and authority required before any N/A disposition
OVL-002.A01,OVL-002,Native routing MAY be used within one authorized Security Domain Instance; communication between independent security domains SHALL follow the approved boundary/ZIP realization and its policy.,Complete source obligation; all applicable clauses must be satisfied: Native routing MAY be used within one authorized Security Domain Instance; communication between independent security domains SHALL follow the approved boundary/ZIP realization and its policy.,Platform engineering,Selected native domain/gateway/mandatory-policy scope plus independently owned EC/SE security edge,CANDIDATE_PARTIAL_NATIVE_CONFIGURATION_WITH_EXTERNAL_EDGE_REQUIRED,Exact accepted native rule/route/attachment configuration and authority record for the assertion; packet/control-plane observations from both sides — specifically: Complete source obligation; all applicable clauses must be satisfied: Native routing MAY be used within one authorized Security Domain Instance; communication between independent security domains SHALL follow the approved boundary/ZIP realization and its policy.,terraform/modules; tools/route_audit.py; docs/NATIVE_READBACK.md,"Use the named CT procedure with healthy endpoints; inspect native connected/distributed alternatives, effective rules and forward/reply behaviour, including relevant failure.",CT-003; CT-021; CT-023,"NATIVE_NOT_RUN; related local fixtures/engine checks are narrower evidence, not satisfaction","A prepared VPC/Tier-1/router, exact static route or readback projection does not implement the entire ZIP, native tenant-role policy, isolation, inspection or HA.","PROPOSED_ALLOCATION; actual applicability, named authority and evidence assignment pending",RA §8,Not selected; explicit scope rationale and authority required before any N/A disposition
OVL-002.A02,OVL-002,Native routing MAY be used within one authorized Security Domain Instance; communication between independent security domains SHALL follow the approved boundary/ZIP realization and its policy.,Native routing MAY be used within one authorized Security Domain Instance,Platform engineering,Selected native domain/gateway/mandatory-policy scope plus independently owned EC/SE security edge,CANDIDATE_PARTIAL_NATIVE_CONFIGURATION_WITH_EXTERNAL_EDGE_REQUIRED,Exact accepted native rule/route/attachment configuration and authority record for the assertion; packet/control-plane observations from both sides — specifically: Native routing MAY be used within one authorized Security Domain Instance,terraform/modules; tools/route_audit.py; docs/NATIVE_READBACK.md,"Use the named CT procedure with healthy endpoints; inspect native connected/distributed alternatives, effective rules and forward/reply behaviour, including relevant failure.",CT-003; CT-021; CT-023,"NATIVE_NOT_RUN; related local fixtures/engine checks are narrower evidence, not satisfaction","A prepared VPC/Tier-1/router, exact static route or readback projection does not implement the entire ZIP, native tenant-role policy, isolation, inspection or HA.","PROPOSED_ALLOCATION; actual applicability, named authority and evidence assignment pending",RA §8,Not selected; explicit scope rationale and authority required before any N/A disposition
OVL-002.A03,OVL-002,Native routing MAY be used within one authorized Security Domain Instance; communication between independent security domains SHALL follow the approved boundary/ZIP realization and its policy.,communication between independent security domains SHALL follow the approved boundary/ZIP realization and its policy.,Platform engineering,Selected native domain/gateway/mandatory-policy scope plus independently owned EC/SE security edge,CANDIDATE_PARTIAL_NATIVE_CONFIGURATION_WITH_EXTERNAL_EDGE_REQUIRED,Exact accepted native rule/route/attachment configuration and authority record for the assertion; packet/control-plane observations from both sides — specifically: communication between independent security domains SHALL follow the approved boundary/ZIP realization and its policy.,terraform/modules; tools/route_audit.py; docs/NATIVE_READBACK.md,"Use the named CT procedure with healthy endpoints; inspect native connected/distributed alternatives, effective rules and forward/reply behaviour, including relevant failure.",CT-003; CT-021; CT-023,"NATIVE_NOT_RUN; related local fixtures/engine checks are narrower evidence, not satisfaction","A prepared VPC/Tier-1/router, exact static route or readback projection does not implement the entire ZIP, native tenant-role policy, isolation, inspection or HA.","PROPOSED_ALLOCATION; actual applicability, named authority and evidence assignment pending",RA §8,Not selected; explicit scope rationale and authority required before any N/A disposition
OVL-003.A01,OVL-003,"Before a workload is attached, the adapter SHALL normalize permissive native defaults and enforce the mandatory baseline on all supported NIC, router, gateway and workload-attachment paths.","Complete source obligation; all applicable clauses must be satisfied: Before a workload is attached, the adapter SHALL normalize permissive native defaults and enforce the mandatory baseline on all supported NIC, router, gateway and workload-attachment paths.",Platform engineering,Selected native domain/gateway/mandatory-policy scope plus independently owned EC/SE security edge,CANDIDATE_PARTIAL_NATIVE_CONFIGURATION_WITH_EXTERNAL_EDGE_REQUIRED,"Exact accepted native rule/route/attachment configuration and authority record for the assertion; packet/control-plane observations from both sides — specifically: Complete source obligation; all applicable clauses must be satisfied: Before a workload is attached, the adapter SHALL normalize permissive native defaults and enforce the mandatory baseline on all supported NIC, router, gateway and workload-attachment paths.",terraform/modules; tools/route_audit.py; docs/NATIVE_READBACK.md,"Use the named CT procedure with healthy endpoints; inspect native connected/distributed alternatives, effective rules and forward/reply behaviour, including relevant failure.",CT-022; CT-066; CT-069,"NATIVE_NOT_RUN; related local fixtures/engine checks are narrower evidence, not satisfaction","A prepared VPC/Tier-1/router, exact static route or readback projection does not implement the entire ZIP, native tenant-role policy, isolation, inspection or HA.","PROPOSED_ALLOCATION; actual applicability, named authority and evidence assignment pending",RA §8,Not selected; explicit scope rationale and authority required before any N/A disposition
RTE-001.A01,RTE-001,"Routes, route imports/exports, and BGP adjacencies SHALL be provider-controlled outputs of authorized intent.","Complete source obligation; all applicable clauses must be satisfied: Routes, route imports/exports, and BGP adjacencies SHALL be provider-controlled outputs of authorized intent.",Network engineering,Selected native domain/gateway/mandatory-policy scope plus independently owned EC/SE security edge,CANDIDATE_PARTIAL_NATIVE_CONFIGURATION_WITH_EXTERNAL_EDGE_REQUIRED,"Exact accepted native rule/route/attachment configuration and authority record for the assertion; packet/control-plane observations from both sides — specifically: Complete source obligation; all applicable clauses must be satisfied: Routes, route imports/exports, and BGP adjacencies SHALL be provider-controlled outputs of authorized intent.",terraform/modules; tools/route_audit.py; docs/NATIVE_READBACK.md,"Use the named CT procedure with healthy endpoints; inspect native connected/distributed alternatives, effective rules and forward/reply behaviour, including relevant failure.",CT-009; CT-033,"NATIVE_NOT_RUN; related local fixtures/engine checks are narrower evidence, not satisfaction","A prepared VPC/Tier-1/router, exact static route or readback projection does not implement the entire ZIP, native tenant-role policy, isolation, inspection or HA.","PROPOSED_ALLOCATION; actual applicability, named authority and evidence assignment pending",RA §8; RA §10,Not selected; explicit scope rationale and authority required before any N/A disposition
RTE-002.A01,RTE-002,A generalized shared transit VRF SHALL NOT be used as a default inter-zone routing mechanism.,Complete source obligation; all applicable clauses must be satisfied: A generalized shared transit VRF SHALL NOT be used as a default inter-zone routing mechanism.,Network engineering,Selected native domain/gateway/mandatory-policy scope plus independently owned EC/SE security edge,CANDIDATE_PARTIAL_NATIVE_CONFIGURATION_WITH_EXTERNAL_EDGE_REQUIRED,Exact accepted native rule/route/attachment configuration and authority record for the assertion; packet/control-plane observations from both sides — specifically: Complete source obligation; all applicable clauses must be satisfied: A generalized shared transit VRF SHALL NOT be used as a default inter-zone routing mechanism.,terraform/modules; tools/route_audit.py; docs/NATIVE_READBACK.md,"Use the named CT procedure with healthy endpoints; inspect native connected/distributed alternatives, effective rules and forward/reply behaviour, including relevant failure.",CT-003; CT-009; CT-023,"NATIVE_NOT_RUN; related local fixtures/engine checks are narrower evidence, not satisfaction","A prepared VPC/Tier-1/router, exact static route or readback projection does not implement the entire ZIP, native tenant-role policy, isolation, inspection or HA.","PROPOSED_ALLOCATION; actual applicability, named authority and evidence assignment pending",RA §8; RA §10,Not selected; explicit scope rationale and authority required before any N/A disposition
RTE-003.A01,RTE-003,"Temporary migration or transition routes SHALL have explicit scope, approval, expiry, telemetry, and automated teardown.","Complete source obligation; all applicable clauses must be satisfied: Temporary migration or transition routes SHALL have explicit scope, approval, expiry, telemetry, and automated teardown.",Network engineering,Selected native domain/gateway/mandatory-policy scope plus independently owned EC/SE security edge,CANDIDATE_PARTIAL_NATIVE_CONFIGURATION_WITH_EXTERNAL_EDGE_REQUIRED,"Exact accepted native rule/route/attachment configuration and authority record for the assertion; packet/control-plane observations from both sides — specifically: Complete source obligation; all applicable clauses must be satisfied: Temporary migration or transition routes SHALL have explicit scope, approval, expiry, telemetry, and automated teardown.",terraform/modules; tools/route_audit.py; docs/NATIVE_READBACK.md,"Use the named CT procedure with healthy endpoints; inspect native connected/distributed alternatives, effective rules and forward/reply behaviour, including relevant failure.",CT-009; CT-058; CT-077,"NATIVE_NOT_RUN; related local fixtures/engine checks are narrower evidence, not satisfaction","A prepared VPC/Tier-1/router, exact static route or readback projection does not implement the entire ZIP, native tenant-role policy, isolation, inspection or HA.","PROPOSED_ALLOCATION; actual applicability, named authority and evidence assignment pending",RA §8; RA §10,Not selected; explicit scope rationale and authority required before any N/A disposition
RTE-003.A02,RTE-003,"Temporary migration or transition routes SHALL have explicit scope, approval, expiry, telemetry, and automated teardown.",Route purpose and bounded scope,Network engineering,Selected native domain/gateway/mandatory-policy scope plus independently owned EC/SE security edge,CANDIDATE_PARTIAL_NATIVE_CONFIGURATION_WITH_EXTERNAL_EDGE_REQUIRED,Exact accepted native rule/route/attachment configuration and authority record for the assertion; packet/control-plane observations from both sides — specifically: Route purpose and bounded scope,terraform/modules; tools/route_audit.py; docs/NATIVE_READBACK.md,"Use the named CT procedure with healthy endpoints; inspect native connected/distributed alternatives, effective rules and forward/reply behaviour, including relevant failure.",CT-009; CT-058; CT-077,"NATIVE_NOT_RUN; related local fixtures/engine checks are narrower evidence, not satisfaction","A prepared VPC/Tier-1/router, exact static route or readback projection does not implement the entire ZIP, native tenant-role policy, isolation, inspection or HA.","PROPOSED_ALLOCATION; actual applicability, named authority and evidence assignment pending",RA §8; RA §10,Not selected; explicit scope rationale and authority required before any N/A disposition
RTE-003.A03,RTE-003,"Temporary migration or transition routes SHALL have explicit scope, approval, expiry, telemetry, and automated teardown.",Approval,Network engineering,Selected native domain/gateway/mandatory-policy scope plus independently owned EC/SE security edge,CANDIDATE_PARTIAL_NATIVE_CONFIGURATION_WITH_EXTERNAL_EDGE_REQUIRED,Exact accepted native rule/route/attachment configuration and authority record for the assertion; packet/control-plane observations from both sides — specifically: Approval,terraform/modules; tools/route_audit.py; docs/NATIVE_READBACK.md,"Use the named CT procedure with healthy endpoints; inspect native connected/distributed alternatives, effective rules and forward/reply behaviour, including relevant failure.",CT-009; CT-058; CT-077,"NATIVE_NOT_RUN; related local fixtures/engine checks are narrower evidence, not satisfaction","A prepared VPC/Tier-1/router, exact static route or readback projection does not implement the entire ZIP, native tenant-role policy, isolation, inspection or HA.","PROPOSED_ALLOCATION; actual applicability, named authority and evidence assignment pending",RA §8; RA §10,Not selected; explicit scope rationale and authority required before any N/A disposition
RTE-003.A04,RTE-003,"Temporary migration or transition routes SHALL have explicit scope, approval, expiry, telemetry, and automated teardown.",Expiry,Network engineering,Selected native domain/gateway/mandatory-policy scope plus independently owned EC/SE security edge,CANDIDATE_PARTIAL_NATIVE_CONFIGURATION_WITH_EXTERNAL_EDGE_REQUIRED,Exact accepted native rule/route/attachment configuration and authority record for the assertion; packet/control-plane observations from both sides — specifically: Expiry,terraform/modules; tools/route_audit.py; docs/NATIVE_READBACK.md,"Use the named CT procedure with healthy endpoints; inspect native connected/distributed alternatives, effective rules and forward/reply behaviour, including relevant failure.",CT-009; CT-058; CT-077,"NATIVE_NOT_RUN; related local fixtures/engine checks are narrower evidence, not satisfaction","A prepared VPC/Tier-1/router, exact static route or readback projection does not implement the entire ZIP, native tenant-role policy, isolation, inspection or HA.","PROPOSED_ALLOCATION; actual applicability, named authority and evidence assignment pending",RA §8; RA §10,Not selected; explicit scope rationale and authority required before any N/A disposition
RTE-003.A05,RTE-003,"Temporary migration or transition routes SHALL have explicit scope, approval, expiry, telemetry, and automated teardown.",Telemetry,Network engineering,Selected native domain/gateway/mandatory-policy scope plus independently owned EC/SE security edge,CANDIDATE_PARTIAL_NATIVE_CONFIGURATION_WITH_EXTERNAL_EDGE_REQUIRED,Exact accepted native rule/route/attachment configuration and authority record for the assertion; packet/control-plane observations from both sides — specifically: Telemetry,terraform/modules; tools/route_audit.py; docs/NATIVE_READBACK.md,"Use the named CT procedure with healthy endpoints; inspect native connected/distributed alternatives, effective rules and forward/reply behaviour, including relevant failure.",CT-009; CT-058; CT-077,"NATIVE_NOT_RUN; related local fixtures/engine checks are narrower evidence, not satisfaction","A prepared VPC/Tier-1/router, exact static route or readback projection does not implement the entire ZIP, native tenant-role policy, isolation, inspection or HA.","PROPOSED_ALLOCATION; actual applicability, named authority and evidence assignment pending",RA §8; RA §10,Not selected; explicit scope rationale and authority required before any N/A disposition
RTE-003.A06,RTE-003,"Temporary migration or transition routes SHALL have explicit scope, approval, expiry, telemetry, and automated teardown.",Teardown of expired transitional path,Network engineering,Selected native domain/gateway/mandatory-policy scope plus independently owned EC/SE security edge,CANDIDATE_PARTIAL_NATIVE_CONFIGURATION_WITH_EXTERNAL_EDGE_REQUIRED,Exact accepted native rule/route/attachment configuration and authority record for the assertion; packet/control-plane observations from both sides — specifically: Teardown of expired transitional path,terraform/modules; tools/route_audit.py; docs/NATIVE_READBACK.md,"Use the named CT procedure with healthy endpoints; inspect native connected/distributed alternatives, effective rules and forward/reply behaviour, including relevant failure.",CT-009; CT-058; CT-077,"NATIVE_NOT_RUN; related local fixtures/engine checks are narrower evidence, not satisfaction","A prepared VPC/Tier-1/router, exact static route or readback projection does not implement the entire ZIP, native tenant-role policy, isolation, inspection or HA.","PROPOSED_ALLOCATION; actual applicability, named authority and evidence assignment pending",RA §8; RA §10,Not selected; explicit scope rationale and authority required before any N/A disposition
RTE-004.A01,RTE-004,"Route compilation SHALL validate connected routes, recursive next hops, summaries, NAT/PBR interactions and all enabled address families; realized forwarding SHALL be compared with the approved graph before exposure.","Complete source obligation; all applicable clauses must be satisfied: Route compilation SHALL validate connected routes, recursive next hops, summaries, NAT/PBR interactions and all enabled address families; realized forwarding SHALL be compared with the approved graph before exposure.",Network engineering,Selected native domain/gateway/mandatory-policy scope plus independently owned EC/SE security edge,CANDIDATE_PARTIAL_NATIVE_CONFIGURATION_WITH_EXTERNAL_EDGE_REQUIRED,"Exact accepted native rule/route/attachment configuration and authority record for the assertion; packet/control-plane observations from both sides — specifically: Complete source obligation; all applicable clauses must be satisfied: Route compilation SHALL validate connected routes, recursive next hops, summaries, NAT/PBR interactions and all enabled address families; realized forwarding SHALL be compared with the approved graph before exposure.",terraform/modules; tools/route_audit.py; docs/NATIVE_READBACK.md,"Use the named CT procedure with healthy endpoints; inspect native connected/distributed alternatives, effective rules and forward/reply behaviour, including relevant failure.",CT-009; CT-023; CT-024; CT-031,"NATIVE_NOT_RUN; related local fixtures/engine checks are narrower evidence, not satisfaction","A prepared VPC/Tier-1/router, exact static route or readback projection does not implement the entire ZIP, native tenant-role policy, isolation, inspection or HA.","PROPOSED_ALLOCATION; actual applicability, named authority and evidence assignment pending",RA §8; RA §10,Not selected; explicit scope rationale and authority required before any N/A disposition
RTE-004.A02,RTE-004,"Route compilation SHALL validate connected routes, recursive next hops, summaries, NAT/PBR interactions and all enabled address families; realized forwarding SHALL be compared with the approved graph before exposure.",Native connected routes,Network engineering,Selected native domain/gateway/mandatory-policy scope plus independently owned EC/SE security edge,CANDIDATE_PARTIAL_NATIVE_CONFIGURATION_WITH_EXTERNAL_EDGE_REQUIRED,Exact accepted native rule/route/attachment configuration and authority record for the assertion; packet/control-plane observations from both sides — specifically: Native connected routes,terraform/modules; tools/route_audit.py; docs/NATIVE_READBACK.md,"Use the named CT procedure with healthy endpoints; inspect native connected/distributed alternatives, effective rules and forward/reply behaviour, including relevant failure.",CT-009; CT-023; CT-024; CT-031,"NATIVE_NOT_RUN; related local fixtures/engine checks are narrower evidence, not satisfaction","A prepared VPC/Tier-1/router, exact static route or readback projection does not implement the entire ZIP, native tenant-role policy, isolation, inspection or HA.","PROPOSED_ALLOCATION; actual applicability, named authority and evidence assignment pending",RA §8; RA §10,Not selected; explicit scope rationale and authority required before any N/A disposition
RTE-004.A03,RTE-004,"Route compilation SHALL validate connected routes, recursive next hops, summaries, NAT/PBR interactions and all enabled address families; realized forwarding SHALL be compared with the approved graph before exposure.",Recursive next-hop resolution,Network engineering,Selected native domain/gateway/mandatory-policy scope plus independently owned EC/SE security edge,CANDIDATE_PARTIAL_NATIVE_CONFIGURATION_WITH_EXTERNAL_EDGE_REQUIRED,Exact accepted native rule/route/attachment configuration and authority record for the assertion; packet/control-plane observations from both sides — specifically: Recursive next-hop resolution,terraform/modules; tools/route_audit.py; docs/NATIVE_READBACK.md,"Use the named CT procedure with healthy endpoints; inspect native connected/distributed alternatives, effective rules and forward/reply behaviour, including relevant failure.",CT-009; CT-023; CT-024; CT-031,"NATIVE_NOT_RUN; related local fixtures/engine checks are narrower evidence, not satisfaction","A prepared VPC/Tier-1/router, exact static route or readback projection does not implement the entire ZIP, native tenant-role policy, isolation, inspection or HA.","PROPOSED_ALLOCATION; actual applicability, named authority and evidence assignment pending",RA §8; RA §10,Not selected; explicit scope rationale and authority required before any N/A disposition
RTE-004.A04,RTE-004,"Route compilation SHALL validate connected routes, recursive next hops, summaries, NAT/PBR interactions and all enabled address families; realized forwarding SHALL be compared with the approved graph before exposure.",Summaries,Network engineering,Selected native domain/gateway/mandatory-policy scope plus independently owned EC/SE security edge,CANDIDATE_PARTIAL_NATIVE_CONFIGURATION_WITH_EXTERNAL_EDGE_REQUIRED,Exact accepted native rule/route/attachment configuration and authority record for the assertion; packet/control-plane observations from both sides — specifically: Summaries,terraform/modules; tools/route_audit.py; docs/NATIVE_READBACK.md,"Use the named CT procedure with healthy endpoints; inspect native connected/distributed alternatives, effective rules and forward/reply behaviour, including relevant failure.",CT-009; CT-023; CT-024; CT-031,"NATIVE_NOT_RUN; related local fixtures/engine checks are narrower evidence, not satisfaction","A prepared VPC/Tier-1/router, exact static route or readback projection does not implement the entire ZIP, native tenant-role policy, isolation, inspection or HA.","PROPOSED_ALLOCATION; actual applicability, named authority and evidence assignment pending",RA §8; RA §10,Not selected; explicit scope rationale and authority required before any N/A disposition
RTE-004.A05,RTE-004,"Route compilation SHALL validate connected routes, recursive next hops, summaries, NAT/PBR interactions and all enabled address families; realized forwarding SHALL be compared with the approved graph before exposure.",NAT interaction,Network engineering,Selected native domain/gateway/mandatory-policy scope plus independently owned EC/SE security edge,CANDIDATE_PARTIAL_NATIVE_CONFIGURATION_WITH_EXTERNAL_EDGE_REQUIRED,Exact accepted native rule/route/attachment configuration and authority record for the assertion; packet/control-plane observations from both sides — specifically: NAT interaction,terraform/modules; tools/route_audit.py; docs/NATIVE_READBACK.md,"Use the named CT procedure with healthy endpoints; inspect native connected/distributed alternatives, effective rules and forward/reply behaviour, including relevant failure.",CT-009; CT-023; CT-024; CT-031,"NATIVE_NOT_RUN; related local fixtures/engine checks are narrower evidence, not satisfaction","A prepared VPC/Tier-1/router, exact static route or readback projection does not implement the entire ZIP, native tenant-role policy, isolation, inspection or HA.","PROPOSED_ALLOCATION; actual applicability, named authority and evidence assignment pending",RA §8; RA §10,Not selected; explicit scope rationale and authority required before any N/A disposition
RTE-004.A06,RTE-004,"Route compilation SHALL validate connected routes, recursive next hops, summaries, NAT/PBR interactions and all enabled address families; realized forwarding SHALL be compared with the approved graph before exposure.",Policy-based routing interaction,Network engineering,Selected native domain/gateway/mandatory-policy scope plus independently owned EC/SE security edge,CANDIDATE_PARTIAL_NATIVE_CONFIGURATION_WITH_EXTERNAL_EDGE_REQUIRED,Exact accepted native rule/route/attachment configuration and authority record for the assertion; packet/control-plane observations from both sides — specifically: Policy-based routing interaction,terraform/modules; tools/route_audit.py; docs/NATIVE_READBACK.md,"Use the named CT procedure with healthy endpoints; inspect native connected/distributed alternatives, effective rules and forward/reply behaviour, including relevant failure.",CT-009; CT-023; CT-024; CT-031,"NATIVE_NOT_RUN; related local fixtures/engine checks are narrower evidence, not satisfaction","A prepared VPC/Tier-1/router, exact static route or readback projection does not implement the entire ZIP, native tenant-role policy, isolation, inspection or HA.","PROPOSED_ALLOCATION; actual applicability, named authority and evidence assignment pending",RA §8; RA §10,Not selected; explicit scope rationale and authority required before any N/A disposition
RTE-004.A07,RTE-004,"Route compilation SHALL validate connected routes, recursive next hops, summaries, NAT/PBR interactions and all enabled address families; realized forwarding SHALL be compared with the approved graph before exposure.",Every offered address family,Network engineering,Selected native domain/gateway/mandatory-policy scope plus independently owned EC/SE security edge,CANDIDATE_PARTIAL_NATIVE_CONFIGURATION_WITH_EXTERNAL_EDGE_REQUIRED,Exact accepted native rule/route/attachment configuration and authority record for the assertion; packet/control-plane observations from both sides — specifically: Every offered address family,terraform/modules; tools/route_audit.py; docs/NATIVE_READBACK.md,"Use the named CT procedure with healthy endpoints; inspect native connected/distributed alternatives, effective rules and forward/reply behaviour, including relevant failure.",CT-009; CT-023; CT-024; CT-031,"NATIVE_NOT_RUN; related local fixtures/engine checks are narrower evidence, not satisfaction","A prepared VPC/Tier-1/router, exact static route or readback projection does not implement the entire ZIP, native tenant-role policy, isolation, inspection or HA.","PROPOSED_ALLOCATION; actual applicability, named authority and evidence assignment pending",RA §8; RA §10,Not selected; explicit scope rationale and authority required before any N/A disposition
RTE-004.A08,RTE-004,"Route compilation SHALL validate connected routes, recursive next hops, summaries, NAT/PBR interactions and all enabled address families; realized forwarding SHALL be compared with the approved graph before exposure.",Realized forwarding agrees with approved topology before exposure,Network engineering,Selected native domain/gateway/mandatory-policy scope plus independently owned EC/SE security edge,CANDIDATE_PARTIAL_NATIVE_CONFIGURATION_WITH_EXTERNAL_EDGE_REQUIRED,Exact accepted native rule/route/attachment configuration and authority record for the assertion; packet/control-plane observations from both sides — specifically: Realized forwarding agrees with approved topology before exposure,terraform/modules; tools/route_audit.py; docs/NATIVE_READBACK.md,"Use the named CT procedure with healthy endpoints; inspect native connected/distributed alternatives, effective rules and forward/reply behaviour, including relevant failure.",CT-009; CT-023; CT-024; CT-031,"NATIVE_NOT_RUN; related local fixtures/engine checks are narrower evidence, not satisfaction","A prepared VPC/Tier-1/router, exact static route or readback projection does not implement the entire ZIP, native tenant-role policy, isolation, inspection or HA.","PROPOSED_ALLOCATION; actual applicability, named authority and evidence assignment pending",RA §8; RA §10,Not selected; explicit scope rationale and authority required before any N/A disposition
IPAM-001.A01,IPAM-001,Every managed network SHALL have an authoritative IPAM record and owner.,Complete source obligation; all applicable clauses must be satisfied: Every managed network SHALL have an authoritative IPAM record and owner.,Network engineering,Authoritative IPAM/name registry and explicitly scoped provider service endpoints,EXTERNAL_AUTHORITATIVE_SERVICE_WITH_CANDIDATE_DNS_INTEGRATION,"Accepted service binding, resource entitlement, authoritative allocation/TTL/retention record and native API/transport ACL — specifically: Complete source obligation; all applicable clauses must be satisfied: Every managed network SHALL have an authoritative IPAM record and owner.",tools/dns_change.py; docs/DNS_LIFECYCLE.md; docs/current/interface-agreements.md,"Observe exact permitted resource/operation and denied foreign/admin access; verify each origin-specific reply, lifecycle and service-loss behaviour.",CT-029; CT-030,"NATIVE_NOT_RUN; related local fixtures/engine checks are narrower evidence, not satisfaction","The DNS client is not an IPAM allocator or production DNS authority; actual server ACLs, secondary/cache propagation and other service integrations remain required.","PROPOSED_ALLOCATION; actual applicability, named authority and evidence assignment pending",RA §10,Not selected; explicit scope rationale and authority required before any N/A disposition
IPAM-002.A01,IPAM-002,"Overlapping address space SHALL be an explicit exception or migration pattern, not the standard tenancy model.","Complete source obligation; all applicable clauses must be satisfied: Overlapping address space SHALL be an explicit exception or migration pattern, not the standard tenancy model.",Network engineering,Authoritative IPAM/name registry and explicitly scoped provider service endpoints,EXTERNAL_AUTHORITATIVE_SERVICE_WITH_CANDIDATE_DNS_INTEGRATION,"Accepted service binding, resource entitlement, authoritative allocation/TTL/retention record and native API/transport ACL — specifically: Complete source obligation; all applicable clauses must be satisfied: Overlapping address space SHALL be an explicit exception or migration pattern, not the standard tenancy model.",tools/dns_change.py; docs/DNS_LIFECYCLE.md; docs/current/interface-agreements.md,"Observe exact permitted resource/operation and denied foreign/admin access; verify each origin-specific reply, lifecycle and service-loss behaviour.",CT-029; CT-061,"NATIVE_NOT_RUN; related local fixtures/engine checks are narrower evidence, not satisfaction","The DNS client is not an IPAM allocator or production DNS authority; actual server ACLs, secondary/cache propagation and other service integrations remain required.","PROPOSED_ALLOCATION; actual applicability, named authority and evidence assignment pending",RA §10,Not selected; explicit scope rationale and authority required before any N/A disposition
IPAM-003.A01,IPAM-003,"Address release SHOULD include quarantine/reuse controls appropriate to DNS, logging, firewall state, and incident-response requirements.","Complete source obligation; all applicable clauses must be satisfied: Address release SHOULD include quarantine/reuse controls appropriate to DNS, logging, firewall state, and incident-response requirements.",Network engineering,Authoritative IPAM/name registry and explicitly scoped provider service endpoints,EXTERNAL_AUTHORITATIVE_SERVICE_WITH_CANDIDATE_DNS_INTEGRATION,"Accepted service binding, resource entitlement, authoritative allocation/TTL/retention record and native API/transport ACL — specifically: Complete source obligation; all applicable clauses must be satisfied: Address release SHOULD include quarantine/reuse controls appropriate to DNS, logging, firewall state, and incident-response requirements.",tools/dns_change.py; docs/DNS_LIFECYCLE.md; docs/current/interface-agreements.md,"Observe exact permitted resource/operation and denied foreign/admin access; verify each origin-specific reply, lifecycle and service-loss behaviour.",CT-013; CT-030,"NATIVE_NOT_RUN; related local fixtures/engine checks are narrower evidence, not satisfaction","The DNS client is not an IPAM allocator or production DNS authority; actual server ACLs, secondary/cache propagation and other service integrations remain required.","PROPOSED_ALLOCATION; actual applicability, named authority and evidence assignment pending",RA §10,Not selected; explicit scope rationale and authority required before any N/A disposition
IPAM-004.A01,IPAM-004,"Address allocation, DNS/DHCP registration and release SHALL use idempotent operation identities, conflict detection and a dependency-aware quarantine policy; IPAM failure SHALL NOT cause guessed allocations.","Complete source obligation; all applicable clauses must be satisfied: Address allocation, DNS/DHCP registration and release SHALL use idempotent operation identities, conflict detection and a dependency-aware quarantine policy; IPAM failure SHALL NOT cause guessed allocations.",Automation platform,Authoritative IPAM/name registry and explicitly scoped provider service endpoints,EXTERNAL_AUTHORITATIVE_SERVICE_WITH_CANDIDATE_DNS_INTEGRATION,"Accepted service binding, resource entitlement, authoritative allocation/TTL/retention record and native API/transport ACL — specifically: Complete source obligation; all applicable clauses must be satisfied: Address allocation, DNS/DHCP registration and release SHALL use idempotent operation identities, conflict detection and a dependency-aware quarantine policy; IPAM failure SHALL NOT cause guessed allocations.",tools/dns_change.py; docs/DNS_LIFECYCLE.md; docs/current/interface-agreements.md,"Observe exact permitted resource/operation and denied foreign/admin access; verify each origin-specific reply, lifecycle and service-loss behaviour.",CT-029; CT-030; CT-045; CT-046,"NATIVE_NOT_RUN; related local fixtures/engine checks are narrower evidence, not satisfaction","The DNS client is not an IPAM allocator or production DNS authority; actual server ACLs, secondary/cache propagation and other service integrations remain required.","PROPOSED_ALLOCATION; actual applicability, named authority and evidence assignment pending",RA §10,Not selected; explicit scope rationale and authority required before any N/A disposition
IPAM-004.A02,IPAM-004,"Address allocation, DNS/DHCP registration and release SHALL use idempotent operation identities, conflict detection and a dependency-aware quarantine policy; IPAM failure SHALL NOT cause guessed allocations.",Allocation authority and delegated scope,Automation platform,Authoritative IPAM/name registry and explicitly scoped provider service endpoints,EXTERNAL_AUTHORITATIVE_SERVICE_WITH_CANDIDATE_DNS_INTEGRATION,"Accepted service binding, resource entitlement, authoritative allocation/TTL/retention record and native API/transport ACL — specifically: Allocation authority and delegated scope",tools/dns_change.py; docs/DNS_LIFECYCLE.md; docs/current/interface-agreements.md,"Observe exact permitted resource/operation and denied foreign/admin access; verify each origin-specific reply, lifecycle and service-loss behaviour.",CT-029; CT-030; CT-045; CT-046,"NATIVE_NOT_RUN; related local fixtures/engine checks are narrower evidence, not satisfaction","The DNS client is not an IPAM allocator or production DNS authority; actual server ACLs, secondary/cache propagation and other service integrations remain required.","PROPOSED_ALLOCATION; actual applicability, named authority and evidence assignment pending",RA §10,Not selected; explicit scope rationale and authority required before any N/A disposition
IPAM-004.A03,IPAM-004,"Address allocation, DNS/DHCP registration and release SHALL use idempotent operation identities, conflict detection and a dependency-aware quarantine policy; IPAM failure SHALL NOT cause guessed allocations.",Address lifecycle reconciled with native resource,Automation platform,Authoritative IPAM/name registry and explicitly scoped provider service endpoints,EXTERNAL_AUTHORITATIVE_SERVICE_WITH_CANDIDATE_DNS_INTEGRATION,"Accepted service binding, resource entitlement, authoritative allocation/TTL/retention record and native API/transport ACL — specifically: Address lifecycle reconciled with native resource",tools/dns_change.py; docs/DNS_LIFECYCLE.md; docs/current/interface-agreements.md,"Observe exact permitted resource/operation and denied foreign/admin access; verify each origin-specific reply, lifecycle and service-loss behaviour.",CT-029; CT-030; CT-045; CT-046,"NATIVE_NOT_RUN; related local fixtures/engine checks are narrower evidence, not satisfaction","The DNS client is not an IPAM allocator or production DNS authority; actual server ACLs, secondary/cache propagation and other service integrations remain required.","PROPOSED_ALLOCATION; actual applicability, named authority and evidence assignment pending",RA §10,Not selected; explicit scope rationale and authority required before any N/A disposition
IPAM-004.A04,IPAM-004,"Address allocation, DNS/DHCP registration and release SHALL use idempotent operation identities, conflict detection and a dependency-aware quarantine policy; IPAM failure SHALL NOT cause guessed allocations.",DNS and address state reconciled,Automation platform,Authoritative IPAM/name registry and explicitly scoped provider service endpoints,EXTERNAL_AUTHORITATIVE_SERVICE_WITH_CANDIDATE_DNS_INTEGRATION,"Accepted service binding, resource entitlement, authoritative allocation/TTL/retention record and native API/transport ACL — specifically: DNS and address state reconciled",tools/dns_change.py; docs/DNS_LIFECYCLE.md; docs/current/interface-agreements.md,"Observe exact permitted resource/operation and denied foreign/admin access; verify each origin-specific reply, lifecycle and service-loss behaviour.",CT-029; CT-030; CT-045; CT-046,"NATIVE_NOT_RUN; related local fixtures/engine checks are narrower evidence, not satisfaction","The DNS client is not an IPAM allocator or production DNS authority; actual server ACLs, secondary/cache propagation and other service integrations remain required.","PROPOSED_ALLOCATION; actual applicability, named authority and evidence assignment pending",RA §10,Not selected; explicit scope rationale and authority required before any N/A disposition
IPAM-004.A05,IPAM-004,"Address allocation, DNS/DHCP registration and release SHALL use idempotent operation identities, conflict detection and a dependency-aware quarantine policy; IPAM failure SHALL NOT cause guessed allocations.",No orphan release or duplicate allocation,Automation platform,Authoritative IPAM/name registry and explicitly scoped provider service endpoints,EXTERNAL_AUTHORITATIVE_SERVICE_WITH_CANDIDATE_DNS_INTEGRATION,"Accepted service binding, resource entitlement, authoritative allocation/TTL/retention record and native API/transport ACL — specifically: No orphan release or duplicate allocation",tools/dns_change.py; docs/DNS_LIFECYCLE.md; docs/current/interface-agreements.md,"Observe exact permitted resource/operation and denied foreign/admin access; verify each origin-specific reply, lifecycle and service-loss behaviour.",CT-029; CT-030; CT-045; CT-046,"NATIVE_NOT_RUN; related local fixtures/engine checks are narrower evidence, not satisfaction","The DNS client is not an IPAM allocator or production DNS authority; actual server ACLs, secondary/cache propagation and other service integrations remain required.","PROPOSED_ALLOCATION; actual applicability, named authority and evidence assignment pending",RA §10,Not selected; explicit scope rationale and authority required before any N/A disposition
IPV6-001.A01,IPV6-001,"Security semantics SHALL be equivalent across IPv4 and IPv6 unless an explicit, approved protocol-specific exception exists.","Complete source obligation; all applicable clauses must be satisfied: Security semantics SHALL be equivalent across IPv4 and IPv6 unless an explicit, approved protocol-specific exception exists.",Network engineering,"Physical/overlay transport, site routing, OOB and actual address-family paths",EXTERNAL_NATIVE_FABRIC_AND_SITE_ENGINEERING_REQUIRED,"Accepted physical LLD, route/port/MTU/failure schedule and native configuration from the selected network owner — specifically: Complete source obligation; all applicable clauses must be satisfied: Security semantics SHALL be equivalent across IPv4 and IPv6 unless an explicit, approved protocol-specific exception exists.",docs/current/TAD-infrastructure.md; docs/current/interface-agreements.md; tools/route_audit.py,"Inspect real route imports, port/overlay ownership, packet sizes and positive/negative paths for every offered family and declared failure.",CT-002; CT-031; CT-032,"NATIVE_NOT_RUN; related local fixtures/engine checks are narrower evidence, not satisfaction",Offline models and IPv6 loopback/AAAA checks are not a routed native IPv6 or physical-fabric implementation.,"PROPOSED_ALLOCATION; actual applicability, named authority and evidence assignment pending",RA §10,Not selected; explicit scope rationale and authority required before any N/A disposition
IPV6-002.A01,IPV6-002,Conformance testing SHALL include IPv6 negative-path tests before a platform is certified for dual-stack service.,Complete source obligation; all applicable clauses must be satisfied: Conformance testing SHALL include IPv6 negative-path tests before a platform is certified for dual-stack service.,Platform engineering,"Physical/overlay transport, site routing, OOB and actual address-family paths",EXTERNAL_NATIVE_FABRIC_AND_SITE_ENGINEERING_REQUIRED,"Accepted physical LLD, route/port/MTU/failure schedule and native configuration from the selected network owner — specifically: Complete source obligation; all applicable clauses must be satisfied: Conformance testing SHALL include IPv6 negative-path tests before a platform is certified for dual-stack service.",docs/current/TAD-infrastructure.md; docs/current/interface-agreements.md; tools/route_audit.py,"Inspect real route imports, port/overlay ownership, packet sizes and positive/negative paths for every offered family and declared failure.",CT-002; CT-003; CT-031,"NATIVE_NOT_RUN; related local fixtures/engine checks are narrower evidence, not satisfaction",Offline models and IPv6 loopback/AAAA checks are not a routed native IPv6 or physical-fabric implementation.,"PROPOSED_ALLOCATION; actual applicability, named authority and evidence assignment pending",RA §10,Not selected; explicit scope rationale and authority required before any N/A disposition
IPV6-003.A01,IPV6-003,"Every offered address-family mode SHALL define local protocol controls, ICMPv6/PMTU treatment, transition-path restrictions and complete service/recovery dependencies; unsupported family combinations SHALL be rejected.","Complete source obligation; all applicable clauses must be satisfied: Every offered address-family mode SHALL define local protocol controls, ICMPv6/PMTU treatment, transition-path restrictions and complete service/recovery dependencies; unsupported family combinations SHALL be rejected.",Network engineering,"Physical/overlay transport, site routing, OOB and actual address-family paths",EXTERNAL_NATIVE_FABRIC_AND_SITE_ENGINEERING_REQUIRED,"Accepted physical LLD, route/port/MTU/failure schedule and native configuration from the selected network owner — specifically: Complete source obligation; all applicable clauses must be satisfied: Every offered address-family mode SHALL define local protocol controls, ICMPv6/PMTU treatment, transition-path restrictions and complete service/recovery dependencies; unsupported family combinations SHALL be rejected.",docs/current/TAD-infrastructure.md; docs/current/interface-agreements.md; tools/route_audit.py,"Inspect real route imports, port/overlay ownership, packet sizes and positive/negative paths for every offered family and declared failure.",CT-018; CT-031; CT-032,"NATIVE_NOT_RUN; related local fixtures/engine checks are narrower evidence, not satisfaction",Offline models and IPv6 loopback/AAAA checks are not a routed native IPv6 or physical-fabric implementation.,"PROPOSED_ALLOCATION; actual applicability, named authority and evidence assignment pending",RA §10,Not selected; explicit scope rationale and authority required before any N/A disposition
IPV6-003.A02,IPV6-003,"Every offered address-family mode SHALL define local protocol controls, ICMPv6/PMTU treatment, transition-path restrictions and complete service/recovery dependencies; unsupported family combinations SHALL be rejected.","Every offered address-family mode SHALL define local protocol controls, ICMPv6/PMTU treatment, transition-path restrictions and complete service/recovery dependencies",Network engineering,"Physical/overlay transport, site routing, OOB and actual address-family paths",EXTERNAL_NATIVE_FABRIC_AND_SITE_ENGINEERING_REQUIRED,"Accepted physical LLD, route/port/MTU/failure schedule and native configuration from the selected network owner — specifically: Every offered address-family mode SHALL define local protocol controls, ICMPv6/PMTU treatment, transition-path restrictions and complete service/recovery dependencies",docs/current/TAD-infrastructure.md; docs/current/interface-agreements.md; tools/route_audit.py,"Inspect real route imports, port/overlay ownership, packet sizes and positive/negative paths for every offered family and declared failure.",CT-018; CT-031; CT-032,"NATIVE_NOT_RUN; related local fixtures/engine checks are narrower evidence, not satisfaction",Offline models and IPv6 loopback/AAAA checks are not a routed native IPv6 or physical-fabric implementation.,"PROPOSED_ALLOCATION; actual applicability, named authority and evidence assignment pending",RA §10,Not selected; explicit scope rationale and authority required before any N/A disposition
IPV6-003.A03,IPV6-003,"Every offered address-family mode SHALL define local protocol controls, ICMPv6/PMTU treatment, transition-path restrictions and complete service/recovery dependencies; unsupported family combinations SHALL be rejected.",unsupported family combinations SHALL be rejected.,Network engineering,"Physical/overlay transport, site routing, OOB and actual address-family paths",EXTERNAL_NATIVE_FABRIC_AND_SITE_ENGINEERING_REQUIRED,"Accepted physical LLD, route/port/MTU/failure schedule and native configuration from the selected network owner — specifically: unsupported family combinations SHALL be rejected.",docs/current/TAD-infrastructure.md; docs/current/interface-agreements.md; tools/route_audit.py,"Inspect real route imports, port/overlay ownership, packet sizes and positive/negative paths for every offered family and declared failure.",CT-018; CT-031; CT-032,"NATIVE_NOT_RUN; related local fixtures/engine checks are narrower evidence, not satisfaction",Offline models and IPv6 loopback/AAAA checks are not a routed native IPv6 or physical-fabric implementation.,"PROPOSED_ALLOCATION; actual applicability, named authority and evidence assignment pending",RA §10,Not selected; explicit scope rationale and authority required before any N/A disposition
SVC-001.A01,SVC-001,Consumers SHALL NOT receive broad routing to a shared-services supernet solely because they consume one shared service.,Complete source obligation; all applicable clauses must be satisfied: Consumers SHALL NOT receive broad routing to a shared-services supernet solely because they consume one shared service.,Service operations,Authoritative IPAM/name registry and explicitly scoped provider service endpoints,EXTERNAL_AUTHORITATIVE_SERVICE_WITH_CANDIDATE_DNS_INTEGRATION,"Accepted service binding, resource entitlement, authoritative allocation/TTL/retention record and native API/transport ACL — specifically: Complete source obligation; all applicable clauses must be satisfied: Consumers SHALL NOT receive broad routing to a shared-services supernet solely because they consume one shared service.",tools/dns_change.py; docs/DNS_LIFECYCLE.md; docs/current/interface-agreements.md,"Observe exact permitted resource/operation and denied foreign/admin access; verify each origin-specific reply, lifecycle and service-loss behaviour.",CT-008; CT-037,"NATIVE_NOT_RUN; related local fixtures/engine checks are narrower evidence, not satisfaction","The DNS client is not an IPAM allocator or production DNS authority; actual server ACLs, secondary/cache propagation and other service integrations remain required.","PROPOSED_ALLOCATION; actual applicability, named authority and evidence assignment pending",RA §9,Not selected; explicit scope rationale and authority required before any N/A disposition
SVC-002.A01,SVC-002,"Where useful, shared services SHOULD expose zone-aligned endpoints so that consumption does not force unnecessary cross-zone routing.","Complete source obligation; all applicable clauses must be satisfied: Where useful, shared services SHOULD expose zone-aligned endpoints so that consumption does not force unnecessary cross-zone routing.",Service operations,Authoritative IPAM/name registry and explicitly scoped provider service endpoints,EXTERNAL_AUTHORITATIVE_SERVICE_WITH_CANDIDATE_DNS_INTEGRATION,"Accepted service binding, resource entitlement, authoritative allocation/TTL/retention record and native API/transport ACL — specifically: Complete source obligation; all applicable clauses must be satisfied: Where useful, shared services SHOULD expose zone-aligned endpoints so that consumption does not force unnecessary cross-zone routing.",tools/dns_change.py; docs/DNS_LIFECYCLE.md; docs/current/interface-agreements.md,"Observe exact permitted resource/operation and denied foreign/admin access; verify each origin-specific reply, lifecycle and service-loss behaviour.",CT-008; CT-025,"NATIVE_NOT_RUN; related local fixtures/engine checks are narrower evidence, not satisfaction","The DNS client is not an IPAM allocator or production DNS authority; actual server ACLs, secondary/cache propagation and other service integrations remain required.","PROPOSED_ALLOCATION; actual applicability, named authority and evidence assignment pending",RA §9,Not selected; explicit scope rationale and authority required before any N/A disposition
SVC-003.A01,SVC-003,"Each ServiceProfile SHALL define direction, endpoint identity, authentication, allowed scope, availability, failure behavior and management separation; bindings SHALL be revoked when their entitlement or service version expires.","Complete source obligation; all applicable clauses must be satisfied: Each ServiceProfile SHALL define direction, endpoint identity, authentication, allowed scope, availability, failure behavior and management separation; bindings SHALL be revoked when their entitlement or service version expires.",Service operations,Authoritative IPAM/name registry and explicitly scoped provider service endpoints,EXTERNAL_AUTHORITATIVE_SERVICE_WITH_CANDIDATE_DNS_INTEGRATION,"Accepted service binding, resource entitlement, authoritative allocation/TTL/retention record and native API/transport ACL — specifically: Complete source obligation; all applicable clauses must be satisfied: Each ServiceProfile SHALL define direction, endpoint identity, authentication, allowed scope, availability, failure behavior and management separation; bindings SHALL be revoked when their entitlement or service version expires.",tools/dns_change.py; docs/DNS_LIFECYCLE.md; docs/current/interface-agreements.md,"Observe exact permitted resource/operation and denied foreign/admin access; verify each origin-specific reply, lifecycle and service-loss behaviour.",CT-008; CT-028; CT-077,"NATIVE_NOT_RUN; related local fixtures/engine checks are narrower evidence, not satisfaction","The DNS client is not an IPAM allocator or production DNS authority; actual server ACLs, secondary/cache propagation and other service integrations remain required.","PROPOSED_ALLOCATION; actual applicability, named authority and evidence assignment pending",RA §9,Not selected; explicit scope rationale and authority required before any N/A disposition
SVC-003.A02,SVC-003,"Each ServiceProfile SHALL define direction, endpoint identity, authentication, allowed scope, availability, failure behavior and management separation; bindings SHALL be revoked when their entitlement or service version expires.","Each ServiceProfile SHALL define direction, endpoint identity, authentication, allowed scope, availability, failure behavior and management separation",Service operations,Authoritative IPAM/name registry and explicitly scoped provider service endpoints,EXTERNAL_AUTHORITATIVE_SERVICE_WITH_CANDIDATE_DNS_INTEGRATION,"Accepted service binding, resource entitlement, authoritative allocation/TTL/retention record and native API/transport ACL — specifically: Each ServiceProfile SHALL define direction, endpoint identity, authentication, allowed scope, availability, failure behavior and management separation",tools/dns_change.py; docs/DNS_LIFECYCLE.md; docs/current/interface-agreements.md,"Observe exact permitted resource/operation and denied foreign/admin access; verify each origin-specific reply, lifecycle and service-loss behaviour.",CT-008; CT-028; CT-077,"NATIVE_NOT_RUN; related local fixtures/engine checks are narrower evidence, not satisfaction","The DNS client is not an IPAM allocator or production DNS authority; actual server ACLs, secondary/cache propagation and other service integrations remain required.","PROPOSED_ALLOCATION; actual applicability, named authority and evidence assignment pending",RA §9,Not selected; explicit scope rationale and authority required before any N/A disposition
SVC-003.A03,SVC-003,"Each ServiceProfile SHALL define direction, endpoint identity, authentication, allowed scope, availability, failure behavior and management separation; bindings SHALL be revoked when their entitlement or service version expires.",bindings SHALL be revoked when their entitlement or service version expires.,Service operations,Authoritative IPAM/name registry and explicitly scoped provider service endpoints,EXTERNAL_AUTHORITATIVE_SERVICE_WITH_CANDIDATE_DNS_INTEGRATION,"Accepted service binding, resource entitlement, authoritative allocation/TTL/retention record and native API/transport ACL — specifically: bindings SHALL be revoked when their entitlement or service version expires.",tools/dns_change.py; docs/DNS_LIFECYCLE.md; docs/current/interface-agreements.md,"Observe exact permitted resource/operation and denied foreign/admin access; verify each origin-specific reply, lifecycle and service-loss behaviour.",CT-008; CT-028; CT-077,"NATIVE_NOT_RUN; related local fixtures/engine checks are narrower evidence, not satisfaction","The DNS client is not an IPAM allocator or production DNS authority; actual server ACLs, secondary/cache propagation and other service integrations remain required.","PROPOSED_ALLOCATION; actual applicability, named authority and evidence assignment pending",RA §9,Not selected; explicit scope rationale and authority required before any N/A disposition
ING-001.A01,ING-001,A workload SHALL NOT obtain direct public ingress by attaching its internal Security Domain directly to a public network.,Complete source obligation; all applicable clauses must be satisfied: A workload SHALL NOT obtain direct public ingress by attaching its internal Security Domain directly to a public network.,Security-edge operations,Selected native domain/gateway/mandatory-policy scope plus independently owned EC/SE security edge,CANDIDATE_PARTIAL_NATIVE_CONFIGURATION_WITH_EXTERNAL_EDGE_REQUIRED,Exact accepted native rule/route/attachment configuration and authority record for the assertion; packet/control-plane observations from both sides — specifically: Complete source obligation; all applicable clauses must be satisfied: A workload SHALL NOT obtain direct public ingress by attaching its internal Security Domain directly to a public network.,terraform/modules; tools/route_audit.py; docs/NATIVE_READBACK.md,"Use the named CT procedure with healthy endpoints; inspect native connected/distributed alternatives, effective rules and forward/reply behaviour, including relevant failure.",CT-006; CT-025,"NATIVE_NOT_RUN; related local fixtures/engine checks are narrower evidence, not satisfaction","A prepared VPC/Tier-1/router, exact static route or readback projection does not implement the entire ZIP, native tenant-role policy, isolation, inspection or HA.","PROPOSED_ALLOCATION; actual applicability, named authority and evidence assignment pending",RA §9,Not selected; explicit scope rationale and authority required before any N/A disposition
ING-002.A01,ING-002,"Public exposure SHALL be represented by an Exposure object with owner, protocol, endpoint, certificate/DNS dependencies, logging, security profile, and lifecycle state.","Complete source obligation; all applicable clauses must be satisfied: Public exposure SHALL be represented by an Exposure object with owner, protocol, endpoint, certificate/DNS dependencies, logging, security profile, and lifecycle state.",Service owner,Selected native domain/gateway/mandatory-policy scope plus independently owned EC/SE security edge,CANDIDATE_PARTIAL_NATIVE_CONFIGURATION_WITH_EXTERNAL_EDGE_REQUIRED,"Exact accepted native rule/route/attachment configuration and authority record for the assertion; packet/control-plane observations from both sides — specifically: Complete source obligation; all applicable clauses must be satisfied: Public exposure SHALL be represented by an Exposure object with owner, protocol, endpoint, certificate/DNS dependencies, logging, security profile, and lifecycle state.",terraform/modules; tools/route_audit.py; docs/NATIVE_READBACK.md,"Use the named CT procedure with healthy endpoints; inspect native connected/distributed alternatives, effective rules and forward/reply behaviour, including relevant failure.",CT-006; CT-063,"NATIVE_NOT_RUN; related local fixtures/engine checks are narrower evidence, not satisfaction","A prepared VPC/Tier-1/router, exact static route or readback projection does not implement the entire ZIP, native tenant-role policy, isolation, inspection or HA.","PROPOSED_ALLOCATION; actual applicability, named authority and evidence assignment pending",RA §9,Not selected; explicit scope rationale and authority required before any N/A disposition
EGR-001.A01,EGR-001,Internet egress SHALL be deny-by-default and enabled only through an approved egress profile.,Complete source obligation; all applicable clauses must be satisfied: Internet egress SHALL be deny-by-default and enabled only through an approved egress profile.,Security-edge operations,Selected native domain/gateway/mandatory-policy scope plus independently owned EC/SE security edge,CANDIDATE_PARTIAL_NATIVE_CONFIGURATION_WITH_EXTERNAL_EDGE_REQUIRED,Exact accepted native rule/route/attachment configuration and authority record for the assertion; packet/control-plane observations from both sides — specifically: Complete source obligation; all applicable clauses must be satisfied: Internet egress SHALL be deny-by-default and enabled only through an approved egress profile.,terraform/modules; tools/route_audit.py; docs/NATIVE_READBACK.md,"Use the named CT procedure with healthy endpoints; inspect native connected/distributed alternatives, effective rules and forward/reply behaviour, including relevant failure.",CT-005; CT-064,"NATIVE_NOT_RUN; related local fixtures/engine checks are narrower evidence, not satisfaction","A prepared VPC/Tier-1/router, exact static route or readback projection does not implement the entire ZIP, native tenant-role policy, isolation, inspection or HA.","PROPOSED_ALLOCATION; actual applicability, named authority and evidence assignment pending",RA §9,Not selected; explicit scope rationale and authority required before any N/A disposition
EGR-002.A01,EGR-002,Egress telemetry SHALL permit attribution to the originating tenant/WSD and should preserve useful source identity where operationally feasible.,Complete source obligation; all applicable clauses must be satisfied: Egress telemetry SHALL permit attribution to the originating tenant/WSD and should preserve useful source identity where operationally feasible.,Security-edge operations,Selected native domain/gateway/mandatory-policy scope plus independently owned EC/SE security edge,CANDIDATE_PARTIAL_NATIVE_CONFIGURATION_WITH_EXTERNAL_EDGE_REQUIRED,Exact accepted native rule/route/attachment configuration and authority record for the assertion; packet/control-plane observations from both sides — specifically: Complete source obligation; all applicable clauses must be satisfied: Egress telemetry SHALL permit attribution to the originating tenant/WSD and should preserve useful source identity where operationally feasible.,terraform/modules; tools/route_audit.py; docs/NATIVE_READBACK.md,"Use the named CT procedure with healthy endpoints; inspect native connected/distributed alternatives, effective rules and forward/reply behaviour, including relevant failure.",CT-010; CT-064,"NATIVE_NOT_RUN; related local fixtures/engine checks are narrower evidence, not satisfaction","A prepared VPC/Tier-1/router, exact static route or readback projection does not implement the entire ZIP, native tenant-role policy, isolation, inspection or HA.","PROPOSED_ALLOCATION; actual applicability, named authority and evidence assignment pending",RA §9,Not selected; explicit scope rationale and authority required before any N/A disposition
EXP-001.A01,EXP-001,"Exposure SHALL remain disabled until current-generation boundary, certificate, backend, logging and authorization gates pass; exposure revocation SHALL enforce the approved existing-session policy.","Complete source obligation; all applicable clauses must be satisfied: Exposure SHALL remain disabled until current-generation boundary, certificate, backend, logging and authorization gates pass; exposure revocation SHALL enforce the approved existing-session policy.",Security-edge operations,Architecture/design review and separately governed service/adoption/qualification authority,MANUAL_GOVERNANCE_OR_EXTERNAL_AUTHORITATIVE_RECORD_REQUIRED,"Scope-specific current architecture/engineering/authority record addressing the exact assertion, with named owner and protected evidence — specifically: Complete source obligation; all applicable clauses must be satisfied: Exposure SHALL remain disabled until current-generation boundary, certificate, backend, logging and authorization gates pass; exposure revocation SHALL enforce the approved existing-session policy.",docs/current/RAD-adoption.md; docs/current/TAD-infrastructure.md; docs/assurance/verification-families.md,Review the actual versioned record and its individual assertions; corroborate implementation-specific obligations with the applicable native tests.,CT-063; CT-069; CT-077,"NATIVE_NOT_RUN; related local fixtures/engine checks are narrower evidence, not satisfaction","No controller or document generator can issue organizational approval, assess all adopted controls or complete absent site-specific evidence.","PROPOSED_ALLOCATION; actual applicability, named authority and evidence assignment pending",RA §9,Not selected; explicit scope rationale and authority required before any N/A disposition
EXP-001.A02,EXP-001,"Exposure SHALL remain disabled until current-generation boundary, certificate, backend, logging and authorization gates pass; exposure revocation SHALL enforce the approved existing-session policy.","Exposure SHALL remain disabled until current-generation boundary, certificate, backend, logging and authorization gates pass",Security-edge operations,Architecture/design review and separately governed service/adoption/qualification authority,MANUAL_GOVERNANCE_OR_EXTERNAL_AUTHORITATIVE_RECORD_REQUIRED,"Scope-specific current architecture/engineering/authority record addressing the exact assertion, with named owner and protected evidence — specifically: Exposure SHALL remain disabled until current-generation boundary, certificate, backend, logging and authorization gates pass",docs/current/RAD-adoption.md; docs/current/TAD-infrastructure.md; docs/assurance/verification-families.md,Review the actual versioned record and its individual assertions; corroborate implementation-specific obligations with the applicable native tests.,CT-063; CT-069; CT-077,"NATIVE_NOT_RUN; related local fixtures/engine checks are narrower evidence, not satisfaction","No controller or document generator can issue organizational approval, assess all adopted controls or complete absent site-specific evidence.","PROPOSED_ALLOCATION; actual applicability, named authority and evidence assignment pending",RA §9,Not selected; explicit scope rationale and authority required before any N/A disposition
EXP-001.A03,EXP-001,"Exposure SHALL remain disabled until current-generation boundary, certificate, backend, logging and authorization gates pass; exposure revocation SHALL enforce the approved existing-session policy.",exposure revocation SHALL enforce the approved existing-session policy.,Security-edge operations,Architecture/design review and separately governed service/adoption/qualification authority,MANUAL_GOVERNANCE_OR_EXTERNAL_AUTHORITATIVE_RECORD_REQUIRED,"Scope-specific current architecture/engineering/authority record addressing the exact assertion, with named owner and protected evidence — specifically: exposure revocation SHALL enforce the approved existing-session policy.",docs/current/RAD-adoption.md; docs/current/TAD-infrastructure.md; docs/assurance/verification-families.md,Review the actual versioned record and its individual assertions; corroborate implementation-specific obligations with the applicable native tests.,CT-063; CT-069; CT-077,"NATIVE_NOT_RUN; related local fixtures/engine checks are narrower evidence, not satisfaction","No controller or document generator can issue organizational approval, assess all adopted controls or complete absent site-specific evidence.","PROPOSED_ALLOCATION; actual applicability, named authority and evidence assignment pending",RA §9,Not selected; explicit scope rationale and authority required before any N/A disposition
MICRO-001.A01,MICRO-001,WSD-to-WSD and tier-to-tier communication inside a shared Security Domain Instance SHALL be denied unless an approved policy explicitly permits it.,Complete source obligation; all applicable clauses must be satisfied: WSD-to-WSD and tier-to-tier communication inside a shared Security Domain Instance SHALL be denied unless an approved policy explicitly permits it.,Platform engineering,Selected native domain/gateway/mandatory-policy scope plus independently owned EC/SE security edge,CANDIDATE_PARTIAL_NATIVE_CONFIGURATION_WITH_EXTERNAL_EDGE_REQUIRED,Exact accepted native rule/route/attachment configuration and authority record for the assertion; packet/control-plane observations from both sides — specifically: Complete source obligation; all applicable clauses must be satisfied: WSD-to-WSD and tier-to-tier communication inside a shared Security Domain Instance SHALL be denied unless an approved policy explicitly permits it.,terraform/modules; tools/route_audit.py; docs/NATIVE_READBACK.md,"Use the named CT procedure with healthy endpoints; inspect native connected/distributed alternatives, effective rules and forward/reply behaviour, including relevant failure.",CT-021; CT-066,"NATIVE_NOT_RUN; related local fixtures/engine checks are narrower evidence, not satisfaction","A prepared VPC/Tier-1/router, exact static route or readback projection does not implement the entire ZIP, native tenant-role policy, isolation, inspection or HA.","PROPOSED_ALLOCATION; actual applicability, named authority and evidence assignment pending",RA §7; RA §11,Not selected; explicit scope rationale and authority required before any N/A disposition
MICRO-002.A01,MICRO-002,"Platform metadata used for security policy SHALL be managed, validated, and protected from unauthorized tenant modification.","Complete source obligation; all applicable clauses must be satisfied: Platform metadata used for security policy SHALL be managed, validated, and protected from unauthorized tenant modification.",Platform engineering,Selected native domain/gateway/mandatory-policy scope plus independently owned EC/SE security edge,CANDIDATE_PARTIAL_NATIVE_CONFIGURATION_WITH_EXTERNAL_EDGE_REQUIRED,"Exact accepted native rule/route/attachment configuration and authority record for the assertion; packet/control-plane observations from both sides — specifically: Complete source obligation; all applicable clauses must be satisfied: Platform metadata used for security policy SHALL be managed, validated, and protected from unauthorized tenant modification.",terraform/modules; tools/route_audit.py; docs/NATIVE_READBACK.md,"Use the named CT procedure with healthy endpoints; inspect native connected/distributed alternatives, effective rules and forward/reply behaviour, including relevant failure.",CT-020; CT-066,"NATIVE_NOT_RUN; related local fixtures/engine checks are narrower evidence, not satisfaction","A prepared VPC/Tier-1/router, exact static route or readback projection does not implement the entire ZIP, native tenant-role policy, isolation, inspection or HA.","PROPOSED_ALLOCATION; actual applicability, named authority and evidence assignment pending",RA §7; RA §11,Not selected; explicit scope rationale and authority required before any N/A disposition
MICRO-003.A01,MICRO-003,"The platform SHALL prevent unapproved NIC, source-identity, privileged-workload and label changes from bypassing mandatory segmentation; effective policy SHALL be verified for same-host and cross-host traffic.","Complete source obligation; all applicable clauses must be satisfied: The platform SHALL prevent unapproved NIC, source-identity, privileged-workload and label changes from bypassing mandatory segmentation; effective policy SHALL be verified for same-host and cross-host traffic.",Platform engineering,Selected native domain/gateway/mandatory-policy scope plus independently owned EC/SE security edge,CANDIDATE_PARTIAL_NATIVE_CONFIGURATION_WITH_EXTERNAL_EDGE_REQUIRED,"Exact accepted native rule/route/attachment configuration and authority record for the assertion; packet/control-plane observations from both sides — specifically: Complete source obligation; all applicable clauses must be satisfied: The platform SHALL prevent unapproved NIC, source-identity, privileged-workload and label changes from bypassing mandatory segmentation; effective policy SHALL be verified for same-host and cross-host traffic.",terraform/modules; tools/route_audit.py; docs/NATIVE_READBACK.md,"Use the named CT procedure with healthy endpoints; inspect native connected/distributed alternatives, effective rules and forward/reply behaviour, including relevant failure.",CT-020; CT-021; CT-022; CT-065,"NATIVE_NOT_RUN; related local fixtures/engine checks are narrower evidence, not satisfaction","A prepared VPC/Tier-1/router, exact static route or readback projection does not implement the entire ZIP, native tenant-role policy, isolation, inspection or HA.","PROPOSED_ALLOCATION; actual applicability, named authority and evidence assignment pending",RA §7; RA §11,Not selected; explicit scope rationale and authority required before any N/A disposition
MICRO-003.A02,MICRO-003,"The platform SHALL prevent unapproved NIC, source-identity, privileged-workload and label changes from bypassing mandatory segmentation; effective policy SHALL be verified for same-host and cross-host traffic.","The platform SHALL prevent unapproved NIC, source-identity, privileged-workload and label changes from bypassing mandatory segmentation",Platform engineering,Selected native domain/gateway/mandatory-policy scope plus independently owned EC/SE security edge,CANDIDATE_PARTIAL_NATIVE_CONFIGURATION_WITH_EXTERNAL_EDGE_REQUIRED,"Exact accepted native rule/route/attachment configuration and authority record for the assertion; packet/control-plane observations from both sides — specifically: The platform SHALL prevent unapproved NIC, source-identity, privileged-workload and label changes from bypassing mandatory segmentation",terraform/modules; tools/route_audit.py; docs/NATIVE_READBACK.md,"Use the named CT procedure with healthy endpoints; inspect native connected/distributed alternatives, effective rules and forward/reply behaviour, including relevant failure.",CT-020; CT-021; CT-022; CT-065,"NATIVE_NOT_RUN; related local fixtures/engine checks are narrower evidence, not satisfaction","A prepared VPC/Tier-1/router, exact static route or readback projection does not implement the entire ZIP, native tenant-role policy, isolation, inspection or HA.","PROPOSED_ALLOCATION; actual applicability, named authority and evidence assignment pending",RA §7; RA §11,Not selected; explicit scope rationale and authority required before any N/A disposition
MICRO-003.A03,MICRO-003,"The platform SHALL prevent unapproved NIC, source-identity, privileged-workload and label changes from bypassing mandatory segmentation; effective policy SHALL be verified for same-host and cross-host traffic.",effective policy SHALL be verified for same-host and cross-host traffic.,Platform engineering,Selected native domain/gateway/mandatory-policy scope plus independently owned EC/SE security edge,CANDIDATE_PARTIAL_NATIVE_CONFIGURATION_WITH_EXTERNAL_EDGE_REQUIRED,Exact accepted native rule/route/attachment configuration and authority record for the assertion; packet/control-plane observations from both sides — specifically: effective policy SHALL be verified for same-host and cross-host traffic.,terraform/modules; tools/route_audit.py; docs/NATIVE_READBACK.md,"Use the named CT procedure with healthy endpoints; inspect native connected/distributed alternatives, effective rules and forward/reply behaviour, including relevant failure.",CT-020; CT-021; CT-022; CT-065,"NATIVE_NOT_RUN; related local fixtures/engine checks are narrower evidence, not satisfaction","A prepared VPC/Tier-1/router, exact static route or readback projection does not implement the entire ZIP, native tenant-role policy, isolation, inspection or HA.","PROPOSED_ALLOCATION; actual applicability, named authority and evidence assignment pending",RA §7; RA §11,Not selected; explicit scope rationale and authority required before any N/A disposition
EDGE-001.A01,EDGE-001,"Every domain-to-boundary attachment SHALL have a provider-owned EdgeAttachment record covering forwarding authority, isolation, MTU, HA, capacity and cleanup; consumers SHALL NOT choose its native topology identifiers.","Complete source obligation; all applicable clauses must be satisfied: Every domain-to-boundary attachment SHALL have a provider-owned EdgeAttachment record covering forwarding authority, isolation, MTU, HA, capacity and cleanup; consumers SHALL NOT choose its native topology identifiers.",Network engineering,Selected native domain/gateway/mandatory-policy scope plus independently owned EC/SE security edge,CANDIDATE_PARTIAL_NATIVE_CONFIGURATION_WITH_EXTERNAL_EDGE_REQUIRED,"Exact accepted native rule/route/attachment configuration and authority record for the assertion; packet/control-plane observations from both sides — specifically: Complete source obligation; all applicable clauses must be satisfied: Every domain-to-boundary attachment SHALL have a provider-owned EdgeAttachment record covering forwarding authority, isolation, MTU, HA, capacity and cleanup; consumers SHALL NOT choose its native topology identifiers.",terraform/modules; tools/route_audit.py; docs/NATIVE_READBACK.md,"Use the named CT procedure with healthy endpoints; inspect native connected/distributed alternatives, effective rules and forward/reply behaviour, including relevant failure.",CT-023; CT-024; CT-032; CT-071,"NATIVE_NOT_RUN; related local fixtures/engine checks are narrower evidence, not satisfaction","A prepared VPC/Tier-1/router, exact static route or readback projection does not implement the entire ZIP, native tenant-role policy, isolation, inspection or HA.","PROPOSED_ALLOCATION; actual applicability, named authority and evidence assignment pending",RA §8; RA §16; RA §17; RA §18,Not selected; explicit scope rationale and authority required before any N/A disposition
EDGE-001.A02,EDGE-001,"Every domain-to-boundary attachment SHALL have a provider-owned EdgeAttachment record covering forwarding authority, isolation, MTU, HA, capacity and cleanup; consumers SHALL NOT choose its native topology identifiers.","Every domain-to-boundary attachment SHALL have a provider-owned EdgeAttachment record covering forwarding authority, isolation, MTU, HA, capacity and cleanup",Network engineering,Selected native domain/gateway/mandatory-policy scope plus independently owned EC/SE security edge,CANDIDATE_PARTIAL_NATIVE_CONFIGURATION_WITH_EXTERNAL_EDGE_REQUIRED,"Exact accepted native rule/route/attachment configuration and authority record for the assertion; packet/control-plane observations from both sides — specifically: Every domain-to-boundary attachment SHALL have a provider-owned EdgeAttachment record covering forwarding authority, isolation, MTU, HA, capacity and cleanup",terraform/modules; tools/route_audit.py; docs/NATIVE_READBACK.md,"Use the named CT procedure with healthy endpoints; inspect native connected/distributed alternatives, effective rules and forward/reply behaviour, including relevant failure.",CT-023; CT-024; CT-032; CT-071,"NATIVE_NOT_RUN; related local fixtures/engine checks are narrower evidence, not satisfaction","A prepared VPC/Tier-1/router, exact static route or readback projection does not implement the entire ZIP, native tenant-role policy, isolation, inspection or HA.","PROPOSED_ALLOCATION; actual applicability, named authority and evidence assignment pending",RA §8; RA §16; RA §17; RA §18,Not selected; explicit scope rationale and authority required before any N/A disposition
EDGE-001.A03,EDGE-001,"Every domain-to-boundary attachment SHALL have a provider-owned EdgeAttachment record covering forwarding authority, isolation, MTU, HA, capacity and cleanup; consumers SHALL NOT choose its native topology identifiers.",consumers SHALL NOT choose its native topology identifiers.,Network engineering,Selected native domain/gateway/mandatory-policy scope plus independently owned EC/SE security edge,CANDIDATE_PARTIAL_NATIVE_CONFIGURATION_WITH_EXTERNAL_EDGE_REQUIRED,Exact accepted native rule/route/attachment configuration and authority record for the assertion; packet/control-plane observations from both sides — specifically: consumers SHALL NOT choose its native topology identifiers.,terraform/modules; tools/route_audit.py; docs/NATIVE_READBACK.md,"Use the named CT procedure with healthy endpoints; inspect native connected/distributed alternatives, effective rules and forward/reply behaviour, including relevant failure.",CT-023; CT-024; CT-032; CT-071,"NATIVE_NOT_RUN; related local fixtures/engine checks are narrower evidence, not satisfaction","A prepared VPC/Tier-1/router, exact static route or readback projection does not implement the entire ZIP, native tenant-role policy, isolation, inspection or HA.","PROPOSED_ALLOCATION; actual applicability, named authority and evidence assignment pending",RA §8; RA §16; RA §17; RA §18,Not selected; explicit scope rationale and authority required before any N/A disposition
EDGE-002.A01,EDGE-002,"A shared attachment SHALL be prohibited unless direct connected, neighbor, gateway and NAT/PBR paths preserve the required domain isolation and ZIP enforcement in normal and failure states.","Complete source obligation; all applicable clauses must be satisfied: A shared attachment SHALL be prohibited unless direct connected, neighbor, gateway and NAT/PBR paths preserve the required domain isolation and ZIP enforcement in normal and failure states.",Security authority,Selected native domain/gateway/mandatory-policy scope plus independently owned EC/SE security edge,CANDIDATE_PARTIAL_NATIVE_CONFIGURATION_WITH_EXTERNAL_EDGE_REQUIRED,"Exact accepted native rule/route/attachment configuration and authority record for the assertion; packet/control-plane observations from both sides — specifically: Complete source obligation; all applicable clauses must be satisfied: A shared attachment SHALL be prohibited unless direct connected, neighbor, gateway and NAT/PBR paths preserve the required domain isolation and ZIP enforcement in normal and failure states.",terraform/modules; tools/route_audit.py; docs/NATIVE_READBACK.md,"Use the named CT procedure with healthy endpoints; inspect native connected/distributed alternatives, effective rules and forward/reply behaviour, including relevant failure.",CT-023; CT-024; CT-080,"NATIVE_NOT_RUN; related local fixtures/engine checks are narrower evidence, not satisfaction","A prepared VPC/Tier-1/router, exact static route or readback projection does not implement the entire ZIP, native tenant-role policy, isolation, inspection or HA.","PROPOSED_ALLOCATION; actual applicability, named authority and evidence assignment pending",RA §8; RA §16; RA §17; RA §18,Not selected; explicit scope rationale and authority required before any N/A disposition
SITE-001.A01,SITE-001,Security Domain Instances SHOULD be site-local by default.,Complete source obligation; all applicable clauses must be satisfied: Security Domain Instances SHOULD be site-local by default.,Platform engineering,"Physical/overlay transport, site routing, OOB and actual address-family paths",EXTERNAL_NATIVE_FABRIC_AND_SITE_ENGINEERING_REQUIRED,"Accepted physical LLD, route/port/MTU/failure schedule and native configuration from the selected network owner — specifically: Complete source obligation; all applicable clauses must be satisfied: Security Domain Instances SHOULD be site-local by default.",docs/current/TAD-infrastructure.md; docs/current/interface-agreements.md; tools/route_audit.py,"Inspect real route imports, port/overlay ownership, packet sizes and positive/negative paths for every offered family and declared failure.",CT-054; CT-055,"NATIVE_NOT_RUN; related local fixtures/engine checks are narrower evidence, not satisfaction",Offline models and IPv6 loopback/AAAA checks are not a routed native IPv6 or physical-fabric implementation.,"PROPOSED_ALLOCATION; actual applicability, named authority and evidence assignment pending",RA §14; RA §27,Not selected; explicit scope rationale and authority required before any N/A disposition
SITE-002.A01,SITE-002,Layer-2 stretch across sites SHALL require a documented application/availability requirement and failure-domain analysis.,Complete source obligation; all applicable clauses must be satisfied: Layer-2 stretch across sites SHALL require a documented application/availability requirement and failure-domain analysis.,Architecture authority,"Physical/overlay transport, site routing, OOB and actual address-family paths",EXTERNAL_NATIVE_FABRIC_AND_SITE_ENGINEERING_REQUIRED,"Accepted physical LLD, route/port/MTU/failure schedule and native configuration from the selected network owner — specifically: Complete source obligation; all applicable clauses must be satisfied: Layer-2 stretch across sites SHALL require a documented application/availability requirement and failure-domain analysis.",docs/current/TAD-infrastructure.md; docs/current/interface-agreements.md; tools/route_audit.py,"Inspect real route imports, port/overlay ownership, packet sizes and positive/negative paths for every offered family and declared failure.",CT-054,"NATIVE_NOT_RUN; related local fixtures/engine checks are narrower evidence, not satisfaction",Offline models and IPv6 loopback/AAAA checks are not a routed native IPv6 or physical-fabric implementation.,"PROPOSED_ALLOCATION; actual applicability, named authority and evidence assignment pending",RA §14; RA §27,Not selected; explicit scope rationale and authority required before any N/A disposition
SITE-003.A01,SITE-003,Recovery-site connectivity SHALL be pre-authorized and tested; emergency recovery SHALL NOT depend on ad hoc route leaking.,Complete source obligation; all applicable clauses must be satisfied: Recovery-site connectivity SHALL be pre-authorized and tested; emergency recovery SHALL NOT depend on ad hoc route leaking.,Recovery operations,"Physical/overlay transport, site routing, OOB and actual address-family paths",EXTERNAL_NATIVE_FABRIC_AND_SITE_ENGINEERING_REQUIRED,"Accepted physical LLD, route/port/MTU/failure schedule and native configuration from the selected network owner — specifically: Complete source obligation; all applicable clauses must be satisfied: Recovery-site connectivity SHALL be pre-authorized and tested; emergency recovery SHALL NOT depend on ad hoc route leaking.",docs/current/TAD-infrastructure.md; docs/current/interface-agreements.md; tools/route_audit.py,"Inspect real route imports, port/overlay ownership, packet sizes and positive/negative paths for every offered family and declared failure.",CT-052; CT-054,"NATIVE_NOT_RUN; related local fixtures/engine checks are narrower evidence, not satisfaction",Offline models and IPv6 loopback/AAAA checks are not a routed native IPv6 or physical-fabric implementation.,"PROPOSED_ALLOCATION; actual applicability, named authority and evidence assignment pending",RA §14; RA §27,Not selected; explicit scope rationale and authority required before any N/A disposition
SITE-003.A02,SITE-003,Recovery-site connectivity SHALL be pre-authorized and tested; emergency recovery SHALL NOT depend on ad hoc route leaking.,Recovery-site connectivity SHALL be pre-authorized and tested,Recovery operations,"Physical/overlay transport, site routing, OOB and actual address-family paths",EXTERNAL_NATIVE_FABRIC_AND_SITE_ENGINEERING_REQUIRED,"Accepted physical LLD, route/port/MTU/failure schedule and native configuration from the selected network owner — specifically: Recovery-site connectivity SHALL be pre-authorized and tested",docs/current/TAD-infrastructure.md; docs/current/interface-agreements.md; tools/route_audit.py,"Inspect real route imports, port/overlay ownership, packet sizes and positive/negative paths for every offered family and declared failure.",CT-052; CT-054,"NATIVE_NOT_RUN; related local fixtures/engine checks are narrower evidence, not satisfaction",Offline models and IPv6 loopback/AAAA checks are not a routed native IPv6 or physical-fabric implementation.,"PROPOSED_ALLOCATION; actual applicability, named authority and evidence assignment pending",RA §14; RA §27,Not selected; explicit scope rationale and authority required before any N/A disposition
SITE-003.A03,SITE-003,Recovery-site connectivity SHALL be pre-authorized and tested; emergency recovery SHALL NOT depend on ad hoc route leaking.,emergency recovery SHALL NOT depend on ad hoc route leaking.,Recovery operations,"Physical/overlay transport, site routing, OOB and actual address-family paths",EXTERNAL_NATIVE_FABRIC_AND_SITE_ENGINEERING_REQUIRED,"Accepted physical LLD, route/port/MTU/failure schedule and native configuration from the selected network owner — specifically: emergency recovery SHALL NOT depend on ad hoc route leaking.",docs/current/TAD-infrastructure.md; docs/current/interface-agreements.md; tools/route_audit.py,"Inspect real route imports, port/overlay ownership, packet sizes and positive/negative paths for every offered family and declared failure.",CT-052; CT-054,"NATIVE_NOT_RUN; related local fixtures/engine checks are narrower evidence, not satisfaction",Offline models and IPv6 loopback/AAAA checks are not a routed native IPv6 or physical-fabric implementation.,"PROPOSED_ALLOCATION; actual applicability, named authority and evidence assignment pending",RA §14; RA §27,Not selected; explicit scope rationale and authority required before any N/A disposition
SITE-004.A01,SITE-004,"Recovery placement SHALL preserve domain, co-residency, cryptographic, identity and location constraints; writer fencing and failback ownership SHALL be proven before production recovery is offered.","Complete source obligation; all applicable clauses must be satisfied: Recovery placement SHALL preserve domain, co-residency, cryptographic, identity and location constraints; writer fencing and failback ownership SHALL be proven before production recovery is offered.",Recovery operations,"Physical/overlay transport, site routing, OOB and actual address-family paths",EXTERNAL_NATIVE_FABRIC_AND_SITE_ENGINEERING_REQUIRED,"Accepted physical LLD, route/port/MTU/failure schedule and native configuration from the selected network owner — specifically: Complete source obligation; all applicable clauses must be satisfied: Recovery placement SHALL preserve domain, co-residency, cryptographic, identity and location constraints; writer fencing and failback ownership SHALL be proven before production recovery is offered.",docs/current/TAD-infrastructure.md; docs/current/interface-agreements.md; tools/route_audit.py,"Inspect real route imports, port/overlay ownership, packet sizes and positive/negative paths for every offered family and declared failure.",CT-035; CT-038; CT-054; CT-061,"NATIVE_NOT_RUN; related local fixtures/engine checks are narrower evidence, not satisfaction",Offline models and IPv6 loopback/AAAA checks are not a routed native IPv6 or physical-fabric implementation.,"PROPOSED_ALLOCATION; actual applicability, named authority and evidence assignment pending",RA §14; RA §27,Not selected; explicit scope rationale and authority required before any N/A disposition
SITE-004.A02,SITE-004,"Recovery placement SHALL preserve domain, co-residency, cryptographic, identity and location constraints; writer fencing and failback ownership SHALL be proven before production recovery is offered.","Recovery placement SHALL preserve domain, co-residency, cryptographic, identity and location constraints",Recovery operations,"Physical/overlay transport, site routing, OOB and actual address-family paths",EXTERNAL_NATIVE_FABRIC_AND_SITE_ENGINEERING_REQUIRED,"Accepted physical LLD, route/port/MTU/failure schedule and native configuration from the selected network owner — specifically: Recovery placement SHALL preserve domain, co-residency, cryptographic, identity and location constraints",docs/current/TAD-infrastructure.md; docs/current/interface-agreements.md; tools/route_audit.py,"Inspect real route imports, port/overlay ownership, packet sizes and positive/negative paths for every offered family and declared failure.",CT-035; CT-038; CT-054; CT-061,"NATIVE_NOT_RUN; related local fixtures/engine checks are narrower evidence, not satisfaction",Offline models and IPv6 loopback/AAAA checks are not a routed native IPv6 or physical-fabric implementation.,"PROPOSED_ALLOCATION; actual applicability, named authority and evidence assignment pending",RA §14; RA §27,Not selected; explicit scope rationale and authority required before any N/A disposition
SITE-004.A03,SITE-004,"Recovery placement SHALL preserve domain, co-residency, cryptographic, identity and location constraints; writer fencing and failback ownership SHALL be proven before production recovery is offered.",writer fencing and failback ownership SHALL be proven before production recovery is offered.,Recovery operations,"Physical/overlay transport, site routing, OOB and actual address-family paths",EXTERNAL_NATIVE_FABRIC_AND_SITE_ENGINEERING_REQUIRED,"Accepted physical LLD, route/port/MTU/failure schedule and native configuration from the selected network owner — specifically: writer fencing and failback ownership SHALL be proven before production recovery is offered.",docs/current/TAD-infrastructure.md; docs/current/interface-agreements.md; tools/route_audit.py,"Inspect real route imports, port/overlay ownership, packet sizes and positive/negative paths for every offered family and declared failure.",CT-035; CT-038; CT-054; CT-061,"NATIVE_NOT_RUN; related local fixtures/engine checks are narrower evidence, not satisfaction",Offline models and IPv6 loopback/AAAA checks are not a routed native IPv6 or physical-fabric implementation.,"PROPOSED_ALLOCATION; actual applicability, named authority and evidence assignment pending",RA §14; RA §27,Not selected; explicit scope rationale and authority required before any N/A disposition
CMP-001.A01,CMP-001,"Compute placement, maintenance evacuation, migration and HA restart SHALL enforce the approved tenant/domain/zone co-residency matrix; no scheduler action SHALL silently weaken it.","Complete source obligation; all applicable clauses must be satisfied: Compute placement, maintenance evacuation, migration and HA restart SHALL enforce the approved tenant/domain/zone co-residency matrix; no scheduler action SHALL silently weaken it.",Platform engineering,"Eligible host/storage pools, actual scheduler, volume/copy service, backup and protected recovery estate",EXTERNAL_PLATFORM_STORAGE_PROTECTION_CONTROL_WITH_PARTIAL_WORKLOAD_CODE,"Accepted placement/storage/protection profiles and native allocation, retention, copy/key and restore procedures — specifically: Complete source obligation; all applicable clauses must be satisfied: Compute placement, maintenance evacuation, migration and HA restart SHALL enforce the approved tenant/domain/zone co-residency matrix; no scheduler action SHALL silently weaken it.",terraform/modules/nutanix-workload; terraform/modules/vsphere-workload; terraform/modules/openstack-workload; docs/current/TAD-infrastructure.md,Check real initial/recovery placement and unauthorized attachment/copy access; measure usable isolated restore with required dependencies.,CT-035; CT-056,"NATIVE_NOT_RUN; related local fixtures/engine checks are narrower evidence, not satisfaction","VM/volume creation does not implement approved physical co-residency, backup authority, retained-copy catalogues or recoverable key custody.","PROPOSED_ALLOCATION; actual applicability, named authority and evidence assignment pending",RA §7; RA §11,Not selected; explicit scope rationale and authority required before any N/A disposition
CMP-001.A02,CMP-001,"Compute placement, maintenance evacuation, migration and HA restart SHALL enforce the approved tenant/domain/zone co-residency matrix; no scheduler action SHALL silently weaken it.","Compute placement, maintenance evacuation, migration and HA restart SHALL enforce the approved tenant/domain/zone co-residency matrix",Platform engineering,"Eligible host/storage pools, actual scheduler, volume/copy service, backup and protected recovery estate",EXTERNAL_PLATFORM_STORAGE_PROTECTION_CONTROL_WITH_PARTIAL_WORKLOAD_CODE,"Accepted placement/storage/protection profiles and native allocation, retention, copy/key and restore procedures — specifically: Compute placement, maintenance evacuation, migration and HA restart SHALL enforce the approved tenant/domain/zone co-residency matrix",terraform/modules/nutanix-workload; terraform/modules/vsphere-workload; terraform/modules/openstack-workload; docs/current/TAD-infrastructure.md,Check real initial/recovery placement and unauthorized attachment/copy access; measure usable isolated restore with required dependencies.,CT-035; CT-056,"NATIVE_NOT_RUN; related local fixtures/engine checks are narrower evidence, not satisfaction","VM/volume creation does not implement approved physical co-residency, backup authority, retained-copy catalogues or recoverable key custody.","PROPOSED_ALLOCATION; actual applicability, named authority and evidence assignment pending",RA §7; RA §11,Not selected; explicit scope rationale and authority required before any N/A disposition
CMP-001.A03,CMP-001,"Compute placement, maintenance evacuation, migration and HA restart SHALL enforce the approved tenant/domain/zone co-residency matrix; no scheduler action SHALL silently weaken it.",no scheduler action SHALL silently weaken it.,Platform engineering,"Eligible host/storage pools, actual scheduler, volume/copy service, backup and protected recovery estate",EXTERNAL_PLATFORM_STORAGE_PROTECTION_CONTROL_WITH_PARTIAL_WORKLOAD_CODE,"Accepted placement/storage/protection profiles and native allocation, retention, copy/key and restore procedures — specifically: no scheduler action SHALL silently weaken it.",terraform/modules/nutanix-workload; terraform/modules/vsphere-workload; terraform/modules/openstack-workload; docs/current/TAD-infrastructure.md,Check real initial/recovery placement and unauthorized attachment/copy access; measure usable isolated restore with required dependencies.,CT-035; CT-056,"NATIVE_NOT_RUN; related local fixtures/engine checks are narrower evidence, not satisfaction","VM/volume creation does not implement approved physical co-residency, backup authority, retained-copy catalogues or recoverable key custody.","PROPOSED_ALLOCATION; actual applicability, named authority and evidence assignment pending",RA §7; RA §11,Not selected; explicit scope rationale and authority required before any N/A disposition
CMP-002.A01,CMP-002,"Each compute profile SHALL define supported hardware/software, boot/attestation controls, administrative isolation, resource guarantees, overcommit policy and handling of unsupported devices.","Complete source obligation; all applicable clauses must be satisfied: Each compute profile SHALL define supported hardware/software, boot/attestation controls, administrative isolation, resource guarantees, overcommit policy and handling of unsupported devices.",Platform engineering,"Eligible host/storage pools, actual scheduler, volume/copy service, backup and protected recovery estate",EXTERNAL_PLATFORM_STORAGE_PROTECTION_CONTROL_WITH_PARTIAL_WORKLOAD_CODE,"Accepted placement/storage/protection profiles and native allocation, retention, copy/key and restore procedures — specifically: Complete source obligation; all applicable clauses must be satisfied: Each compute profile SHALL define supported hardware/software, boot/attestation controls, administrative isolation, resource guarantees, overcommit policy and handling of unsupported devices.",terraform/modules/nutanix-workload; terraform/modules/vsphere-workload; terraform/modules/openstack-workload; docs/current/TAD-infrastructure.md,Check real initial/recovery placement and unauthorized attachment/copy access; measure usable isolated restore with required dependencies.,CT-036; CT-039; CT-073,"NATIVE_NOT_RUN; related local fixtures/engine checks are narrower evidence, not satisfaction","VM/volume creation does not implement approved physical co-residency, backup authority, retained-copy catalogues or recoverable key custody.","PROPOSED_ALLOCATION; actual applicability, named authority and evidence assignment pending",RA §7; RA §11,Not selected; explicit scope rationale and authority required before any N/A disposition
CMP-003.A01,CMP-003,"The meaning of dedicated compute SHALL state its exact physical and administrative scope and disclose any shared storage, network, control, support or recovery dependency.","Complete source obligation; all applicable clauses must be satisfied: The meaning of dedicated compute SHALL state its exact physical and administrative scope and disclose any shared storage, network, control, support or recovery dependency.",Architecture authority,"Eligible host/storage pools, actual scheduler, volume/copy service, backup and protected recovery estate",EXTERNAL_PLATFORM_STORAGE_PROTECTION_CONTROL_WITH_PARTIAL_WORKLOAD_CODE,"Accepted placement/storage/protection profiles and native allocation, retention, copy/key and restore procedures — specifically: Complete source obligation; all applicable clauses must be satisfied: The meaning of dedicated compute SHALL state its exact physical and administrative scope and disclose any shared storage, network, control, support or recovery dependency.",terraform/modules/nutanix-workload; terraform/modules/vsphere-workload; terraform/modules/openstack-workload; docs/current/TAD-infrastructure.md,Check real initial/recovery placement and unauthorized attachment/copy access; measure usable isolated restore with required dependencies.,CT-035; CT-062,"NATIVE_NOT_RUN; related local fixtures/engine checks are narrower evidence, not satisfaction","VM/volume creation does not implement approved physical co-residency, backup authority, retained-copy catalogues or recoverable key custody.","PROPOSED_ALLOCATION; actual applicability, named authority and evidence assignment pending",RA §7; RA §11,Not selected; explicit scope rationale and authority required before any N/A disposition
STO-001.A01,STO-001,"Every storage resource and derivative copy SHALL carry owner, categorization, access scope, key policy, placement/retention constraints and lineage; cross-scope attachment or export SHALL require explicit authorization.","Complete source obligation; all applicable clauses must be satisfied: Every storage resource and derivative copy SHALL carry owner, categorization, access scope, key policy, placement/retention constraints and lineage; cross-scope attachment or export SHALL require explicit authorization.",Storage operations,"Eligible host/storage pools, actual scheduler, volume/copy service, backup and protected recovery estate",EXTERNAL_PLATFORM_STORAGE_PROTECTION_CONTROL_WITH_PARTIAL_WORKLOAD_CODE,"Accepted placement/storage/protection profiles and native allocation, retention, copy/key and restore procedures — specifically: Complete source obligation; all applicable clauses must be satisfied: Every storage resource and derivative copy SHALL carry owner, categorization, access scope, key policy, placement/retention constraints and lineage; cross-scope attachment or export SHALL require explicit authorization.",terraform/modules/nutanix-workload; terraform/modules/vsphere-workload; terraform/modules/openstack-workload; docs/current/TAD-infrastructure.md,Check real initial/recovery placement and unauthorized attachment/copy access; measure usable isolated restore with required dependencies.,CT-037; CT-053; CT-078,"NATIVE_NOT_RUN; related local fixtures/engine checks are narrower evidence, not satisfaction","VM/volume creation does not implement approved physical co-residency, backup authority, retained-copy catalogues or recoverable key custody.","PROPOSED_ALLOCATION; actual applicability, named authority and evidence assignment pending",RA §12,Not selected; explicit scope rationale and authority required before any N/A disposition
STO-001.A02,STO-001,"Every storage resource and derivative copy SHALL carry owner, categorization, access scope, key policy, placement/retention constraints and lineage; cross-scope attachment or export SHALL require explicit authorization.","Every storage resource and derivative copy SHALL carry owner, categorization, access scope, key policy, placement/retention constraints and lineage",Storage operations,"Eligible host/storage pools, actual scheduler, volume/copy service, backup and protected recovery estate",EXTERNAL_PLATFORM_STORAGE_PROTECTION_CONTROL_WITH_PARTIAL_WORKLOAD_CODE,"Accepted placement/storage/protection profiles and native allocation, retention, copy/key and restore procedures — specifically: Every storage resource and derivative copy SHALL carry owner, categorization, access scope, key policy, placement/retention constraints and lineage",terraform/modules/nutanix-workload; terraform/modules/vsphere-workload; terraform/modules/openstack-workload; docs/current/TAD-infrastructure.md,Check real initial/recovery placement and unauthorized attachment/copy access; measure usable isolated restore with required dependencies.,CT-037; CT-053; CT-078,"NATIVE_NOT_RUN; related local fixtures/engine checks are narrower evidence, not satisfaction","VM/volume creation does not implement approved physical co-residency, backup authority, retained-copy catalogues or recoverable key custody.","PROPOSED_ALLOCATION; actual applicability, named authority and evidence assignment pending",RA §12,Not selected; explicit scope rationale and authority required before any N/A disposition
STO-001.A03,STO-001,"Every storage resource and derivative copy SHALL carry owner, categorization, access scope, key policy, placement/retention constraints and lineage; cross-scope attachment or export SHALL require explicit authorization.",cross-scope attachment or export SHALL require explicit authorization.,Storage operations,"Eligible host/storage pools, actual scheduler, volume/copy service, backup and protected recovery estate",EXTERNAL_PLATFORM_STORAGE_PROTECTION_CONTROL_WITH_PARTIAL_WORKLOAD_CODE,"Accepted placement/storage/protection profiles and native allocation, retention, copy/key and restore procedures — specifically: cross-scope attachment or export SHALL require explicit authorization.",terraform/modules/nutanix-workload; terraform/modules/vsphere-workload; terraform/modules/openstack-workload; docs/current/TAD-infrastructure.md,Check real initial/recovery placement and unauthorized attachment/copy access; measure usable isolated restore with required dependencies.,CT-037; CT-053; CT-078,"NATIVE_NOT_RUN; related local fixtures/engine checks are narrower evidence, not satisfaction","VM/volume creation does not implement approved physical co-residency, backup authority, retained-copy catalogues or recoverable key custody.","PROPOSED_ALLOCATION; actual applicability, named authority and evidence assignment pending",RA §12,Not selected; explicit scope rationale and authority required before any N/A disposition
STO-002.A01,STO-002,"Storage service profiles SHALL define measurable capacity/performance, consistency, replication, snapshot/clone and portability semantics and SHALL be tested under contention and the accepted failure condition.","Complete source obligation; all applicable clauses must be satisfied: Storage service profiles SHALL define measurable capacity/performance, consistency, replication, snapshot/clone and portability semantics and SHALL be tested under contention and the accepted failure condition.",Storage operations,"Eligible host/storage pools, actual scheduler, volume/copy service, backup and protected recovery estate",EXTERNAL_PLATFORM_STORAGE_PROTECTION_CONTROL_WITH_PARTIAL_WORKLOAD_CODE,"Accepted placement/storage/protection profiles and native allocation, retention, copy/key and restore procedures — specifically: Complete source obligation; all applicable clauses must be satisfied: Storage service profiles SHALL define measurable capacity/performance, consistency, replication, snapshot/clone and portability semantics and SHALL be tested under contention and the accepted failure condition.",terraform/modules/nutanix-workload; terraform/modules/vsphere-workload; terraform/modules/openstack-workload; docs/current/TAD-infrastructure.md,Check real initial/recovery placement and unauthorized attachment/copy access; measure usable isolated restore with required dependencies.,CT-039; CT-052; CT-060,"NATIVE_NOT_RUN; related local fixtures/engine checks are narrower evidence, not satisfaction","VM/volume creation does not implement approved physical co-residency, backup authority, retained-copy catalogues or recoverable key custody.","PROPOSED_ALLOCATION; actual applicability, named authority and evidence assignment pending",RA §12,Not selected; explicit scope rationale and authority required before any N/A disposition
STO-003.A01,STO-003,"Storage release and reuse SHALL reconcile all known copies and legal/administrative holds, apply an approved sanitization method and retain a receipt describing scope, method, verification and exceptions.","Complete source obligation; all applicable clauses must be satisfied: Storage release and reuse SHALL reconcile all known copies and legal/administrative holds, apply an approved sanitization method and retain a receipt describing scope, method, verification and exceptions.",Storage operations,"Eligible host/storage pools, actual scheduler, volume/copy service, backup and protected recovery estate",EXTERNAL_PLATFORM_STORAGE_PROTECTION_CONTROL_WITH_PARTIAL_WORKLOAD_CODE,"Accepted placement/storage/protection profiles and native allocation, retention, copy/key and restore procedures — specifically: Complete source obligation; all applicable clauses must be satisfied: Storage release and reuse SHALL reconcile all known copies and legal/administrative holds, apply an approved sanitization method and retain a receipt describing scope, method, verification and exceptions.",terraform/modules/nutanix-workload; terraform/modules/vsphere-workload; terraform/modules/openstack-workload; docs/current/TAD-infrastructure.md,Check real initial/recovery placement and unauthorized attachment/copy access; measure usable isolated restore with required dependencies.,CT-053; CT-059; CT-078,"NATIVE_NOT_RUN; related local fixtures/engine checks are narrower evidence, not satisfaction","VM/volume creation does not implement approved physical co-residency, backup authority, retained-copy catalogues or recoverable key custody.","PROPOSED_ALLOCATION; actual applicability, named authority and evidence assignment pending",RA §12,Not selected; explicit scope rationale and authority required before any N/A disposition
IAM-001.A01,IAM-001,"Human, workload and automation identities SHALL have separately scoped authorization, credential lifecycle and accountability; no tenant identity SHALL acquire provider foundation authority through role or group inheritance.","Complete source obligation; all applicable clauses must be satisfied: Human, workload and automation identities SHALL have separately scoped authorization, credential lifecycle and accountability; no tenant identity SHALL acquire provider foundation authority through role or group inheritance.",Identity operations,Approved management/IAM/key/state service and privileged execution boundaries,EXTERNAL_SERVICE_AND_OPERATING_CONTROL_REQUIRED,"Native role/route/key/backend configuration, owner-approved recovery procedure and independently retained audit records — specifically: Complete source obligation; all applicable clauses must be satisfied: Human, workload and automation identities SHALL have separately scoped authorization, credential lifecycle and accountability; no tenant identity SHALL acquire provider foundation authority through role or group inheritance.",docs/current/TAD-infrastructure.md; docs/current/interface-agreements.md,"Observe both authorized use and denied cross-authority access, then exercise the declared loss/recovery case.",CT-019; CT-027; CT-028,"NATIVE_NOT_RUN; related local fixtures/engine checks are narrower evidence, not satisfaction","Actual protected management transport, independent recovery, native least privilege and the selected state/key service are not supplied by network readback tools.","PROPOSED_ALLOCATION; actual applicability, named authority and evidence assignment pending",RA §13,Not selected; explicit scope rationale and authority required before any N/A disposition
IAM-001.A02,IAM-001,"Human, workload and automation identities SHALL have separately scoped authorization, credential lifecycle and accountability; no tenant identity SHALL acquire provider foundation authority through role or group inheritance.","Human, workload and automation identities SHALL have separately scoped authorization, credential lifecycle and accountability",Identity operations,Approved management/IAM/key/state service and privileged execution boundaries,EXTERNAL_SERVICE_AND_OPERATING_CONTROL_REQUIRED,"Native role/route/key/backend configuration, owner-approved recovery procedure and independently retained audit records — specifically: Human, workload and automation identities SHALL have separately scoped authorization, credential lifecycle and accountability",docs/current/TAD-infrastructure.md; docs/current/interface-agreements.md,"Observe both authorized use and denied cross-authority access, then exercise the declared loss/recovery case.",CT-019; CT-027; CT-028,"NATIVE_NOT_RUN; related local fixtures/engine checks are narrower evidence, not satisfaction","Actual protected management transport, independent recovery, native least privilege and the selected state/key service are not supplied by network readback tools.","PROPOSED_ALLOCATION; actual applicability, named authority and evidence assignment pending",RA §13,Not selected; explicit scope rationale and authority required before any N/A disposition
IAM-001.A03,IAM-001,"Human, workload and automation identities SHALL have separately scoped authorization, credential lifecycle and accountability; no tenant identity SHALL acquire provider foundation authority through role or group inheritance.",no tenant identity SHALL acquire provider foundation authority through role or group inheritance.,Identity operations,Approved management/IAM/key/state service and privileged execution boundaries,EXTERNAL_SERVICE_AND_OPERATING_CONTROL_REQUIRED,"Native role/route/key/backend configuration, owner-approved recovery procedure and independently retained audit records — specifically: no tenant identity SHALL acquire provider foundation authority through role or group inheritance.",docs/current/TAD-infrastructure.md; docs/current/interface-agreements.md,"Observe both authorized use and denied cross-authority access, then exercise the declared loss/recovery case.",CT-019; CT-027; CT-028,"NATIVE_NOT_RUN; related local fixtures/engine checks are narrower evidence, not satisfaction","Actual protected management transport, independent recovery, native least privilege and the selected state/key service are not supplied by network readback tools.","PROPOSED_ALLOCATION; actual applicability, named authority and evidence assignment pending",RA §13,Not selected; explicit scope rationale and authority required before any N/A disposition
IAM-002.A01,IAM-002,"Privileged access SHALL use the approved hardened path, strong authentication, least privilege and time-bound delegation; emergency and supplier access SHALL be logged, tested and revoked after use.","Complete source obligation; all applicable clauses must be satisfied: Privileged access SHALL use the approved hardened path, strong authentication, least privilege and time-bound delegation; emergency and supplier access SHALL be logged, tested and revoked after use.",Identity operations,Approved management/IAM/key/state service and privileged execution boundaries,EXTERNAL_SERVICE_AND_OPERATING_CONTROL_REQUIRED,"Native role/route/key/backend configuration, owner-approved recovery procedure and independently retained audit records — specifically: Complete source obligation; all applicable clauses must be satisfied: Privileged access SHALL use the approved hardened path, strong authentication, least privilege and time-bound delegation; emergency and supplier access SHALL be logged, tested and revoked after use.",docs/current/TAD-infrastructure.md; docs/current/interface-agreements.md,"Observe both authorized use and denied cross-authority access, then exercise the declared loss/recovery case.",CT-026; CT-027; CT-079,"NATIVE_NOT_RUN; related local fixtures/engine checks are narrower evidence, not satisfaction","Actual protected management transport, independent recovery, native least privilege and the selected state/key service are not supplied by network readback tools.","PROPOSED_ALLOCATION; actual applicability, named authority and evidence assignment pending",RA §13,Not selected; explicit scope rationale and authority required before any N/A disposition
IAM-002.A02,IAM-002,"Privileged access SHALL use the approved hardened path, strong authentication, least privilege and time-bound delegation; emergency and supplier access SHALL be logged, tested and revoked after use.","Privileged access SHALL use the approved hardened path, strong authentication, least privilege and time-bound delegation",Identity operations,Approved management/IAM/key/state service and privileged execution boundaries,EXTERNAL_SERVICE_AND_OPERATING_CONTROL_REQUIRED,"Native role/route/key/backend configuration, owner-approved recovery procedure and independently retained audit records — specifically: Privileged access SHALL use the approved hardened path, strong authentication, least privilege and time-bound delegation",docs/current/TAD-infrastructure.md; docs/current/interface-agreements.md,"Observe both authorized use and denied cross-authority access, then exercise the declared loss/recovery case.",CT-026; CT-027; CT-079,"NATIVE_NOT_RUN; related local fixtures/engine checks are narrower evidence, not satisfaction","Actual protected management transport, independent recovery, native least privilege and the selected state/key service are not supplied by network readback tools.","PROPOSED_ALLOCATION; actual applicability, named authority and evidence assignment pending",RA §13,Not selected; explicit scope rationale and authority required before any N/A disposition
IAM-002.A03,IAM-002,"Privileged access SHALL use the approved hardened path, strong authentication, least privilege and time-bound delegation; emergency and supplier access SHALL be logged, tested and revoked after use.","emergency and supplier access SHALL be logged, tested and revoked after use.",Identity operations,Approved management/IAM/key/state service and privileged execution boundaries,EXTERNAL_SERVICE_AND_OPERATING_CONTROL_REQUIRED,"Native role/route/key/backend configuration, owner-approved recovery procedure and independently retained audit records — specifically: emergency and supplier access SHALL be logged, tested and revoked after use.",docs/current/TAD-infrastructure.md; docs/current/interface-agreements.md,"Observe both authorized use and denied cross-authority access, then exercise the declared loss/recovery case.",CT-026; CT-027; CT-079,"NATIVE_NOT_RUN; related local fixtures/engine checks are narrower evidence, not satisfaction","Actual protected management transport, independent recovery, native least privilege and the selected state/key service are not supplied by network readback tools.","PROPOSED_ALLOCATION; actual applicability, named authority and evidence assignment pending",RA §13,Not selected; explicit scope rationale and authority required before any N/A disposition
IAM-003.A01,IAM-003,"Credential and session revocation SHALL be verified at the consuming service within the approved propagation interval, including cached tokens and delegated grants.","Complete source obligation; all applicable clauses must be satisfied: Credential and session revocation SHALL be verified at the consuming service within the approved propagation interval, including cached tokens and delegated grants.",Identity operations,Approved management/IAM/key/state service and privileged execution boundaries,EXTERNAL_SERVICE_AND_OPERATING_CONTROL_REQUIRED,"Native role/route/key/backend configuration, owner-approved recovery procedure and independently retained audit records — specifically: Complete source obligation; all applicable clauses must be satisfied: Credential and session revocation SHALL be verified at the consuming service within the approved propagation interval, including cached tokens and delegated grants.",docs/current/TAD-infrastructure.md; docs/current/interface-agreements.md,"Observe both authorized use and denied cross-authority access, then exercise the declared loss/recovery case.",CT-028; CT-077; CT-079,"NATIVE_NOT_RUN; related local fixtures/engine checks are narrower evidence, not satisfaction","Actual protected management transport, independent recovery, native least privilege and the selected state/key service are not supplied by network readback tools.","PROPOSED_ALLOCATION; actual applicability, named authority and evidence assignment pending",RA §13,Not selected; explicit scope rationale and authority required before any N/A disposition
CRY-001.A01,CRY-001,"Protected data services SHALL enforce their versioned cryptographic profile at rest and in transit; the profile SHALL identify approved algorithms/modes, endpoint identity validation, module/operating-environment evidence and exceptions.","Complete source obligation; all applicable clauses must be satisfied: Protected data services SHALL enforce their versioned cryptographic profile at rest and in transit; the profile SHALL identify approved algorithms/modes, endpoint identity validation, module/operating-environment evidence and exceptions.",Security authority,Approved management/IAM/key/state service and privileged execution boundaries,EXTERNAL_SERVICE_AND_OPERATING_CONTROL_REQUIRED,"Native role/route/key/backend configuration, owner-approved recovery procedure and independently retained audit records — specifically: Complete source obligation; all applicable clauses must be satisfied: Protected data services SHALL enforce their versioned cryptographic profile at rest and in transit; the profile SHALL identify approved algorithms/modes, endpoint identity validation, module/operating-environment evidence and exceptions.",docs/current/TAD-infrastructure.md; docs/current/interface-agreements.md,"Observe both authorized use and denied cross-authority access, then exercise the declared loss/recovery case.",CT-028; CT-038; CT-063,"NATIVE_NOT_RUN; related local fixtures/engine checks are narrower evidence, not satisfaction","Actual protected management transport, independent recovery, native least privilege and the selected state/key service are not supplied by network readback tools.","PROPOSED_ALLOCATION; actual applicability, named authority and evidence assignment pending",RA §13,Not selected; explicit scope rationale and authority required before any N/A disposition
CRY-001.A02,CRY-001,"Protected data services SHALL enforce their versioned cryptographic profile at rest and in transit; the profile SHALL identify approved algorithms/modes, endpoint identity validation, module/operating-environment evidence and exceptions.",Protected data services SHALL enforce their versioned cryptographic profile at rest and in transit,Security authority,Approved management/IAM/key/state service and privileged execution boundaries,EXTERNAL_SERVICE_AND_OPERATING_CONTROL_REQUIRED,"Native role/route/key/backend configuration, owner-approved recovery procedure and independently retained audit records — specifically: Protected data services SHALL enforce their versioned cryptographic profile at rest and in transit",docs/current/TAD-infrastructure.md; docs/current/interface-agreements.md,"Observe both authorized use and denied cross-authority access, then exercise the declared loss/recovery case.",CT-028; CT-038; CT-063,"NATIVE_NOT_RUN; related local fixtures/engine checks are narrower evidence, not satisfaction","Actual protected management transport, independent recovery, native least privilege and the selected state/key service are not supplied by network readback tools.","PROPOSED_ALLOCATION; actual applicability, named authority and evidence assignment pending",RA §13,Not selected; explicit scope rationale and authority required before any N/A disposition
CRY-001.A03,CRY-001,"Protected data services SHALL enforce their versioned cryptographic profile at rest and in transit; the profile SHALL identify approved algorithms/modes, endpoint identity validation, module/operating-environment evidence and exceptions.","the profile SHALL identify approved algorithms/modes, endpoint identity validation, module/operating-environment evidence and exceptions.",Security authority,Approved management/IAM/key/state service and privileged execution boundaries,EXTERNAL_SERVICE_AND_OPERATING_CONTROL_REQUIRED,"Native role/route/key/backend configuration, owner-approved recovery procedure and independently retained audit records — specifically: the profile SHALL identify approved algorithms/modes, endpoint identity validation, module/operating-environment evidence and exceptions.",docs/current/TAD-infrastructure.md; docs/current/interface-agreements.md,"Observe both authorized use and denied cross-authority access, then exercise the declared loss/recovery case.",CT-028; CT-038; CT-063,"NATIVE_NOT_RUN; related local fixtures/engine checks are narrower evidence, not satisfaction","Actual protected management transport, independent recovery, native least privilege and the selected state/key service are not supplied by network readback tools.","PROPOSED_ALLOCATION; actual applicability, named authority and evidence assignment pending",RA §13,Not selected; explicit scope rationale and authority required before any N/A disposition
CRY-002.A01,CRY-002,"Key use, administration, recovery and destruction SHALL have explicit separated authority and dependency records; key destruction SHALL NOT invalidate required retained-data recovery without an approved disposition decision.","Complete source obligation; all applicable clauses must be satisfied: Key use, administration, recovery and destruction SHALL have explicit separated authority and dependency records; key destruction SHALL NOT invalidate required retained-data recovery without an approved disposition decision.",Key-management operations,Approved management/IAM/key/state service and privileged execution boundaries,EXTERNAL_SERVICE_AND_OPERATING_CONTROL_REQUIRED,"Native role/route/key/backend configuration, owner-approved recovery procedure and independently retained audit records — specifically: Complete source obligation; all applicable clauses must be satisfied: Key use, administration, recovery and destruction SHALL have explicit separated authority and dependency records; key destruction SHALL NOT invalidate required retained-data recovery without an approved disposition decision.",docs/current/TAD-infrastructure.md; docs/current/interface-agreements.md,"Observe both authorized use and denied cross-authority access, then exercise the declared loss/recovery case.",CT-038; CT-053; CT-059,"NATIVE_NOT_RUN; related local fixtures/engine checks are narrower evidence, not satisfaction","Actual protected management transport, independent recovery, native least privilege and the selected state/key service are not supplied by network readback tools.","PROPOSED_ALLOCATION; actual applicability, named authority and evidence assignment pending",RA §13,Not selected; explicit scope rationale and authority required before any N/A disposition
CRY-002.A02,CRY-002,"Key use, administration, recovery and destruction SHALL have explicit separated authority and dependency records; key destruction SHALL NOT invalidate required retained-data recovery without an approved disposition decision.","Key use, administration, recovery and destruction SHALL have explicit separated authority and dependency records",Key-management operations,Approved management/IAM/key/state service and privileged execution boundaries,EXTERNAL_SERVICE_AND_OPERATING_CONTROL_REQUIRED,"Native role/route/key/backend configuration, owner-approved recovery procedure and independently retained audit records — specifically: Key use, administration, recovery and destruction SHALL have explicit separated authority and dependency records",docs/current/TAD-infrastructure.md; docs/current/interface-agreements.md,"Observe both authorized use and denied cross-authority access, then exercise the declared loss/recovery case.",CT-038; CT-053; CT-059,"NATIVE_NOT_RUN; related local fixtures/engine checks are narrower evidence, not satisfaction","Actual protected management transport, independent recovery, native least privilege and the selected state/key service are not supplied by network readback tools.","PROPOSED_ALLOCATION; actual applicability, named authority and evidence assignment pending",RA §13,Not selected; explicit scope rationale and authority required before any N/A disposition
CRY-002.A03,CRY-002,"Key use, administration, recovery and destruction SHALL have explicit separated authority and dependency records; key destruction SHALL NOT invalidate required retained-data recovery without an approved disposition decision.",key destruction SHALL NOT invalidate required retained-data recovery without an approved disposition decision.,Key-management operations,Approved management/IAM/key/state service and privileged execution boundaries,EXTERNAL_SERVICE_AND_OPERATING_CONTROL_REQUIRED,"Native role/route/key/backend configuration, owner-approved recovery procedure and independently retained audit records — specifically: key destruction SHALL NOT invalidate required retained-data recovery without an approved disposition decision.",docs/current/TAD-infrastructure.md; docs/current/interface-agreements.md,"Observe both authorized use and denied cross-authority access, then exercise the declared loss/recovery case.",CT-038; CT-053; CT-059,"NATIVE_NOT_RUN; related local fixtures/engine checks are narrower evidence, not satisfaction","Actual protected management transport, independent recovery, native least privilege and the selected state/key service are not supplied by network readback tools.","PROPOSED_ALLOCATION; actual applicability, named authority and evidence assignment pending",RA §13,Not selected; explicit scope rationale and authority required before any N/A disposition
CRY-003.A01,CRY-003,"KMS/trust-service outage behavior SHALL be tested and SHALL NOT enable plaintext fallback; cryptographic inventory, certificate rotation and algorithm-transition plans SHALL be maintained.","Complete source obligation; all applicable clauses must be satisfied: KMS/trust-service outage behavior SHALL be tested and SHALL NOT enable plaintext fallback; cryptographic inventory, certificate rotation and algorithm-transition plans SHALL be maintained.",Key-management operations,Approved management/IAM/key/state service and privileged execution boundaries,EXTERNAL_SERVICE_AND_OPERATING_CONTROL_REQUIRED,"Native role/route/key/backend configuration, owner-approved recovery procedure and independently retained audit records — specifically: Complete source obligation; all applicable clauses must be satisfied: KMS/trust-service outage behavior SHALL be tested and SHALL NOT enable plaintext fallback; cryptographic inventory, certificate rotation and algorithm-transition plans SHALL be maintained.",docs/current/TAD-infrastructure.md; docs/current/interface-agreements.md,"Observe both authorized use and denied cross-authority access, then exercise the declared loss/recovery case.",CT-028; CT-038; CT-055,"NATIVE_NOT_RUN; related local fixtures/engine checks are narrower evidence, not satisfaction","Actual protected management transport, independent recovery, native least privilege and the selected state/key service are not supplied by network readback tools.","PROPOSED_ALLOCATION; actual applicability, named authority and evidence assignment pending",RA §13,Not selected; explicit scope rationale and authority required before any N/A disposition
CRY-003.A02,CRY-003,"KMS/trust-service outage behavior SHALL be tested and SHALL NOT enable plaintext fallback; cryptographic inventory, certificate rotation and algorithm-transition plans SHALL be maintained.",KMS/trust-service outage behavior SHALL be tested and SHALL NOT enable plaintext fallback,Key-management operations,Approved management/IAM/key/state service and privileged execution boundaries,EXTERNAL_SERVICE_AND_OPERATING_CONTROL_REQUIRED,"Native role/route/key/backend configuration, owner-approved recovery procedure and independently retained audit records — specifically: KMS/trust-service outage behavior SHALL be tested and SHALL NOT enable plaintext fallback",docs/current/TAD-infrastructure.md; docs/current/interface-agreements.md,"Observe both authorized use and denied cross-authority access, then exercise the declared loss/recovery case.",CT-028; CT-038; CT-055,"NATIVE_NOT_RUN; related local fixtures/engine checks are narrower evidence, not satisfaction","Actual protected management transport, independent recovery, native least privilege and the selected state/key service are not supplied by network readback tools.","PROPOSED_ALLOCATION; actual applicability, named authority and evidence assignment pending",RA §13,Not selected; explicit scope rationale and authority required before any N/A disposition
CRY-003.A03,CRY-003,"KMS/trust-service outage behavior SHALL be tested and SHALL NOT enable plaintext fallback; cryptographic inventory, certificate rotation and algorithm-transition plans SHALL be maintained.","cryptographic inventory, certificate rotation and algorithm-transition plans SHALL be maintained.",Key-management operations,Approved management/IAM/key/state service and privileged execution boundaries,EXTERNAL_SERVICE_AND_OPERATING_CONTROL_REQUIRED,"Native role/route/key/backend configuration, owner-approved recovery procedure and independently retained audit records — specifically: cryptographic inventory, certificate rotation and algorithm-transition plans SHALL be maintained.",docs/current/TAD-infrastructure.md; docs/current/interface-agreements.md,"Observe both authorized use and denied cross-authority access, then exercise the declared loss/recovery case.",CT-028; CT-038; CT-055,"NATIVE_NOT_RUN; related local fixtures/engine checks are narrower evidence, not satisfaction","Actual protected management transport, independent recovery, native least privilege and the selected state/key service are not supplied by network readback tools.","PROPOSED_ALLOCATION; actual applicability, named authority and evidence assignment pending",RA §13,Not selected; explicit scope rationale and authority required before any N/A disposition
IMG-001.A01,IMG-001,"Only approved versioned images and baselines SHALL be deployed; each SHALL include provenance, digest, support status, hardening and vulnerability disposition with a retirement/rebuild policy.","Complete source obligation; all applicable clauses must be satisfied: Only approved versioned images and baselines SHALL be deployed; each SHALL include provenance, digest, support status, hardening and vulnerability disposition with a retirement/rebuild policy.",Platform engineering,"Eligible host/storage pools, actual scheduler, volume/copy service, backup and protected recovery estate",EXTERNAL_PLATFORM_STORAGE_PROTECTION_CONTROL_WITH_PARTIAL_WORKLOAD_CODE,"Accepted placement/storage/protection profiles and native allocation, retention, copy/key and restore procedures — specifically: Complete source obligation; all applicable clauses must be satisfied: Only approved versioned images and baselines SHALL be deployed; each SHALL include provenance, digest, support status, hardening and vulnerability disposition with a retirement/rebuild policy.",terraform/modules/nutanix-workload; terraform/modules/vsphere-workload; terraform/modules/openstack-workload; docs/current/TAD-infrastructure.md,Check real initial/recovery placement and unauthorized attachment/copy access; measure usable isolated restore with required dependencies.,CT-036; CT-040; CT-041,"NATIVE_NOT_RUN; related local fixtures/engine checks are narrower evidence, not satisfaction","VM/volume creation does not implement approved physical co-residency, backup authority, retained-copy catalogues or recoverable key custody.","PROPOSED_ALLOCATION; actual applicability, named authority and evidence assignment pending",RA §11,Not selected; explicit scope rationale and authority required before any N/A disposition
IMG-001.A02,IMG-001,"Only approved versioned images and baselines SHALL be deployed; each SHALL include provenance, digest, support status, hardening and vulnerability disposition with a retirement/rebuild policy.",Only approved versioned images and baselines SHALL be deployed,Platform engineering,"Eligible host/storage pools, actual scheduler, volume/copy service, backup and protected recovery estate",EXTERNAL_PLATFORM_STORAGE_PROTECTION_CONTROL_WITH_PARTIAL_WORKLOAD_CODE,"Accepted placement/storage/protection profiles and native allocation, retention, copy/key and restore procedures — specifically: Only approved versioned images and baselines SHALL be deployed",terraform/modules/nutanix-workload; terraform/modules/vsphere-workload; terraform/modules/openstack-workload; docs/current/TAD-infrastructure.md,Check real initial/recovery placement and unauthorized attachment/copy access; measure usable isolated restore with required dependencies.,CT-036; CT-040; CT-041,"NATIVE_NOT_RUN; related local fixtures/engine checks are narrower evidence, not satisfaction","VM/volume creation does not implement approved physical co-residency, backup authority, retained-copy catalogues or recoverable key custody.","PROPOSED_ALLOCATION; actual applicability, named authority and evidence assignment pending",RA §11,Not selected; explicit scope rationale and authority required before any N/A disposition
IMG-001.A03,IMG-001,"Only approved versioned images and baselines SHALL be deployed; each SHALL include provenance, digest, support status, hardening and vulnerability disposition with a retirement/rebuild policy.","each SHALL include provenance, digest, support status, hardening and vulnerability disposition with a retirement/rebuild policy.",Platform engineering,"Eligible host/storage pools, actual scheduler, volume/copy service, backup and protected recovery estate",EXTERNAL_PLATFORM_STORAGE_PROTECTION_CONTROL_WITH_PARTIAL_WORKLOAD_CODE,"Accepted placement/storage/protection profiles and native allocation, retention, copy/key and restore procedures — specifically: each SHALL include provenance, digest, support status, hardening and vulnerability disposition with a retirement/rebuild policy.",terraform/modules/nutanix-workload; terraform/modules/vsphere-workload; terraform/modules/openstack-workload; docs/current/TAD-infrastructure.md,Check real initial/recovery placement and unauthorized attachment/copy access; measure usable isolated restore with required dependencies.,CT-036; CT-040; CT-041,"NATIVE_NOT_RUN; related local fixtures/engine checks are narrower evidence, not satisfaction","VM/volume creation does not implement approved physical co-residency, backup authority, retained-copy catalogues or recoverable key custody.","PROPOSED_ALLOCATION; actual applicability, named authority and evidence assignment pending",RA §11,Not selected; explicit scope rationale and authority required before any N/A disposition
IMG-002.A01,IMG-002,Runtime configuration SHALL be verified against the required baseline after provisioning and material change; unsupported protection agents or disabled mandatory controls SHALL not be silently accepted.,Complete source obligation; all applicable clauses must be satisfied: Runtime configuration SHALL be verified against the required baseline after provisioning and material change; unsupported protection agents or disabled mandatory controls SHALL not be silently accepted.,Platform engineering,"Eligible host/storage pools, actual scheduler, volume/copy service, backup and protected recovery estate",EXTERNAL_PLATFORM_STORAGE_PROTECTION_CONTROL_WITH_PARTIAL_WORKLOAD_CODE,"Accepted placement/storage/protection profiles and native allocation, retention, copy/key and restore procedures — specifically: Complete source obligation; all applicable clauses must be satisfied: Runtime configuration SHALL be verified against the required baseline after provisioning and material change; unsupported protection agents or disabled mandatory controls SHALL not be silently accepted.",terraform/modules/nutanix-workload; terraform/modules/vsphere-workload; terraform/modules/openstack-workload; docs/current/TAD-infrastructure.md,Check real initial/recovery placement and unauthorized attachment/copy access; measure usable isolated restore with required dependencies.,CT-014; CT-036; CT-040,"NATIVE_NOT_RUN; related local fixtures/engine checks are narrower evidence, not satisfaction","VM/volume creation does not implement approved physical co-residency, backup authority, retained-copy catalogues or recoverable key custody.","PROPOSED_ALLOCATION; actual applicability, named authority and evidence assignment pending",RA §11,Not selected; explicit scope rationale and authority required before any N/A disposition
IMG-002.A02,IMG-002,Runtime configuration SHALL be verified against the required baseline after provisioning and material change; unsupported protection agents or disabled mandatory controls SHALL not be silently accepted.,Runtime configuration SHALL be verified against the required baseline after provisioning and material change,Platform engineering,"Eligible host/storage pools, actual scheduler, volume/copy service, backup and protected recovery estate",EXTERNAL_PLATFORM_STORAGE_PROTECTION_CONTROL_WITH_PARTIAL_WORKLOAD_CODE,"Accepted placement/storage/protection profiles and native allocation, retention, copy/key and restore procedures — specifically: Runtime configuration SHALL be verified against the required baseline after provisioning and material change",terraform/modules/nutanix-workload; terraform/modules/vsphere-workload; terraform/modules/openstack-workload; docs/current/TAD-infrastructure.md,Check real initial/recovery placement and unauthorized attachment/copy access; measure usable isolated restore with required dependencies.,CT-014; CT-036; CT-040,"NATIVE_NOT_RUN; related local fixtures/engine checks are narrower evidence, not satisfaction","VM/volume creation does not implement approved physical co-residency, backup authority, retained-copy catalogues or recoverable key custody.","PROPOSED_ALLOCATION; actual applicability, named authority and evidence assignment pending",RA §11,Not selected; explicit scope rationale and authority required before any N/A disposition
IMG-002.A03,IMG-002,Runtime configuration SHALL be verified against the required baseline after provisioning and material change; unsupported protection agents or disabled mandatory controls SHALL not be silently accepted.,unsupported protection agents or disabled mandatory controls SHALL not be silently accepted.,Platform engineering,"Eligible host/storage pools, actual scheduler, volume/copy service, backup and protected recovery estate",EXTERNAL_PLATFORM_STORAGE_PROTECTION_CONTROL_WITH_PARTIAL_WORKLOAD_CODE,"Accepted placement/storage/protection profiles and native allocation, retention, copy/key and restore procedures — specifically: unsupported protection agents or disabled mandatory controls SHALL not be silently accepted.",terraform/modules/nutanix-workload; terraform/modules/vsphere-workload; terraform/modules/openstack-workload; docs/current/TAD-infrastructure.md,Check real initial/recovery placement and unauthorized attachment/copy access; measure usable isolated restore with required dependencies.,CT-014; CT-036; CT-040,"NATIVE_NOT_RUN; related local fixtures/engine checks are narrower evidence, not satisfaction","VM/volume creation does not implement approved physical co-residency, backup authority, retained-copy catalogues or recoverable key custody.","PROPOSED_ALLOCATION; actual applicability, named authority and evidence assignment pending",RA §11,Not selected; explicit scope rationale and authority required before any N/A disposition
BKP-001.A01,BKP-001,Backup consumers SHALL NOT receive connectivity to backup management interfaces merely because they consume backup service.,Complete source obligation; all applicable clauses must be satisfied: Backup consumers SHALL NOT receive connectivity to backup management interfaces merely because they consume backup service.,Backup operations,"Eligible host/storage pools, actual scheduler, volume/copy service, backup and protected recovery estate",EXTERNAL_PLATFORM_STORAGE_PROTECTION_CONTROL_WITH_PARTIAL_WORKLOAD_CODE,"Accepted placement/storage/protection profiles and native allocation, retention, copy/key and restore procedures — specifically: Complete source obligation; all applicable clauses must be satisfied: Backup consumers SHALL NOT receive connectivity to backup management interfaces merely because they consume backup service.",terraform/modules/nutanix-workload; terraform/modules/vsphere-workload; terraform/modules/openstack-workload; docs/current/TAD-infrastructure.md,Check real initial/recovery placement and unauthorized attachment/copy access; measure usable isolated restore with required dependencies.,CT-004; CT-051,"NATIVE_NOT_RUN; related local fixtures/engine checks are narrower evidence, not satisfaction","VM/volume creation does not implement approved physical co-residency, backup authority, retained-copy catalogues or recoverable key custody.","PROPOSED_ALLOCATION; actual applicability, named authority and evidence assignment pending",RA §12; RA §27,Not selected; explicit scope rationale and authority required before any N/A disposition
BKP-002.A01,BKP-002,"Restore workflows SHALL enforce the same tenant, security-zone, identity, and evidence controls as backup ingestion.","Complete source obligation; all applicable clauses must be satisfied: Restore workflows SHALL enforce the same tenant, security-zone, identity, and evidence controls as backup ingestion.",Backup operations,"Eligible host/storage pools, actual scheduler, volume/copy service, backup and protected recovery estate",EXTERNAL_PLATFORM_STORAGE_PROTECTION_CONTROL_WITH_PARTIAL_WORKLOAD_CODE,"Accepted placement/storage/protection profiles and native allocation, retention, copy/key and restore procedures — specifically: Complete source obligation; all applicable clauses must be satisfied: Restore workflows SHALL enforce the same tenant, security-zone, identity, and evidence controls as backup ingestion.",terraform/modules/nutanix-workload; terraform/modules/vsphere-workload; terraform/modules/openstack-workload; docs/current/TAD-infrastructure.md,Check real initial/recovery placement and unauthorized attachment/copy access; measure usable isolated restore with required dependencies.,CT-052; CT-054,"NATIVE_NOT_RUN; related local fixtures/engine checks are narrower evidence, not satisfaction","VM/volume creation does not implement approved physical co-residency, backup authority, retained-copy catalogues or recoverable key custody.","PROPOSED_ALLOCATION; actual applicability, named authority and evidence assignment pending",RA §12; RA §27,Not selected; explicit scope rationale and authority required before any N/A disposition
BKP-003.A01,BKP-003,"Every protected production WSD SHALL have a BackupPolicy with consistency, retention, location, key and protected-copy requirements; successful isolated restore SHALL be demonstrated at the policy cadence.","Complete source obligation; all applicable clauses must be satisfied: Every protected production WSD SHALL have a BackupPolicy with consistency, retention, location, key and protected-copy requirements; successful isolated restore SHALL be demonstrated at the policy cadence.",Backup operations,"Eligible host/storage pools, actual scheduler, volume/copy service, backup and protected recovery estate",EXTERNAL_PLATFORM_STORAGE_PROTECTION_CONTROL_WITH_PARTIAL_WORKLOAD_CODE,"Accepted placement/storage/protection profiles and native allocation, retention, copy/key and restore procedures — specifically: Complete source obligation; all applicable clauses must be satisfied: Every protected production WSD SHALL have a BackupPolicy with consistency, retention, location, key and protected-copy requirements; successful isolated restore SHALL be demonstrated at the policy cadence.",terraform/modules/nutanix-workload; terraform/modules/vsphere-workload; terraform/modules/openstack-workload; docs/current/TAD-infrastructure.md,Check real initial/recovery placement and unauthorized attachment/copy access; measure usable isolated restore with required dependencies.,CT-051; CT-052; CT-053,"NATIVE_NOT_RUN; related local fixtures/engine checks are narrower evidence, not satisfaction","VM/volume creation does not implement approved physical co-residency, backup authority, retained-copy catalogues or recoverable key custody.","PROPOSED_ALLOCATION; actual applicability, named authority and evidence assignment pending",RA §12; RA §27,Not selected; explicit scope rationale and authority required before any N/A disposition
BKP-003.A02,BKP-003,"Every protected production WSD SHALL have a BackupPolicy with consistency, retention, location, key and protected-copy requirements; successful isolated restore SHALL be demonstrated at the policy cadence.","Every protected production WSD SHALL have a BackupPolicy with consistency, retention, location, key and protected-copy requirements",Backup operations,"Eligible host/storage pools, actual scheduler, volume/copy service, backup and protected recovery estate",EXTERNAL_PLATFORM_STORAGE_PROTECTION_CONTROL_WITH_PARTIAL_WORKLOAD_CODE,"Accepted placement/storage/protection profiles and native allocation, retention, copy/key and restore procedures — specifically: Every protected production WSD SHALL have a BackupPolicy with consistency, retention, location, key and protected-copy requirements",terraform/modules/nutanix-workload; terraform/modules/vsphere-workload; terraform/modules/openstack-workload; docs/current/TAD-infrastructure.md,Check real initial/recovery placement and unauthorized attachment/copy access; measure usable isolated restore with required dependencies.,CT-051; CT-052; CT-053,"NATIVE_NOT_RUN; related local fixtures/engine checks are narrower evidence, not satisfaction","VM/volume creation does not implement approved physical co-residency, backup authority, retained-copy catalogues or recoverable key custody.","PROPOSED_ALLOCATION; actual applicability, named authority and evidence assignment pending",RA §12; RA §27,Not selected; explicit scope rationale and authority required before any N/A disposition
BKP-003.A03,BKP-003,"Every protected production WSD SHALL have a BackupPolicy with consistency, retention, location, key and protected-copy requirements; successful isolated restore SHALL be demonstrated at the policy cadence.",successful isolated restore SHALL be demonstrated at the policy cadence.,Backup operations,"Eligible host/storage pools, actual scheduler, volume/copy service, backup and protected recovery estate",EXTERNAL_PLATFORM_STORAGE_PROTECTION_CONTROL_WITH_PARTIAL_WORKLOAD_CODE,"Accepted placement/storage/protection profiles and native allocation, retention, copy/key and restore procedures — specifically: successful isolated restore SHALL be demonstrated at the policy cadence.",terraform/modules/nutanix-workload; terraform/modules/vsphere-workload; terraform/modules/openstack-workload; docs/current/TAD-infrastructure.md,Check real initial/recovery placement and unauthorized attachment/copy access; measure usable isolated restore with required dependencies.,CT-051; CT-052; CT-053,"NATIVE_NOT_RUN; related local fixtures/engine checks are narrower evidence, not satisfaction","VM/volume creation does not implement approved physical co-residency, backup authority, retained-copy catalogues or recoverable key custody.","PROPOSED_ALLOCATION; actual applicability, named authority and evidence assignment pending",RA §12; RA §27,Not selected; explicit scope rationale and authority required before any N/A disposition
BKP-004.A01,BKP-004,Production credentials SHALL NOT be able to destroy or reduce the protection of recovery copies designated independent/immutable; retained copies SHALL keep the keys and catalogue required for authorized recovery.,Complete source obligation; all applicable clauses must be satisfied: Production credentials SHALL NOT be able to destroy or reduce the protection of recovery copies designated independent/immutable; retained copies SHALL keep the keys and catalogue required for authorized recovery.,Backup operations,"Eligible host/storage pools, actual scheduler, volume/copy service, backup and protected recovery estate",EXTERNAL_PLATFORM_STORAGE_PROTECTION_CONTROL_WITH_PARTIAL_WORKLOAD_CODE,"Accepted placement/storage/protection profiles and native allocation, retention, copy/key and restore procedures — specifically: Complete source obligation; all applicable clauses must be satisfied: Production credentials SHALL NOT be able to destroy or reduce the protection of recovery copies designated independent/immutable; retained copies SHALL keep the keys and catalogue required for authorized recovery.",terraform/modules/nutanix-workload; terraform/modules/vsphere-workload; terraform/modules/openstack-workload; docs/current/TAD-infrastructure.md,Check real initial/recovery placement and unauthorized attachment/copy access; measure usable isolated restore with required dependencies.,CT-038; CT-051; CT-053,"NATIVE_NOT_RUN; related local fixtures/engine checks are narrower evidence, not satisfaction","VM/volume creation does not implement approved physical co-residency, backup authority, retained-copy catalogues or recoverable key custody.","PROPOSED_ALLOCATION; actual applicability, named authority and evidence assignment pending",RA §12; RA §27,Not selected; explicit scope rationale and authority required before any N/A disposition
BKP-004.A02,BKP-004,Production credentials SHALL NOT be able to destroy or reduce the protection of recovery copies designated independent/immutable; retained copies SHALL keep the keys and catalogue required for authorized recovery.,Production credentials SHALL NOT be able to destroy or reduce the protection of recovery copies designated independent/immutable,Backup operations,"Eligible host/storage pools, actual scheduler, volume/copy service, backup and protected recovery estate",EXTERNAL_PLATFORM_STORAGE_PROTECTION_CONTROL_WITH_PARTIAL_WORKLOAD_CODE,"Accepted placement/storage/protection profiles and native allocation, retention, copy/key and restore procedures — specifically: Production credentials SHALL NOT be able to destroy or reduce the protection of recovery copies designated independent/immutable",terraform/modules/nutanix-workload; terraform/modules/vsphere-workload; terraform/modules/openstack-workload; docs/current/TAD-infrastructure.md,Check real initial/recovery placement and unauthorized attachment/copy access; measure usable isolated restore with required dependencies.,CT-038; CT-051; CT-053,"NATIVE_NOT_RUN; related local fixtures/engine checks are narrower evidence, not satisfaction","VM/volume creation does not implement approved physical co-residency, backup authority, retained-copy catalogues or recoverable key custody.","PROPOSED_ALLOCATION; actual applicability, named authority and evidence assignment pending",RA §12; RA §27,Not selected; explicit scope rationale and authority required before any N/A disposition
BKP-004.A03,BKP-004,Production credentials SHALL NOT be able to destroy or reduce the protection of recovery copies designated independent/immutable; retained copies SHALL keep the keys and catalogue required for authorized recovery.,retained copies SHALL keep the keys and catalogue required for authorized recovery.,Backup operations,"Eligible host/storage pools, actual scheduler, volume/copy service, backup and protected recovery estate",EXTERNAL_PLATFORM_STORAGE_PROTECTION_CONTROL_WITH_PARTIAL_WORKLOAD_CODE,"Accepted placement/storage/protection profiles and native allocation, retention, copy/key and restore procedures — specifically: retained copies SHALL keep the keys and catalogue required for authorized recovery.",terraform/modules/nutanix-workload; terraform/modules/vsphere-workload; terraform/modules/openstack-workload; docs/current/TAD-infrastructure.md,Check real initial/recovery placement and unauthorized attachment/copy access; measure usable isolated restore with required dependencies.,CT-038; CT-051; CT-053,"NATIVE_NOT_RUN; related local fixtures/engine checks are narrower evidence, not satisfaction","VM/volume creation does not implement approved physical co-residency, backup authority, retained-copy catalogues or recoverable key custody.","PROPOSED_ALLOCATION; actual applicability, named authority and evidence assignment pending",RA §12; RA §27,Not selected; explicit scope rationale and authority required before any N/A disposition
REL-001.A01,REL-001,"Availability and recovery profiles SHALL define measurement scope, SLO, failure tolerance, maintenance treatment, RTO/RPO, consistency, dependencies and test cadence; impact categorization SHALL NOT substitute for these values.","Complete source obligation; all applicable clauses must be satisfied: Availability and recovery profiles SHALL define measurement scope, SLO, failure tolerance, maintenance treatment, RTO/RPO, consistency, dependencies and test cadence; impact categorization SHALL NOT substitute for these values.",Service owner,Architecture/design review and separately governed service/adoption/qualification authority,MANUAL_GOVERNANCE_OR_EXTERNAL_AUTHORITATIVE_RECORD_REQUIRED,"Scope-specific current architecture/engineering/authority record addressing the exact assertion, with named owner and protected evidence — specifically: Complete source obligation; all applicable clauses must be satisfied: Availability and recovery profiles SHALL define measurement scope, SLO, failure tolerance, maintenance treatment, RTO/RPO, consistency, dependencies and test cadence; impact categorization SHALL NOT substitute for these values.",docs/current/RAD-adoption.md; docs/current/TAD-infrastructure.md; docs/assurance/verification-families.md,Review the actual versioned record and its individual assertions; corroborate implementation-specific obligations with the applicable native tests.,CT-012; CT-052; CT-054; CT-062,"NATIVE_NOT_RUN; related local fixtures/engine checks are narrower evidence, not satisfaction","No controller or document generator can issue organizational approval, assess all adopted controls or complete absent site-specific evidence.","PROPOSED_ALLOCATION; actual applicability, named authority and evidence assignment pending",RA §14; RA §26,Not selected; explicit scope rationale and authority required before any N/A disposition
REL-001.A02,REL-001,"Availability and recovery profiles SHALL define measurement scope, SLO, failure tolerance, maintenance treatment, RTO/RPO, consistency, dependencies and test cadence; impact categorization SHALL NOT substitute for these values.","Availability and recovery profiles SHALL define measurement scope, SLO, failure tolerance, maintenance treatment, RTO/RPO, consistency, dependencies and test cadence",Service owner,Architecture/design review and separately governed service/adoption/qualification authority,MANUAL_GOVERNANCE_OR_EXTERNAL_AUTHORITATIVE_RECORD_REQUIRED,"Scope-specific current architecture/engineering/authority record addressing the exact assertion, with named owner and protected evidence — specifically: Availability and recovery profiles SHALL define measurement scope, SLO, failure tolerance, maintenance treatment, RTO/RPO, consistency, dependencies and test cadence",docs/current/RAD-adoption.md; docs/current/TAD-infrastructure.md; docs/assurance/verification-families.md,Review the actual versioned record and its individual assertions; corroborate implementation-specific obligations with the applicable native tests.,CT-012; CT-052; CT-054; CT-062,"NATIVE_NOT_RUN; related local fixtures/engine checks are narrower evidence, not satisfaction","No controller or document generator can issue organizational approval, assess all adopted controls or complete absent site-specific evidence.","PROPOSED_ALLOCATION; actual applicability, named authority and evidence assignment pending",RA §14; RA §26,Not selected; explicit scope rationale and authority required before any N/A disposition
REL-001.A03,REL-001,"Availability and recovery profiles SHALL define measurement scope, SLO, failure tolerance, maintenance treatment, RTO/RPO, consistency, dependencies and test cadence; impact categorization SHALL NOT substitute for these values.",impact categorization SHALL NOT substitute for these values.,Service owner,Architecture/design review and separately governed service/adoption/qualification authority,MANUAL_GOVERNANCE_OR_EXTERNAL_AUTHORITATIVE_RECORD_REQUIRED,"Scope-specific current architecture/engineering/authority record addressing the exact assertion, with named owner and protected evidence — specifically: impact categorization SHALL NOT substitute for these values.",docs/current/RAD-adoption.md; docs/current/TAD-infrastructure.md; docs/assurance/verification-families.md,Review the actual versioned record and its individual assertions; corroborate implementation-specific obligations with the applicable native tests.,CT-012; CT-052; CT-054; CT-062,"NATIVE_NOT_RUN; related local fixtures/engine checks are narrower evidence, not satisfaction","No controller or document generator can issue organizational approval, assess all adopted controls or complete absent site-specific evidence.","PROPOSED_ALLOCATION; actual applicability, named authority and evidence assignment pending",RA §14; RA §26,Not selected; explicit scope rationale and authority required before any N/A disposition
REL-002.A01,REL-002,Recovery/HA capabilities SHALL be measured under the approved load and failure scenario before a platform offers the profile; reported SLOs SHALL disclose exclusions and actual breaches.,Complete source obligation; all applicable clauses must be satisfied: Recovery/HA capabilities SHALL be measured under the approved load and failure scenario before a platform offers the profile; reported SLOs SHALL disclose exclusions and actual breaches.,Operations/SRE,Architecture/design review and separately governed service/adoption/qualification authority,MANUAL_GOVERNANCE_OR_EXTERNAL_AUTHORITATIVE_RECORD_REQUIRED,"Scope-specific current architecture/engineering/authority record addressing the exact assertion, with named owner and protected evidence — specifically: Complete source obligation; all applicable clauses must be satisfied: Recovery/HA capabilities SHALL be measured under the approved load and failure scenario before a platform offers the profile; reported SLOs SHALL disclose exclusions and actual breaches.",docs/current/RAD-adoption.md; docs/current/TAD-infrastructure.md; docs/assurance/verification-families.md,Review the actual versioned record and its individual assertions; corroborate implementation-specific obligations with the applicable native tests.,CT-012; CT-039; CT-054; CT-056,"NATIVE_NOT_RUN; related local fixtures/engine checks are narrower evidence, not satisfaction","No controller or document generator can issue organizational approval, assess all adopted controls or complete absent site-specific evidence.","PROPOSED_ALLOCATION; actual applicability, named authority and evidence assignment pending",RA §14; RA §26,Not selected; explicit scope rationale and authority required before any N/A disposition
REL-002.A02,REL-002,Recovery/HA capabilities SHALL be measured under the approved load and failure scenario before a platform offers the profile; reported SLOs SHALL disclose exclusions and actual breaches.,Recovery/HA capabilities SHALL be measured under the approved load and failure scenario before a platform offers the profile,Operations/SRE,Architecture/design review and separately governed service/adoption/qualification authority,MANUAL_GOVERNANCE_OR_EXTERNAL_AUTHORITATIVE_RECORD_REQUIRED,"Scope-specific current architecture/engineering/authority record addressing the exact assertion, with named owner and protected evidence — specifically: Recovery/HA capabilities SHALL be measured under the approved load and failure scenario before a platform offers the profile",docs/current/RAD-adoption.md; docs/current/TAD-infrastructure.md; docs/assurance/verification-families.md,Review the actual versioned record and its individual assertions; corroborate implementation-specific obligations with the applicable native tests.,CT-012; CT-039; CT-054; CT-056,"NATIVE_NOT_RUN; related local fixtures/engine checks are narrower evidence, not satisfaction","No controller or document generator can issue organizational approval, assess all adopted controls or complete absent site-specific evidence.","PROPOSED_ALLOCATION; actual applicability, named authority and evidence assignment pending",RA §14; RA §26,Not selected; explicit scope rationale and authority required before any N/A disposition
REL-002.A03,REL-002,Recovery/HA capabilities SHALL be measured under the approved load and failure scenario before a platform offers the profile; reported SLOs SHALL disclose exclusions and actual breaches.,reported SLOs SHALL disclose exclusions and actual breaches.,Operations/SRE,Architecture/design review and separately governed service/adoption/qualification authority,MANUAL_GOVERNANCE_OR_EXTERNAL_AUTHORITATIVE_RECORD_REQUIRED,"Scope-specific current architecture/engineering/authority record addressing the exact assertion, with named owner and protected evidence — specifically: reported SLOs SHALL disclose exclusions and actual breaches.",docs/current/RAD-adoption.md; docs/current/TAD-infrastructure.md; docs/assurance/verification-families.md,Review the actual versioned record and its individual assertions; corroborate implementation-specific obligations with the applicable native tests.,CT-012; CT-039; CT-054; CT-056,"NATIVE_NOT_RUN; related local fixtures/engine checks are narrower evidence, not satisfaction","No controller or document generator can issue organizational approval, assess all adopted controls or complete absent site-specific evidence.","PROPOSED_ALLOCATION; actual applicability, named authority and evidence assignment pending",RA §14; RA §26,Not selected; explicit scope rationale and authority required before any N/A disposition
PLACE-001.A01,PLACE-001,"Placement SHALL satisfy all mandatory security, assurance, location, lifecycle, capacity and recovery constraints using a current qualified platform profile; unresolved or conflicting constraints SHALL reject the request.","Complete source obligation; all applicable clauses must be satisfied: Placement SHALL satisfy all mandatory security, assurance, location, lifecycle, capacity and recovery constraints using a current qualified platform profile; unresolved or conflicting constraints SHALL reject the request.",Automation platform,"Eligible host/storage pools, actual scheduler, volume/copy service, backup and protected recovery estate",EXTERNAL_PLATFORM_STORAGE_PROTECTION_CONTROL_WITH_PARTIAL_WORKLOAD_CODE,"Accepted placement/storage/protection profiles and native allocation, retention, copy/key and restore procedures — specifically: Complete source obligation; all applicable clauses must be satisfied: Placement SHALL satisfy all mandatory security, assurance, location, lifecycle, capacity and recovery constraints using a current qualified platform profile; unresolved or conflicting constraints SHALL reject the request.",terraform/modules/nutanix-workload; terraform/modules/vsphere-workload; terraform/modules/openstack-workload; docs/current/TAD-infrastructure.md,Check real initial/recovery placement and unauthorized attachment/copy access; measure usable isolated restore with required dependencies.,CT-018; CT-035; CT-056; CT-061,"NATIVE_NOT_RUN; related local fixtures/engine checks are narrower evidence, not satisfaction","VM/volume creation does not implement approved physical co-residency, backup authority, retained-copy catalogues or recoverable key custody.","PROPOSED_ALLOCATION; actual applicability, named authority and evidence assignment pending",RA §13; RA §14,Not selected; explicit scope rationale and authority required before any N/A disposition
PLACE-001.A02,PLACE-001,"Placement SHALL satisfy all mandatory security, assurance, location, lifecycle, capacity and recovery constraints using a current qualified platform profile; unresolved or conflicting constraints SHALL reject the request.","Placement SHALL satisfy all mandatory security, assurance, location, lifecycle, capacity and recovery constraints using a current qualified platform profile",Automation platform,"Eligible host/storage pools, actual scheduler, volume/copy service, backup and protected recovery estate",EXTERNAL_PLATFORM_STORAGE_PROTECTION_CONTROL_WITH_PARTIAL_WORKLOAD_CODE,"Accepted placement/storage/protection profiles and native allocation, retention, copy/key and restore procedures — specifically: Placement SHALL satisfy all mandatory security, assurance, location, lifecycle, capacity and recovery constraints using a current qualified platform profile",terraform/modules/nutanix-workload; terraform/modules/vsphere-workload; terraform/modules/openstack-workload; docs/current/TAD-infrastructure.md,Check real initial/recovery placement and unauthorized attachment/copy access; measure usable isolated restore with required dependencies.,CT-018; CT-035; CT-056; CT-061,"NATIVE_NOT_RUN; related local fixtures/engine checks are narrower evidence, not satisfaction","VM/volume creation does not implement approved physical co-residency, backup authority, retained-copy catalogues or recoverable key custody.","PROPOSED_ALLOCATION; actual applicability, named authority and evidence assignment pending",RA §13; RA §14,Not selected; explicit scope rationale and authority required before any N/A disposition
PLACE-001.A03,PLACE-001,"Placement SHALL satisfy all mandatory security, assurance, location, lifecycle, capacity and recovery constraints using a current qualified platform profile; unresolved or conflicting constraints SHALL reject the request.",unresolved or conflicting constraints SHALL reject the request.,Automation platform,"Eligible host/storage pools, actual scheduler, volume/copy service, backup and protected recovery estate",EXTERNAL_PLATFORM_STORAGE_PROTECTION_CONTROL_WITH_PARTIAL_WORKLOAD_CODE,"Accepted placement/storage/protection profiles and native allocation, retention, copy/key and restore procedures — specifically: unresolved or conflicting constraints SHALL reject the request.",terraform/modules/nutanix-workload; terraform/modules/vsphere-workload; terraform/modules/openstack-workload; docs/current/TAD-infrastructure.md,Check real initial/recovery placement and unauthorized attachment/copy access; measure usable isolated restore with required dependencies.,CT-018; CT-035; CT-056; CT-061,"NATIVE_NOT_RUN; related local fixtures/engine checks are narrower evidence, not satisfaction","VM/volume creation does not implement approved physical co-residency, backup authority, retained-copy catalogues or recoverable key custody.","PROPOSED_ALLOCATION; actual applicability, named authority and evidence assignment pending",RA §13; RA §14,Not selected; explicit scope rationale and authority required before any N/A disposition
PLACE-002.A01,PLACE-002,"Data, backup, telemetry, diagnostic, control-plane, administrative-access and key locations/control constraints SHALL be represented separately and enforced through approved profiles and agreements.","Complete source obligation; all applicable clauses must be satisfied: Data, backup, telemetry, diagnostic, control-plane, administrative-access and key locations/control constraints SHALL be represented separately and enforced through approved profiles and agreements.",Service owner,"Eligible host/storage pools, actual scheduler, volume/copy service, backup and protected recovery estate",EXTERNAL_PLATFORM_STORAGE_PROTECTION_CONTROL_WITH_PARTIAL_WORKLOAD_CODE,"Accepted placement/storage/protection profiles and native allocation, retention, copy/key and restore procedures — specifically: Complete source obligation; all applicable clauses must be satisfied: Data, backup, telemetry, diagnostic, control-plane, administrative-access and key locations/control constraints SHALL be represented separately and enforced through approved profiles and agreements.",terraform/modules/nutanix-workload; terraform/modules/vsphere-workload; terraform/modules/openstack-workload; docs/current/TAD-infrastructure.md,Check real initial/recovery placement and unauthorized attachment/copy access; measure usable isolated restore with required dependencies.,CT-061; CT-079,"NATIVE_NOT_RUN; related local fixtures/engine checks are narrower evidence, not satisfaction","VM/volume creation does not implement approved physical co-residency, backup authority, retained-copy catalogues or recoverable key custody.","PROPOSED_ALLOCATION; actual applicability, named authority and evidence assignment pending",RA §13; RA §14,Not selected; explicit scope rationale and authority required before any N/A disposition
PLACE-003.A01,PLACE-003,"Each portable service class SHALL have a documented exit path, declared proprietary dependencies and representative export/recovery evidence; residency or format support alone SHALL NOT be presented as portability or sovereignty proof.","Complete source obligation; all applicable clauses must be satisfied: Each portable service class SHALL have a documented exit path, declared proprietary dependencies and representative export/recovery evidence; residency or format support alone SHALL NOT be presented as portability or sovereignty proof.",Architecture authority,"Eligible host/storage pools, actual scheduler, volume/copy service, backup and protected recovery estate",EXTERNAL_PLATFORM_STORAGE_PROTECTION_CONTROL_WITH_PARTIAL_WORKLOAD_CODE,"Accepted placement/storage/protection profiles and native allocation, retention, copy/key and restore procedures — specifically: Complete source obligation; all applicable clauses must be satisfied: Each portable service class SHALL have a documented exit path, declared proprietary dependencies and representative export/recovery evidence; residency or format support alone SHALL NOT be presented as portability or sovereignty proof.",terraform/modules/nutanix-workload; terraform/modules/vsphere-workload; terraform/modules/openstack-workload; docs/current/TAD-infrastructure.md,Check real initial/recovery placement and unauthorized attachment/copy access; measure usable isolated restore with required dependencies.,CT-060; CT-073,"NATIVE_NOT_RUN; related local fixtures/engine checks are narrower evidence, not satisfaction","VM/volume creation does not implement approved physical co-residency, backup authority, retained-copy catalogues or recoverable key custody.","PROPOSED_ALLOCATION; actual applicability, named authority and evidence assignment pending",RA §13; RA §14,Not selected; explicit scope rationale and authority required before any N/A disposition
PLACE-003.A02,PLACE-003,"Each portable service class SHALL have a documented exit path, declared proprietary dependencies and representative export/recovery evidence; residency or format support alone SHALL NOT be presented as portability or sovereignty proof.","Each portable service class SHALL have a documented exit path, declared proprietary dependencies and representative export/recovery evidence",Architecture authority,"Eligible host/storage pools, actual scheduler, volume/copy service, backup and protected recovery estate",EXTERNAL_PLATFORM_STORAGE_PROTECTION_CONTROL_WITH_PARTIAL_WORKLOAD_CODE,"Accepted placement/storage/protection profiles and native allocation, retention, copy/key and restore procedures — specifically: Each portable service class SHALL have a documented exit path, declared proprietary dependencies and representative export/recovery evidence",terraform/modules/nutanix-workload; terraform/modules/vsphere-workload; terraform/modules/openstack-workload; docs/current/TAD-infrastructure.md,Check real initial/recovery placement and unauthorized attachment/copy access; measure usable isolated restore with required dependencies.,CT-060; CT-073,"NATIVE_NOT_RUN; related local fixtures/engine checks are narrower evidence, not satisfaction","VM/volume creation does not implement approved physical co-residency, backup authority, retained-copy catalogues or recoverable key custody.","PROPOSED_ALLOCATION; actual applicability, named authority and evidence assignment pending",RA §13; RA §14,Not selected; explicit scope rationale and authority required before any N/A disposition
PLACE-003.A03,PLACE-003,"Each portable service class SHALL have a documented exit path, declared proprietary dependencies and representative export/recovery evidence; residency or format support alone SHALL NOT be presented as portability or sovereignty proof.",residency or format support alone SHALL NOT be presented as portability or sovereignty proof.,Architecture authority,"Eligible host/storage pools, actual scheduler, volume/copy service, backup and protected recovery estate",EXTERNAL_PLATFORM_STORAGE_PROTECTION_CONTROL_WITH_PARTIAL_WORKLOAD_CODE,"Accepted placement/storage/protection profiles and native allocation, retention, copy/key and restore procedures — specifically: residency or format support alone SHALL NOT be presented as portability or sovereignty proof.",terraform/modules/nutanix-workload; terraform/modules/vsphere-workload; terraform/modules/openstack-workload; docs/current/TAD-infrastructure.md,Check real initial/recovery placement and unauthorized attachment/copy access; measure usable isolated restore with required dependencies.,CT-060; CT-073,"NATIVE_NOT_RUN; related local fixtures/engine checks are narrower evidence, not satisfaction","VM/volume creation does not implement approved physical co-residency, backup authority, retained-copy catalogues or recoverable key custody.","PROPOSED_ALLOCATION; actual applicability, named authority and evidence assignment pending",RA §13; RA §14,Not selected; explicit scope rationale and authority required before any N/A disposition
SVCM-001.A01,SVCM-001,"The service catalogue SHALL publish entitlements, hard quotas, reservation semantics, availability/recovery targets, supported capabilities and lifecycle obligations with stable service identifiers.","Complete source obligation; all applicable clauses must be satisfied: The service catalogue SHALL publish entitlements, hard quotas, reservation semantics, availability/recovery targets, supported capabilities and lifecycle obligations with stable service identifiers.",Service owner,"Actual operational service, independent telemetry, capacity/failure domains and lifecycle authorities",EXTERNAL_OPERATING_SERVICE_OR_CONTROL_REQUIRED,"Owned runbook/service configuration, measured limits, dependency inventory and actual incident/recovery/retention acceptance record — specifically: Complete source obligation; all applicable clauses must be satisfied: The service catalogue SHALL publish entitlements, hard quotas, reservation semantics, availability/recovery targets, supported capabilities and lifecycle obligations with stable service identifiers.",docs/current/transition-and-as-built.md; docs/current/TAD-infrastructure.md; sources/implementation_backlog.csv,Perform each documented assertion on the actual approved service using independent observations and measured time/data outcomes; inspect exact versions and residual risks.,CT-019; CT-056; CT-062,"NATIVE_NOT_RUN; related local fixtures/engine checks are narrower evidence, not satisfaction","Reference procedures and local fixtures do not provide the selected operational infrastructure, measured recovery/HA, native supply-chain response or disposition authority.","PROPOSED_ALLOCATION; actual applicability, named authority and evidence assignment pending",RA §4; RA §20,Not selected; explicit scope rationale and authority required before any N/A disposition
SVCM-002.A01,SVCM-002,"Capacity inventory SHALL reconcile procured, staged, commissioned, available, reserved and consumed resources and SHALL report unused/stranded capacity, ownership and support-life exposure.","Complete source obligation; all applicable clauses must be satisfied: Capacity inventory SHALL reconcile procured, staged, commissioned, available, reserved and consumed resources and SHALL report unused/stranded capacity, ownership and support-life exposure.",Capacity management,"Actual operational service, independent telemetry, capacity/failure domains and lifecycle authorities",EXTERNAL_OPERATING_SERVICE_OR_CONTROL_REQUIRED,"Owned runbook/service configuration, measured limits, dependency inventory and actual incident/recovery/retention acceptance record — specifically: Complete source obligation; all applicable clauses must be satisfied: Capacity inventory SHALL reconcile procured, staged, commissioned, available, reserved and consumed resources and SHALL report unused/stranded capacity, ownership and support-life exposure.",docs/current/transition-and-as-built.md; docs/current/TAD-infrastructure.md; sources/implementation_backlog.csv,Perform each documented assertion on the actual approved service using independent observations and measured time/data outcomes; inspect exact versions and residual risks.,CT-074,"NATIVE_NOT_RUN; related local fixtures/engine checks are narrower evidence, not satisfaction","Reference procedures and local fixtures do not provide the selected operational infrastructure, measured recovery/HA, native supply-chain response or disposition authority.","PROPOSED_ALLOCATION; actual applicability, named authority and evidence assignment pending",RA §4; RA §20,Not selected; explicit scope rationale and authority required before any N/A disposition
RESP-001.A01,RESP-001,"Every applicable infrastructure/application control and recovery dependency SHALL have a provider, tenant or shared responsibility assignment and evidence owner; unresolved mandatory responsibilities SHALL block Service Ready.","Complete source obligation; all applicable clauses must be satisfied: Every applicable infrastructure/application control and recovery dependency SHALL have a provider, tenant or shared responsibility assignment and evidence owner; unresolved mandatory responsibilities SHALL block Service Ready.",Service owner,Architecture/design review and separately governed service/adoption/qualification authority,MANUAL_GOVERNANCE_OR_EXTERNAL_AUTHORITATIVE_RECORD_REQUIRED,"Scope-specific current architecture/engineering/authority record addressing the exact assertion, with named owner and protected evidence — specifically: Complete source obligation; all applicable clauses must be satisfied: Every applicable infrastructure/application control and recovery dependency SHALL have a provider, tenant or shared responsibility assignment and evidence owner; unresolved mandatory responsibilities SHALL block Service Ready.",docs/current/RAD-adoption.md; docs/current/TAD-infrastructure.md; docs/assurance/verification-families.md,Review the actual versioned record and its individual assertions; corroborate implementation-specific obligations with the applicable native tests.,CT-062; CT-069,"NATIVE_NOT_RUN; related local fixtures/engine checks are narrower evidence, not satisfaction","No controller or document generator can issue organizational approval, assess all adopted controls or complete absent site-specific evidence.","PROPOSED_ALLOCATION; actual applicability, named authority and evidence assignment pending",RA §23; RA §26,Not selected; explicit scope rationale and authority required before any N/A disposition
RESP-001.A02,RESP-001,"Every applicable infrastructure/application control and recovery dependency SHALL have a provider, tenant or shared responsibility assignment and evidence owner; unresolved mandatory responsibilities SHALL block Service Ready.","Every applicable infrastructure/application control and recovery dependency SHALL have a provider, tenant or shared responsibility assignment and evidence owner",Service owner,Architecture/design review and separately governed service/adoption/qualification authority,MANUAL_GOVERNANCE_OR_EXTERNAL_AUTHORITATIVE_RECORD_REQUIRED,"Scope-specific current architecture/engineering/authority record addressing the exact assertion, with named owner and protected evidence — specifically: Every applicable infrastructure/application control and recovery dependency SHALL have a provider, tenant or shared responsibility assignment and evidence owner",docs/current/RAD-adoption.md; docs/current/TAD-infrastructure.md; docs/assurance/verification-families.md,Review the actual versioned record and its individual assertions; corroborate implementation-specific obligations with the applicable native tests.,CT-062; CT-069,"NATIVE_NOT_RUN; related local fixtures/engine checks are narrower evidence, not satisfaction","No controller or document generator can issue organizational approval, assess all adopted controls or complete absent site-specific evidence.","PROPOSED_ALLOCATION; actual applicability, named authority and evidence assignment pending",RA §23; RA §26,Not selected; explicit scope rationale and authority required before any N/A disposition
RESP-001.A03,RESP-001,"Every applicable infrastructure/application control and recovery dependency SHALL have a provider, tenant or shared responsibility assignment and evidence owner; unresolved mandatory responsibilities SHALL block Service Ready.",unresolved mandatory responsibilities SHALL block Service Ready.,Service owner,Architecture/design review and separately governed service/adoption/qualification authority,MANUAL_GOVERNANCE_OR_EXTERNAL_AUTHORITATIVE_RECORD_REQUIRED,"Scope-specific current architecture/engineering/authority record addressing the exact assertion, with named owner and protected evidence — specifically: unresolved mandatory responsibilities SHALL block Service Ready.",docs/current/RAD-adoption.md; docs/current/TAD-infrastructure.md; docs/assurance/verification-families.md,Review the actual versioned record and its individual assertions; corroborate implementation-specific obligations with the applicable native tests.,CT-062; CT-069,"NATIVE_NOT_RUN; related local fixtures/engine checks are narrower evidence, not satisfaction","No controller or document generator can issue organizational approval, assess all adopted controls or complete absent site-specific evidence.","PROPOSED_ALLOCATION; actual applicability, named authority and evidence assignment pending",RA §23; RA §26,Not selected; explicit scope rationale and authority required before any N/A disposition
FAB-001.A01,FAB-001,"Routine create, update and retirement of tenants/WSDs in a precommissioned overlay service class SHALL NOT require leaf/spine configuration changes; foundation growth and fabric-routed service classes SHALL use separately authorized workflows.","Complete source obligation; all applicable clauses must be satisfied: Routine create, update and retirement of tenants/WSDs in a precommissioned overlay service class SHALL NOT require leaf/spine configuration changes; foundation growth and fabric-routed service classes SHALL use separately authorized workflows.",Network engineering,"Physical/overlay transport, site routing, OOB and actual address-family paths",EXTERNAL_NATIVE_FABRIC_AND_SITE_ENGINEERING_REQUIRED,"Accepted physical LLD, route/port/MTU/failure schedule and native configuration from the selected network owner — specifically: Complete source obligation; all applicable clauses must be satisfied: Routine create, update and retirement of tenants/WSDs in a precommissioned overlay service class SHALL NOT require leaf/spine configuration changes; foundation growth and fabric-routed service classes SHALL use separately authorized workflows.",docs/current/TAD-infrastructure.md; docs/current/interface-agreements.md; tools/route_audit.py,"Inspect real route imports, port/overlay ownership, packet sizes and positive/negative paths for every offered family and declared failure.",CT-071; CT-072,"NATIVE_NOT_RUN; related local fixtures/engine checks are narrower evidence, not satisfaction",Offline models and IPv6 loopback/AAAA checks are not a routed native IPv6 or physical-fabric implementation.,"PROPOSED_ALLOCATION; actual applicability, named authority and evidence assignment pending",RA §5,Not selected; explicit scope rationale and authority required before any N/A disposition
FAB-001.A02,FAB-001,"Routine create, update and retirement of tenants/WSDs in a precommissioned overlay service class SHALL NOT require leaf/spine configuration changes; foundation growth and fabric-routed service classes SHALL use separately authorized workflows.","Routine create, update and retirement of tenants/WSDs in a precommissioned overlay service class SHALL NOT require leaf/spine configuration changes",Network engineering,"Physical/overlay transport, site routing, OOB and actual address-family paths",EXTERNAL_NATIVE_FABRIC_AND_SITE_ENGINEERING_REQUIRED,"Accepted physical LLD, route/port/MTU/failure schedule and native configuration from the selected network owner — specifically: Routine create, update and retirement of tenants/WSDs in a precommissioned overlay service class SHALL NOT require leaf/spine configuration changes",docs/current/TAD-infrastructure.md; docs/current/interface-agreements.md; tools/route_audit.py,"Inspect real route imports, port/overlay ownership, packet sizes and positive/negative paths for every offered family and declared failure.",CT-071; CT-072,"NATIVE_NOT_RUN; related local fixtures/engine checks are narrower evidence, not satisfaction",Offline models and IPv6 loopback/AAAA checks are not a routed native IPv6 or physical-fabric implementation.,"PROPOSED_ALLOCATION; actual applicability, named authority and evidence assignment pending",RA §5,Not selected; explicit scope rationale and authority required before any N/A disposition
FAB-001.A03,FAB-001,"Routine create, update and retirement of tenants/WSDs in a precommissioned overlay service class SHALL NOT require leaf/spine configuration changes; foundation growth and fabric-routed service classes SHALL use separately authorized workflows.",foundation growth and fabric-routed service classes SHALL use separately authorized workflows.,Network engineering,"Physical/overlay transport, site routing, OOB and actual address-family paths",EXTERNAL_NATIVE_FABRIC_AND_SITE_ENGINEERING_REQUIRED,"Accepted physical LLD, route/port/MTU/failure schedule and native configuration from the selected network owner — specifically: foundation growth and fabric-routed service classes SHALL use separately authorized workflows.",docs/current/TAD-infrastructure.md; docs/current/interface-agreements.md; tools/route_audit.py,"Inspect real route imports, port/overlay ownership, packet sizes and positive/negative paths for every offered family and declared failure.",CT-071; CT-072,"NATIVE_NOT_RUN; related local fixtures/engine checks are narrower evidence, not satisfaction",Offline models and IPv6 loopback/AAAA checks are not a routed native IPv6 or physical-fabric implementation.,"PROPOSED_ALLOCATION; actual applicability, named authority and evidence assignment pending",RA §5,Not selected; explicit scope rationale and authority required before any N/A disposition
FAB-002.A01,FAB-002,A physical VRF SHALL be created only when the physical fabric itself must provide L3 routing for a legitimate routing/security domain.,Complete source obligation; all applicable clauses must be satisfied: A physical VRF SHALL be created only when the physical fabric itself must provide L3 routing for a legitimate routing/security domain.,Network engineering,"Physical/overlay transport, site routing, OOB and actual address-family paths",EXTERNAL_NATIVE_FABRIC_AND_SITE_ENGINEERING_REQUIRED,"Accepted physical LLD, route/port/MTU/failure schedule and native configuration from the selected network owner — specifically: Complete source obligation; all applicable clauses must be satisfied: A physical VRF SHALL be created only when the physical fabric itself must provide L3 routing for a legitimate routing/security domain.",docs/current/TAD-infrastructure.md; docs/current/interface-agreements.md; tools/route_audit.py,"Inspect real route imports, port/overlay ownership, packet sizes and positive/negative paths for every offered family and declared failure.",CT-009; CT-072,"NATIVE_NOT_RUN; related local fixtures/engine checks are narrower evidence, not satisfaction",Offline models and IPv6 loopback/AAAA checks are not a routed native IPv6 or physical-fabric implementation.,"PROPOSED_ALLOCATION; actual applicability, named authority and evidence assignment pending",RA §5,Not selected; explicit scope rationale and authority required before any N/A disposition
FAB-003.A01,FAB-003,"Function names such as backup, migration, platform, ZIP, or generic transit SHALL NOT by themselves justify a VRF.","Complete source obligation; all applicable clauses must be satisfied: Function names such as backup, migration, platform, ZIP, or generic transit SHALL NOT by themselves justify a VRF.",Architecture authority,"Physical/overlay transport, site routing, OOB and actual address-family paths",EXTERNAL_NATIVE_FABRIC_AND_SITE_ENGINEERING_REQUIRED,"Accepted physical LLD, route/port/MTU/failure schedule and native configuration from the selected network owner — specifically: Complete source obligation; all applicable clauses must be satisfied: Function names such as backup, migration, platform, ZIP, or generic transit SHALL NOT by themselves justify a VRF.",docs/current/TAD-infrastructure.md; docs/current/interface-agreements.md; tools/route_audit.py,"Inspect real route imports, port/overlay ownership, packet sizes and positive/negative paths for every offered family and declared failure.",CT-025; CT-072,"NATIVE_NOT_RUN; related local fixtures/engine checks are narrower evidence, not satisfaction",Offline models and IPv6 loopback/AAAA checks are not a routed native IPv6 or physical-fabric implementation.,"PROPOSED_ALLOCATION; actual applicability, named authority and evidence assignment pending",RA §5,Not selected; explicit scope rationale and authority required before any N/A disposition
FAB-004.A01,FAB-004,"The fabric profile SHALL define addressing/routing authority, control-plane protection, MTU, fault convergence, management isolation, maintenance and measured scale before platform commissioning.","Complete source obligation; all applicable clauses must be satisfied: The fabric profile SHALL define addressing/routing authority, control-plane protection, MTU, fault convergence, management isolation, maintenance and measured scale before platform commissioning.",Network engineering,"Physical/overlay transport, site routing, OOB and actual address-family paths",EXTERNAL_NATIVE_FABRIC_AND_SITE_ENGINEERING_REQUIRED,"Accepted physical LLD, route/port/MTU/failure schedule and native configuration from the selected network owner — specifically: Complete source obligation; all applicable clauses must be satisfied: The fabric profile SHALL define addressing/routing authority, control-plane protection, MTU, fault convergence, management isolation, maintenance and measured scale before platform commissioning.",docs/current/TAD-infrastructure.md; docs/current/interface-agreements.md; tools/route_audit.py,"Inspect real route imports, port/overlay ownership, packet sizes and positive/negative paths for every offered family and declared failure.",CT-026; CT-032; CT-033; CT-034,"NATIVE_NOT_RUN; related local fixtures/engine checks are narrower evidence, not satisfaction",Offline models and IPv6 loopback/AAAA checks are not a routed native IPv6 or physical-fabric implementation.,"PROPOSED_ALLOCATION; actual applicability, named authority and evidence assignment pending",RA §5,Not selected; explicit scope rationale and authority required before any N/A disposition
EVPN-001.A01,EVPN-001,"When EVPN is used, RD/RT/VNI, gateway and multihoming policies SHALL be provider-owned, collision-checked and domain-scoped; unapproved route imports SHALL be denied.","Complete source obligation; all applicable clauses must be satisfied: When EVPN is used, RD/RT/VNI, gateway and multihoming policies SHALL be provider-owned, collision-checked and domain-scoped; unapproved route imports SHALL be denied.",Network engineering,"Physical/overlay transport, site routing, OOB and actual address-family paths",EXTERNAL_NATIVE_FABRIC_AND_SITE_ENGINEERING_REQUIRED,"Accepted physical LLD, route/port/MTU/failure schedule and native configuration from the selected network owner — specifically: Complete source obligation; all applicable clauses must be satisfied: When EVPN is used, RD/RT/VNI, gateway and multihoming policies SHALL be provider-owned, collision-checked and domain-scoped; unapproved route imports SHALL be denied.",docs/current/TAD-infrastructure.md; docs/current/interface-agreements.md; tools/route_audit.py,"Inspect real route imports, port/overlay ownership, packet sizes and positive/negative paths for every offered family and declared failure.",CT-009; CT-033; CT-072,"NATIVE_NOT_RUN; related local fixtures/engine checks are narrower evidence, not satisfaction",Offline models and IPv6 loopback/AAAA checks are not a routed native IPv6 or physical-fabric implementation.,"PROPOSED_ALLOCATION; actual applicability, named authority and evidence assignment pending",RA §5,Not selected; explicit scope rationale and authority required before any N/A disposition
EVPN-001.A02,EVPN-001,"When EVPN is used, RD/RT/VNI, gateway and multihoming policies SHALL be provider-owned, collision-checked and domain-scoped; unapproved route imports SHALL be denied.","When EVPN is used, RD/RT/VNI, gateway and multihoming policies SHALL be provider-owned, collision-checked and domain-scoped",Network engineering,"Physical/overlay transport, site routing, OOB and actual address-family paths",EXTERNAL_NATIVE_FABRIC_AND_SITE_ENGINEERING_REQUIRED,"Accepted physical LLD, route/port/MTU/failure schedule and native configuration from the selected network owner — specifically: When EVPN is used, RD/RT/VNI, gateway and multihoming policies SHALL be provider-owned, collision-checked and domain-scoped",docs/current/TAD-infrastructure.md; docs/current/interface-agreements.md; tools/route_audit.py,"Inspect real route imports, port/overlay ownership, packet sizes and positive/negative paths for every offered family and declared failure.",CT-009; CT-033; CT-072,"NATIVE_NOT_RUN; related local fixtures/engine checks are narrower evidence, not satisfaction",Offline models and IPv6 loopback/AAAA checks are not a routed native IPv6 or physical-fabric implementation.,"PROPOSED_ALLOCATION; actual applicability, named authority and evidence assignment pending",RA §5,Not selected; explicit scope rationale and authority required before any N/A disposition
EVPN-001.A03,EVPN-001,"When EVPN is used, RD/RT/VNI, gateway and multihoming policies SHALL be provider-owned, collision-checked and domain-scoped; unapproved route imports SHALL be denied.",unapproved route imports SHALL be denied.,Network engineering,"Physical/overlay transport, site routing, OOB and actual address-family paths",EXTERNAL_NATIVE_FABRIC_AND_SITE_ENGINEERING_REQUIRED,"Accepted physical LLD, route/port/MTU/failure schedule and native configuration from the selected network owner — specifically: unapproved route imports SHALL be denied.",docs/current/TAD-infrastructure.md; docs/current/interface-agreements.md; tools/route_audit.py,"Inspect real route imports, port/overlay ownership, packet sizes and positive/negative paths for every offered family and declared failure.",CT-009; CT-033; CT-072,"NATIVE_NOT_RUN; related local fixtures/engine checks are narrower evidence, not satisfaction",Offline models and IPv6 loopback/AAAA checks are not a routed native IPv6 or physical-fabric implementation.,"PROPOSED_ALLOCATION; actual applicability, named authority and evidence assignment pending",RA §5,Not selected; explicit scope rationale and authority required before any N/A disposition
EVPN-002.A01,EVPN-002,"Every multihoming and border interoperability profile SHALL be tested for split-brain, link/peer failure, MTU, route withdrawal and stateful-path behavior; vendor-specific MLAG interoperability SHALL NOT be assumed.","Complete source obligation; all applicable clauses must be satisfied: Every multihoming and border interoperability profile SHALL be tested for split-brain, link/peer failure, MTU, route withdrawal and stateful-path behavior; vendor-specific MLAG interoperability SHALL NOT be assumed.",Network engineering,"Physical/overlay transport, site routing, OOB and actual address-family paths",EXTERNAL_NATIVE_FABRIC_AND_SITE_ENGINEERING_REQUIRED,"Accepted physical LLD, route/port/MTU/failure schedule and native configuration from the selected network owner — specifically: Complete source obligation; all applicable clauses must be satisfied: Every multihoming and border interoperability profile SHALL be tested for split-brain, link/peer failure, MTU, route withdrawal and stateful-path behavior; vendor-specific MLAG interoperability SHALL NOT be assumed.",docs/current/TAD-infrastructure.md; docs/current/interface-agreements.md; tools/route_audit.py,"Inspect real route imports, port/overlay ownership, packet sizes and positive/negative paths for every offered family and declared failure.",CT-024; CT-032; CT-034,"NATIVE_NOT_RUN; related local fixtures/engine checks are narrower evidence, not satisfaction",Offline models and IPv6 loopback/AAAA checks are not a routed native IPv6 or physical-fabric implementation.,"PROPOSED_ALLOCATION; actual applicability, named authority and evidence assignment pending",RA §5,Not selected; explicit scope rationale and authority required before any N/A disposition
EVPN-002.A02,EVPN-002,"Every multihoming and border interoperability profile SHALL be tested for split-brain, link/peer failure, MTU, route withdrawal and stateful-path behavior; vendor-specific MLAG interoperability SHALL NOT be assumed.","Every multihoming and border interoperability profile SHALL be tested for split-brain, link/peer failure, MTU, route withdrawal and stateful-path behavior",Network engineering,"Physical/overlay transport, site routing, OOB and actual address-family paths",EXTERNAL_NATIVE_FABRIC_AND_SITE_ENGINEERING_REQUIRED,"Accepted physical LLD, route/port/MTU/failure schedule and native configuration from the selected network owner — specifically: Every multihoming and border interoperability profile SHALL be tested for split-brain, link/peer failure, MTU, route withdrawal and stateful-path behavior",docs/current/TAD-infrastructure.md; docs/current/interface-agreements.md; tools/route_audit.py,"Inspect real route imports, port/overlay ownership, packet sizes and positive/negative paths for every offered family and declared failure.",CT-024; CT-032; CT-034,"NATIVE_NOT_RUN; related local fixtures/engine checks are narrower evidence, not satisfaction",Offline models and IPv6 loopback/AAAA checks are not a routed native IPv6 or physical-fabric implementation.,"PROPOSED_ALLOCATION; actual applicability, named authority and evidence assignment pending",RA §5,Not selected; explicit scope rationale and authority required before any N/A disposition
EVPN-002.A03,EVPN-002,"Every multihoming and border interoperability profile SHALL be tested for split-brain, link/peer failure, MTU, route withdrawal and stateful-path behavior; vendor-specific MLAG interoperability SHALL NOT be assumed.",vendor-specific MLAG interoperability SHALL NOT be assumed.,Network engineering,"Physical/overlay transport, site routing, OOB and actual address-family paths",EXTERNAL_NATIVE_FABRIC_AND_SITE_ENGINEERING_REQUIRED,"Accepted physical LLD, route/port/MTU/failure schedule and native configuration from the selected network owner — specifically: vendor-specific MLAG interoperability SHALL NOT be assumed.",docs/current/TAD-infrastructure.md; docs/current/interface-agreements.md; tools/route_audit.py,"Inspect real route imports, port/overlay ownership, packet sizes and positive/negative paths for every offered family and declared failure.",CT-024; CT-032; CT-034,"NATIVE_NOT_RUN; related local fixtures/engine checks are narrower evidence, not satisfaction",Offline models and IPv6 loopback/AAAA checks are not a routed native IPv6 or physical-fabric implementation.,"PROPOSED_ALLOCATION; actual applicability, named authority and evidence assignment pending",RA §5,Not selected; explicit scope rationale and authority required before any N/A disposition
PORT-001.A01,PORT-001,Every platform SHALL publish a machine-readable capability profile and a tested implementation profile.,Complete source obligation; all applicable clauses must be satisfied: Every platform SHALL publish a machine-readable capability profile and a tested implementation profile.,Platform engineering,Architecture/design review and separately governed service/adoption/qualification authority,MANUAL_GOVERNANCE_OR_EXTERNAL_AUTHORITATIVE_RECORD_REQUIRED,"Scope-specific current architecture/engineering/authority record addressing the exact assertion, with named owner and protected evidence — specifically: Complete source obligation; all applicable clauses must be satisfied: Every platform SHALL publish a machine-readable capability profile and a tested implementation profile.",docs/current/RAD-adoption.md; docs/current/TAD-infrastructure.md; docs/assurance/verification-families.md,Review the actual versioned record and its individual assertions; corroborate implementation-specific obligations with the applicable native tests.,CT-015; CT-018; CT-080,"NATIVE_NOT_RUN; related local fixtures/engine checks are narrower evidence, not satisfaction","No controller or document generator can issue organizational approval, assess all adopted controls or complete absent site-specific evidence.","PROPOSED_ALLOCATION; actual applicability, named authority and evidence assignment pending",RA §15; RA §28,Not selected; explicit scope rationale and authority required before any N/A disposition
PORT-002.A01,PORT-002,A placement decision SHALL fail rather than silently reduce a requested security or availability capability.,Complete source obligation; all applicable clauses must be satisfied: A placement decision SHALL fail rather than silently reduce a requested security or availability capability.,Automation platform,Architecture/design review and separately governed service/adoption/qualification authority,MANUAL_GOVERNANCE_OR_EXTERNAL_AUTHORITATIVE_RECORD_REQUIRED,"Scope-specific current architecture/engineering/authority record addressing the exact assertion, with named owner and protected evidence — specifically: Complete source obligation; all applicable clauses must be satisfied: A placement decision SHALL fail rather than silently reduce a requested security or availability capability.",docs/current/RAD-adoption.md; docs/current/TAD-infrastructure.md; docs/assurance/verification-families.md,Review the actual versioned record and its individual assertions; corroborate implementation-specific obligations with the applicable native tests.,CT-018; CT-061,"NATIVE_NOT_RUN; related local fixtures/engine checks are narrower evidence, not satisfaction","No controller or document generator can issue organizational approval, assess all adopted controls or complete absent site-specific evidence.","PROPOSED_ALLOCATION; actual applicability, named authority and evidence assignment pending",RA §15; RA §28,Not selected; explicit scope rationale and authority required before any N/A disposition
PORT-003.A01,PORT-003,Platform-specific features MAY be exposed as optional extensions provided the WSD declares the dependency and portability impact.,Complete source obligation; all applicable clauses must be satisfied: Platform-specific features MAY be exposed as optional extensions provided the WSD declares the dependency and portability impact.,Architecture authority,Architecture/design review and separately governed service/adoption/qualification authority,MANUAL_GOVERNANCE_OR_EXTERNAL_AUTHORITATIVE_RECORD_REQUIRED,"Scope-specific current architecture/engineering/authority record addressing the exact assertion, with named owner and protected evidence — specifically: Complete source obligation; all applicable clauses must be satisfied: Platform-specific features MAY be exposed as optional extensions provided the WSD declares the dependency and portability impact.",docs/current/RAD-adoption.md; docs/current/TAD-infrastructure.md; docs/assurance/verification-families.md,Review the actual versioned record and its individual assertions; corroborate implementation-specific obligations with the applicable native tests.,CT-016; CT-060; CT-073,"NATIVE_NOT_RUN; related local fixtures/engine checks are narrower evidence, not satisfaction","No controller or document generator can issue organizational approval, assess all adopted controls or complete absent site-specific evidence.","PROPOSED_ALLOCATION; actual applicability, named authority and evidence assignment pending",RA §15; RA §28,Not selected; explicit scope rationale and authority required before any N/A disposition
QUAL-001.A01,QUAL-001,"Production placement SHALL require a current qualified PlatformProfile containing the exact product/API/provider/hardware tuple, applicable features/licenses, tested limits, evidence and approval; a candidate or documentation snapshot SHALL be ineligible.","Complete source obligation; all applicable clauses must be satisfied: Production placement SHALL require a current qualified PlatformProfile containing the exact product/API/provider/hardware tuple, applicable features/licenses, tested limits, evidence and approval; a candidate or documentation snapshot SHALL be ineligible.",Security authority,Architecture/design review and separately governed service/adoption/qualification authority,MANUAL_GOVERNANCE_OR_EXTERNAL_AUTHORITATIVE_RECORD_REQUIRED,"Scope-specific current architecture/engineering/authority record addressing the exact assertion, with named owner and protected evidence — specifically: Complete source obligation; all applicable clauses must be satisfied: Production placement SHALL require a current qualified PlatformProfile containing the exact product/API/provider/hardware tuple, applicable features/licenses, tested limits, evidence and approval; a candidate or documentation snapshot SHALL be ineligible.",docs/current/RAD-adoption.md; docs/current/TAD-infrastructure.md; docs/assurance/verification-families.md,Review the actual versioned record and its individual assertions; corroborate implementation-specific obligations with the applicable native tests.,CT-015; CT-018; CT-069,"NATIVE_NOT_RUN; related local fixtures/engine checks are narrower evidence, not satisfaction","No controller or document generator can issue organizational approval, assess all adopted controls or complete absent site-specific evidence.","PROPOSED_ALLOCATION; actual applicability, named authority and evidence assignment pending",RA §15; RA §28,Not selected; explicit scope rationale and authority required before any N/A disposition
QUAL-001.A02,QUAL-001,"Production placement SHALL require a current qualified PlatformProfile containing the exact product/API/provider/hardware tuple, applicable features/licenses, tested limits, evidence and approval; a candidate or documentation snapshot SHALL be ineligible.","Production placement SHALL require a current qualified PlatformProfile containing the exact product/API/provider/hardware tuple, applicable features/licenses, tested limits, evidence and approval",Security authority,Architecture/design review and separately governed service/adoption/qualification authority,MANUAL_GOVERNANCE_OR_EXTERNAL_AUTHORITATIVE_RECORD_REQUIRED,"Scope-specific current architecture/engineering/authority record addressing the exact assertion, with named owner and protected evidence — specifically: Production placement SHALL require a current qualified PlatformProfile containing the exact product/API/provider/hardware tuple, applicable features/licenses, tested limits, evidence and approval",docs/current/RAD-adoption.md; docs/current/TAD-infrastructure.md; docs/assurance/verification-families.md,Review the actual versioned record and its individual assertions; corroborate implementation-specific obligations with the applicable native tests.,CT-015; CT-018; CT-069,"NATIVE_NOT_RUN; related local fixtures/engine checks are narrower evidence, not satisfaction","No controller or document generator can issue organizational approval, assess all adopted controls or complete absent site-specific evidence.","PROPOSED_ALLOCATION; actual applicability, named authority and evidence assignment pending",RA §15; RA §28,Not selected; explicit scope rationale and authority required before any N/A disposition
QUAL-001.A03,QUAL-001,"Production placement SHALL require a current qualified PlatformProfile containing the exact product/API/provider/hardware tuple, applicable features/licenses, tested limits, evidence and approval; a candidate or documentation snapshot SHALL be ineligible.",a candidate or documentation snapshot SHALL be ineligible.,Security authority,Architecture/design review and separately governed service/adoption/qualification authority,MANUAL_GOVERNANCE_OR_EXTERNAL_AUTHORITATIVE_RECORD_REQUIRED,"Scope-specific current architecture/engineering/authority record addressing the exact assertion, with named owner and protected evidence — specifically: a candidate or documentation snapshot SHALL be ineligible.",docs/current/RAD-adoption.md; docs/current/TAD-infrastructure.md; docs/assurance/verification-families.md,Review the actual versioned record and its individual assertions; corroborate implementation-specific obligations with the applicable native tests.,CT-015; CT-018; CT-069,"NATIVE_NOT_RUN; related local fixtures/engine checks are narrower evidence, not satisfaction","No controller or document generator can issue organizational approval, assess all adopted controls or complete absent site-specific evidence.","PROPOSED_ALLOCATION; actual applicability, named authority and evidence assignment pending",RA §15; RA §28,Not selected; explicit scope rationale and authority required before any N/A disposition
NUT-001.A01,NUT-001,New Nutanix automation SHOULD use current supported v2/v4-backed provider resources where those resources satisfy the requirement; legacy resources require an explicit compatibility rationale.,Complete source obligation; all applicable clauses must be satisfied: New Nutanix automation SHOULD use current supported v2/v4-backed provider resources where those resources satisfy the requirement; legacy resources require an explicit compatibility rationale.,Platform engineering,Actual selected product/API/backend and mandatory provider-owned resource policy,CANDIDATE_PARTIAL_VENDOR_REALIZATION,"Selected supported native version tuple, scoped privilege definitions and exact build artifacts; actual effective-state evidence — specifically: Complete source obligation; all applicable clauses must be satisfied: New Nutanix automation SHOULD use current supported v2/v4-backed provider resources where those resources satisfy the requirement; legacy resources require an explicit compatibility rationale.",terraform/modules/nutanix-domain; tools/nutanix_observe.py; docs/current/TAD-infrastructure.md,"Exercise the applicable vendor CT/RA addendum using real delegated identities, native state and positive/negative/failure data paths.",CT-015; CT-018,"NATIVE_NOT_RUN; related local fixtures/engine checks are narrower evidence, not satisfaction",Local API fixtures and mock plans do not qualify the installed hypervisor/backend or complete management/edge/Flow/DFW policies.,"PROPOSED_ALLOCATION; actual applicability, named authority and evidence assignment pending",RA §16,Not selected; explicit scope rationale and authority required before any N/A disposition
NUT-001.A02,NUT-001,New Nutanix automation SHOULD use current supported v2/v4-backed provider resources where those resources satisfy the requirement; legacy resources require an explicit compatibility rationale.,New Nutanix automation SHOULD use current supported v2/v4-backed provider resources where those resources satisfy the requirement,Platform engineering,Actual selected product/API/backend and mandatory provider-owned resource policy,CANDIDATE_PARTIAL_VENDOR_REALIZATION,"Selected supported native version tuple, scoped privilege definitions and exact build artifacts; actual effective-state evidence — specifically: New Nutanix automation SHOULD use current supported v2/v4-backed provider resources where those resources satisfy the requirement",terraform/modules/nutanix-domain; tools/nutanix_observe.py; docs/current/TAD-infrastructure.md,"Exercise the applicable vendor CT/RA addendum using real delegated identities, native state and positive/negative/failure data paths.",CT-015; CT-018,"NATIVE_NOT_RUN; related local fixtures/engine checks are narrower evidence, not satisfaction",Local API fixtures and mock plans do not qualify the installed hypervisor/backend or complete management/edge/Flow/DFW policies.,"PROPOSED_ALLOCATION; actual applicability, named authority and evidence assignment pending",RA §16,Not selected; explicit scope rationale and authority required before any N/A disposition
NUT-001.A03,NUT-001,New Nutanix automation SHOULD use current supported v2/v4-backed provider resources where those resources satisfy the requirement; legacy resources require an explicit compatibility rationale.,legacy resources require an explicit compatibility rationale.,Platform engineering,Actual selected product/API/backend and mandatory provider-owned resource policy,CANDIDATE_PARTIAL_VENDOR_REALIZATION,"Selected supported native version tuple, scoped privilege definitions and exact build artifacts; actual effective-state evidence — specifically: legacy resources require an explicit compatibility rationale.",terraform/modules/nutanix-domain; tools/nutanix_observe.py; docs/current/TAD-infrastructure.md,"Exercise the applicable vendor CT/RA addendum using real delegated identities, native state and positive/negative/failure data paths.",CT-015; CT-018,"NATIVE_NOT_RUN; related local fixtures/engine checks are narrower evidence, not satisfaction",Local API fixtures and mock plans do not qualify the installed hypervisor/backend or complete management/edge/Flow/DFW policies.,"PROPOSED_ALLOCATION; actual applicability, named authority and evidence assignment pending",RA §16,Not selected; explicit scope rationale and authority required before any N/A disposition
NUT-002.A01,NUT-002,Nutanix VPC internal routing SHALL NOT be used to bypass a required inter-zone ZIP.,Complete source obligation; all applicable clauses must be satisfied: Nutanix VPC internal routing SHALL NOT be used to bypass a required inter-zone ZIP.,Platform engineering,Actual selected product/API/backend and mandatory provider-owned resource policy,CANDIDATE_PARTIAL_VENDOR_REALIZATION,"Selected supported native version tuple, scoped privilege definitions and exact build artifacts; actual effective-state evidence — specifically: Complete source obligation; all applicable clauses must be satisfied: Nutanix VPC internal routing SHALL NOT be used to bypass a required inter-zone ZIP.",terraform/modules/nutanix-domain; tools/nutanix_observe.py; docs/current/TAD-infrastructure.md,"Exercise the applicable vendor CT/RA addendum using real delegated identities, native state and positive/negative/failure data paths.",CT-003; CT-023; CT-024,"NATIVE_NOT_RUN; related local fixtures/engine checks are narrower evidence, not satisfaction",Local API fixtures and mock plans do not qualify the installed hypervisor/backend or complete management/edge/Flow/DFW policies.,"PROPOSED_ALLOCATION; actual applicability, named authority and evidence assignment pending",RA §16,Not selected; explicit scope rationale and authority required before any N/A disposition
NUT-003.A01,NUT-003,Provider-managed categories/metadata used for security SHALL be protected from tenant modification.,Complete source obligation; all applicable clauses must be satisfied: Provider-managed categories/metadata used for security SHALL be protected from tenant modification.,Platform engineering,Actual selected product/API/backend and mandatory provider-owned resource policy,CANDIDATE_PARTIAL_VENDOR_REALIZATION,"Selected supported native version tuple, scoped privilege definitions and exact build artifacts; actual effective-state evidence — specifically: Complete source obligation; all applicable clauses must be satisfied: Provider-managed categories/metadata used for security SHALL be protected from tenant modification.",terraform/modules/nutanix-domain; tools/nutanix_observe.py; docs/current/TAD-infrastructure.md,"Exercise the applicable vendor CT/RA addendum using real delegated identities, native state and positive/negative/failure data paths.",CT-020; CT-066,"NATIVE_NOT_RUN; related local fixtures/engine checks are narrower evidence, not satisfaction",Local API fixtures and mock plans do not qualify the installed hypervisor/backend or complete management/edge/Flow/DFW policies.,"PROPOSED_ALLOCATION; actual applicability, named authority and evidence assignment pending",RA §16,Not selected; explicit scope rationale and authority required before any N/A disposition
NUT-004.A01,NUT-004,"The Nutanix profile SHALL qualify the actual AOS/Prism/Flow/provider tuple and external-attachment behavior; unresolved licensing, routing, policy precedence or asynchronous realization limitations SHALL block the affected capability.","Complete source obligation; all applicable clauses must be satisfied: The Nutanix profile SHALL qualify the actual AOS/Prism/Flow/provider tuple and external-attachment behavior; unresolved licensing, routing, policy precedence or asynchronous realization limitations SHALL block the affected capability.",Platform engineering,Actual selected product/API/backend and mandatory provider-owned resource policy,CANDIDATE_PARTIAL_VENDOR_REALIZATION,"Selected supported native version tuple, scoped privilege definitions and exact build artifacts; actual effective-state evidence — specifically: Complete source obligation; all applicable clauses must be satisfied: The Nutanix profile SHALL qualify the actual AOS/Prism/Flow/provider tuple and external-attachment behavior; unresolved licensing, routing, policy precedence or asynchronous realization limitations SHALL block the affected capability.",terraform/modules/nutanix-domain; tools/nutanix_observe.py; docs/current/TAD-infrastructure.md,"Exercise the applicable vendor CT/RA addendum using real delegated identities, native state and positive/negative/failure data paths.",CT-015; CT-023; CT-045; CT-080,"NATIVE_NOT_RUN; related local fixtures/engine checks are narrower evidence, not satisfaction",Local API fixtures and mock plans do not qualify the installed hypervisor/backend or complete management/edge/Flow/DFW policies.,"PROPOSED_ALLOCATION; actual applicability, named authority and evidence assignment pending",RA §16,Not selected; explicit scope rationale and authority required before any N/A disposition
NUT-004.A02,NUT-004,"The Nutanix profile SHALL qualify the actual AOS/Prism/Flow/provider tuple and external-attachment behavior; unresolved licensing, routing, policy precedence or asynchronous realization limitations SHALL block the affected capability.",The Nutanix profile SHALL qualify the actual AOS/Prism/Flow/provider tuple and external-attachment behavior,Platform engineering,Actual selected product/API/backend and mandatory provider-owned resource policy,CANDIDATE_PARTIAL_VENDOR_REALIZATION,"Selected supported native version tuple, scoped privilege definitions and exact build artifacts; actual effective-state evidence — specifically: The Nutanix profile SHALL qualify the actual AOS/Prism/Flow/provider tuple and external-attachment behavior",terraform/modules/nutanix-domain; tools/nutanix_observe.py; docs/current/TAD-infrastructure.md,"Exercise the applicable vendor CT/RA addendum using real delegated identities, native state and positive/negative/failure data paths.",CT-015; CT-023; CT-045; CT-080,"NATIVE_NOT_RUN; related local fixtures/engine checks are narrower evidence, not satisfaction",Local API fixtures and mock plans do not qualify the installed hypervisor/backend or complete management/edge/Flow/DFW policies.,"PROPOSED_ALLOCATION; actual applicability, named authority and evidence assignment pending",RA §16,Not selected; explicit scope rationale and authority required before any N/A disposition
NUT-004.A03,NUT-004,"The Nutanix profile SHALL qualify the actual AOS/Prism/Flow/provider tuple and external-attachment behavior; unresolved licensing, routing, policy precedence or asynchronous realization limitations SHALL block the affected capability.","unresolved licensing, routing, policy precedence or asynchronous realization limitations SHALL block the affected capability.",Platform engineering,Actual selected product/API/backend and mandatory provider-owned resource policy,CANDIDATE_PARTIAL_VENDOR_REALIZATION,"Selected supported native version tuple, scoped privilege definitions and exact build artifacts; actual effective-state evidence — specifically: unresolved licensing, routing, policy precedence or asynchronous realization limitations SHALL block the affected capability.",terraform/modules/nutanix-domain; tools/nutanix_observe.py; docs/current/TAD-infrastructure.md,"Exercise the applicable vendor CT/RA addendum using real delegated identities, native state and positive/negative/failure data paths.",CT-015; CT-023; CT-045; CT-080,"NATIVE_NOT_RUN; related local fixtures/engine checks are narrower evidence, not satisfaction",Local API fixtures and mock plans do not qualify the installed hypervisor/backend or complete management/edge/Flow/DFW policies.,"PROPOSED_ALLOCATION; actual applicability, named authority and evidence assignment pending",RA §16,Not selected; explicit scope rationale and authority required before any N/A disposition
NSX-001.A01,NSX-001,An NSX implementation SHALL keep tenant/project policy distinct from provider/global management and security policy.,Complete source obligation; all applicable clauses must be satisfied: An NSX implementation SHALL keep tenant/project policy distinct from provider/global management and security policy.,Platform engineering,Actual selected product/API/backend and mandatory provider-owned resource policy,CANDIDATE_PARTIAL_VENDOR_REALIZATION,"Selected supported native version tuple, scoped privilege definitions and exact build artifacts; actual effective-state evidence — specifically: Complete source obligation; all applicable clauses must be satisfied: An NSX implementation SHALL keep tenant/project policy distinct from provider/global management and security policy.",terraform/modules/nsx-domain; tools/nsx_observe.py; docs/current/TAD-infrastructure.md,"Exercise the applicable vendor CT/RA addendum using real delegated identities, native state and positive/negative/failure data paths.",CT-019; CT-020; CT-066,"NATIVE_NOT_RUN; related local fixtures/engine checks are narrower evidence, not satisfaction",Local API fixtures and mock plans do not qualify the installed hypervisor/backend or complete management/edge/Flow/DFW policies.,"PROPOSED_ALLOCATION; actual applicability, named authority and evidence assignment pending",RA §17,Not selected; explicit scope rationale and authority required before any N/A disposition
NSX-002.A01,NSX-002,Gateway policy used for zone transitions SHALL be generated from portable Flow/ZIP intent rather than manually duplicated per workload.,Complete source obligation; all applicable clauses must be satisfied: Gateway policy used for zone transitions SHALL be generated from portable Flow/ZIP intent rather than manually duplicated per workload.,Platform engineering,Actual selected product/API/backend and mandatory provider-owned resource policy,CANDIDATE_PARTIAL_VENDOR_REALIZATION,"Selected supported native version tuple, scoped privilege definitions and exact build artifacts; actual effective-state evidence — specifically: Complete source obligation; all applicable clauses must be satisfied: Gateway policy used for zone transitions SHALL be generated from portable Flow/ZIP intent rather than manually duplicated per workload.",terraform/modules/nsx-domain; tools/nsx_observe.py; docs/current/TAD-infrastructure.md,"Exercise the applicable vendor CT/RA addendum using real delegated identities, native state and positive/negative/failure data paths.",CT-003; CT-007; CT-009,"NATIVE_NOT_RUN; related local fixtures/engine checks are narrower evidence, not satisfaction",Local API fixtures and mock plans do not qualify the installed hypervisor/backend or complete management/edge/Flow/DFW policies.,"PROPOSED_ALLOCATION; actual applicability, named authority and evidence assignment pending",RA §17,Not selected; explicit scope rationale and authority required before any N/A disposition
NSX-003.A01,NSX-003,"The NSX profile SHALL identify actual routing and enforcement components, global/project authority and policy precedence, and SHALL qualify their behavior on the selected product/provider tuple rather than equating a Tier-1 or project with a ZIP.","Complete source obligation; all applicable clauses must be satisfied: The NSX profile SHALL identify actual routing and enforcement components, global/project authority and policy precedence, and SHALL qualify their behavior on the selected product/provider tuple rather than equating a Tier-1 or project with a ZIP.",Platform engineering,Actual selected product/API/backend and mandatory provider-owned resource policy,CANDIDATE_PARTIAL_VENDOR_REALIZATION,"Selected supported native version tuple, scoped privilege definitions and exact build artifacts; actual effective-state evidence — specifically: Complete source obligation; all applicable clauses must be satisfied: The NSX profile SHALL identify actual routing and enforcement components, global/project authority and policy precedence, and SHALL qualify their behavior on the selected product/provider tuple rather than equating a Tier-1 or project with a ZIP.",terraform/modules/nsx-domain; tools/nsx_observe.py; docs/current/TAD-infrastructure.md,"Exercise the applicable vendor CT/RA addendum using real delegated identities, native state and positive/negative/failure data paths.",CT-003; CT-015; CT-024; CT-080,"NATIVE_NOT_RUN; related local fixtures/engine checks are narrower evidence, not satisfaction",Local API fixtures and mock plans do not qualify the installed hypervisor/backend or complete management/edge/Flow/DFW policies.,"PROPOSED_ALLOCATION; actual applicability, named authority and evidence assignment pending",RA §17,Not selected; explicit scope rationale and authority required before any N/A disposition
OS-001.A01,OS-001,Default OpenStack security-group behaviour SHALL be reviewed and normalized to the secure-by-default service baseline.,Complete source obligation; all applicable clauses must be satisfied: Default OpenStack security-group behaviour SHALL be reviewed and normalized to the secure-by-default service baseline.,Platform engineering,Actual selected product/API/backend and mandatory provider-owned resource policy,CANDIDATE_PARTIAL_VENDOR_REALIZATION,"Selected supported native version tuple, scoped privilege definitions and exact build artifacts; actual effective-state evidence — specifically: Complete source obligation; all applicable clauses must be satisfied: Default OpenStack security-group behaviour SHALL be reviewed and normalized to the secure-by-default service baseline.",terraform/modules/openstack-domain; tools/neutron_observe.py; docs/current/TAD-infrastructure.md,"Exercise the applicable vendor CT/RA addendum using real delegated identities, native state and positive/negative/failure data paths.",CT-005; CT-021; CT-066,"NATIVE_NOT_RUN; related local fixtures/engine checks are narrower evidence, not satisfaction",Local API fixtures and mock plans do not qualify the installed hypervisor/backend or complete management/edge/Flow/DFW policies.,"PROPOSED_ALLOCATION; actual applicability, named authority and evidence assignment pending",RA §18,Not selected; explicit scope rationale and authority required before any N/A disposition
OS-002.A01,OS-002,Provider networks and external-router capabilities SHALL remain provider controlled and SHALL not become unrestricted tenant escape paths.,Complete source obligation; all applicable clauses must be satisfied: Provider networks and external-router capabilities SHALL remain provider controlled and SHALL not become unrestricted tenant escape paths.,Platform engineering,Actual selected product/API/backend and mandatory provider-owned resource policy,CANDIDATE_PARTIAL_VENDOR_REALIZATION,"Selected supported native version tuple, scoped privilege definitions and exact build artifacts; actual effective-state evidence — specifically: Complete source obligation; all applicable clauses must be satisfied: Provider networks and external-router capabilities SHALL remain provider controlled and SHALL not become unrestricted tenant escape paths.",terraform/modules/openstack-domain; tools/neutron_observe.py; docs/current/TAD-infrastructure.md,"Exercise the applicable vendor CT/RA addendum using real delegated identities, native state and positive/negative/failure data paths.",CT-019; CT-022; CT-023,"NATIVE_NOT_RUN; related local fixtures/engine checks are narrower evidence, not satisfaction",Local API fixtures and mock plans do not qualify the installed hypervisor/backend or complete management/edge/Flow/DFW policies.,"PROPOSED_ALLOCATION; actual applicability, named authority and evidence assignment pending",RA §18,Not selected; explicit scope rationale and authority required before any N/A disposition
OS-003.A01,OS-003,"The OpenStack profile SHALL record distribution, service/API versions, Neutron backend/extensions and provider authority over external/port-security operations; native routing or editable security groups SHALL NOT be assumed to satisfy all ZIP functions.","Complete source obligation; all applicable clauses must be satisfied: The OpenStack profile SHALL record distribution, service/API versions, Neutron backend/extensions and provider authority over external/port-security operations; native routing or editable security groups SHALL NOT be assumed to satisfy all ZIP functions.",Platform engineering,Actual selected product/API/backend and mandatory provider-owned resource policy,CANDIDATE_PARTIAL_VENDOR_REALIZATION,"Selected supported native version tuple, scoped privilege definitions and exact build artifacts; actual effective-state evidence — specifically: Complete source obligation; all applicable clauses must be satisfied: The OpenStack profile SHALL record distribution, service/API versions, Neutron backend/extensions and provider authority over external/port-security operations; native routing or editable security groups SHALL NOT be assumed to satisfy all ZIP functions.",terraform/modules/openstack-domain; tools/neutron_observe.py; docs/current/TAD-infrastructure.md,"Exercise the applicable vendor CT/RA addendum using real delegated identities, native state and positive/negative/failure data paths.",CT-015; CT-018; CT-022; CT-080,"NATIVE_NOT_RUN; related local fixtures/engine checks are narrower evidence, not satisfaction",Local API fixtures and mock plans do not qualify the installed hypervisor/backend or complete management/edge/Flow/DFW policies.,"PROPOSED_ALLOCATION; actual applicability, named authority and evidence assignment pending",RA §18,Not selected; explicit scope rationale and authority required before any N/A disposition
OS-003.A02,OS-003,"The OpenStack profile SHALL record distribution, service/API versions, Neutron backend/extensions and provider authority over external/port-security operations; native routing or editable security groups SHALL NOT be assumed to satisfy all ZIP functions.","The OpenStack profile SHALL record distribution, service/API versions, Neutron backend/extensions and provider authority over external/port-security operations",Platform engineering,Actual selected product/API/backend and mandatory provider-owned resource policy,CANDIDATE_PARTIAL_VENDOR_REALIZATION,"Selected supported native version tuple, scoped privilege definitions and exact build artifacts; actual effective-state evidence — specifically: The OpenStack profile SHALL record distribution, service/API versions, Neutron backend/extensions and provider authority over external/port-security operations",terraform/modules/openstack-domain; tools/neutron_observe.py; docs/current/TAD-infrastructure.md,"Exercise the applicable vendor CT/RA addendum using real delegated identities, native state and positive/negative/failure data paths.",CT-015; CT-018; CT-022; CT-080,"NATIVE_NOT_RUN; related local fixtures/engine checks are narrower evidence, not satisfaction",Local API fixtures and mock plans do not qualify the installed hypervisor/backend or complete management/edge/Flow/DFW policies.,"PROPOSED_ALLOCATION; actual applicability, named authority and evidence assignment pending",RA §18,Not selected; explicit scope rationale and authority required before any N/A disposition
OS-003.A03,OS-003,"The OpenStack profile SHALL record distribution, service/API versions, Neutron backend/extensions and provider authority over external/port-security operations; native routing or editable security groups SHALL NOT be assumed to satisfy all ZIP functions.",native routing or editable security groups SHALL NOT be assumed to satisfy all ZIP functions.,Platform engineering,Actual selected product/API/backend and mandatory provider-owned resource policy,CANDIDATE_PARTIAL_VENDOR_REALIZATION,"Selected supported native version tuple, scoped privilege definitions and exact build artifacts; actual effective-state evidence — specifically: native routing or editable security groups SHALL NOT be assumed to satisfy all ZIP functions.",terraform/modules/openstack-domain; tools/neutron_observe.py; docs/current/TAD-infrastructure.md,"Exercise the applicable vendor CT/RA addendum using real delegated identities, native state and positive/negative/failure data paths.",CT-015; CT-018; CT-022; CT-080,"NATIVE_NOT_RUN; related local fixtures/engine checks are narrower evidence, not satisfaction",Local API fixtures and mock plans do not qualify the installed hypervisor/backend or complete management/edge/Flow/DFW policies.,"PROPOSED_ALLOCATION; actual applicability, named authority and evidence assignment pending",RA §18,Not selected; explicit scope rationale and authority required before any N/A disposition
FUT-001.A01,FUT-001,A new platform SHALL pass the applicable conformance suite before it is approved for production placement.,Complete source obligation; all applicable clauses must be satisfied: A new platform SHALL pass the applicable conformance suite before it is approved for production placement.,Platform engineering,Architecture/design review and separately governed service/adoption/qualification authority,MANUAL_GOVERNANCE_OR_EXTERNAL_AUTHORITATIVE_RECORD_REQUIRED,"Scope-specific current architecture/engineering/authority record addressing the exact assertion, with named owner and protected evidence — specifically: Complete source obligation; all applicable clauses must be satisfied: A new platform SHALL pass the applicable conformance suite before it is approved for production placement.",docs/current/RAD-adoption.md; docs/current/TAD-infrastructure.md; docs/assurance/verification-families.md,Review the actual versioned record and its individual assertions; corroborate implementation-specific obligations with the applicable native tests.,CT-015; CT-018; CT-065; CT-080,"NATIVE_NOT_RUN; related local fixtures/engine checks are narrower evidence, not satisfaction","No controller or document generator can issue organizational approval, assess all adopted controls or complete absent site-specific evidence.","PROPOSED_ALLOCATION; actual applicability, named authority and evidence assignment pending",RA §19,Not selected; explicit scope rationale and authority required before any N/A disposition
FUT-002.A01,FUT-002,A platform SHALL declare unsupported capabilities explicitly; unsupported capabilities SHALL NOT be emulated by weakening a mandatory control.,Complete source obligation; all applicable clauses must be satisfied: A platform SHALL declare unsupported capabilities explicitly; unsupported capabilities SHALL NOT be emulated by weakening a mandatory control.,Platform engineering,Architecture/design review and separately governed service/adoption/qualification authority,MANUAL_GOVERNANCE_OR_EXTERNAL_AUTHORITATIVE_RECORD_REQUIRED,"Scope-specific current architecture/engineering/authority record addressing the exact assertion, with named owner and protected evidence — specifically: Complete source obligation; all applicable clauses must be satisfied: A platform SHALL declare unsupported capabilities explicitly; unsupported capabilities SHALL NOT be emulated by weakening a mandatory control.",docs/current/RAD-adoption.md; docs/current/TAD-infrastructure.md; docs/assurance/verification-families.md,Review the actual versioned record and its individual assertions; corroborate implementation-specific obligations with the applicable native tests.,CT-018; CT-065,"NATIVE_NOT_RUN; related local fixtures/engine checks are narrower evidence, not satisfaction","No controller or document generator can issue organizational approval, assess all adopted controls or complete absent site-specific evidence.","PROPOSED_ALLOCATION; actual applicability, named authority and evidence assignment pending",RA §19,Not selected; explicit scope rationale and authority required before any N/A disposition
FUT-002.A02,FUT-002,A platform SHALL declare unsupported capabilities explicitly; unsupported capabilities SHALL NOT be emulated by weakening a mandatory control.,A platform SHALL declare unsupported capabilities explicitly,Platform engineering,Architecture/design review and separately governed service/adoption/qualification authority,MANUAL_GOVERNANCE_OR_EXTERNAL_AUTHORITATIVE_RECORD_REQUIRED,"Scope-specific current architecture/engineering/authority record addressing the exact assertion, with named owner and protected evidence — specifically: A platform SHALL declare unsupported capabilities explicitly",docs/current/RAD-adoption.md; docs/current/TAD-infrastructure.md; docs/assurance/verification-families.md,Review the actual versioned record and its individual assertions; corroborate implementation-specific obligations with the applicable native tests.,CT-018; CT-065,"NATIVE_NOT_RUN; related local fixtures/engine checks are narrower evidence, not satisfaction","No controller or document generator can issue organizational approval, assess all adopted controls or complete absent site-specific evidence.","PROPOSED_ALLOCATION; actual applicability, named authority and evidence assignment pending",RA §19,Not selected; explicit scope rationale and authority required before any N/A disposition
FUT-002.A03,FUT-002,A platform SHALL declare unsupported capabilities explicitly; unsupported capabilities SHALL NOT be emulated by weakening a mandatory control.,unsupported capabilities SHALL NOT be emulated by weakening a mandatory control.,Platform engineering,Architecture/design review and separately governed service/adoption/qualification authority,MANUAL_GOVERNANCE_OR_EXTERNAL_AUTHORITATIVE_RECORD_REQUIRED,"Scope-specific current architecture/engineering/authority record addressing the exact assertion, with named owner and protected evidence — specifically: unsupported capabilities SHALL NOT be emulated by weakening a mandatory control.",docs/current/RAD-adoption.md; docs/current/TAD-infrastructure.md; docs/assurance/verification-families.md,Review the actual versioned record and its individual assertions; corroborate implementation-specific obligations with the applicable native tests.,CT-018; CT-065,"NATIVE_NOT_RUN; related local fixtures/engine checks are narrower evidence, not satisfaction","No controller or document generator can issue organizational approval, assess all adopted controls or complete absent site-specific evidence.","PROPOSED_ALLOCATION; actual applicability, named authority and evidence assignment pending",RA §19,Not selected; explicit scope rationale and authority required before any N/A disposition
FUT-003.A01,FUT-003,"Bare-metal and container profiles SHALL explicitly qualify host/control-plane, network, storage and lifecycle isolation; namespaces, projects and physical VRFs SHALL NOT alone be accepted as evidence of a complete security boundary.","Complete source obligation; all applicable clauses must be satisfied: Bare-metal and container profiles SHALL explicitly qualify host/control-plane, network, storage and lifecycle isolation; namespaces, projects and physical VRFs SHALL NOT alone be accepted as evidence of a complete security boundary.",Platform engineering,Architecture/design review and separately governed service/adoption/qualification authority,MANUAL_GOVERNANCE_OR_EXTERNAL_AUTHORITATIVE_RECORD_REQUIRED,"Scope-specific current architecture/engineering/authority record addressing the exact assertion, with named owner and protected evidence — specifically: Complete source obligation; all applicable clauses must be satisfied: Bare-metal and container profiles SHALL explicitly qualify host/control-plane, network, storage and lifecycle isolation; namespaces, projects and physical VRFs SHALL NOT alone be accepted as evidence of a complete security boundary.",docs/current/RAD-adoption.md; docs/current/TAD-infrastructure.md; docs/assurance/verification-families.md,Review the actual versioned record and its individual assertions; corroborate implementation-specific obligations with the applicable native tests.,CT-035; CT-037; CT-059; CT-065; CT-072,"NATIVE_NOT_RUN; related local fixtures/engine checks are narrower evidence, not satisfaction","No controller or document generator can issue organizational approval, assess all adopted controls or complete absent site-specific evidence.","PROPOSED_ALLOCATION; actual applicability, named authority and evidence assignment pending",RA §19,Not selected; explicit scope rationale and authority required before any N/A disposition
FUT-003.A02,FUT-003,"Bare-metal and container profiles SHALL explicitly qualify host/control-plane, network, storage and lifecycle isolation; namespaces, projects and physical VRFs SHALL NOT alone be accepted as evidence of a complete security boundary.","Bare-metal and container profiles SHALL explicitly qualify host/control-plane, network, storage and lifecycle isolation",Platform engineering,Architecture/design review and separately governed service/adoption/qualification authority,MANUAL_GOVERNANCE_OR_EXTERNAL_AUTHORITATIVE_RECORD_REQUIRED,"Scope-specific current architecture/engineering/authority record addressing the exact assertion, with named owner and protected evidence — specifically: Bare-metal and container profiles SHALL explicitly qualify host/control-plane, network, storage and lifecycle isolation",docs/current/RAD-adoption.md; docs/current/TAD-infrastructure.md; docs/assurance/verification-families.md,Review the actual versioned record and its individual assertions; corroborate implementation-specific obligations with the applicable native tests.,CT-035; CT-037; CT-059; CT-065; CT-072,"NATIVE_NOT_RUN; related local fixtures/engine checks are narrower evidence, not satisfaction","No controller or document generator can issue organizational approval, assess all adopted controls or complete absent site-specific evidence.","PROPOSED_ALLOCATION; actual applicability, named authority and evidence assignment pending",RA §19,Not selected; explicit scope rationale and authority required before any N/A disposition
FUT-003.A03,FUT-003,"Bare-metal and container profiles SHALL explicitly qualify host/control-plane, network, storage and lifecycle isolation; namespaces, projects and physical VRFs SHALL NOT alone be accepted as evidence of a complete security boundary.","namespaces, projects and physical VRFs SHALL NOT alone be accepted as evidence of a complete security boundary.",Platform engineering,Architecture/design review and separately governed service/adoption/qualification authority,MANUAL_GOVERNANCE_OR_EXTERNAL_AUTHORITATIVE_RECORD_REQUIRED,"Scope-specific current architecture/engineering/authority record addressing the exact assertion, with named owner and protected evidence — specifically: namespaces, projects and physical VRFs SHALL NOT alone be accepted as evidence of a complete security boundary.",docs/current/RAD-adoption.md; docs/current/TAD-infrastructure.md; docs/assurance/verification-families.md,Review the actual versioned record and its individual assertions; corroborate implementation-specific obligations with the applicable native tests.,CT-035; CT-037; CT-059; CT-065; CT-072,"NATIVE_NOT_RUN; related local fixtures/engine checks are narrower evidence, not satisfaction","No controller or document generator can issue organizational approval, assess all adopted controls or complete absent site-specific evidence.","PROPOSED_ALLOCATION; actual applicability, named authority and evidence assignment pending",RA §19,Not selected; explicit scope rationale and authority required before any N/A disposition
API-001.A01,API-001,The portable API SHALL be versioned and backward-compatibility rules SHALL be published.,Complete source obligation; all applicable clauses must be satisfied: The portable API SHALL be versioned and backward-compatibility rules SHALL be published.,Automation platform,"Scoped execution runner, authoritative source/state, native resource writer and change/evidence system",CANDIDATE_PARTIAL_TOOLING_AND_EXTERNAL_EXECUTION_GOVERNANCE,"Immutable reviewed artifact/input/state/approval records, scoped credentials and actual authoritative native writer/fencing mechanism — specifically: Complete source obligation; all applicable clauses must be satisfied: The portable API SHALL be versioned and backward-compatibility rules SHALL be published.",terraform/roots; tools/verify_terraform.py; tools/recovery_review.py; docs/INTERRUPTED_CHANGE_RECOVERY.md,Review exact source and current state; execute accepted operation/uncertainty/containment tests without treating a local status as authority.,CT-016; CT-070,"NATIVE_NOT_RUN; related local fixtures/engine checks are narrower evidence, not satisfaction","Tool helpers do not supply authentic approvals, actual fencing, whole-platform admission, signed artifact custody or authorized apply.","PROPOSED_ALLOCATION; actual applicability, named authority and evidence assignment pending",RA §23; RA §24,Not selected; explicit scope rationale and authority required before any N/A disposition
API-002.A01,API-002,"Vendor identifiers, VLAN/VNI/VRF details, route targets, raw firewall rules and raw next-hop routes SHALL NOT be part of the normal consumer contract.","Complete source obligation; all applicable clauses must be satisfied: Vendor identifiers, VLAN/VNI/VRF details, route targets, raw firewall rules and raw next-hop routes SHALL NOT be part of the normal consumer contract.",Automation platform,"Scoped execution runner, authoritative source/state, native resource writer and change/evidence system",CANDIDATE_PARTIAL_TOOLING_AND_EXTERNAL_EXECUTION_GOVERNANCE,"Immutable reviewed artifact/input/state/approval records, scoped credentials and actual authoritative native writer/fencing mechanism — specifically: Complete source obligation; all applicable clauses must be satisfied: Vendor identifiers, VLAN/VNI/VRF details, route targets, raw firewall rules and raw next-hop routes SHALL NOT be part of the normal consumer contract.",terraform/roots; tools/verify_terraform.py; tools/recovery_review.py; docs/INTERRUPTED_CHANGE_RECOVERY.md,Review exact source and current state; execute accepted operation/uncertainty/containment tests without treating a local status as authority.,CT-017; CT-019,"NATIVE_NOT_RUN; related local fixtures/engine checks are narrower evidence, not satisfaction","Tool helpers do not supply authentic approvals, actual fencing, whole-platform admission, signed artifact custody or authorized apply.","PROPOSED_ALLOCATION; actual applicability, named authority and evidence assignment pending",RA §23; RA §24,Not selected; explicit scope rationale and authority required before any N/A disposition
API-003.A01,API-003,"Where a consumer-facing provisioning API is provided, it SHALL enforce immutable IDs, idempotent create, optimistic concurrency, typed/closed schemas, authorized references and authoritative service-owned status; stale or unauthorized updates SHALL fail before side effects. These controls MAY be implemented by an existing qualified service interface.","Complete source obligation; all applicable clauses must be satisfied: Where a consumer-facing provisioning API is provided, it SHALL enforce immutable IDs, idempotent create, optimistic concurrency, typed/closed schemas, authorized references and authoritative service-owned status; stale or unauthorized updates SHALL fail before side effects. These controls MAY be implemented by an existing qualified service interface.",Automation platform,"Scoped execution runner, authoritative source/state, native resource writer and change/evidence system",CANDIDATE_PARTIAL_TOOLING_AND_EXTERNAL_EXECUTION_GOVERNANCE,"Immutable reviewed artifact/input/state/approval records, scoped credentials and actual authoritative native writer/fencing mechanism — specifically: Complete source obligation; all applicable clauses must be satisfied: Where a consumer-facing provisioning API is provided, it SHALL enforce immutable IDs, idempotent create, optimistic concurrency, typed/closed schemas, authorized references and authoritative service-owned status; stale or unauthorized updates SHALL fail before side effects. These controls MAY be implemented by an existing qualified service interface.",terraform/roots; tools/verify_terraform.py; tools/recovery_review.py; docs/INTERRUPTED_CHANGE_RECOVERY.md,Review exact source and current state; execute accepted operation/uncertainty/containment tests without treating a local status as authority.,CT-017; CT-046; CT-070,"NATIVE_NOT_RUN; related local fixtures/engine checks are narrower evidence, not satisfaction","Tool helpers do not supply authentic approvals, actual fencing, whole-platform admission, signed artifact custody or authorized apply.","PROPOSED_ALLOCATION; actual applicability, named authority and evidence assignment pending",RA §23; RA §24,Not selected; explicit scope rationale and authority required before any N/A disposition
API-003.A02,API-003,"Where a consumer-facing provisioning API is provided, it SHALL enforce immutable IDs, idempotent create, optimistic concurrency, typed/closed schemas, authorized references and authoritative service-owned status; stale or unauthorized updates SHALL fail before side effects. These controls MAY be implemented by an existing qualified service interface.","Where a consumer-facing provisioning API is provided, it SHALL enforce immutable IDs, idempotent create, optimistic concurrency, typed/closed schemas, authorized references and authoritative service-owned status",Automation platform,"Scoped execution runner, authoritative source/state, native resource writer and change/evidence system",CANDIDATE_PARTIAL_TOOLING_AND_EXTERNAL_EXECUTION_GOVERNANCE,"Immutable reviewed artifact/input/state/approval records, scoped credentials and actual authoritative native writer/fencing mechanism — specifically: Where a consumer-facing provisioning API is provided, it SHALL enforce immutable IDs, idempotent create, optimistic concurrency, typed/closed schemas, authorized references and authoritative service-owned status",terraform/roots; tools/verify_terraform.py; tools/recovery_review.py; docs/INTERRUPTED_CHANGE_RECOVERY.md,Review exact source and current state; execute accepted operation/uncertainty/containment tests without treating a local status as authority.,CT-017; CT-046; CT-070,"NATIVE_NOT_RUN; related local fixtures/engine checks are narrower evidence, not satisfaction","Tool helpers do not supply authentic approvals, actual fencing, whole-platform admission, signed artifact custody or authorized apply.","PROPOSED_ALLOCATION; actual applicability, named authority and evidence assignment pending",RA §23; RA §24,Not selected; explicit scope rationale and authority required before any N/A disposition
API-003.A03,API-003,"Where a consumer-facing provisioning API is provided, it SHALL enforce immutable IDs, idempotent create, optimistic concurrency, typed/closed schemas, authorized references and authoritative service-owned status; stale or unauthorized updates SHALL fail before side effects. These controls MAY be implemented by an existing qualified service interface.",stale or unauthorized updates SHALL fail before side effects. These controls MAY be implemented by an existing qualified service interface.,Automation platform,"Scoped execution runner, authoritative source/state, native resource writer and change/evidence system",CANDIDATE_PARTIAL_TOOLING_AND_EXTERNAL_EXECUTION_GOVERNANCE,"Immutable reviewed artifact/input/state/approval records, scoped credentials and actual authoritative native writer/fencing mechanism — specifically: stale or unauthorized updates SHALL fail before side effects. These controls MAY be implemented by an existing qualified service interface.",terraform/roots; tools/verify_terraform.py; tools/recovery_review.py; docs/INTERRUPTED_CHANGE_RECOVERY.md,Review exact source and current state; execute accepted operation/uncertainty/containment tests without treating a local status as authority.,CT-017; CT-046; CT-070,"NATIVE_NOT_RUN; related local fixtures/engine checks are narrower evidence, not satisfaction","Tool helpers do not supply authentic approvals, actual fencing, whole-platform admission, signed artifact custody or authorized apply.","PROPOSED_ALLOCATION; actual applicability, named authority and evidence assignment pending",RA §23; RA §24,Not selected; explicit scope rationale and authority required before any N/A disposition
POL-001.A01,POL-001,Admission policy SHALL be provider independent wherever the rule expresses an architectural invariant.,Complete source obligation; all applicable clauses must be satisfied: Admission policy SHALL be provider independent wherever the rule expresses an architectural invariant.,Automation platform,Architecture/design review and separately governed service/adoption/qualification authority,MANUAL_GOVERNANCE_OR_EXTERNAL_AUTHORITATIVE_RECORD_REQUIRED,"Scope-specific current architecture/engineering/authority record addressing the exact assertion, with named owner and protected evidence — specifically: Complete source obligation; all applicable clauses must be satisfied: Admission policy SHALL be provider independent wherever the rule expresses an architectural invariant.",docs/current/RAD-adoption.md; docs/current/TAD-infrastructure.md; docs/assurance/verification-families.md,Review the actual versioned record and its individual assertions; corroborate implementation-specific obligations with the applicable native tests.,CT-017; CT-025; CT-066,"NATIVE_NOT_RUN; related local fixtures/engine checks are narrower evidence, not satisfaction","No controller or document generator can issue organizational approval, assess all adopted controls or complete absent site-specific evidence.","PROPOSED_ALLOCATION; actual applicability, named authority and evidence assignment pending",RA §20; RA §23,Not selected; explicit scope rationale and authority required before any N/A disposition
POL-002.A01,POL-002,Provider-specific plan checks SHOULD validate that the adapter compiled the intent into the expected native constructs.,Complete source obligation; all applicable clauses must be satisfied: Provider-specific plan checks SHOULD validate that the adapter compiled the intent into the expected native constructs.,Automation platform,Architecture/design review and separately governed service/adoption/qualification authority,MANUAL_GOVERNANCE_OR_EXTERNAL_AUTHORITATIVE_RECORD_REQUIRED,"Scope-specific current architecture/engineering/authority record addressing the exact assertion, with named owner and protected evidence — specifically: Complete source obligation; all applicable clauses must be satisfied: Provider-specific plan checks SHOULD validate that the adapter compiled the intent into the expected native constructs.",docs/current/RAD-adoption.md; docs/current/TAD-infrastructure.md; docs/assurance/verification-families.md,Review the actual versioned record and its individual assertions; corroborate implementation-specific obligations with the applicable native tests.,CT-009; CT-048; CT-066,"NATIVE_NOT_RUN; related local fixtures/engine checks are narrower evidence, not satisfaction","No controller or document generator can issue organizational approval, assess all adopted controls or complete absent site-specific evidence.","PROPOSED_ALLOCATION; actual applicability, named authority and evidence assignment pending",RA §20; RA §23,Not selected; explicit scope rationale and authority required before any N/A disposition
FLOW-001.A01,FLOW-001,"Flow Intentions SHALL resolve explicit identities, service/profile version, initiation direction, lifetime, purpose and logging; compilation SHALL preserve mandatory policy precedence and enforce approved session-revocation behavior.","Complete source obligation; all applicable clauses must be satisfied: Flow Intentions SHALL resolve explicit identities, service/profile version, initiation direction, lifetime, purpose and logging; compilation SHALL preserve mandatory policy precedence and enforce approved session-revocation behavior.",Security-edge operations,Architecture/design review and separately governed service/adoption/qualification authority,MANUAL_GOVERNANCE_OR_EXTERNAL_AUTHORITATIVE_RECORD_REQUIRED,"Scope-specific current architecture/engineering/authority record addressing the exact assertion, with named owner and protected evidence — specifically: Complete source obligation; all applicable clauses must be satisfied: Flow Intentions SHALL resolve explicit identities, service/profile version, initiation direction, lifetime, purpose and logging; compilation SHALL preserve mandatory policy precedence and enforce approved session-revocation behavior.",docs/current/RAD-adoption.md; docs/current/TAD-infrastructure.md; docs/assurance/verification-families.md,Review the actual versioned record and its individual assertions; corroborate implementation-specific obligations with the applicable native tests.,CT-007; CT-020; CT-066; CT-077,"NATIVE_NOT_RUN; related local fixtures/engine checks are narrower evidence, not satisfaction","No controller or document generator can issue organizational approval, assess all adopted controls or complete absent site-specific evidence.","PROPOSED_ALLOCATION; actual applicability, named authority and evidence assignment pending",RA §20; RA §23,Not selected; explicit scope rationale and authority required before any N/A disposition
FLOW-001.A02,FLOW-001,"Flow Intentions SHALL resolve explicit identities, service/profile version, initiation direction, lifetime, purpose and logging; compilation SHALL preserve mandatory policy precedence and enforce approved session-revocation behavior.","Flow Intentions SHALL resolve explicit identities, service/profile version, initiation direction, lifetime, purpose and logging",Security-edge operations,Architecture/design review and separately governed service/adoption/qualification authority,MANUAL_GOVERNANCE_OR_EXTERNAL_AUTHORITATIVE_RECORD_REQUIRED,"Scope-specific current architecture/engineering/authority record addressing the exact assertion, with named owner and protected evidence — specifically: Flow Intentions SHALL resolve explicit identities, service/profile version, initiation direction, lifetime, purpose and logging",docs/current/RAD-adoption.md; docs/current/TAD-infrastructure.md; docs/assurance/verification-families.md,Review the actual versioned record and its individual assertions; corroborate implementation-specific obligations with the applicable native tests.,CT-007; CT-020; CT-066; CT-077,"NATIVE_NOT_RUN; related local fixtures/engine checks are narrower evidence, not satisfaction","No controller or document generator can issue organizational approval, assess all adopted controls or complete absent site-specific evidence.","PROPOSED_ALLOCATION; actual applicability, named authority and evidence assignment pending",RA §20; RA §23,Not selected; explicit scope rationale and authority required before any N/A disposition
FLOW-001.A03,FLOW-001,"Flow Intentions SHALL resolve explicit identities, service/profile version, initiation direction, lifetime, purpose and logging; compilation SHALL preserve mandatory policy precedence and enforce approved session-revocation behavior.",compilation SHALL preserve mandatory policy precedence and enforce approved session-revocation behavior.,Security-edge operations,Architecture/design review and separately governed service/adoption/qualification authority,MANUAL_GOVERNANCE_OR_EXTERNAL_AUTHORITATIVE_RECORD_REQUIRED,"Scope-specific current architecture/engineering/authority record addressing the exact assertion, with named owner and protected evidence — specifically: compilation SHALL preserve mandatory policy precedence and enforce approved session-revocation behavior.",docs/current/RAD-adoption.md; docs/current/TAD-infrastructure.md; docs/assurance/verification-families.md,Review the actual versioned record and its individual assertions; corroborate implementation-specific obligations with the applicable native tests.,CT-007; CT-020; CT-066; CT-077,"NATIVE_NOT_RUN; related local fixtures/engine checks are narrower evidence, not satisfaction","No controller or document generator can issue organizational approval, assess all adopted controls or complete absent site-specific evidence.","PROPOSED_ALLOCATION; actual applicability, named authority and evidence assignment pending",RA §20; RA §23,Not selected; explicit scope rationale and authority required before any N/A disposition
AUTO-001.A01,AUTO-001,"If security admission, IPAM, route authority, or mandatory policy validation is unavailable, new provisioning SHALL stop rather than inventing or bypassing required state.","Complete source obligation; all applicable clauses must be satisfied: If security admission, IPAM, route authority, or mandatory policy validation is unavailable, new provisioning SHALL stop rather than inventing or bypassing required state.",Automation platform,"Scoped execution runner, authoritative source/state, native resource writer and change/evidence system",CANDIDATE_PARTIAL_TOOLING_AND_EXTERNAL_EXECUTION_GOVERNANCE,"Immutable reviewed artifact/input/state/approval records, scoped credentials and actual authoritative native writer/fencing mechanism — specifically: Complete source obligation; all applicable clauses must be satisfied: If security admission, IPAM, route authority, or mandatory policy validation is unavailable, new provisioning SHALL stop rather than inventing or bypassing required state.",terraform/roots; tools/verify_terraform.py; tools/recovery_review.py; docs/INTERRUPTED_CHANGE_RECOVERY.md,Review exact source and current state; execute accepted operation/uncertainty/containment tests without treating a local status as authority.,CT-011; CT-029; CT-045,"NATIVE_NOT_RUN; related local fixtures/engine checks are narrower evidence, not satisfaction","Tool helpers do not supply authentic approvals, actual fencing, whole-platform admission, signed artifact custody or authorized apply.","PROPOSED_ALLOCATION; actual applicability, named authority and evidence assignment pending",RA §23; RA §24,Not selected; explicit scope rationale and authority required before any N/A disposition
AUTO-002.A01,AUTO-002,"Provisioning SHALL be journaled and idempotent, reserve only eligible capacity/addresses, enforce deny before attachment/exposure, and gate activation on realized current-generation evidence and authorization.","Complete source obligation; all applicable clauses must be satisfied: Provisioning SHALL be journaled and idempotent, reserve only eligible capacity/addresses, enforce deny before attachment/exposure, and gate activation on realized current-generation evidence and authorization.",Automation platform,"Scoped execution runner, authoritative source/state, native resource writer and change/evidence system",CANDIDATE_PARTIAL_TOOLING_AND_EXTERNAL_EXECUTION_GOVERNANCE,"Immutable reviewed artifact/input/state/approval records, scoped credentials and actual authoritative native writer/fencing mechanism — specifically: Complete source obligation; all applicable clauses must be satisfied: Provisioning SHALL be journaled and idempotent, reserve only eligible capacity/addresses, enforce deny before attachment/exposure, and gate activation on realized current-generation evidence and authorization.",terraform/roots; tools/verify_terraform.py; tools/recovery_review.py; docs/INTERRUPTED_CHANGE_RECOVERY.md,Review exact source and current state; execute accepted operation/uncertainty/containment tests without treating a local status as authority.,CT-045; CT-046; CT-048; CT-069,"NATIVE_NOT_RUN; related local fixtures/engine checks are narrower evidence, not satisfaction","Tool helpers do not supply authentic approvals, actual fencing, whole-platform admission, signed artifact custody or authorized apply.","PROPOSED_ALLOCATION; actual applicability, named authority and evidence assignment pending",RA §23; RA §24,Not selected; explicit scope rationale and authority required before any N/A disposition
AUTO-003.A01,AUTO-003,"Retries SHALL distinguish transient, permanent and conflict failures, use bounded backoff/deadlines and preserve resource identity; uncertain outcomes SHALL be discovered and reconciled rather than duplicated.","Complete source obligation; all applicable clauses must be satisfied: Retries SHALL distinguish transient, permanent and conflict failures, use bounded backoff/deadlines and preserve resource identity; uncertain outcomes SHALL be discovered and reconciled rather than duplicated.",Automation platform,"Scoped execution runner, authoritative source/state, native resource writer and change/evidence system",CANDIDATE_PARTIAL_TOOLING_AND_EXTERNAL_EXECUTION_GOVERNANCE,"Immutable reviewed artifact/input/state/approval records, scoped credentials and actual authoritative native writer/fencing mechanism — specifically: Complete source obligation; all applicable clauses must be satisfied: Retries SHALL distinguish transient, permanent and conflict failures, use bounded backoff/deadlines and preserve resource identity; uncertain outcomes SHALL be discovered and reconciled rather than duplicated.",terraform/roots; tools/verify_terraform.py; tools/recovery_review.py; docs/INTERRUPTED_CHANGE_RECOVERY.md,Review exact source and current state; execute accepted operation/uncertainty/containment tests without treating a local status as authority.,CT-045; CT-046; CT-047,"NATIVE_NOT_RUN; related local fixtures/engine checks are narrower evidence, not satisfaction","Tool helpers do not supply authentic approvals, actual fencing, whole-platform admission, signed artifact custody or authorized apply.","PROPOSED_ALLOCATION; actual applicability, named authority and evidence assignment pending",RA §23; RA §24,Not selected; explicit scope rationale and authority required before any N/A disposition
AUTO-003.A02,AUTO-003,"Retries SHALL distinguish transient, permanent and conflict failures, use bounded backoff/deadlines and preserve resource identity; uncertain outcomes SHALL be discovered and reconciled rather than duplicated.","Retries SHALL distinguish transient, permanent and conflict failures, use bounded backoff/deadlines and preserve resource identity",Automation platform,"Scoped execution runner, authoritative source/state, native resource writer and change/evidence system",CANDIDATE_PARTIAL_TOOLING_AND_EXTERNAL_EXECUTION_GOVERNANCE,"Immutable reviewed artifact/input/state/approval records, scoped credentials and actual authoritative native writer/fencing mechanism — specifically: Retries SHALL distinguish transient, permanent and conflict failures, use bounded backoff/deadlines and preserve resource identity",terraform/roots; tools/verify_terraform.py; tools/recovery_review.py; docs/INTERRUPTED_CHANGE_RECOVERY.md,Review exact source and current state; execute accepted operation/uncertainty/containment tests without treating a local status as authority.,CT-045; CT-046; CT-047,"NATIVE_NOT_RUN; related local fixtures/engine checks are narrower evidence, not satisfaction","Tool helpers do not supply authentic approvals, actual fencing, whole-platform admission, signed artifact custody or authorized apply.","PROPOSED_ALLOCATION; actual applicability, named authority and evidence assignment pending",RA §23; RA §24,Not selected; explicit scope rationale and authority required before any N/A disposition
AUTO-003.A03,AUTO-003,"Retries SHALL distinguish transient, permanent and conflict failures, use bounded backoff/deadlines and preserve resource identity; uncertain outcomes SHALL be discovered and reconciled rather than duplicated.",uncertain outcomes SHALL be discovered and reconciled rather than duplicated.,Automation platform,"Scoped execution runner, authoritative source/state, native resource writer and change/evidence system",CANDIDATE_PARTIAL_TOOLING_AND_EXTERNAL_EXECUTION_GOVERNANCE,"Immutable reviewed artifact/input/state/approval records, scoped credentials and actual authoritative native writer/fencing mechanism — specifically: uncertain outcomes SHALL be discovered and reconciled rather than duplicated.",terraform/roots; tools/verify_terraform.py; tools/recovery_review.py; docs/INTERRUPTED_CHANGE_RECOVERY.md,Review exact source and current state; execute accepted operation/uncertainty/containment tests without treating a local status as authority.,CT-045; CT-046; CT-047,"NATIVE_NOT_RUN; related local fixtures/engine checks are narrower evidence, not satisfaction","Tool helpers do not supply authentic approvals, actual fencing, whole-platform admission, signed artifact custody or authorized apply.","PROPOSED_ALLOCATION; actual applicability, named authority and evidence assignment pending",RA §23; RA §24,Not selected; explicit scope rationale and authority required before any N/A disposition
TF-001.A01,TF-001,Provider configuration SHALL be defined in root modules and passed to child modules; reusable child modules SHOULD NOT embed provider credentials/configuration.,Complete source obligation; all applicable clauses must be satisfied: Provider configuration SHALL be defined in root modules and passed to child modules; reusable child modules SHOULD NOT embed provider credentials/configuration.,Automation platform,"Scoped execution runner, authoritative source/state, native resource writer and change/evidence system",CANDIDATE_PARTIAL_TOOLING_AND_EXTERNAL_EXECUTION_GOVERNANCE,"Immutable reviewed artifact/input/state/approval records, scoped credentials and actual authoritative native writer/fencing mechanism — specifically: Complete source obligation; all applicable clauses must be satisfied: Provider configuration SHALL be defined in root modules and passed to child modules; reusable child modules SHOULD NOT embed provider credentials/configuration.",terraform/roots; tools/verify_terraform.py; tools/recovery_review.py; docs/INTERRUPTED_CHANGE_RECOVERY.md,Review exact source and current state; execute accepted operation/uncertainty/containment tests without treating a local status as authority.,CT-042; CT-043,"NATIVE_NOT_RUN; related local fixtures/engine checks are narrower evidence, not satisfaction","Tool helpers do not supply authentic approvals, actual fencing, whole-platform admission, signed artifact custody or authorized apply.","PROPOSED_ALLOCATION; actual applicability, named authority and evidence assignment pending",RA §24,Not selected; explicit scope rationale and authority required before any N/A disposition
TF-001.A02,TF-001,Provider configuration SHALL be defined in root modules and passed to child modules; reusable child modules SHOULD NOT embed provider credentials/configuration.,Provider configuration SHALL be defined in root modules and passed to child modules,Automation platform,"Scoped execution runner, authoritative source/state, native resource writer and change/evidence system",CANDIDATE_PARTIAL_TOOLING_AND_EXTERNAL_EXECUTION_GOVERNANCE,"Immutable reviewed artifact/input/state/approval records, scoped credentials and actual authoritative native writer/fencing mechanism — specifically: Provider configuration SHALL be defined in root modules and passed to child modules",terraform/roots; tools/verify_terraform.py; tools/recovery_review.py; docs/INTERRUPTED_CHANGE_RECOVERY.md,Review exact source and current state; execute accepted operation/uncertainty/containment tests without treating a local status as authority.,CT-042; CT-043,"NATIVE_NOT_RUN; related local fixtures/engine checks are narrower evidence, not satisfaction","Tool helpers do not supply authentic approvals, actual fencing, whole-platform admission, signed artifact custody or authorized apply.","PROPOSED_ALLOCATION; actual applicability, named authority and evidence assignment pending",RA §24,Not selected; explicit scope rationale and authority required before any N/A disposition
TF-001.A03,TF-001,Provider configuration SHALL be defined in root modules and passed to child modules; reusable child modules SHOULD NOT embed provider credentials/configuration.,reusable child modules SHOULD NOT embed provider credentials/configuration.,Automation platform,"Scoped execution runner, authoritative source/state, native resource writer and change/evidence system",CANDIDATE_PARTIAL_TOOLING_AND_EXTERNAL_EXECUTION_GOVERNANCE,"Immutable reviewed artifact/input/state/approval records, scoped credentials and actual authoritative native writer/fencing mechanism — specifically: reusable child modules SHOULD NOT embed provider credentials/configuration.",terraform/roots; tools/verify_terraform.py; tools/recovery_review.py; docs/INTERRUPTED_CHANGE_RECOVERY.md,Review exact source and current state; execute accepted operation/uncertainty/containment tests without treating a local status as authority.,CT-042; CT-043,"NATIVE_NOT_RUN; related local fixtures/engine checks are narrower evidence, not satisfaction","Tool helpers do not supply authentic approvals, actual fencing, whole-platform admission, signed artifact custody or authorized apply.","PROPOSED_ALLOCATION; actual applicability, named authority and evidence assignment pending",RA §24,Not selected; explicit scope rationale and authority required before any N/A disposition
TF-002.A01,TF-002,Provider versions SHALL be constrained and dependency lock files SHALL be committed and reviewed.,Complete source obligation; all applicable clauses must be satisfied: Provider versions SHALL be constrained and dependency lock files SHALL be committed and reviewed.,Automation platform,"Scoped execution runner, authoritative source/state, native resource writer and change/evidence system",CANDIDATE_PARTIAL_TOOLING_AND_EXTERNAL_EXECUTION_GOVERNANCE,"Immutable reviewed artifact/input/state/approval records, scoped credentials and actual authoritative native writer/fencing mechanism — specifically: Complete source obligation; all applicable clauses must be satisfied: Provider versions SHALL be constrained and dependency lock files SHALL be committed and reviewed.",terraform/roots; tools/verify_terraform.py; tools/recovery_review.py; docs/INTERRUPTED_CHANGE_RECOVERY.md,Review exact source and current state; execute accepted operation/uncertainty/containment tests without treating a local status as authority.,CT-015; CT-042; CT-048,"NATIVE_NOT_RUN; related local fixtures/engine checks are narrower evidence, not satisfaction","Tool helpers do not supply authentic approvals, actual fencing, whole-platform admission, signed artifact custody or authorized apply.","PROPOSED_ALLOCATION; actual applicability, named authority and evidence assignment pending",RA §24,Not selected; explicit scope rationale and authority required before any N/A disposition
TF-002.A02,TF-002,Provider versions SHALL be constrained and dependency lock files SHALL be committed and reviewed.,Declared provider constraints,Automation platform,"Scoped execution runner, authoritative source/state, native resource writer and change/evidence system",CANDIDATE_PARTIAL_TOOLING_AND_EXTERNAL_EXECUTION_GOVERNANCE,"Immutable reviewed artifact/input/state/approval records, scoped credentials and actual authoritative native writer/fencing mechanism — specifically: Declared provider constraints",terraform/roots; tools/verify_terraform.py; tools/recovery_review.py; docs/INTERRUPTED_CHANGE_RECOVERY.md,Review exact source and current state; execute accepted operation/uncertainty/containment tests without treating a local status as authority.,CT-015; CT-042; CT-048,"NATIVE_NOT_RUN; related local fixtures/engine checks are narrower evidence, not satisfaction","Tool helpers do not supply authentic approvals, actual fencing, whole-platform admission, signed artifact custody or authorized apply.","PROPOSED_ALLOCATION; actual applicability, named authority and evidence assignment pending",RA §24,Not selected; explicit scope rationale and authority required before any N/A disposition
TF-002.A03,TF-002,Provider versions SHALL be constrained and dependency lock files SHALL be committed and reviewed.,Real root lockfile selections and checksums,Automation platform,"Scoped execution runner, authoritative source/state, native resource writer and change/evidence system",CANDIDATE_PARTIAL_TOOLING_AND_EXTERNAL_EXECUTION_GOVERNANCE,"Immutable reviewed artifact/input/state/approval records, scoped credentials and actual authoritative native writer/fencing mechanism — specifically: Real root lockfile selections and checksums",terraform/roots; tools/verify_terraform.py; tools/recovery_review.py; docs/INTERRUPTED_CHANGE_RECOVERY.md,Review exact source and current state; execute accepted operation/uncertainty/containment tests without treating a local status as authority.,CT-015; CT-042; CT-048,"NATIVE_NOT_RUN; related local fixtures/engine checks are narrower evidence, not satisfaction","Tool helpers do not supply authentic approvals, actual fencing, whole-platform admission, signed artifact custody or authorized apply.","PROPOSED_ALLOCATION; actual applicability, named authority and evidence assignment pending",RA §24,Not selected; explicit scope rationale and authority required before any N/A disposition
TF-002.A04,TF-002,Provider versions SHALL be constrained and dependency lock files SHALL be committed and reviewed.,Lock reviewed and version controlled,Automation platform,"Scoped execution runner, authoritative source/state, native resource writer and change/evidence system",CANDIDATE_PARTIAL_TOOLING_AND_EXTERNAL_EXECUTION_GOVERNANCE,"Immutable reviewed artifact/input/state/approval records, scoped credentials and actual authoritative native writer/fencing mechanism — specifically: Lock reviewed and version controlled",terraform/roots; tools/verify_terraform.py; tools/recovery_review.py; docs/INTERRUPTED_CHANGE_RECOVERY.md,Review exact source and current state; execute accepted operation/uncertainty/containment tests without treating a local status as authority.,CT-015; CT-042; CT-048,"NATIVE_NOT_RUN; related local fixtures/engine checks are narrower evidence, not satisfaction","Tool helpers do not supply authentic approvals, actual fencing, whole-platform admission, signed artifact custody or authorized apply.","PROPOSED_ALLOCATION; actual applicability, named authority and evidence assignment pending",RA §24,Not selected; explicit scope rationale and authority required before any N/A disposition
TF-003.A01,TF-003,The provisioning workflow SHALL select the required hosting-platform and shared-service adapters before execution; adapters SHALL preserve their authority and lifecycle boundaries. A single giant conditional module SHOULD NOT attempt to implement all platforms.,Complete source obligation; all applicable clauses must be satisfied: The provisioning workflow SHALL select the required hosting-platform and shared-service adapters before execution; adapters SHALL preserve their authority and lifecycle boundaries. A single giant conditional module SHOULD NOT attempt to implement all platforms.,Automation platform,"Scoped execution runner, authoritative source/state, native resource writer and change/evidence system",CANDIDATE_PARTIAL_TOOLING_AND_EXTERNAL_EXECUTION_GOVERNANCE,"Immutable reviewed artifact/input/state/approval records, scoped credentials and actual authoritative native writer/fencing mechanism — specifically: Complete source obligation; all applicable clauses must be satisfied: The provisioning workflow SHALL select the required hosting-platform and shared-service adapters before execution; adapters SHALL preserve their authority and lifecycle boundaries. A single giant conditional module SHOULD NOT attempt to implement all platforms.",terraform/roots; tools/verify_terraform.py; tools/recovery_review.py; docs/INTERRUPTED_CHANGE_RECOVERY.md,Review exact source and current state; execute accepted operation/uncertainty/containment tests without treating a local status as authority.,CT-016; CT-044,"NATIVE_NOT_RUN; related local fixtures/engine checks are narrower evidence, not satisfaction","Tool helpers do not supply authentic approvals, actual fencing, whole-platform admission, signed artifact custody or authorized apply.","PROPOSED_ALLOCATION; actual applicability, named authority and evidence assignment pending",RA §24,Not selected; explicit scope rationale and authority required before any N/A disposition
TF-003.A02,TF-003,The provisioning workflow SHALL select the required hosting-platform and shared-service adapters before execution; adapters SHALL preserve their authority and lifecycle boundaries. A single giant conditional module SHOULD NOT attempt to implement all platforms.,The provisioning workflow SHALL select the required hosting-platform and shared-service adapters before execution,Automation platform,"Scoped execution runner, authoritative source/state, native resource writer and change/evidence system",CANDIDATE_PARTIAL_TOOLING_AND_EXTERNAL_EXECUTION_GOVERNANCE,"Immutable reviewed artifact/input/state/approval records, scoped credentials and actual authoritative native writer/fencing mechanism — specifically: The provisioning workflow SHALL select the required hosting-platform and shared-service adapters before execution",terraform/roots; tools/verify_terraform.py; tools/recovery_review.py; docs/INTERRUPTED_CHANGE_RECOVERY.md,Review exact source and current state; execute accepted operation/uncertainty/containment tests without treating a local status as authority.,CT-016; CT-044,"NATIVE_NOT_RUN; related local fixtures/engine checks are narrower evidence, not satisfaction","Tool helpers do not supply authentic approvals, actual fencing, whole-platform admission, signed artifact custody or authorized apply.","PROPOSED_ALLOCATION; actual applicability, named authority and evidence assignment pending",RA §24,Not selected; explicit scope rationale and authority required before any N/A disposition
TF-003.A03,TF-003,The provisioning workflow SHALL select the required hosting-platform and shared-service adapters before execution; adapters SHALL preserve their authority and lifecycle boundaries. A single giant conditional module SHOULD NOT attempt to implement all platforms.,adapters SHALL preserve their authority and lifecycle boundaries. A single giant conditional module SHOULD NOT attempt to implement all platforms.,Automation platform,"Scoped execution runner, authoritative source/state, native resource writer and change/evidence system",CANDIDATE_PARTIAL_TOOLING_AND_EXTERNAL_EXECUTION_GOVERNANCE,"Immutable reviewed artifact/input/state/approval records, scoped credentials and actual authoritative native writer/fencing mechanism — specifically: adapters SHALL preserve their authority and lifecycle boundaries. A single giant conditional module SHOULD NOT attempt to implement all platforms.",terraform/roots; tools/verify_terraform.py; tools/recovery_review.py; docs/INTERRUPTED_CHANGE_RECOVERY.md,Review exact source and current state; execute accepted operation/uncertainty/containment tests without treating a local status as authority.,CT-016; CT-044,"NATIVE_NOT_RUN; related local fixtures/engine checks are narrower evidence, not satisfaction","Tool helpers do not supply authentic approvals, actual fencing, whole-platform admission, signed artifact custody or authorized apply.","PROPOSED_ALLOCATION; actual applicability, named authority and evidence assignment pending",RA §24,Not selected; explicit scope rationale and authority required before any N/A disposition
TF-004.A01,TF-004,Module interfaces SHOULD be relatively flat and composable; deeply nested modules that obscure lifecycle or ownership boundaries SHOULD be avoided.,Complete source obligation; all applicable clauses must be satisfied: Module interfaces SHOULD be relatively flat and composable; deeply nested modules that obscure lifecycle or ownership boundaries SHOULD be avoided.,Automation platform,"Scoped execution runner, authoritative source/state, native resource writer and change/evidence system",CANDIDATE_PARTIAL_TOOLING_AND_EXTERNAL_EXECUTION_GOVERNANCE,"Immutable reviewed artifact/input/state/approval records, scoped credentials and actual authoritative native writer/fencing mechanism — specifically: Complete source obligation; all applicable clauses must be satisfied: Module interfaces SHOULD be relatively flat and composable; deeply nested modules that obscure lifecycle or ownership boundaries SHOULD be avoided.",terraform/roots; tools/verify_terraform.py; tools/recovery_review.py; docs/INTERRUPTED_CHANGE_RECOVERY.md,Review exact source and current state; execute accepted operation/uncertainty/containment tests without treating a local status as authority.,CT-044; CT-070,"NATIVE_NOT_RUN; related local fixtures/engine checks are narrower evidence, not satisfaction","Tool helpers do not supply authentic approvals, actual fencing, whole-platform admission, signed artifact custody or authorized apply.","PROPOSED_ALLOCATION; actual applicability, named authority and evidence assignment pending",RA §24,Not selected; explicit scope rationale and authority required before any N/A disposition
TF-004.A02,TF-004,Module interfaces SHOULD be relatively flat and composable; deeply nested modules that obscure lifecycle or ownership boundaries SHOULD be avoided.,Module interfaces SHOULD be relatively flat and composable,Automation platform,"Scoped execution runner, authoritative source/state, native resource writer and change/evidence system",CANDIDATE_PARTIAL_TOOLING_AND_EXTERNAL_EXECUTION_GOVERNANCE,"Immutable reviewed artifact/input/state/approval records, scoped credentials and actual authoritative native writer/fencing mechanism — specifically: Module interfaces SHOULD be relatively flat and composable",terraform/roots; tools/verify_terraform.py; tools/recovery_review.py; docs/INTERRUPTED_CHANGE_RECOVERY.md,Review exact source and current state; execute accepted operation/uncertainty/containment tests without treating a local status as authority.,CT-044; CT-070,"NATIVE_NOT_RUN; related local fixtures/engine checks are narrower evidence, not satisfaction","Tool helpers do not supply authentic approvals, actual fencing, whole-platform admission, signed artifact custody or authorized apply.","PROPOSED_ALLOCATION; actual applicability, named authority and evidence assignment pending",RA §24,Not selected; explicit scope rationale and authority required before any N/A disposition
TF-004.A03,TF-004,Module interfaces SHOULD be relatively flat and composable; deeply nested modules that obscure lifecycle or ownership boundaries SHOULD be avoided.,deeply nested modules that obscure lifecycle or ownership boundaries SHOULD be avoided.,Automation platform,"Scoped execution runner, authoritative source/state, native resource writer and change/evidence system",CANDIDATE_PARTIAL_TOOLING_AND_EXTERNAL_EXECUTION_GOVERNANCE,"Immutable reviewed artifact/input/state/approval records, scoped credentials and actual authoritative native writer/fencing mechanism — specifically: deeply nested modules that obscure lifecycle or ownership boundaries SHOULD be avoided.",terraform/roots; tools/verify_terraform.py; tools/recovery_review.py; docs/INTERRUPTED_CHANGE_RECOVERY.md,Review exact source and current state; execute accepted operation/uncertainty/containment tests without treating a local status as authority.,CT-044; CT-070,"NATIVE_NOT_RUN; related local fixtures/engine checks are narrower evidence, not satisfaction","Tool helpers do not supply authentic approvals, actual fencing, whole-platform admission, signed artifact custody or authorized apply.","PROPOSED_ALLOCATION; actual applicability, named authority and evidence assignment pending",RA §24,Not selected; explicit scope rationale and authority required before any N/A disposition
TF-005.A01,TF-005,Remote module sources and runner images SHALL be pinned to immutable versions/digests separately from provider lockfiles; approved package checksums and provenance SHALL be verified before privileged execution.,Complete source obligation; all applicable clauses must be satisfied: Remote module sources and runner images SHALL be pinned to immutable versions/digests separately from provider lockfiles; approved package checksums and provenance SHALL be verified before privileged execution.,Automation platform,"Scoped execution runner, authoritative source/state, native resource writer and change/evidence system",CANDIDATE_PARTIAL_TOOLING_AND_EXTERNAL_EXECUTION_GOVERNANCE,"Immutable reviewed artifact/input/state/approval records, scoped credentials and actual authoritative native writer/fencing mechanism — specifically: Complete source obligation; all applicable clauses must be satisfied: Remote module sources and runner images SHALL be pinned to immutable versions/digests separately from provider lockfiles; approved package checksums and provenance SHALL be verified before privileged execution.",terraform/roots; tools/verify_terraform.py; tools/recovery_review.py; docs/INTERRUPTED_CHANGE_RECOVERY.md,Review exact source and current state; execute accepted operation/uncertainty/containment tests without treating a local status as authority.,CT-042; CT-048,"NATIVE_NOT_RUN; related local fixtures/engine checks are narrower evidence, not satisfaction","Tool helpers do not supply authentic approvals, actual fencing, whole-platform admission, signed artifact custody or authorized apply.","PROPOSED_ALLOCATION; actual applicability, named authority and evidence assignment pending",RA §24,Not selected; explicit scope rationale and authority required before any N/A disposition
TF-005.A02,TF-005,Remote module sources and runner images SHALL be pinned to immutable versions/digests separately from provider lockfiles; approved package checksums and provenance SHALL be verified before privileged execution.,Immutable module version/source pin,Automation platform,"Scoped execution runner, authoritative source/state, native resource writer and change/evidence system",CANDIDATE_PARTIAL_TOOLING_AND_EXTERNAL_EXECUTION_GOVERNANCE,"Immutable reviewed artifact/input/state/approval records, scoped credentials and actual authoritative native writer/fencing mechanism — specifically: Immutable module version/source pin",terraform/roots; tools/verify_terraform.py; tools/recovery_review.py; docs/INTERRUPTED_CHANGE_RECOVERY.md,Review exact source and current state; execute accepted operation/uncertainty/containment tests without treating a local status as authority.,CT-042; CT-048,"NATIVE_NOT_RUN; related local fixtures/engine checks are narrower evidence, not satisfaction","Tool helpers do not supply authentic approvals, actual fencing, whole-platform admission, signed artifact custody or authorized apply.","PROPOSED_ALLOCATION; actual applicability, named authority and evidence assignment pending",RA §24,Not selected; explicit scope rationale and authority required before any N/A disposition
TF-005.A03,TF-005,Remote module sources and runner images SHALL be pinned to immutable versions/digests separately from provider lockfiles; approved package checksums and provenance SHALL be verified before privileged execution.,Immutable runner image pin,Automation platform,"Scoped execution runner, authoritative source/state, native resource writer and change/evidence system",CANDIDATE_PARTIAL_TOOLING_AND_EXTERNAL_EXECUTION_GOVERNANCE,"Immutable reviewed artifact/input/state/approval records, scoped credentials and actual authoritative native writer/fencing mechanism — specifically: Immutable runner image pin",terraform/roots; tools/verify_terraform.py; tools/recovery_review.py; docs/INTERRUPTED_CHANGE_RECOVERY.md,Review exact source and current state; execute accepted operation/uncertainty/containment tests without treating a local status as authority.,CT-042; CT-048,"NATIVE_NOT_RUN; related local fixtures/engine checks are narrower evidence, not satisfaction","Tool helpers do not supply authentic approvals, actual fencing, whole-platform admission, signed artifact custody or authorized apply.","PROPOSED_ALLOCATION; actual applicability, named authority and evidence assignment pending",RA §24,Not selected; explicit scope rationale and authority required before any N/A disposition
TF-005.A04,TF-005,Remote module sources and runner images SHALL be pinned to immutable versions/digests separately from provider lockfiles; approved package checksums and provenance SHALL be verified before privileged execution.,Accepted package checksums,Automation platform,"Scoped execution runner, authoritative source/state, native resource writer and change/evidence system",CANDIDATE_PARTIAL_TOOLING_AND_EXTERNAL_EXECUTION_GOVERNANCE,"Immutable reviewed artifact/input/state/approval records, scoped credentials and actual authoritative native writer/fencing mechanism — specifically: Accepted package checksums",terraform/roots; tools/verify_terraform.py; tools/recovery_review.py; docs/INTERRUPTED_CHANGE_RECOVERY.md,Review exact source and current state; execute accepted operation/uncertainty/containment tests without treating a local status as authority.,CT-042; CT-048,"NATIVE_NOT_RUN; related local fixtures/engine checks are narrower evidence, not satisfaction","Tool helpers do not supply authentic approvals, actual fencing, whole-platform admission, signed artifact custody or authorized apply.","PROPOSED_ALLOCATION; actual applicability, named authority and evidence assignment pending",RA §24,Not selected; explicit scope rationale and authority required before any N/A disposition
TF-005.A05,TF-005,Remote module sources and runner images SHALL be pinned to immutable versions/digests separately from provider lockfiles; approved package checksums and provenance SHALL be verified before privileged execution.,Provenance verified before privileged execution,Automation platform,"Scoped execution runner, authoritative source/state, native resource writer and change/evidence system",CANDIDATE_PARTIAL_TOOLING_AND_EXTERNAL_EXECUTION_GOVERNANCE,"Immutable reviewed artifact/input/state/approval records, scoped credentials and actual authoritative native writer/fencing mechanism — specifically: Provenance verified before privileged execution",terraform/roots; tools/verify_terraform.py; tools/recovery_review.py; docs/INTERRUPTED_CHANGE_RECOVERY.md,Review exact source and current state; execute accepted operation/uncertainty/containment tests without treating a local status as authority.,CT-042; CT-048,"NATIVE_NOT_RUN; related local fixtures/engine checks are narrower evidence, not satisfaction","Tool helpers do not supply authentic approvals, actual fencing, whole-platform admission, signed artifact custody or authorized apply.","PROPOSED_ALLOCATION; actual applicability, named authority and evidence assignment pending",RA §24,Not selected; explicit scope rationale and authority required before any N/A disposition
STATE-001.A01,STATE-001,"No single routine tenant automation identity SHALL have authority to modify physical fabric, management foundation, security edge, and tenant workloads simultaneously.","Complete source obligation; all applicable clauses must be satisfied: No single routine tenant automation identity SHALL have authority to modify physical fabric, management foundation, security edge, and tenant workloads simultaneously.",Automation platform,Approved management/IAM/key/state service and privileged execution boundaries,EXTERNAL_SERVICE_AND_OPERATING_CONTROL_REQUIRED,"Native role/route/key/backend configuration, owner-approved recovery procedure and independently retained audit records — specifically: Complete source obligation; all applicable clauses must be satisfied: No single routine tenant automation identity SHALL have authority to modify physical fabric, management foundation, security edge, and tenant workloads simultaneously.",docs/current/TAD-infrastructure.md; docs/current/interface-agreements.md,"Observe both authorized use and denied cross-authority access, then exercise the declared loss/recovery case.",CT-019; CT-044,"NATIVE_NOT_RUN; related local fixtures/engine checks are narrower evidence, not satisfaction","Actual protected management transport, independent recovery, native least privilege and the selected state/key service are not supplied by network readback tools.","PROPOSED_ALLOCATION; actual applicability, named authority and evidence assignment pending",RA §24,Not selected; explicit scope rationale and authority required before any N/A disposition
STATE-001.A02,STATE-001,"No single routine tenant automation identity SHALL have authority to modify physical fabric, management foundation, security edge, and tenant workloads simultaneously.",Foundation writer isolated from tenant writer,Automation platform,Approved management/IAM/key/state service and privileged execution boundaries,EXTERNAL_SERVICE_AND_OPERATING_CONTROL_REQUIRED,"Native role/route/key/backend configuration, owner-approved recovery procedure and independently retained audit records — specifically: Foundation writer isolated from tenant writer",docs/current/TAD-infrastructure.md; docs/current/interface-agreements.md,"Observe both authorized use and denied cross-authority access, then exercise the declared loss/recovery case.",CT-019; CT-044,"NATIVE_NOT_RUN; related local fixtures/engine checks are narrower evidence, not satisfaction","Actual protected management transport, independent recovery, native least privilege and the selected state/key service are not supplied by network readback tools.","PROPOSED_ALLOCATION; actual applicability, named authority and evidence assignment pending",RA §24,Not selected; explicit scope rationale and authority required before any N/A disposition
STATE-001.A03,STATE-001,"No single routine tenant automation identity SHALL have authority to modify physical fabric, management foundation, security edge, and tenant workloads simultaneously.",Management writer isolated,Automation platform,Approved management/IAM/key/state service and privileged execution boundaries,EXTERNAL_SERVICE_AND_OPERATING_CONTROL_REQUIRED,"Native role/route/key/backend configuration, owner-approved recovery procedure and independently retained audit records — specifically: Management writer isolated",docs/current/TAD-infrastructure.md; docs/current/interface-agreements.md,"Observe both authorized use and denied cross-authority access, then exercise the declared loss/recovery case.",CT-019; CT-044,"NATIVE_NOT_RUN; related local fixtures/engine checks are narrower evidence, not satisfaction","Actual protected management transport, independent recovery, native least privilege and the selected state/key service are not supplied by network readback tools.","PROPOSED_ALLOCATION; actual applicability, named authority and evidence assignment pending",RA §24,Not selected; explicit scope rationale and authority required before any N/A disposition
STATE-001.A04,STATE-001,"No single routine tenant automation identity SHALL have authority to modify physical fabric, management foundation, security edge, and tenant workloads simultaneously.",Security-edge writer isolated,Automation platform,Approved management/IAM/key/state service and privileged execution boundaries,EXTERNAL_SERVICE_AND_OPERATING_CONTROL_REQUIRED,"Native role/route/key/backend configuration, owner-approved recovery procedure and independently retained audit records — specifically: Security-edge writer isolated",docs/current/TAD-infrastructure.md; docs/current/interface-agreements.md,"Observe both authorized use and denied cross-authority access, then exercise the declared loss/recovery case.",CT-019; CT-044,"NATIVE_NOT_RUN; related local fixtures/engine checks are narrower evidence, not satisfaction","Actual protected management transport, independent recovery, native least privilege and the selected state/key service are not supplied by network readback tools.","PROPOSED_ALLOCATION; actual applicability, named authority and evidence assignment pending",RA §24,Not selected; explicit scope rationale and authority required before any N/A disposition
STATE-001.A05,STATE-001,"No single routine tenant automation identity SHALL have authority to modify physical fabric, management foundation, security edge, and tenant workloads simultaneously.",Tenant/workload writer cannot span all authorities,Automation platform,Approved management/IAM/key/state service and privileged execution boundaries,EXTERNAL_SERVICE_AND_OPERATING_CONTROL_REQUIRED,"Native role/route/key/backend configuration, owner-approved recovery procedure and independently retained audit records — specifically: Tenant/workload writer cannot span all authorities",docs/current/TAD-infrastructure.md; docs/current/interface-agreements.md,"Observe both authorized use and denied cross-authority access, then exercise the declared loss/recovery case.",CT-019; CT-044,"NATIVE_NOT_RUN; related local fixtures/engine checks are narrower evidence, not satisfaction","Actual protected management transport, independent recovery, native least privilege and the selected state/key service are not supplied by network readback tools.","PROPOSED_ALLOCATION; actual applicability, named authority and evidence assignment pending",RA §24,Not selected; explicit scope rationale and authority required before any N/A disposition
STATE-002.A01,STATE-002,"Remote state backends SHALL use encryption, strong authentication, locking, recovery/versioning, access logging, and separation appropriate to the sensitivity of contained data.","Complete source obligation; all applicable clauses must be satisfied: Remote state backends SHALL use encryption, strong authentication, locking, recovery/versioning, access logging, and separation appropriate to the sensitivity of contained data.",Automation platform,Approved management/IAM/key/state service and privileged execution boundaries,EXTERNAL_SERVICE_AND_OPERATING_CONTROL_REQUIRED,"Native role/route/key/backend configuration, owner-approved recovery procedure and independently retained audit records — specifically: Complete source obligation; all applicable clauses must be satisfied: Remote state backends SHALL use encryption, strong authentication, locking, recovery/versioning, access logging, and separation appropriate to the sensitivity of contained data.",docs/current/TAD-infrastructure.md; docs/current/interface-agreements.md,"Observe both authorized use and denied cross-authority access, then exercise the declared loss/recovery case.",CT-043; CT-044; CT-055,"NATIVE_NOT_RUN; related local fixtures/engine checks are narrower evidence, not satisfaction","Actual protected management transport, independent recovery, native least privilege and the selected state/key service are not supplied by network readback tools.","PROPOSED_ALLOCATION; actual applicability, named authority and evidence assignment pending",RA §24,Not selected; explicit scope rationale and authority required before any N/A disposition
STATE-002.A02,STATE-002,"Remote state backends SHALL use encryption, strong authentication, locking, recovery/versioning, access logging, and separation appropriate to the sensitivity of contained data.",Backend encryption,Automation platform,Approved management/IAM/key/state service and privileged execution boundaries,EXTERNAL_SERVICE_AND_OPERATING_CONTROL_REQUIRED,"Native role/route/key/backend configuration, owner-approved recovery procedure and independently retained audit records — specifically: Backend encryption",docs/current/TAD-infrastructure.md; docs/current/interface-agreements.md,"Observe both authorized use and denied cross-authority access, then exercise the declared loss/recovery case.",CT-043; CT-044; CT-055,"NATIVE_NOT_RUN; related local fixtures/engine checks are narrower evidence, not satisfaction","Actual protected management transport, independent recovery, native least privilege and the selected state/key service are not supplied by network readback tools.","PROPOSED_ALLOCATION; actual applicability, named authority and evidence assignment pending",RA §24,Not selected; explicit scope rationale and authority required before any N/A disposition
STATE-002.A03,STATE-002,"Remote state backends SHALL use encryption, strong authentication, locking, recovery/versioning, access logging, and separation appropriate to the sensitivity of contained data.",Strong authentication,Automation platform,Approved management/IAM/key/state service and privileged execution boundaries,EXTERNAL_SERVICE_AND_OPERATING_CONTROL_REQUIRED,"Native role/route/key/backend configuration, owner-approved recovery procedure and independently retained audit records — specifically: Strong authentication",docs/current/TAD-infrastructure.md; docs/current/interface-agreements.md,"Observe both authorized use and denied cross-authority access, then exercise the declared loss/recovery case.",CT-043; CT-044; CT-055,"NATIVE_NOT_RUN; related local fixtures/engine checks are narrower evidence, not satisfaction","Actual protected management transport, independent recovery, native least privilege and the selected state/key service are not supplied by network readback tools.","PROPOSED_ALLOCATION; actual applicability, named authority and evidence assignment pending",RA §24,Not selected; explicit scope rationale and authority required before any N/A disposition
STATE-002.A04,STATE-002,"Remote state backends SHALL use encryption, strong authentication, locking, recovery/versioning, access logging, and separation appropriate to the sensitivity of contained data.",Exclusive locking,Automation platform,Approved management/IAM/key/state service and privileged execution boundaries,EXTERNAL_SERVICE_AND_OPERATING_CONTROL_REQUIRED,"Native role/route/key/backend configuration, owner-approved recovery procedure and independently retained audit records — specifically: Exclusive locking",docs/current/TAD-infrastructure.md; docs/current/interface-agreements.md,"Observe both authorized use and denied cross-authority access, then exercise the declared loss/recovery case.",CT-043; CT-044; CT-055,"NATIVE_NOT_RUN; related local fixtures/engine checks are narrower evidence, not satisfaction","Actual protected management transport, independent recovery, native least privilege and the selected state/key service are not supplied by network readback tools.","PROPOSED_ALLOCATION; actual applicability, named authority and evidence assignment pending",RA §24,Not selected; explicit scope rationale and authority required before any N/A disposition
STATE-002.A05,STATE-002,"Remote state backends SHALL use encryption, strong authentication, locking, recovery/versioning, access logging, and separation appropriate to the sensitivity of contained data.",Version/history recovery,Automation platform,Approved management/IAM/key/state service and privileged execution boundaries,EXTERNAL_SERVICE_AND_OPERATING_CONTROL_REQUIRED,"Native role/route/key/backend configuration, owner-approved recovery procedure and independently retained audit records — specifically: Version/history recovery",docs/current/TAD-infrastructure.md; docs/current/interface-agreements.md,"Observe both authorized use and denied cross-authority access, then exercise the declared loss/recovery case.",CT-043; CT-044; CT-055,"NATIVE_NOT_RUN; related local fixtures/engine checks are narrower evidence, not satisfaction","Actual protected management transport, independent recovery, native least privilege and the selected state/key service are not supplied by network readback tools.","PROPOSED_ALLOCATION; actual applicability, named authority and evidence assignment pending",RA §24,Not selected; explicit scope rationale and authority required before any N/A disposition
STATE-002.A06,STATE-002,"Remote state backends SHALL use encryption, strong authentication, locking, recovery/versioning, access logging, and separation appropriate to the sensitivity of contained data.",Access logging,Automation platform,Approved management/IAM/key/state service and privileged execution boundaries,EXTERNAL_SERVICE_AND_OPERATING_CONTROL_REQUIRED,"Native role/route/key/backend configuration, owner-approved recovery procedure and independently retained audit records — specifically: Access logging",docs/current/TAD-infrastructure.md; docs/current/interface-agreements.md,"Observe both authorized use and denied cross-authority access, then exercise the declared loss/recovery case.",CT-043; CT-044; CT-055,"NATIVE_NOT_RUN; related local fixtures/engine checks are narrower evidence, not satisfaction","Actual protected management transport, independent recovery, native least privilege and the selected state/key service are not supplied by network readback tools.","PROPOSED_ALLOCATION; actual applicability, named authority and evidence assignment pending",RA §24,Not selected; explicit scope rationale and authority required before any N/A disposition
STATE-002.A07,STATE-002,"Remote state backends SHALL use encryption, strong authentication, locking, recovery/versioning, access logging, and separation appropriate to the sensitivity of contained data.",Sensitivity-appropriate authority separation,Automation platform,Approved management/IAM/key/state service and privileged execution boundaries,EXTERNAL_SERVICE_AND_OPERATING_CONTROL_REQUIRED,"Native role/route/key/backend configuration, owner-approved recovery procedure and independently retained audit records — specifically: Sensitivity-appropriate authority separation",docs/current/TAD-infrastructure.md; docs/current/interface-agreements.md,"Observe both authorized use and denied cross-authority access, then exercise the declared loss/recovery case.",CT-043; CT-044; CT-055,"NATIVE_NOT_RUN; related local fixtures/engine checks are narrower evidence, not satisfaction","Actual protected management transport, independent recovery, native least privilege and the selected state/key service are not supplied by network readback tools.","PROPOSED_ALLOCATION; actual applicability, named authority and evidence assignment pending",RA §24,Not selected; explicit scope rationale and authority required before any N/A disposition
STATE-003.A01,STATE-003,"Cross-state/external-service changes SHALL use a journaled dependency workflow with scoped outputs, idempotent stage completion and data-safe compensation; state-file restoration SHALL NOT be represented as infrastructure rollback.","Complete source obligation; all applicable clauses must be satisfied: Cross-state/external-service changes SHALL use a journaled dependency workflow with scoped outputs, idempotent stage completion and data-safe compensation; state-file restoration SHALL NOT be represented as infrastructure rollback.",Automation platform,Approved management/IAM/key/state service and privileged execution boundaries,EXTERNAL_SERVICE_AND_OPERATING_CONTROL_REQUIRED,"Native role/route/key/backend configuration, owner-approved recovery procedure and independently retained audit records — specifically: Complete source obligation; all applicable clauses must be satisfied: Cross-state/external-service changes SHALL use a journaled dependency workflow with scoped outputs, idempotent stage completion and data-safe compensation; state-file restoration SHALL NOT be represented as infrastructure rollback.",docs/current/TAD-infrastructure.md; docs/current/interface-agreements.md,"Observe both authorized use and denied cross-authority access, then exercise the declared loss/recovery case.",CT-044; CT-045; CT-070,"NATIVE_NOT_RUN; related local fixtures/engine checks are narrower evidence, not satisfaction","Actual protected management transport, independent recovery, native least privilege and the selected state/key service are not supplied by network readback tools.","PROPOSED_ALLOCATION; actual applicability, named authority and evidence assignment pending",RA §24,Not selected; explicit scope rationale and authority required before any N/A disposition
STATE-003.A02,STATE-003,"Cross-state/external-service changes SHALL use a journaled dependency workflow with scoped outputs, idempotent stage completion and data-safe compensation; state-file restoration SHALL NOT be represented as infrastructure rollback.",Journaled dependency workflow,Automation platform,Approved management/IAM/key/state service and privileged execution boundaries,EXTERNAL_SERVICE_AND_OPERATING_CONTROL_REQUIRED,"Native role/route/key/backend configuration, owner-approved recovery procedure and independently retained audit records — specifically: Journaled dependency workflow",docs/current/TAD-infrastructure.md; docs/current/interface-agreements.md,"Observe both authorized use and denied cross-authority access, then exercise the declared loss/recovery case.",CT-044; CT-045; CT-070,"NATIVE_NOT_RUN; related local fixtures/engine checks are narrower evidence, not satisfaction","Actual protected management transport, independent recovery, native least privilege and the selected state/key service are not supplied by network readback tools.","PROPOSED_ALLOCATION; actual applicability, named authority and evidence assignment pending",RA §24,Not selected; explicit scope rationale and authority required before any N/A disposition
STATE-003.A03,STATE-003,"Cross-state/external-service changes SHALL use a journaled dependency workflow with scoped outputs, idempotent stage completion and data-safe compensation; state-file restoration SHALL NOT be represented as infrastructure rollback.",Minimal scoped outputs,Automation platform,Approved management/IAM/key/state service and privileged execution boundaries,EXTERNAL_SERVICE_AND_OPERATING_CONTROL_REQUIRED,"Native role/route/key/backend configuration, owner-approved recovery procedure and independently retained audit records — specifically: Minimal scoped outputs",docs/current/TAD-infrastructure.md; docs/current/interface-agreements.md,"Observe both authorized use and denied cross-authority access, then exercise the declared loss/recovery case.",CT-044; CT-045; CT-070,"NATIVE_NOT_RUN; related local fixtures/engine checks are narrower evidence, not satisfaction","Actual protected management transport, independent recovery, native least privilege and the selected state/key service are not supplied by network readback tools.","PROPOSED_ALLOCATION; actual applicability, named authority and evidence assignment pending",RA §24,Not selected; explicit scope rationale and authority required before any N/A disposition
STATE-003.A04,STATE-003,"Cross-state/external-service changes SHALL use a journaled dependency workflow with scoped outputs, idempotent stage completion and data-safe compensation; state-file restoration SHALL NOT be represented as infrastructure rollback.",Idempotent stage completion,Automation platform,Approved management/IAM/key/state service and privileged execution boundaries,EXTERNAL_SERVICE_AND_OPERATING_CONTROL_REQUIRED,"Native role/route/key/backend configuration, owner-approved recovery procedure and independently retained audit records — specifically: Idempotent stage completion",docs/current/TAD-infrastructure.md; docs/current/interface-agreements.md,"Observe both authorized use and denied cross-authority access, then exercise the declared loss/recovery case.",CT-044; CT-045; CT-070,"NATIVE_NOT_RUN; related local fixtures/engine checks are narrower evidence, not satisfaction","Actual protected management transport, independent recovery, native least privilege and the selected state/key service are not supplied by network readback tools.","PROPOSED_ALLOCATION; actual applicability, named authority and evidence assignment pending",RA §24,Not selected; explicit scope rationale and authority required before any N/A disposition
STATE-003.A05,STATE-003,"Cross-state/external-service changes SHALL use a journaled dependency workflow with scoped outputs, idempotent stage completion and data-safe compensation; state-file restoration SHALL NOT be represented as infrastructure rollback.",Data-safe compensation,Automation platform,Approved management/IAM/key/state service and privileged execution boundaries,EXTERNAL_SERVICE_AND_OPERATING_CONTROL_REQUIRED,"Native role/route/key/backend configuration, owner-approved recovery procedure and independently retained audit records — specifically: Data-safe compensation",docs/current/TAD-infrastructure.md; docs/current/interface-agreements.md,"Observe both authorized use and denied cross-authority access, then exercise the declared loss/recovery case.",CT-044; CT-045; CT-070,"NATIVE_NOT_RUN; related local fixtures/engine checks are narrower evidence, not satisfaction","Actual protected management transport, independent recovery, native least privilege and the selected state/key service are not supplied by network readback tools.","PROPOSED_ALLOCATION; actual applicability, named authority and evidence assignment pending",RA §24,Not selected; explicit scope rationale and authority required before any N/A disposition
STATE-003.A06,STATE-003,"Cross-state/external-service changes SHALL use a journaled dependency workflow with scoped outputs, idempotent stage completion and data-safe compensation; state-file restoration SHALL NOT be represented as infrastructure rollback.",State-file restoration is not infrastructure rollback,Automation platform,Approved management/IAM/key/state service and privileged execution boundaries,EXTERNAL_SERVICE_AND_OPERATING_CONTROL_REQUIRED,"Native role/route/key/backend configuration, owner-approved recovery procedure and independently retained audit records — specifically: State-file restoration is not infrastructure rollback",docs/current/TAD-infrastructure.md; docs/current/interface-agreements.md,"Observe both authorized use and denied cross-authority access, then exercise the declared loss/recovery case.",CT-044; CT-045; CT-070,"NATIVE_NOT_RUN; related local fixtures/engine checks are narrower evidence, not satisfaction","Actual protected management transport, independent recovery, native least privilege and the selected state/key service are not supplied by network readback tools.","PROPOSED_ALLOCATION; actual applicability, named authority and evidence assignment pending",RA §24,Not selected; explicit scope rationale and authority required before any N/A disposition
CICD-001.A01,CICD-001,"A change that modifies inter-zone policy, external exposure, route authority, management access, or assurance profile SHALL receive a higher change classification than an ordinary workload scale operation.","Complete source obligation; all applicable clauses must be satisfied: A change that modifies inter-zone policy, external exposure, route authority, management access, or assurance profile SHALL receive a higher change classification than an ordinary workload scale operation.",Change authority,"Scoped execution runner, authoritative source/state, native resource writer and change/evidence system",CANDIDATE_PARTIAL_TOOLING_AND_EXTERNAL_EXECUTION_GOVERNANCE,"Immutable reviewed artifact/input/state/approval records, scoped credentials and actual authoritative native writer/fencing mechanism — specifically: Complete source obligation; all applicable clauses must be satisfied: A change that modifies inter-zone policy, external exposure, route authority, management access, or assurance profile SHALL receive a higher change classification than an ordinary workload scale operation.",terraform/roots; tools/verify_terraform.py; tools/recovery_review.py; docs/INTERRUPTED_CHANGE_RECOVERY.md,Review exact source and current state; execute accepted operation/uncertainty/containment tests without treating a local status as authority.,CT-048; CT-058,"NATIVE_NOT_RUN; related local fixtures/engine checks are narrower evidence, not satisfaction","Tool helpers do not supply authentic approvals, actual fencing, whole-platform admission, signed artifact custody or authorized apply.","PROPOSED_ALLOCATION; actual applicability, named authority and evidence assignment pending",RA §24,Not selected; explicit scope rationale and authority required before any N/A disposition
CICD-002.A01,CICD-002,"An approval SHALL bind the immutable plan and all security-relevant input/policy/state/dependency digests; stale, changed or expired artifacts SHALL be rejected at apply.","Complete source obligation; all applicable clauses must be satisfied: An approval SHALL bind the immutable plan and all security-relevant input/policy/state/dependency digests; stale, changed or expired artifacts SHALL be rejected at apply.",Automation platform,"Scoped execution runner, authoritative source/state, native resource writer and change/evidence system",CANDIDATE_PARTIAL_TOOLING_AND_EXTERNAL_EXECUTION_GOVERNANCE,"Immutable reviewed artifact/input/state/approval records, scoped credentials and actual authoritative native writer/fencing mechanism — specifically: Complete source obligation; all applicable clauses must be satisfied: An approval SHALL bind the immutable plan and all security-relevant input/policy/state/dependency digests; stale, changed or expired artifacts SHALL be rejected at apply.",terraform/roots; tools/verify_terraform.py; tools/recovery_review.py; docs/INTERRUPTED_CHANGE_RECOVERY.md,Review exact source and current state; execute accepted operation/uncertainty/containment tests without treating a local status as authority.,CT-042; CT-048,"NATIVE_NOT_RUN; related local fixtures/engine checks are narrower evidence, not satisfaction","Tool helpers do not supply authentic approvals, actual fencing, whole-platform admission, signed artifact custody or authorized apply.","PROPOSED_ALLOCATION; actual applicability, named authority and evidence assignment pending",RA §24,Not selected; explicit scope rationale and authority required before any N/A disposition
CICD-002.A02,CICD-002,"An approval SHALL bind the immutable plan and all security-relevant input/policy/state/dependency digests; stale, changed or expired artifacts SHALL be rejected at apply.",Approval binds immutable plan,Automation platform,"Scoped execution runner, authoritative source/state, native resource writer and change/evidence system",CANDIDATE_PARTIAL_TOOLING_AND_EXTERNAL_EXECUTION_GOVERNANCE,"Immutable reviewed artifact/input/state/approval records, scoped credentials and actual authoritative native writer/fencing mechanism — specifically: Approval binds immutable plan",terraform/roots; tools/verify_terraform.py; tools/recovery_review.py; docs/INTERRUPTED_CHANGE_RECOVERY.md,Review exact source and current state; execute accepted operation/uncertainty/containment tests without treating a local status as authority.,CT-042; CT-048,"NATIVE_NOT_RUN; related local fixtures/engine checks are narrower evidence, not satisfaction","Tool helpers do not supply authentic approvals, actual fencing, whole-platform admission, signed artifact custody or authorized apply.","PROPOSED_ALLOCATION; actual applicability, named authority and evidence assignment pending",RA §24,Not selected; explicit scope rationale and authority required before any N/A disposition
CICD-002.A03,CICD-002,"An approval SHALL bind the immutable plan and all security-relevant input/policy/state/dependency digests; stale, changed or expired artifacts SHALL be rejected at apply.",Input/profile/policy hashes bound,Automation platform,"Scoped execution runner, authoritative source/state, native resource writer and change/evidence system",CANDIDATE_PARTIAL_TOOLING_AND_EXTERNAL_EXECUTION_GOVERNANCE,"Immutable reviewed artifact/input/state/approval records, scoped credentials and actual authoritative native writer/fencing mechanism — specifically: Input/profile/policy hashes bound",terraform/roots; tools/verify_terraform.py; tools/recovery_review.py; docs/INTERRUPTED_CHANGE_RECOVERY.md,Review exact source and current state; execute accepted operation/uncertainty/containment tests without treating a local status as authority.,CT-042; CT-048,"NATIVE_NOT_RUN; related local fixtures/engine checks are narrower evidence, not satisfaction","Tool helpers do not supply authentic approvals, actual fencing, whole-platform admission, signed artifact custody or authorized apply.","PROPOSED_ALLOCATION; actual applicability, named authority and evidence assignment pending",RA §24,Not selected; explicit scope rationale and authority required before any N/A disposition
CICD-002.A04,CICD-002,"An approval SHALL bind the immutable plan and all security-relevant input/policy/state/dependency digests; stale, changed or expired artifacts SHALL be rejected at apply.",Current state/dependency generation bound,Automation platform,"Scoped execution runner, authoritative source/state, native resource writer and change/evidence system",CANDIDATE_PARTIAL_TOOLING_AND_EXTERNAL_EXECUTION_GOVERNANCE,"Immutable reviewed artifact/input/state/approval records, scoped credentials and actual authoritative native writer/fencing mechanism — specifically: Current state/dependency generation bound",terraform/roots; tools/verify_terraform.py; tools/recovery_review.py; docs/INTERRUPTED_CHANGE_RECOVERY.md,Review exact source and current state; execute accepted operation/uncertainty/containment tests without treating a local status as authority.,CT-042; CT-048,"NATIVE_NOT_RUN; related local fixtures/engine checks are narrower evidence, not satisfaction","Tool helpers do not supply authentic approvals, actual fencing, whole-platform admission, signed artifact custody or authorized apply.","PROPOSED_ALLOCATION; actual applicability, named authority and evidence assignment pending",RA §24,Not selected; explicit scope rationale and authority required before any N/A disposition
CICD-002.A05,CICD-002,"An approval SHALL bind the immutable plan and all security-relevant input/policy/state/dependency digests; stale, changed or expired artifacts SHALL be rejected at apply.",Stale or changed approval refused,Automation platform,"Scoped execution runner, authoritative source/state, native resource writer and change/evidence system",CANDIDATE_PARTIAL_TOOLING_AND_EXTERNAL_EXECUTION_GOVERNANCE,"Immutable reviewed artifact/input/state/approval records, scoped credentials and actual authoritative native writer/fencing mechanism — specifically: Stale or changed approval refused",terraform/roots; tools/verify_terraform.py; tools/recovery_review.py; docs/INTERRUPTED_CHANGE_RECOVERY.md,Review exact source and current state; execute accepted operation/uncertainty/containment tests without treating a local status as authority.,CT-042; CT-048,"NATIVE_NOT_RUN; related local fixtures/engine checks are narrower evidence, not satisfaction","Tool helpers do not supply authentic approvals, actual fencing, whole-platform admission, signed artifact custody or authorized apply.","PROPOSED_ALLOCATION; actual applicability, named authority and evidence assignment pending",RA §24,Not selected; explicit scope rationale and authority required before any N/A disposition
CICD-002.A06,CICD-002,"An approval SHALL bind the immutable plan and all security-relevant input/policy/state/dependency digests; stale, changed or expired artifacts SHALL be rejected at apply.",Expired approval refused,Automation platform,"Scoped execution runner, authoritative source/state, native resource writer and change/evidence system",CANDIDATE_PARTIAL_TOOLING_AND_EXTERNAL_EXECUTION_GOVERNANCE,"Immutable reviewed artifact/input/state/approval records, scoped credentials and actual authoritative native writer/fencing mechanism — specifically: Expired approval refused",terraform/roots; tools/verify_terraform.py; tools/recovery_review.py; docs/INTERRUPTED_CHANGE_RECOVERY.md,Review exact source and current state; execute accepted operation/uncertainty/containment tests without treating a local status as authority.,CT-042; CT-048,"NATIVE_NOT_RUN; related local fixtures/engine checks are narrower evidence, not satisfaction","Tool helpers do not supply authentic approvals, actual fencing, whole-platform admission, signed artifact custody or authorized apply.","PROPOSED_ALLOCATION; actual applicability, named authority and evidence assignment pending",RA §24,Not selected; explicit scope rationale and authority required before any N/A disposition
SUP-001.A01,SUP-001,"Privileged software/provider/module supply chains SHALL use approved sources, integrity verification, revocation and a compromise-response procedure covering already-executed artifacts and credentials.","Complete source obligation; all applicable clauses must be satisfied: Privileged software/provider/module supply chains SHALL use approved sources, integrity verification, revocation and a compromise-response procedure covering already-executed artifacts and credentials.",Automation platform,"Actual operational service, independent telemetry, capacity/failure domains and lifecycle authorities",EXTERNAL_OPERATING_SERVICE_OR_CONTROL_REQUIRED,"Owned runbook/service configuration, measured limits, dependency inventory and actual incident/recovery/retention acceptance record — specifically: Complete source obligation; all applicable clauses must be satisfied: Privileged software/provider/module supply chains SHALL use approved sources, integrity verification, revocation and a compromise-response procedure covering already-executed artifacts and credentials.",docs/current/transition-and-as-built.md; docs/current/TAD-infrastructure.md; sources/implementation_backlog.csv,Perform each documented assertion on the actual approved service using independent observations and measured time/data outcomes; inspect exact versions and residual risks.,CT-041; CT-042; CT-057,"NATIVE_NOT_RUN; related local fixtures/engine checks are narrower evidence, not satisfaction","Reference procedures and local fixtures do not provide the selected operational infrastructure, measured recovery/HA, native supply-chain response or disposition authority.","PROPOSED_ALLOCATION; actual applicability, named authority and evidence assignment pending",RA §24,Not selected; explicit scope rationale and authority required before any N/A disposition
SEC-001.A01,SEC-001,Static privileged provider credentials SHALL NOT be embedded in Terraform source code.,Complete source obligation; all applicable clauses must be satisfied: Static privileged provider credentials SHALL NOT be embedded in Terraform source code.,Automation platform,Approved management/IAM/key/state service and privileged execution boundaries,EXTERNAL_SERVICE_AND_OPERATING_CONTROL_REQUIRED,"Native role/route/key/backend configuration, owner-approved recovery procedure and independently retained audit records — specifically: Complete source obligation; all applicable clauses must be satisfied: Static privileged provider credentials SHALL NOT be embedded in Terraform source code.",docs/current/TAD-infrastructure.md; docs/current/interface-agreements.md,"Observe both authorized use and denied cross-authority access, then exercise the declared loss/recovery case.",CT-043,"NATIVE_NOT_RUN; related local fixtures/engine checks are narrower evidence, not satisfaction","Actual protected management transport, independent recovery, native least privilege and the selected state/key service are not supplied by network readback tools.","PROPOSED_ALLOCATION; actual applicability, named authority and evidence assignment pending",RA §13; RA §24,Not selected; explicit scope rationale and authority required before any N/A disposition
SEC-002.A01,SEC-002,Automation identities SHALL use least privilege and separate duties by control domain.,Complete source obligation; all applicable clauses must be satisfied: Automation identities SHALL use least privilege and separate duties by control domain.,Automation platform,Approved management/IAM/key/state service and privileged execution boundaries,EXTERNAL_SERVICE_AND_OPERATING_CONTROL_REQUIRED,"Native role/route/key/backend configuration, owner-approved recovery procedure and independently retained audit records — specifically: Complete source obligation; all applicable clauses must be satisfied: Automation identities SHALL use least privilege and separate duties by control domain.",docs/current/TAD-infrastructure.md; docs/current/interface-agreements.md,"Observe both authorized use and denied cross-authority access, then exercise the declared loss/recovery case.",CT-019; CT-044; CT-079,"NATIVE_NOT_RUN; related local fixtures/engine checks are narrower evidence, not satisfaction","Actual protected management transport, independent recovery, native least privilege and the selected state/key service are not supplied by network readback tools.","PROPOSED_ALLOCATION; actual applicability, named authority and evidence assignment pending",RA §13; RA §24,Not selected; explicit scope rationale and authority required before any N/A disposition
SEC-003.A01,SEC-003,"Credential rotation, revocation, and break-glass recovery SHALL be tested as part of the platform operational profile.","Complete source obligation; all applicable clauses must be satisfied: Credential rotation, revocation, and break-glass recovery SHALL be tested as part of the platform operational profile.",Automation platform,Approved management/IAM/key/state service and privileged execution boundaries,EXTERNAL_SERVICE_AND_OPERATING_CONTROL_REQUIRED,"Native role/route/key/backend configuration, owner-approved recovery procedure and independently retained audit records — specifically: Complete source obligation; all applicable clauses must be satisfied: Credential rotation, revocation, and break-glass recovery SHALL be tested as part of the platform operational profile.",docs/current/TAD-infrastructure.md; docs/current/interface-agreements.md,"Observe both authorized use and denied cross-authority access, then exercise the declared loss/recovery case.",CT-027; CT-028; CT-043,"NATIVE_NOT_RUN; related local fixtures/engine checks are narrower evidence, not satisfaction","Actual protected management transport, independent recovery, native least privilege and the selected state/key service are not supplied by network readback tools.","PROPOSED_ALLOCATION; actual applicability, named authority and evidence assignment pending",RA §13; RA §24,Not selected; explicit scope rationale and authority required before any N/A disposition
SEC-003.A02,SEC-003,"Credential rotation, revocation, and break-glass recovery SHALL be tested as part of the platform operational profile.",Actual credential rotation,Automation platform,Approved management/IAM/key/state service and privileged execution boundaries,EXTERNAL_SERVICE_AND_OPERATING_CONTROL_REQUIRED,"Native role/route/key/backend configuration, owner-approved recovery procedure and independently retained audit records — specifically: Actual credential rotation",docs/current/TAD-infrastructure.md; docs/current/interface-agreements.md,"Observe both authorized use and denied cross-authority access, then exercise the declared loss/recovery case.",CT-027; CT-028; CT-043,"NATIVE_NOT_RUN; related local fixtures/engine checks are narrower evidence, not satisfaction","Actual protected management transport, independent recovery, native least privilege and the selected state/key service are not supplied by network readback tools.","PROPOSED_ALLOCATION; actual applicability, named authority and evidence assignment pending",RA §13; RA §24,Not selected; explicit scope rationale and authority required before any N/A disposition
SEC-003.A03,SEC-003,"Credential rotation, revocation, and break-glass recovery SHALL be tested as part of the platform operational profile.",Revocation,Automation platform,Approved management/IAM/key/state service and privileged execution boundaries,EXTERNAL_SERVICE_AND_OPERATING_CONTROL_REQUIRED,"Native role/route/key/backend configuration, owner-approved recovery procedure and independently retained audit records — specifically: Revocation",docs/current/TAD-infrastructure.md; docs/current/interface-agreements.md,"Observe both authorized use and denied cross-authority access, then exercise the declared loss/recovery case.",CT-027; CT-028; CT-043,"NATIVE_NOT_RUN; related local fixtures/engine checks are narrower evidence, not satisfaction","Actual protected management transport, independent recovery, native least privilege and the selected state/key service are not supplied by network readback tools.","PROPOSED_ALLOCATION; actual applicability, named authority and evidence assignment pending",RA §13; RA §24,Not selected; explicit scope rationale and authority required before any N/A disposition
SEC-003.A04,SEC-003,"Credential rotation, revocation, and break-glass recovery SHALL be tested as part of the platform operational profile.",Break-glass recovery exercise,Automation platform,Approved management/IAM/key/state service and privileged execution boundaries,EXTERNAL_SERVICE_AND_OPERATING_CONTROL_REQUIRED,"Native role/route/key/backend configuration, owner-approved recovery procedure and independently retained audit records — specifically: Break-glass recovery exercise",docs/current/TAD-infrastructure.md; docs/current/interface-agreements.md,"Observe both authorized use and denied cross-authority access, then exercise the declared loss/recovery case.",CT-027; CT-028; CT-043,"NATIVE_NOT_RUN; related local fixtures/engine checks are narrower evidence, not satisfaction","Actual protected management transport, independent recovery, native least privilege and the selected state/key service are not supplied by network readback tools.","PROPOSED_ALLOCATION; actual applicability, named authority and evidence assignment pending",RA §13; RA §24,Not selected; explicit scope rationale and authority required before any N/A disposition
SEC-004.A01,SEC-004,"Where supported and verified, sensitive values SHOULD use ephemeral/write-only mechanisms; all remaining secret-bearing plan/state/log artifacts SHALL be classified, encrypted, access-controlled and tested for unintended disclosure.","Complete source obligation; all applicable clauses must be satisfied: Where supported and verified, sensitive values SHOULD use ephemeral/write-only mechanisms; all remaining secret-bearing plan/state/log artifacts SHALL be classified, encrypted, access-controlled and tested for unintended disclosure.",Automation platform,Approved management/IAM/key/state service and privileged execution boundaries,EXTERNAL_SERVICE_AND_OPERATING_CONTROL_REQUIRED,"Native role/route/key/backend configuration, owner-approved recovery procedure and independently retained audit records — specifically: Complete source obligation; all applicable clauses must be satisfied: Where supported and verified, sensitive values SHOULD use ephemeral/write-only mechanisms; all remaining secret-bearing plan/state/log artifacts SHALL be classified, encrypted, access-controlled and tested for unintended disclosure.",docs/current/TAD-infrastructure.md; docs/current/interface-agreements.md,"Observe both authorized use and denied cross-authority access, then exercise the declared loss/recovery case.",CT-043; CT-044,"NATIVE_NOT_RUN; related local fixtures/engine checks are narrower evidence, not satisfaction","Actual protected management transport, independent recovery, native least privilege and the selected state/key service are not supplied by network readback tools.","PROPOSED_ALLOCATION; actual applicability, named authority and evidence assignment pending",RA §13; RA §24,Not selected; explicit scope rationale and authority required before any N/A disposition
SEC-004.A02,SEC-004,"Where supported and verified, sensitive values SHOULD use ephemeral/write-only mechanisms; all remaining secret-bearing plan/state/log artifacts SHALL be classified, encrypted, access-controlled and tested for unintended disclosure.","Where supported and verified, sensitive values SHOULD use ephemeral/write-only mechanisms",Automation platform,Approved management/IAM/key/state service and privileged execution boundaries,EXTERNAL_SERVICE_AND_OPERATING_CONTROL_REQUIRED,"Native role/route/key/backend configuration, owner-approved recovery procedure and independently retained audit records — specifically: Where supported and verified, sensitive values SHOULD use ephemeral/write-only mechanisms",docs/current/TAD-infrastructure.md; docs/current/interface-agreements.md,"Observe both authorized use and denied cross-authority access, then exercise the declared loss/recovery case.",CT-043; CT-044,"NATIVE_NOT_RUN; related local fixtures/engine checks are narrower evidence, not satisfaction","Actual protected management transport, independent recovery, native least privilege and the selected state/key service are not supplied by network readback tools.","PROPOSED_ALLOCATION; actual applicability, named authority and evidence assignment pending",RA §13; RA §24,Not selected; explicit scope rationale and authority required before any N/A disposition
SEC-004.A03,SEC-004,"Where supported and verified, sensitive values SHOULD use ephemeral/write-only mechanisms; all remaining secret-bearing plan/state/log artifacts SHALL be classified, encrypted, access-controlled and tested for unintended disclosure.","all remaining secret-bearing plan/state/log artifacts SHALL be classified, encrypted, access-controlled and tested for unintended disclosure.",Automation platform,Approved management/IAM/key/state service and privileged execution boundaries,EXTERNAL_SERVICE_AND_OPERATING_CONTROL_REQUIRED,"Native role/route/key/backend configuration, owner-approved recovery procedure and independently retained audit records — specifically: all remaining secret-bearing plan/state/log artifacts SHALL be classified, encrypted, access-controlled and tested for unintended disclosure.",docs/current/TAD-infrastructure.md; docs/current/interface-agreements.md,"Observe both authorized use and denied cross-authority access, then exercise the declared loss/recovery case.",CT-043; CT-044,"NATIVE_NOT_RUN; related local fixtures/engine checks are narrower evidence, not satisfaction","Actual protected management transport, independent recovery, native least privilege and the selected state/key service are not supplied by network readback tools.","PROPOSED_ALLOCATION; actual applicability, named authority and evidence assignment pending",RA §13; RA §24,Not selected; explicit scope rationale and authority required before any N/A disposition
DRIFT-001.A01,DRIFT-001,Security-significant drift SHALL generate an actionable event and update technical conformance/readiness conditions until resolved or accepted; formal authorization records SHALL remain separately attributable and immutable.,Complete source obligation; all applicable clauses must be satisfied: Security-significant drift SHALL generate an actionable event and update technical conformance/readiness conditions until resolved or accepted; formal authorization records SHALL remain separately attributable and immutable.,Operations/SRE,"Scoped execution runner, authoritative source/state, native resource writer and change/evidence system",CANDIDATE_PARTIAL_TOOLING_AND_EXTERNAL_EXECUTION_GOVERNANCE,"Immutable reviewed artifact/input/state/approval records, scoped credentials and actual authoritative native writer/fencing mechanism — specifically: Complete source obligation; all applicable clauses must be satisfied: Security-significant drift SHALL generate an actionable event and update technical conformance/readiness conditions until resolved or accepted; formal authorization records SHALL remain separately attributable and immutable.",terraform/roots; tools/verify_terraform.py; tools/recovery_review.py; docs/INTERRUPTED_CHANGE_RECOVERY.md,Review exact source and current state; execute accepted operation/uncertainty/containment tests without treating a local status as authority.,CT-014; CT-049; CT-057,"NATIVE_NOT_RUN; related local fixtures/engine checks are narrower evidence, not satisfaction","Tool helpers do not supply authentic approvals, actual fencing, whole-platform admission, signed artifact custody or authorized apply.","PROPOSED_ALLOCATION; actual applicability, named authority and evidence assignment pending",RA §25,Not selected; explicit scope rationale and authority required before any N/A disposition
DRIFT-001.A02,DRIFT-001,Security-significant drift SHALL generate an actionable event and update technical conformance/readiness conditions until resolved or accepted; formal authorization records SHALL remain separately attributable and immutable.,Security-significant drift SHALL generate an actionable event and update technical conformance/readiness conditions until resolved or accepted,Operations/SRE,"Scoped execution runner, authoritative source/state, native resource writer and change/evidence system",CANDIDATE_PARTIAL_TOOLING_AND_EXTERNAL_EXECUTION_GOVERNANCE,"Immutable reviewed artifact/input/state/approval records, scoped credentials and actual authoritative native writer/fencing mechanism — specifically: Security-significant drift SHALL generate an actionable event and update technical conformance/readiness conditions until resolved or accepted",terraform/roots; tools/verify_terraform.py; tools/recovery_review.py; docs/INTERRUPTED_CHANGE_RECOVERY.md,Review exact source and current state; execute accepted operation/uncertainty/containment tests without treating a local status as authority.,CT-014; CT-049; CT-057,"NATIVE_NOT_RUN; related local fixtures/engine checks are narrower evidence, not satisfaction","Tool helpers do not supply authentic approvals, actual fencing, whole-platform admission, signed artifact custody or authorized apply.","PROPOSED_ALLOCATION; actual applicability, named authority and evidence assignment pending",RA §25,Not selected; explicit scope rationale and authority required before any N/A disposition
DRIFT-001.A03,DRIFT-001,Security-significant drift SHALL generate an actionable event and update technical conformance/readiness conditions until resolved or accepted; formal authorization records SHALL remain separately attributable and immutable.,formal authorization records SHALL remain separately attributable and immutable.,Operations/SRE,"Scoped execution runner, authoritative source/state, native resource writer and change/evidence system",CANDIDATE_PARTIAL_TOOLING_AND_EXTERNAL_EXECUTION_GOVERNANCE,"Immutable reviewed artifact/input/state/approval records, scoped credentials and actual authoritative native writer/fencing mechanism — specifically: formal authorization records SHALL remain separately attributable and immutable.",terraform/roots; tools/verify_terraform.py; tools/recovery_review.py; docs/INTERRUPTED_CHANGE_RECOVERY.md,Review exact source and current state; execute accepted operation/uncertainty/containment tests without treating a local status as authority.,CT-014; CT-049; CT-057,"NATIVE_NOT_RUN; related local fixtures/engine checks are narrower evidence, not satisfaction","Tool helpers do not supply authentic approvals, actual fencing, whole-platform admission, signed artifact custody or authorized apply.","PROPOSED_ALLOCATION; actual applicability, named authority and evidence assignment pending",RA §25,Not selected; explicit scope rationale and authority required before any N/A disposition
DRIFT-002.A01,DRIFT-002,Emergency changes SHALL be reconciled back into the source of truth after the incident or maintenance action.,Complete source obligation; all applicable clauses must be satisfied: Emergency changes SHALL be reconciled back into the source of truth after the incident or maintenance action.,Operations/SRE,"Scoped execution runner, authoritative source/state, native resource writer and change/evidence system",CANDIDATE_PARTIAL_TOOLING_AND_EXTERNAL_EXECUTION_GOVERNANCE,"Immutable reviewed artifact/input/state/approval records, scoped credentials and actual authoritative native writer/fencing mechanism — specifically: Complete source obligation; all applicable clauses must be satisfied: Emergency changes SHALL be reconciled back into the source of truth after the incident or maintenance action.",terraform/roots; tools/verify_terraform.py; tools/recovery_review.py; docs/INTERRUPTED_CHANGE_RECOVERY.md,Review exact source and current state; execute accepted operation/uncertainty/containment tests without treating a local status as authority.,CT-014; CT-057,"NATIVE_NOT_RUN; related local fixtures/engine checks are narrower evidence, not satisfaction","Tool helpers do not supply authentic approvals, actual fencing, whole-platform admission, signed artifact custody or authorized apply.","PROPOSED_ALLOCATION; actual applicability, named authority and evidence assignment pending",RA §25,Not selected; explicit scope rationale and authority required before any N/A disposition
DRIFT-003.A01,DRIFT-003,Incident containment overrides SHALL take precedence over ordinary reconciliation until explicitly released or handled by their approved expiry policy; automated repair SHALL NOT silently undo containment.,Complete source obligation; all applicable clauses must be satisfied: Incident containment overrides SHALL take precedence over ordinary reconciliation until explicitly released or handled by their approved expiry policy; automated repair SHALL NOT silently undo containment.,Incident response,"Scoped execution runner, authoritative source/state, native resource writer and change/evidence system",CANDIDATE_PARTIAL_TOOLING_AND_EXTERNAL_EXECUTION_GOVERNANCE,"Immutable reviewed artifact/input/state/approval records, scoped credentials and actual authoritative native writer/fencing mechanism — specifically: Complete source obligation; all applicable clauses must be satisfied: Incident containment overrides SHALL take precedence over ordinary reconciliation until explicitly released or handled by their approved expiry policy; automated repair SHALL NOT silently undo containment.",terraform/roots; tools/verify_terraform.py; tools/recovery_review.py; docs/INTERRUPTED_CHANGE_RECOVERY.md,Review exact source and current state; execute accepted operation/uncertainty/containment tests without treating a local status as authority.,CT-057; CT-058; CT-066,"NATIVE_NOT_RUN; related local fixtures/engine checks are narrower evidence, not satisfaction","Tool helpers do not supply authentic approvals, actual fencing, whole-platform admission, signed artifact custody or authorized apply.","PROPOSED_ALLOCATION; actual applicability, named authority and evidence assignment pending",RA §25,Not selected; explicit scope rationale and authority required before any N/A disposition
DRIFT-003.A02,DRIFT-003,Incident containment overrides SHALL take precedence over ordinary reconciliation until explicitly released or handled by their approved expiry policy; automated repair SHALL NOT silently undo containment.,Incident containment overrides SHALL take precedence over ordinary reconciliation until explicitly released or handled by their approved expiry policy,Incident response,"Scoped execution runner, authoritative source/state, native resource writer and change/evidence system",CANDIDATE_PARTIAL_TOOLING_AND_EXTERNAL_EXECUTION_GOVERNANCE,"Immutable reviewed artifact/input/state/approval records, scoped credentials and actual authoritative native writer/fencing mechanism — specifically: Incident containment overrides SHALL take precedence over ordinary reconciliation until explicitly released or handled by their approved expiry policy",terraform/roots; tools/verify_terraform.py; tools/recovery_review.py; docs/INTERRUPTED_CHANGE_RECOVERY.md,Review exact source and current state; execute accepted operation/uncertainty/containment tests without treating a local status as authority.,CT-057; CT-058; CT-066,"NATIVE_NOT_RUN; related local fixtures/engine checks are narrower evidence, not satisfaction","Tool helpers do not supply authentic approvals, actual fencing, whole-platform admission, signed artifact custody or authorized apply.","PROPOSED_ALLOCATION; actual applicability, named authority and evidence assignment pending",RA §25,Not selected; explicit scope rationale and authority required before any N/A disposition
DRIFT-003.A03,DRIFT-003,Incident containment overrides SHALL take precedence over ordinary reconciliation until explicitly released or handled by their approved expiry policy; automated repair SHALL NOT silently undo containment.,automated repair SHALL NOT silently undo containment.,Incident response,"Scoped execution runner, authoritative source/state, native resource writer and change/evidence system",CANDIDATE_PARTIAL_TOOLING_AND_EXTERNAL_EXECUTION_GOVERNANCE,"Immutable reviewed artifact/input/state/approval records, scoped credentials and actual authoritative native writer/fencing mechanism — specifically: automated repair SHALL NOT silently undo containment.",terraform/roots; tools/verify_terraform.py; tools/recovery_review.py; docs/INTERRUPTED_CHANGE_RECOVERY.md,Review exact source and current state; execute accepted operation/uncertainty/containment tests without treating a local status as authority.,CT-057; CT-058; CT-066,"NATIVE_NOT_RUN; related local fixtures/engine checks are narrower evidence, not satisfaction","Tool helpers do not supply authentic approvals, actual fencing, whole-platform admission, signed artifact custody or authorized apply.","PROPOSED_ALLOCATION; actual applicability, named authority and evidence assignment pending",RA §25,Not selected; explicit scope rationale and authority required before any N/A disposition
ASSUR-001.A01,ASSUR-001,Assurance profile selection SHALL be based on system security requirements and risk analysis rather than tenant preference alone.,Complete source obligation; all applicable clauses must be satisfied: Assurance profile selection SHALL be based on system security requirements and risk analysis rather than tenant preference alone.,Security authority,Architecture/design review and separately governed service/adoption/qualification authority,MANUAL_GOVERNANCE_OR_EXTERNAL_AUTHORITATIVE_RECORD_REQUIRED,"Scope-specific current architecture/engineering/authority record addressing the exact assertion, with named owner and protected evidence — specifically: Complete source obligation; all applicable clauses must be satisfied: Assurance profile selection SHALL be based on system security requirements and risk analysis rather than tenant preference alone.",docs/current/RAD-adoption.md; docs/current/TAD-infrastructure.md; docs/assurance/verification-families.md,Review the actual versioned record and its individual assertions; corroborate implementation-specific obligations with the applicable native tests.,CT-035; CT-062,"NATIVE_NOT_RUN; related local fixtures/engine checks are narrower evidence, not satisfaction","No controller or document generator can issue organizational approval, assess all adopted controls or complete absent site-specific evidence.","PROPOSED_ALLOCATION; actual applicability, named authority and evidence assignment pending",RA §7; RA §11; RA §12; RA §14,Not selected; explicit scope rationale and authority required before any N/A disposition
ASSUR-002.A01,ASSUR-002,"Assurance profiles SHALL define explicit isolation for compute, storage, routing, edge, management, backup and keys, with measurable verification and exception rules; “dedicated” SHALL identify its actual resource scope.","Complete source obligation; all applicable clauses must be satisfied: Assurance profiles SHALL define explicit isolation for compute, storage, routing, edge, management, backup and keys, with measurable verification and exception rules; “dedicated” SHALL identify its actual resource scope.",Security authority,Architecture/design review and separately governed service/adoption/qualification authority,MANUAL_GOVERNANCE_OR_EXTERNAL_AUTHORITATIVE_RECORD_REQUIRED,"Scope-specific current architecture/engineering/authority record addressing the exact assertion, with named owner and protected evidence — specifically: Complete source obligation; all applicable clauses must be satisfied: Assurance profiles SHALL define explicit isolation for compute, storage, routing, edge, management, backup and keys, with measurable verification and exception rules; “dedicated” SHALL identify its actual resource scope.",docs/current/RAD-adoption.md; docs/current/TAD-infrastructure.md; docs/assurance/verification-families.md,Review the actual versioned record and its individual assertions; corroborate implementation-specific obligations with the applicable native tests.,CT-018; CT-035; CT-037; CT-062,"NATIVE_NOT_RUN; related local fixtures/engine checks are narrower evidence, not satisfaction","No controller or document generator can issue organizational approval, assess all adopted controls or complete absent site-specific evidence.","PROPOSED_ALLOCATION; actual applicability, named authority and evidence assignment pending",RA §7; RA §11; RA §12; RA §14,Not selected; explicit scope rationale and authority required before any N/A disposition
ASSUR-002.A02,ASSUR-002,"Assurance profiles SHALL define explicit isolation for compute, storage, routing, edge, management, backup and keys, with measurable verification and exception rules; “dedicated” SHALL identify its actual resource scope.",Compute isolation scope,Security authority,Architecture/design review and separately governed service/adoption/qualification authority,MANUAL_GOVERNANCE_OR_EXTERNAL_AUTHORITATIVE_RECORD_REQUIRED,"Scope-specific current architecture/engineering/authority record addressing the exact assertion, with named owner and protected evidence — specifically: Compute isolation scope",docs/current/RAD-adoption.md; docs/current/TAD-infrastructure.md; docs/assurance/verification-families.md,Review the actual versioned record and its individual assertions; corroborate implementation-specific obligations with the applicable native tests.,CT-018; CT-035; CT-037; CT-062,"NATIVE_NOT_RUN; related local fixtures/engine checks are narrower evidence, not satisfaction","No controller or document generator can issue organizational approval, assess all adopted controls or complete absent site-specific evidence.","PROPOSED_ALLOCATION; actual applicability, named authority and evidence assignment pending",RA §7; RA §11; RA §12; RA §14,Not selected; explicit scope rationale and authority required before any N/A disposition
ASSUR-002.A03,ASSUR-002,"Assurance profiles SHALL define explicit isolation for compute, storage, routing, edge, management, backup and keys, with measurable verification and exception rules; “dedicated” SHALL identify its actual resource scope.",Storage isolation scope,Security authority,Architecture/design review and separately governed service/adoption/qualification authority,MANUAL_GOVERNANCE_OR_EXTERNAL_AUTHORITATIVE_RECORD_REQUIRED,"Scope-specific current architecture/engineering/authority record addressing the exact assertion, with named owner and protected evidence — specifically: Storage isolation scope",docs/current/RAD-adoption.md; docs/current/TAD-infrastructure.md; docs/assurance/verification-families.md,Review the actual versioned record and its individual assertions; corroborate implementation-specific obligations with the applicable native tests.,CT-018; CT-035; CT-037; CT-062,"NATIVE_NOT_RUN; related local fixtures/engine checks are narrower evidence, not satisfaction","No controller or document generator can issue organizational approval, assess all adopted controls or complete absent site-specific evidence.","PROPOSED_ALLOCATION; actual applicability, named authority and evidence assignment pending",RA §7; RA §11; RA §12; RA §14,Not selected; explicit scope rationale and authority required before any N/A disposition
ASSUR-002.A04,ASSUR-002,"Assurance profiles SHALL define explicit isolation for compute, storage, routing, edge, management, backup and keys, with measurable verification and exception rules; “dedicated” SHALL identify its actual resource scope.",Routing isolation scope,Security authority,Architecture/design review and separately governed service/adoption/qualification authority,MANUAL_GOVERNANCE_OR_EXTERNAL_AUTHORITATIVE_RECORD_REQUIRED,"Scope-specific current architecture/engineering/authority record addressing the exact assertion, with named owner and protected evidence — specifically: Routing isolation scope",docs/current/RAD-adoption.md; docs/current/TAD-infrastructure.md; docs/assurance/verification-families.md,Review the actual versioned record and its individual assertions; corroborate implementation-specific obligations with the applicable native tests.,CT-018; CT-035; CT-037; CT-062,"NATIVE_NOT_RUN; related local fixtures/engine checks are narrower evidence, not satisfaction","No controller or document generator can issue organizational approval, assess all adopted controls or complete absent site-specific evidence.","PROPOSED_ALLOCATION; actual applicability, named authority and evidence assignment pending",RA §7; RA §11; RA §12; RA §14,Not selected; explicit scope rationale and authority required before any N/A disposition
ASSUR-002.A05,ASSUR-002,"Assurance profiles SHALL define explicit isolation for compute, storage, routing, edge, management, backup and keys, with measurable verification and exception rules; “dedicated” SHALL identify its actual resource scope.",Edge sharing/isolation scope,Security authority,Architecture/design review and separately governed service/adoption/qualification authority,MANUAL_GOVERNANCE_OR_EXTERNAL_AUTHORITATIVE_RECORD_REQUIRED,"Scope-specific current architecture/engineering/authority record addressing the exact assertion, with named owner and protected evidence — specifically: Edge sharing/isolation scope",docs/current/RAD-adoption.md; docs/current/TAD-infrastructure.md; docs/assurance/verification-families.md,Review the actual versioned record and its individual assertions; corroborate implementation-specific obligations with the applicable native tests.,CT-018; CT-035; CT-037; CT-062,"NATIVE_NOT_RUN; related local fixtures/engine checks are narrower evidence, not satisfaction","No controller or document generator can issue organizational approval, assess all adopted controls or complete absent site-specific evidence.","PROPOSED_ALLOCATION; actual applicability, named authority and evidence assignment pending",RA §7; RA §11; RA §12; RA §14,Not selected; explicit scope rationale and authority required before any N/A disposition
ASSUR-002.A06,ASSUR-002,"Assurance profiles SHALL define explicit isolation for compute, storage, routing, edge, management, backup and keys, with measurable verification and exception rules; “dedicated” SHALL identify its actual resource scope.",Management isolation scope,Security authority,Architecture/design review and separately governed service/adoption/qualification authority,MANUAL_GOVERNANCE_OR_EXTERNAL_AUTHORITATIVE_RECORD_REQUIRED,"Scope-specific current architecture/engineering/authority record addressing the exact assertion, with named owner and protected evidence — specifically: Management isolation scope",docs/current/RAD-adoption.md; docs/current/TAD-infrastructure.md; docs/assurance/verification-families.md,Review the actual versioned record and its individual assertions; corroborate implementation-specific obligations with the applicable native tests.,CT-018; CT-035; CT-037; CT-062,"NATIVE_NOT_RUN; related local fixtures/engine checks are narrower evidence, not satisfaction","No controller or document generator can issue organizational approval, assess all adopted controls or complete absent site-specific evidence.","PROPOSED_ALLOCATION; actual applicability, named authority and evidence assignment pending",RA §7; RA §11; RA §12; RA §14,Not selected; explicit scope rationale and authority required before any N/A disposition
ASSUR-002.A07,ASSUR-002,"Assurance profiles SHALL define explicit isolation for compute, storage, routing, edge, management, backup and keys, with measurable verification and exception rules; “dedicated” SHALL identify its actual resource scope.",Backup authority scope,Security authority,Architecture/design review and separately governed service/adoption/qualification authority,MANUAL_GOVERNANCE_OR_EXTERNAL_AUTHORITATIVE_RECORD_REQUIRED,"Scope-specific current architecture/engineering/authority record addressing the exact assertion, with named owner and protected evidence — specifically: Backup authority scope",docs/current/RAD-adoption.md; docs/current/TAD-infrastructure.md; docs/assurance/verification-families.md,Review the actual versioned record and its individual assertions; corroborate implementation-specific obligations with the applicable native tests.,CT-018; CT-035; CT-037; CT-062,"NATIVE_NOT_RUN; related local fixtures/engine checks are narrower evidence, not satisfaction","No controller or document generator can issue organizational approval, assess all adopted controls or complete absent site-specific evidence.","PROPOSED_ALLOCATION; actual applicability, named authority and evidence assignment pending",RA §7; RA §11; RA §12; RA §14,Not selected; explicit scope rationale and authority required before any N/A disposition
ASSUR-002.A08,ASSUR-002,"Assurance profiles SHALL define explicit isolation for compute, storage, routing, edge, management, backup and keys, with measurable verification and exception rules; “dedicated” SHALL identify its actual resource scope.",Key custody scope,Security authority,Architecture/design review and separately governed service/adoption/qualification authority,MANUAL_GOVERNANCE_OR_EXTERNAL_AUTHORITATIVE_RECORD_REQUIRED,"Scope-specific current architecture/engineering/authority record addressing the exact assertion, with named owner and protected evidence — specifically: Key custody scope",docs/current/RAD-adoption.md; docs/current/TAD-infrastructure.md; docs/assurance/verification-families.md,Review the actual versioned record and its individual assertions; corroborate implementation-specific obligations with the applicable native tests.,CT-018; CT-035; CT-037; CT-062,"NATIVE_NOT_RUN; related local fixtures/engine checks are narrower evidence, not satisfaction","No controller or document generator can issue organizational approval, assess all adopted controls or complete absent site-specific evidence.","PROPOSED_ALLOCATION; actual applicability, named authority and evidence assignment pending",RA §7; RA §11; RA §12; RA §14,Not selected; explicit scope rationale and authority required before any N/A disposition
ASSUR-002.A09,ASSUR-002,"Assurance profiles SHALL define explicit isolation for compute, storage, routing, edge, management, backup and keys, with measurable verification and exception rules; “dedicated” SHALL identify its actual resource scope.",Measurable test and exception rules,Security authority,Architecture/design review and separately governed service/adoption/qualification authority,MANUAL_GOVERNANCE_OR_EXTERNAL_AUTHORITATIVE_RECORD_REQUIRED,"Scope-specific current architecture/engineering/authority record addressing the exact assertion, with named owner and protected evidence — specifically: Measurable test and exception rules",docs/current/RAD-adoption.md; docs/current/TAD-infrastructure.md; docs/assurance/verification-families.md,Review the actual versioned record and its individual assertions; corroborate implementation-specific obligations with the applicable native tests.,CT-018; CT-035; CT-037; CT-062,"NATIVE_NOT_RUN; related local fixtures/engine checks are narrower evidence, not satisfaction","No controller or document generator can issue organizational approval, assess all adopted controls or complete absent site-specific evidence.","PROPOSED_ALLOCATION; actual applicability, named authority and evidence assignment pending",RA §7; RA §11; RA §12; RA §14,Not selected; explicit scope rationale and authority required before any N/A disposition
ASSUR-003.A01,ASSUR-003,"A production profile SHALL have approved parameter values, owners, applicable test sets and evidence freshness limits; incomplete or expired profiles SHALL be ineligible for new production placement.","Complete source obligation; all applicable clauses must be satisfied: A production profile SHALL have approved parameter values, owners, applicable test sets and evidence freshness limits; incomplete or expired profiles SHALL be ineligible for new production placement.",Security authority,Architecture/design review and separately governed service/adoption/qualification authority,MANUAL_GOVERNANCE_OR_EXTERNAL_AUTHORITATIVE_RECORD_REQUIRED,"Scope-specific current architecture/engineering/authority record addressing the exact assertion, with named owner and protected evidence — specifically: Complete source obligation; all applicable clauses must be satisfied: A production profile SHALL have approved parameter values, owners, applicable test sets and evidence freshness limits; incomplete or expired profiles SHALL be ineligible for new production placement.",docs/current/RAD-adoption.md; docs/current/TAD-infrastructure.md; docs/assurance/verification-families.md,Review the actual versioned record and its individual assertions; corroborate implementation-specific obligations with the applicable native tests.,CT-018; CT-058; CT-069,"NATIVE_NOT_RUN; related local fixtures/engine checks are narrower evidence, not satisfaction","No controller or document generator can issue organizational approval, assess all adopted controls or complete absent site-specific evidence.","PROPOSED_ALLOCATION; actual applicability, named authority and evidence assignment pending",RA §7; RA §11; RA §12; RA §14,Not selected; explicit scope rationale and authority required before any N/A disposition
ASSUR-003.A02,ASSUR-003,"A production profile SHALL have approved parameter values, owners, applicable test sets and evidence freshness limits; incomplete or expired profiles SHALL be ineligible for new production placement.","A production profile SHALL have approved parameter values, owners, applicable test sets and evidence freshness limits",Security authority,Architecture/design review and separately governed service/adoption/qualification authority,MANUAL_GOVERNANCE_OR_EXTERNAL_AUTHORITATIVE_RECORD_REQUIRED,"Scope-specific current architecture/engineering/authority record addressing the exact assertion, with named owner and protected evidence — specifically: A production profile SHALL have approved parameter values, owners, applicable test sets and evidence freshness limits",docs/current/RAD-adoption.md; docs/current/TAD-infrastructure.md; docs/assurance/verification-families.md,Review the actual versioned record and its individual assertions; corroborate implementation-specific obligations with the applicable native tests.,CT-018; CT-058; CT-069,"NATIVE_NOT_RUN; related local fixtures/engine checks are narrower evidence, not satisfaction","No controller or document generator can issue organizational approval, assess all adopted controls or complete absent site-specific evidence.","PROPOSED_ALLOCATION; actual applicability, named authority and evidence assignment pending",RA §7; RA §11; RA §12; RA §14,Not selected; explicit scope rationale and authority required before any N/A disposition
ASSUR-003.A03,ASSUR-003,"A production profile SHALL have approved parameter values, owners, applicable test sets and evidence freshness limits; incomplete or expired profiles SHALL be ineligible for new production placement.",incomplete or expired profiles SHALL be ineligible for new production placement.,Security authority,Architecture/design review and separately governed service/adoption/qualification authority,MANUAL_GOVERNANCE_OR_EXTERNAL_AUTHORITATIVE_RECORD_REQUIRED,"Scope-specific current architecture/engineering/authority record addressing the exact assertion, with named owner and protected evidence — specifically: incomplete or expired profiles SHALL be ineligible for new production placement.",docs/current/RAD-adoption.md; docs/current/TAD-infrastructure.md; docs/assurance/verification-families.md,Review the actual versioned record and its individual assertions; corroborate implementation-specific obligations with the applicable native tests.,CT-018; CT-058; CT-069,"NATIVE_NOT_RUN; related local fixtures/engine checks are narrower evidence, not satisfaction","No controller or document generator can issue organizational approval, assess all adopted controls or complete absent site-specific evidence.","PROPOSED_ALLOCATION; actual applicability, named authority and evidence assignment pending",RA §7; RA §11; RA §12; RA §14,Not selected; explicit scope rationale and authority required before any N/A disposition
TEST-001.A01,TEST-001,Negative tests SHALL be first-class acceptance criteria; proving that an allowed flow works is insufficient.,Complete source obligation; all applicable clauses must be satisfied: Negative tests SHALL be first-class acceptance criteria; proving that an allowed flow works is insufficient.,Assurance engineering,Architecture/design review and separately governed service/adoption/qualification authority,MANUAL_GOVERNANCE_OR_EXTERNAL_AUTHORITATIVE_RECORD_REQUIRED,"Scope-specific current architecture/engineering/authority record addressing the exact assertion, with named owner and protected evidence — specifically: Complete source obligation; all applicable clauses must be satisfied: Negative tests SHALL be first-class acceptance criteria; proving that an allowed flow works is insufficient.",docs/current/RAD-adoption.md; docs/current/TAD-infrastructure.md; docs/assurance/verification-families.md,Review the actual versioned record and its individual assertions; corroborate implementation-specific obligations with the applicable native tests.,CT-001; CT-002; CT-003; CT-007,"NATIVE_NOT_RUN; related local fixtures/engine checks are narrower evidence, not satisfaction","No controller or document generator can issue organizational approval, assess all adopted controls or complete absent site-specific evidence.","PROPOSED_ALLOCATION; actual applicability, named authority and evidence assignment pending",RA §28,Not selected; explicit scope rationale and authority required before any N/A disposition
TEST-001.A02,TEST-001,Negative tests SHALL be first-class acceptance criteria; proving that an allowed flow works is insufficient.,Negative tests SHALL be first-class acceptance criteria,Assurance engineering,Architecture/design review and separately governed service/adoption/qualification authority,MANUAL_GOVERNANCE_OR_EXTERNAL_AUTHORITATIVE_RECORD_REQUIRED,"Scope-specific current architecture/engineering/authority record addressing the exact assertion, with named owner and protected evidence — specifically: Negative tests SHALL be first-class acceptance criteria",docs/current/RAD-adoption.md; docs/current/TAD-infrastructure.md; docs/assurance/verification-families.md,Review the actual versioned record and its individual assertions; corroborate implementation-specific obligations with the applicable native tests.,CT-001; CT-002; CT-003; CT-007,"NATIVE_NOT_RUN; related local fixtures/engine checks are narrower evidence, not satisfaction","No controller or document generator can issue organizational approval, assess all adopted controls or complete absent site-specific evidence.","PROPOSED_ALLOCATION; actual applicability, named authority and evidence assignment pending",RA §28,Not selected; explicit scope rationale and authority required before any N/A disposition
TEST-001.A03,TEST-001,Negative tests SHALL be first-class acceptance criteria; proving that an allowed flow works is insufficient.,proving that an allowed flow works is insufficient.,Assurance engineering,Architecture/design review and separately governed service/adoption/qualification authority,MANUAL_GOVERNANCE_OR_EXTERNAL_AUTHORITATIVE_RECORD_REQUIRED,"Scope-specific current architecture/engineering/authority record addressing the exact assertion, with named owner and protected evidence — specifically: proving that an allowed flow works is insufficient.",docs/current/RAD-adoption.md; docs/current/TAD-infrastructure.md; docs/assurance/verification-families.md,Review the actual versioned record and its individual assertions; corroborate implementation-specific obligations with the applicable native tests.,CT-001; CT-002; CT-003; CT-007,"NATIVE_NOT_RUN; related local fixtures/engine checks are narrower evidence, not satisfaction","No controller or document generator can issue organizational approval, assess all adopted controls or complete absent site-specific evidence.","PROPOSED_ALLOCATION; actual applicability, named authority and evidence assignment pending",RA §28,Not selected; explicit scope rationale and authority required before any N/A disposition
TEST-002.A01,TEST-002,A platform upgrade SHALL trigger an appropriate regression/conformance test set before broad production rollout.,Complete source obligation; all applicable clauses must be satisfied: A platform upgrade SHALL trigger an appropriate regression/conformance test set before broad production rollout.,Assurance engineering,Architecture/design review and separately governed service/adoption/qualification authority,MANUAL_GOVERNANCE_OR_EXTERNAL_AUTHORITATIVE_RECORD_REQUIRED,"Scope-specific current architecture/engineering/authority record addressing the exact assertion, with named owner and protected evidence — specifically: Complete source obligation; all applicable clauses must be satisfied: A platform upgrade SHALL trigger an appropriate regression/conformance test set before broad production rollout.",docs/current/RAD-adoption.md; docs/current/TAD-infrastructure.md; docs/assurance/verification-families.md,Review the actual versioned record and its individual assertions; corroborate implementation-specific obligations with the applicable native tests.,CT-015; CT-018,"NATIVE_NOT_RUN; related local fixtures/engine checks are narrower evidence, not satisfaction","No controller or document generator can issue organizational approval, assess all adopted controls or complete absent site-specific evidence.","PROPOSED_ALLOCATION; actual applicability, named authority and evidence assignment pending",RA §28,Not selected; explicit scope rationale and authority required before any N/A disposition
TEST-003.A01,TEST-003,"Every test execution SHALL record target versions, preconditions, healthy control paths, observation, expected outcome and attributable evidence; blocked, not-run or unjustified not-applicable results SHALL NOT satisfy mandatory gates.","Complete source obligation; all applicable clauses must be satisfied: Every test execution SHALL record target versions, preconditions, healthy control paths, observation, expected outcome and attributable evidence; blocked, not-run or unjustified not-applicable results SHALL NOT satisfy mandatory gates.",Assurance engineering,Architecture/design review and separately governed service/adoption/qualification authority,MANUAL_GOVERNANCE_OR_EXTERNAL_AUTHORITATIVE_RECORD_REQUIRED,"Scope-specific current architecture/engineering/authority record addressing the exact assertion, with named owner and protected evidence — specifically: Complete source obligation; all applicable clauses must be satisfied: Every test execution SHALL record target versions, preconditions, healthy control paths, observation, expected outcome and attributable evidence; blocked, not-run or unjustified not-applicable results SHALL NOT satisfy mandatory gates.",docs/current/RAD-adoption.md; docs/current/TAD-infrastructure.md; docs/assurance/verification-families.md,Review the actual versioned record and its individual assertions; corroborate implementation-specific obligations with the applicable native tests.,CT-049; CT-069; CT-075,"NATIVE_NOT_RUN; related local fixtures/engine checks are narrower evidence, not satisfaction","No controller or document generator can issue organizational approval, assess all adopted controls or complete absent site-specific evidence.","PROPOSED_ALLOCATION; actual applicability, named authority and evidence assignment pending",RA §28,Not selected; explicit scope rationale and authority required before any N/A disposition
TEST-003.A02,TEST-003,"Every test execution SHALL record target versions, preconditions, healthy control paths, observation, expected outcome and attributable evidence; blocked, not-run or unjustified not-applicable results SHALL NOT satisfy mandatory gates.","Every test execution SHALL record target versions, preconditions, healthy control paths, observation, expected outcome and attributable evidence",Assurance engineering,Architecture/design review and separately governed service/adoption/qualification authority,MANUAL_GOVERNANCE_OR_EXTERNAL_AUTHORITATIVE_RECORD_REQUIRED,"Scope-specific current architecture/engineering/authority record addressing the exact assertion, with named owner and protected evidence — specifically: Every test execution SHALL record target versions, preconditions, healthy control paths, observation, expected outcome and attributable evidence",docs/current/RAD-adoption.md; docs/current/TAD-infrastructure.md; docs/assurance/verification-families.md,Review the actual versioned record and its individual assertions; corroborate implementation-specific obligations with the applicable native tests.,CT-049; CT-069; CT-075,"NATIVE_NOT_RUN; related local fixtures/engine checks are narrower evidence, not satisfaction","No controller or document generator can issue organizational approval, assess all adopted controls or complete absent site-specific evidence.","PROPOSED_ALLOCATION; actual applicability, named authority and evidence assignment pending",RA §28,Not selected; explicit scope rationale and authority required before any N/A disposition
TEST-003.A03,TEST-003,"Every test execution SHALL record target versions, preconditions, healthy control paths, observation, expected outcome and attributable evidence; blocked, not-run or unjustified not-applicable results SHALL NOT satisfy mandatory gates.","blocked, not-run or unjustified not-applicable results SHALL NOT satisfy mandatory gates.",Assurance engineering,Architecture/design review and separately governed service/adoption/qualification authority,MANUAL_GOVERNANCE_OR_EXTERNAL_AUTHORITATIVE_RECORD_REQUIRED,"Scope-specific current architecture/engineering/authority record addressing the exact assertion, with named owner and protected evidence — specifically: blocked, not-run or unjustified not-applicable results SHALL NOT satisfy mandatory gates.",docs/current/RAD-adoption.md; docs/current/TAD-infrastructure.md; docs/assurance/verification-families.md,Review the actual versioned record and its individual assertions; corroborate implementation-specific obligations with the applicable native tests.,CT-049; CT-069; CT-075,"NATIVE_NOT_RUN; related local fixtures/engine checks are narrower evidence, not satisfaction","No controller or document generator can issue organizational approval, assess all adopted controls or complete absent site-specific evidence.","PROPOSED_ALLOCATION; actual applicability, named authority and evidence assignment pending",RA §28,Not selected; explicit scope rationale and authority required before any N/A disposition
TEST-004.A01,TEST-004,"Fault-injection and intrusive negative tests SHALL run only within an approved scope, safety envelope and recovery procedure; production testing SHALL protect unrelated tenants.","Complete source obligation; all applicable clauses must be satisfied: Fault-injection and intrusive negative tests SHALL run only within an approved scope, safety envelope and recovery procedure; production testing SHALL protect unrelated tenants.",Assurance engineering,Architecture/design review and separately governed service/adoption/qualification authority,MANUAL_GOVERNANCE_OR_EXTERNAL_AUTHORITATIVE_RECORD_REQUIRED,"Scope-specific current architecture/engineering/authority record addressing the exact assertion, with named owner and protected evidence — specifically: Complete source obligation; all applicable clauses must be satisfied: Fault-injection and intrusive negative tests SHALL run only within an approved scope, safety envelope and recovery procedure; production testing SHALL protect unrelated tenants.",docs/current/RAD-adoption.md; docs/current/TAD-infrastructure.md; docs/assurance/verification-families.md,Review the actual versioned record and its individual assertions; corroborate implementation-specific obligations with the applicable native tests.,CT-011; CT-012; CT-034; CT-054,"NATIVE_NOT_RUN; related local fixtures/engine checks are narrower evidence, not satisfaction","No controller or document generator can issue organizational approval, assess all adopted controls or complete absent site-specific evidence.","PROPOSED_ALLOCATION; actual applicability, named authority and evidence assignment pending",RA §28,Not selected; explicit scope rationale and authority required before any N/A disposition
TEST-004.A02,TEST-004,"Fault-injection and intrusive negative tests SHALL run only within an approved scope, safety envelope and recovery procedure; production testing SHALL protect unrelated tenants.","Fault-injection and intrusive negative tests SHALL run only within an approved scope, safety envelope and recovery procedure",Assurance engineering,Architecture/design review and separately governed service/adoption/qualification authority,MANUAL_GOVERNANCE_OR_EXTERNAL_AUTHORITATIVE_RECORD_REQUIRED,"Scope-specific current architecture/engineering/authority record addressing the exact assertion, with named owner and protected evidence — specifically: Fault-injection and intrusive negative tests SHALL run only within an approved scope, safety envelope and recovery procedure",docs/current/RAD-adoption.md; docs/current/TAD-infrastructure.md; docs/assurance/verification-families.md,Review the actual versioned record and its individual assertions; corroborate implementation-specific obligations with the applicable native tests.,CT-011; CT-012; CT-034; CT-054,"NATIVE_NOT_RUN; related local fixtures/engine checks are narrower evidence, not satisfaction","No controller or document generator can issue organizational approval, assess all adopted controls or complete absent site-specific evidence.","PROPOSED_ALLOCATION; actual applicability, named authority and evidence assignment pending",RA §28,Not selected; explicit scope rationale and authority required before any N/A disposition
TEST-004.A03,TEST-004,"Fault-injection and intrusive negative tests SHALL run only within an approved scope, safety envelope and recovery procedure; production testing SHALL protect unrelated tenants.",production testing SHALL protect unrelated tenants.,Assurance engineering,Architecture/design review and separately governed service/adoption/qualification authority,MANUAL_GOVERNANCE_OR_EXTERNAL_AUTHORITATIVE_RECORD_REQUIRED,"Scope-specific current architecture/engineering/authority record addressing the exact assertion, with named owner and protected evidence — specifically: production testing SHALL protect unrelated tenants.",docs/current/RAD-adoption.md; docs/current/TAD-infrastructure.md; docs/assurance/verification-families.md,Review the actual versioned record and its individual assertions; corroborate implementation-specific obligations with the applicable native tests.,CT-011; CT-012; CT-034; CT-054,"NATIVE_NOT_RUN; related local fixtures/engine checks are narrower evidence, not satisfaction","No controller or document generator can issue organizational approval, assess all adopted controls or complete absent site-specific evidence.","PROPOSED_ALLOCATION; actual applicability, named authority and evidence assignment pending",RA §28,Not selected; explicit scope rationale and authority required before any N/A disposition
EVID-001.A01,EVID-001,"The evidence record SHALL identify the source revision, policy version, provider/module versions, realized security relationships, test results, and active exceptions.","Complete source obligation; all applicable clauses must be satisfied: The evidence record SHALL identify the source revision, policy version, provider/module versions, realized security relationships, test results, and active exceptions.",Assurance engineering,Architecture/design review and separately governed service/adoption/qualification authority,MANUAL_GOVERNANCE_OR_EXTERNAL_AUTHORITATIVE_RECORD_REQUIRED,"Scope-specific current architecture/engineering/authority record addressing the exact assertion, with named owner and protected evidence — specifically: Complete source obligation; all applicable clauses must be satisfied: The evidence record SHALL identify the source revision, policy version, provider/module versions, realized security relationships, test results, and active exceptions.",docs/current/RAD-adoption.md; docs/current/TAD-infrastructure.md; docs/assurance/verification-families.md,Review the actual versioned record and its individual assertions; corroborate implementation-specific obligations with the applicable native tests.,CT-049; CT-069; CT-075,"NATIVE_NOT_RUN; related local fixtures/engine checks are narrower evidence, not satisfaction","No controller or document generator can issue organizational approval, assess all adopted controls or complete absent site-specific evidence.","PROPOSED_ALLOCATION; actual applicability, named authority and evidence assignment pending",RA §26; RA §28,Not selected; explicit scope rationale and authority required before any N/A disposition
EVID-001.A02,EVID-001,"The evidence record SHALL identify the source revision, policy version, provider/module versions, realized security relationships, test results, and active exceptions.",Source revision,Assurance engineering,Architecture/design review and separately governed service/adoption/qualification authority,MANUAL_GOVERNANCE_OR_EXTERNAL_AUTHORITATIVE_RECORD_REQUIRED,"Scope-specific current architecture/engineering/authority record addressing the exact assertion, with named owner and protected evidence — specifically: Source revision",docs/current/RAD-adoption.md; docs/current/TAD-infrastructure.md; docs/assurance/verification-families.md,Review the actual versioned record and its individual assertions; corroborate implementation-specific obligations with the applicable native tests.,CT-049; CT-069; CT-075,"NATIVE_NOT_RUN; related local fixtures/engine checks are narrower evidence, not satisfaction","No controller or document generator can issue organizational approval, assess all adopted controls or complete absent site-specific evidence.","PROPOSED_ALLOCATION; actual applicability, named authority and evidence assignment pending",RA §26; RA §28,Not selected; explicit scope rationale and authority required before any N/A disposition
EVID-001.A03,EVID-001,"The evidence record SHALL identify the source revision, policy version, provider/module versions, realized security relationships, test results, and active exceptions.",Policy version,Assurance engineering,Architecture/design review and separately governed service/adoption/qualification authority,MANUAL_GOVERNANCE_OR_EXTERNAL_AUTHORITATIVE_RECORD_REQUIRED,"Scope-specific current architecture/engineering/authority record addressing the exact assertion, with named owner and protected evidence — specifically: Policy version",docs/current/RAD-adoption.md; docs/current/TAD-infrastructure.md; docs/assurance/verification-families.md,Review the actual versioned record and its individual assertions; corroborate implementation-specific obligations with the applicable native tests.,CT-049; CT-069; CT-075,"NATIVE_NOT_RUN; related local fixtures/engine checks are narrower evidence, not satisfaction","No controller or document generator can issue organizational approval, assess all adopted controls or complete absent site-specific evidence.","PROPOSED_ALLOCATION; actual applicability, named authority and evidence assignment pending",RA §26; RA §28,Not selected; explicit scope rationale and authority required before any N/A disposition
EVID-001.A04,EVID-001,"The evidence record SHALL identify the source revision, policy version, provider/module versions, realized security relationships, test results, and active exceptions.",Provider and module version,Assurance engineering,Architecture/design review and separately governed service/adoption/qualification authority,MANUAL_GOVERNANCE_OR_EXTERNAL_AUTHORITATIVE_RECORD_REQUIRED,"Scope-specific current architecture/engineering/authority record addressing the exact assertion, with named owner and protected evidence — specifically: Provider and module version",docs/current/RAD-adoption.md; docs/current/TAD-infrastructure.md; docs/assurance/verification-families.md,Review the actual versioned record and its individual assertions; corroborate implementation-specific obligations with the applicable native tests.,CT-049; CT-069; CT-075,"NATIVE_NOT_RUN; related local fixtures/engine checks are narrower evidence, not satisfaction","No controller or document generator can issue organizational approval, assess all adopted controls or complete absent site-specific evidence.","PROPOSED_ALLOCATION; actual applicability, named authority and evidence assignment pending",RA §26; RA §28,Not selected; explicit scope rationale and authority required before any N/A disposition
EVID-001.A05,EVID-001,"The evidence record SHALL identify the source revision, policy version, provider/module versions, realized security relationships, test results, and active exceptions.",Actual security relationships,Assurance engineering,Architecture/design review and separately governed service/adoption/qualification authority,MANUAL_GOVERNANCE_OR_EXTERNAL_AUTHORITATIVE_RECORD_REQUIRED,"Scope-specific current architecture/engineering/authority record addressing the exact assertion, with named owner and protected evidence — specifically: Actual security relationships",docs/current/RAD-adoption.md; docs/current/TAD-infrastructure.md; docs/assurance/verification-families.md,Review the actual versioned record and its individual assertions; corroborate implementation-specific obligations with the applicable native tests.,CT-049; CT-069; CT-075,"NATIVE_NOT_RUN; related local fixtures/engine checks are narrower evidence, not satisfaction","No controller or document generator can issue organizational approval, assess all adopted controls or complete absent site-specific evidence.","PROPOSED_ALLOCATION; actual applicability, named authority and evidence assignment pending",RA §26; RA §28,Not selected; explicit scope rationale and authority required before any N/A disposition
EVID-001.A06,EVID-001,"The evidence record SHALL identify the source revision, policy version, provider/module versions, realized security relationships, test results, and active exceptions.",Test observations,Assurance engineering,Architecture/design review and separately governed service/adoption/qualification authority,MANUAL_GOVERNANCE_OR_EXTERNAL_AUTHORITATIVE_RECORD_REQUIRED,"Scope-specific current architecture/engineering/authority record addressing the exact assertion, with named owner and protected evidence — specifically: Test observations",docs/current/RAD-adoption.md; docs/current/TAD-infrastructure.md; docs/assurance/verification-families.md,Review the actual versioned record and its individual assertions; corroborate implementation-specific obligations with the applicable native tests.,CT-049; CT-069; CT-075,"NATIVE_NOT_RUN; related local fixtures/engine checks are narrower evidence, not satisfaction","No controller or document generator can issue organizational approval, assess all adopted controls or complete absent site-specific evidence.","PROPOSED_ALLOCATION; actual applicability, named authority and evidence assignment pending",RA §26; RA §28,Not selected; explicit scope rationale and authority required before any N/A disposition
EVID-001.A07,EVID-001,"The evidence record SHALL identify the source revision, policy version, provider/module versions, realized security relationships, test results, and active exceptions.",Active exception references,Assurance engineering,Architecture/design review and separately governed service/adoption/qualification authority,MANUAL_GOVERNANCE_OR_EXTERNAL_AUTHORITATIVE_RECORD_REQUIRED,"Scope-specific current architecture/engineering/authority record addressing the exact assertion, with named owner and protected evidence — specifically: Active exception references",docs/current/RAD-adoption.md; docs/current/TAD-infrastructure.md; docs/assurance/verification-families.md,Review the actual versioned record and its individual assertions; corroborate implementation-specific obligations with the applicable native tests.,CT-049; CT-069; CT-075,"NATIVE_NOT_RUN; related local fixtures/engine checks are narrower evidence, not satisfaction","No controller or document generator can issue organizational approval, assess all adopted controls or complete absent site-specific evidence.","PROPOSED_ALLOCATION; actual applicability, named authority and evidence assignment pending",RA §26; RA §28,Not selected; explicit scope rationale and authority required before any N/A disposition
EVID-002.A01,EVID-002,"Evidence SHALL bind target generation, source/profile/capability/dependency digests, artifact integrity, collection time, test executions and active exceptions; freshness SHALL be evaluated after material changes.","Complete source obligation; all applicable clauses must be satisfied: Evidence SHALL bind target generation, source/profile/capability/dependency digests, artifact integrity, collection time, test executions and active exceptions; freshness SHALL be evaluated after material changes.",Assurance engineering,Architecture/design review and separately governed service/adoption/qualification authority,MANUAL_GOVERNANCE_OR_EXTERNAL_AUTHORITATIVE_RECORD_REQUIRED,"Scope-specific current architecture/engineering/authority record addressing the exact assertion, with named owner and protected evidence — specifically: Complete source obligation; all applicable clauses must be satisfied: Evidence SHALL bind target generation, source/profile/capability/dependency digests, artifact integrity, collection time, test executions and active exceptions; freshness SHALL be evaluated after material changes.",docs/current/RAD-adoption.md; docs/current/TAD-infrastructure.md; docs/assurance/verification-families.md,Review the actual versioned record and its individual assertions; corroborate implementation-specific obligations with the applicable native tests.,CT-048; CT-049; CT-069,"NATIVE_NOT_RUN; related local fixtures/engine checks are narrower evidence, not satisfaction","No controller or document generator can issue organizational approval, assess all adopted controls or complete absent site-specific evidence.","PROPOSED_ALLOCATION; actual applicability, named authority and evidence assignment pending",RA §26; RA §28,Not selected; explicit scope rationale and authority required before any N/A disposition
EVID-002.A02,EVID-002,"Evidence SHALL bind target generation, source/profile/capability/dependency digests, artifact integrity, collection time, test executions and active exceptions; freshness SHALL be evaluated after material changes.",Target generation,Assurance engineering,Architecture/design review and separately governed service/adoption/qualification authority,MANUAL_GOVERNANCE_OR_EXTERNAL_AUTHORITATIVE_RECORD_REQUIRED,"Scope-specific current architecture/engineering/authority record addressing the exact assertion, with named owner and protected evidence — specifically: Target generation",docs/current/RAD-adoption.md; docs/current/TAD-infrastructure.md; docs/assurance/verification-families.md,Review the actual versioned record and its individual assertions; corroborate implementation-specific obligations with the applicable native tests.,CT-048; CT-049; CT-069,"NATIVE_NOT_RUN; related local fixtures/engine checks are narrower evidence, not satisfaction","No controller or document generator can issue organizational approval, assess all adopted controls or complete absent site-specific evidence.","PROPOSED_ALLOCATION; actual applicability, named authority and evidence assignment pending",RA §26; RA §28,Not selected; explicit scope rationale and authority required before any N/A disposition
EVID-002.A03,EVID-002,"Evidence SHALL bind target generation, source/profile/capability/dependency digests, artifact integrity, collection time, test executions and active exceptions; freshness SHALL be evaluated after material changes.",Source/profile/capability/dependency hashes,Assurance engineering,Architecture/design review and separately governed service/adoption/qualification authority,MANUAL_GOVERNANCE_OR_EXTERNAL_AUTHORITATIVE_RECORD_REQUIRED,"Scope-specific current architecture/engineering/authority record addressing the exact assertion, with named owner and protected evidence — specifically: Source/profile/capability/dependency hashes",docs/current/RAD-adoption.md; docs/current/TAD-infrastructure.md; docs/assurance/verification-families.md,Review the actual versioned record and its individual assertions; corroborate implementation-specific obligations with the applicable native tests.,CT-048; CT-049; CT-069,"NATIVE_NOT_RUN; related local fixtures/engine checks are narrower evidence, not satisfaction","No controller or document generator can issue organizational approval, assess all adopted controls or complete absent site-specific evidence.","PROPOSED_ALLOCATION; actual applicability, named authority and evidence assignment pending",RA §26; RA §28,Not selected; explicit scope rationale and authority required before any N/A disposition
EVID-002.A04,EVID-002,"Evidence SHALL bind target generation, source/profile/capability/dependency digests, artifact integrity, collection time, test executions and active exceptions; freshness SHALL be evaluated after material changes.",Artifact integrity,Assurance engineering,Architecture/design review and separately governed service/adoption/qualification authority,MANUAL_GOVERNANCE_OR_EXTERNAL_AUTHORITATIVE_RECORD_REQUIRED,"Scope-specific current architecture/engineering/authority record addressing the exact assertion, with named owner and protected evidence — specifically: Artifact integrity",docs/current/RAD-adoption.md; docs/current/TAD-infrastructure.md; docs/assurance/verification-families.md,Review the actual versioned record and its individual assertions; corroborate implementation-specific obligations with the applicable native tests.,CT-048; CT-049; CT-069,"NATIVE_NOT_RUN; related local fixtures/engine checks are narrower evidence, not satisfaction","No controller or document generator can issue organizational approval, assess all adopted controls or complete absent site-specific evidence.","PROPOSED_ALLOCATION; actual applicability, named authority and evidence assignment pending",RA §26; RA §28,Not selected; explicit scope rationale and authority required before any N/A disposition
EVID-002.A05,EVID-002,"Evidence SHALL bind target generation, source/profile/capability/dependency digests, artifact integrity, collection time, test executions and active exceptions; freshness SHALL be evaluated after material changes.",Collection timestamp,Assurance engineering,Architecture/design review and separately governed service/adoption/qualification authority,MANUAL_GOVERNANCE_OR_EXTERNAL_AUTHORITATIVE_RECORD_REQUIRED,"Scope-specific current architecture/engineering/authority record addressing the exact assertion, with named owner and protected evidence — specifically: Collection timestamp",docs/current/RAD-adoption.md; docs/current/TAD-infrastructure.md; docs/assurance/verification-families.md,Review the actual versioned record and its individual assertions; corroborate implementation-specific obligations with the applicable native tests.,CT-048; CT-049; CT-069,"NATIVE_NOT_RUN; related local fixtures/engine checks are narrower evidence, not satisfaction","No controller or document generator can issue organizational approval, assess all adopted controls or complete absent site-specific evidence.","PROPOSED_ALLOCATION; actual applicability, named authority and evidence assignment pending",RA §26; RA §28,Not selected; explicit scope rationale and authority required before any N/A disposition
EVID-002.A06,EVID-002,"Evidence SHALL bind target generation, source/profile/capability/dependency digests, artifact integrity, collection time, test executions and active exceptions; freshness SHALL be evaluated after material changes.",Actual test executions,Assurance engineering,Architecture/design review and separately governed service/adoption/qualification authority,MANUAL_GOVERNANCE_OR_EXTERNAL_AUTHORITATIVE_RECORD_REQUIRED,"Scope-specific current architecture/engineering/authority record addressing the exact assertion, with named owner and protected evidence — specifically: Actual test executions",docs/current/RAD-adoption.md; docs/current/TAD-infrastructure.md; docs/assurance/verification-families.md,Review the actual versioned record and its individual assertions; corroborate implementation-specific obligations with the applicable native tests.,CT-048; CT-049; CT-069,"NATIVE_NOT_RUN; related local fixtures/engine checks are narrower evidence, not satisfaction","No controller or document generator can issue organizational approval, assess all adopted controls or complete absent site-specific evidence.","PROPOSED_ALLOCATION; actual applicability, named authority and evidence assignment pending",RA §26; RA §28,Not selected; explicit scope rationale and authority required before any N/A disposition
EVID-002.A07,EVID-002,"Evidence SHALL bind target generation, source/profile/capability/dependency digests, artifact integrity, collection time, test executions and active exceptions; freshness SHALL be evaluated after material changes.",Active exception scope,Assurance engineering,Architecture/design review and separately governed service/adoption/qualification authority,MANUAL_GOVERNANCE_OR_EXTERNAL_AUTHORITATIVE_RECORD_REQUIRED,"Scope-specific current architecture/engineering/authority record addressing the exact assertion, with named owner and protected evidence — specifically: Active exception scope",docs/current/RAD-adoption.md; docs/current/TAD-infrastructure.md; docs/assurance/verification-families.md,Review the actual versioned record and its individual assertions; corroborate implementation-specific obligations with the applicable native tests.,CT-048; CT-049; CT-069,"NATIVE_NOT_RUN; related local fixtures/engine checks are narrower evidence, not satisfaction","No controller or document generator can issue organizational approval, assess all adopted controls or complete absent site-specific evidence.","PROPOSED_ALLOCATION; actual applicability, named authority and evidence assignment pending",RA §26; RA §28,Not selected; explicit scope rationale and authority required before any N/A disposition
EVID-002.A08,EVID-002,"Evidence SHALL bind target generation, source/profile/capability/dependency digests, artifact integrity, collection time, test executions and active exceptions; freshness SHALL be evaluated after material changes.",Freshness after material change,Assurance engineering,Architecture/design review and separately governed service/adoption/qualification authority,MANUAL_GOVERNANCE_OR_EXTERNAL_AUTHORITATIVE_RECORD_REQUIRED,"Scope-specific current architecture/engineering/authority record addressing the exact assertion, with named owner and protected evidence — specifically: Freshness after material change",docs/current/RAD-adoption.md; docs/current/TAD-infrastructure.md; docs/assurance/verification-families.md,Review the actual versioned record and its individual assertions; corroborate implementation-specific obligations with the applicable native tests.,CT-048; CT-049; CT-069,"NATIVE_NOT_RUN; related local fixtures/engine checks are narrower evidence, not satisfaction","No controller or document generator can issue organizational approval, assess all adopted controls or complete absent site-specific evidence.","PROPOSED_ALLOCATION; actual applicability, named authority and evidence assignment pending",RA §26; RA §28,Not selected; explicit scope rationale and authority required before any N/A disposition
EVID-003.A01,EVID-003,"Formal authorization decisions SHALL be issued by the designated authority and retained separately from technical test status, with scope, validity and operating conditions that the controller can evaluate.","Complete source obligation; all applicable clauses must be satisfied: Formal authorization decisions SHALL be issued by the designated authority and retained separately from technical test status, with scope, validity and operating conditions that the controller can evaluate.",Security authority,Architecture/design review and separately governed service/adoption/qualification authority,MANUAL_GOVERNANCE_OR_EXTERNAL_AUTHORITATIVE_RECORD_REQUIRED,"Scope-specific current architecture/engineering/authority record addressing the exact assertion, with named owner and protected evidence — specifically: Complete source obligation; all applicable clauses must be satisfied: Formal authorization decisions SHALL be issued by the designated authority and retained separately from technical test status, with scope, validity and operating conditions that the controller can evaluate.",docs/current/RAD-adoption.md; docs/current/TAD-infrastructure.md; docs/assurance/verification-families.md,Review the actual versioned record and its individual assertions; corroborate implementation-specific obligations with the applicable native tests.,CT-049; CT-058; CT-069,"NATIVE_NOT_RUN; related local fixtures/engine checks are narrower evidence, not satisfaction","No controller or document generator can issue organizational approval, assess all adopted controls or complete absent site-specific evidence.","PROPOSED_ALLOCATION; actual applicability, named authority and evidence assignment pending",RA §26; RA §28,Not selected; explicit scope rationale and authority required before any N/A disposition
OBS-001.A01,OBS-001,"Logs SHALL contain stable identifiers sufficient to correlate tenant, WSD, Security Domain, policy, and deployment evidence.","Complete source obligation; all applicable clauses must be satisfied: Logs SHALL contain stable identifiers sufficient to correlate tenant, WSD, Security Domain, policy, and deployment evidence.",Security operations,"Actual operational service, independent telemetry, capacity/failure domains and lifecycle authorities",EXTERNAL_OPERATING_SERVICE_OR_CONTROL_REQUIRED,"Owned runbook/service configuration, measured limits, dependency inventory and actual incident/recovery/retention acceptance record — specifically: Complete source obligation; all applicable clauses must be satisfied: Logs SHALL contain stable identifiers sufficient to correlate tenant, WSD, Security Domain, policy, and deployment evidence.",docs/current/transition-and-as-built.md; docs/current/TAD-infrastructure.md; sources/implementation_backlog.csv,Perform each documented assertion on the actual approved service using independent observations and measured time/data outcomes; inspect exact versions and residual risks.,CT-010; CT-049,"NATIVE_NOT_RUN; related local fixtures/engine checks are narrower evidence, not satisfaction","Reference procedures and local fixtures do not provide the selected operational infrastructure, measured recovery/HA, native supply-chain response or disposition authority.","PROPOSED_ALLOCATION; actual applicability, named authority and evidence assignment pending",RA §26,Not selected; explicit scope rationale and authority required before any N/A disposition
OBS-002.A01,OBS-002,Security control logging SHALL not depend solely on the tenant workload being healthy or cooperative.,Complete source obligation; all applicable clauses must be satisfied: Security control logging SHALL not depend solely on the tenant workload being healthy or cooperative.,Security operations,"Actual operational service, independent telemetry, capacity/failure domains and lifecycle authorities",EXTERNAL_OPERATING_SERVICE_OR_CONTROL_REQUIRED,"Owned runbook/service configuration, measured limits, dependency inventory and actual incident/recovery/retention acceptance record — specifically: Complete source obligation; all applicable clauses must be satisfied: Security control logging SHALL not depend solely on the tenant workload being healthy or cooperative.",docs/current/transition-and-as-built.md; docs/current/TAD-infrastructure.md; sources/implementation_backlog.csv,Perform each documented assertion on the actual approved service using independent observations and measured time/data outcomes; inspect exact versions and residual risks.,CT-010; CT-050,"NATIVE_NOT_RUN; related local fixtures/engine checks are narrower evidence, not satisfaction","Reference procedures and local fixtures do not provide the selected operational infrastructure, measured recovery/HA, native supply-chain response or disposition authority.","PROPOSED_ALLOCATION; actual applicability, named authority and evidence assignment pending",RA §26,Not selected; explicit scope rationale and authority required before any N/A disposition
OBS-003.A01,OBS-003,"Logging profiles SHALL define event coverage, attribution, time integrity, minimization, forwarding latency, buffering, loss alerting, retention, access and safe behavior during collection failure.","Complete source obligation; all applicable clauses must be satisfied: Logging profiles SHALL define event coverage, attribution, time integrity, minimization, forwarding latency, buffering, loss alerting, retention, access and safe behavior during collection failure.",Security operations,"Actual operational service, independent telemetry, capacity/failure domains and lifecycle authorities",EXTERNAL_OPERATING_SERVICE_OR_CONTROL_REQUIRED,"Owned runbook/service configuration, measured limits, dependency inventory and actual incident/recovery/retention acceptance record — specifically: Complete source obligation; all applicable clauses must be satisfied: Logging profiles SHALL define event coverage, attribution, time integrity, minimization, forwarding latency, buffering, loss alerting, retention, access and safe behavior during collection failure.",docs/current/transition-and-as-built.md; docs/current/TAD-infrastructure.md; sources/implementation_backlog.csv,Perform each documented assertion on the actual approved service using independent observations and measured time/data outcomes; inspect exact versions and residual risks.,CT-010; CT-050; CT-068,"NATIVE_NOT_RUN; related local fixtures/engine checks are narrower evidence, not satisfaction","Reference procedures and local fixtures do not provide the selected operational infrastructure, measured recovery/HA, native supply-chain response or disposition authority.","PROPOSED_ALLOCATION; actual applicability, named authority and evidence assignment pending",RA §26,Not selected; explicit scope rationale and authority required before any N/A disposition
OBS-003.A02,OBS-003,"Logging profiles SHALL define event coverage, attribution, time integrity, minimization, forwarding latency, buffering, loss alerting, retention, access and safe behavior during collection failure.",Event coverage,Security operations,"Actual operational service, independent telemetry, capacity/failure domains and lifecycle authorities",EXTERNAL_OPERATING_SERVICE_OR_CONTROL_REQUIRED,"Owned runbook/service configuration, measured limits, dependency inventory and actual incident/recovery/retention acceptance record — specifically: Event coverage",docs/current/transition-and-as-built.md; docs/current/TAD-infrastructure.md; sources/implementation_backlog.csv,Perform each documented assertion on the actual approved service using independent observations and measured time/data outcomes; inspect exact versions and residual risks.,CT-010; CT-050; CT-068,"NATIVE_NOT_RUN; related local fixtures/engine checks are narrower evidence, not satisfaction","Reference procedures and local fixtures do not provide the selected operational infrastructure, measured recovery/HA, native supply-chain response or disposition authority.","PROPOSED_ALLOCATION; actual applicability, named authority and evidence assignment pending",RA §26,Not selected; explicit scope rationale and authority required before any N/A disposition
OBS-003.A03,OBS-003,"Logging profiles SHALL define event coverage, attribution, time integrity, minimization, forwarding latency, buffering, loss alerting, retention, access and safe behavior during collection failure.",Tenant/domain attribution,Security operations,"Actual operational service, independent telemetry, capacity/failure domains and lifecycle authorities",EXTERNAL_OPERATING_SERVICE_OR_CONTROL_REQUIRED,"Owned runbook/service configuration, measured limits, dependency inventory and actual incident/recovery/retention acceptance record — specifically: Tenant/domain attribution",docs/current/transition-and-as-built.md; docs/current/TAD-infrastructure.md; sources/implementation_backlog.csv,Perform each documented assertion on the actual approved service using independent observations and measured time/data outcomes; inspect exact versions and residual risks.,CT-010; CT-050; CT-068,"NATIVE_NOT_RUN; related local fixtures/engine checks are narrower evidence, not satisfaction","Reference procedures and local fixtures do not provide the selected operational infrastructure, measured recovery/HA, native supply-chain response or disposition authority.","PROPOSED_ALLOCATION; actual applicability, named authority and evidence assignment pending",RA §26,Not selected; explicit scope rationale and authority required before any N/A disposition
OBS-003.A04,OBS-003,"Logging profiles SHALL define event coverage, attribution, time integrity, minimization, forwarding latency, buffering, loss alerting, retention, access and safe behavior during collection failure.",Time integrity,Security operations,"Actual operational service, independent telemetry, capacity/failure domains and lifecycle authorities",EXTERNAL_OPERATING_SERVICE_OR_CONTROL_REQUIRED,"Owned runbook/service configuration, measured limits, dependency inventory and actual incident/recovery/retention acceptance record — specifically: Time integrity",docs/current/transition-and-as-built.md; docs/current/TAD-infrastructure.md; sources/implementation_backlog.csv,Perform each documented assertion on the actual approved service using independent observations and measured time/data outcomes; inspect exact versions and residual risks.,CT-010; CT-050; CT-068,"NATIVE_NOT_RUN; related local fixtures/engine checks are narrower evidence, not satisfaction","Reference procedures and local fixtures do not provide the selected operational infrastructure, measured recovery/HA, native supply-chain response or disposition authority.","PROPOSED_ALLOCATION; actual applicability, named authority and evidence assignment pending",RA §26,Not selected; explicit scope rationale and authority required before any N/A disposition
OBS-003.A05,OBS-003,"Logging profiles SHALL define event coverage, attribution, time integrity, minimization, forwarding latency, buffering, loss alerting, retention, access and safe behavior during collection failure.",Data minimization,Security operations,"Actual operational service, independent telemetry, capacity/failure domains and lifecycle authorities",EXTERNAL_OPERATING_SERVICE_OR_CONTROL_REQUIRED,"Owned runbook/service configuration, measured limits, dependency inventory and actual incident/recovery/retention acceptance record — specifically: Data minimization",docs/current/transition-and-as-built.md; docs/current/TAD-infrastructure.md; sources/implementation_backlog.csv,Perform each documented assertion on the actual approved service using independent observations and measured time/data outcomes; inspect exact versions and residual risks.,CT-010; CT-050; CT-068,"NATIVE_NOT_RUN; related local fixtures/engine checks are narrower evidence, not satisfaction","Reference procedures and local fixtures do not provide the selected operational infrastructure, measured recovery/HA, native supply-chain response or disposition authority.","PROPOSED_ALLOCATION; actual applicability, named authority and evidence assignment pending",RA §26,Not selected; explicit scope rationale and authority required before any N/A disposition
OBS-003.A06,OBS-003,"Logging profiles SHALL define event coverage, attribution, time integrity, minimization, forwarding latency, buffering, loss alerting, retention, access and safe behavior during collection failure.",Forwarding latency,Security operations,"Actual operational service, independent telemetry, capacity/failure domains and lifecycle authorities",EXTERNAL_OPERATING_SERVICE_OR_CONTROL_REQUIRED,"Owned runbook/service configuration, measured limits, dependency inventory and actual incident/recovery/retention acceptance record — specifically: Forwarding latency",docs/current/transition-and-as-built.md; docs/current/TAD-infrastructure.md; sources/implementation_backlog.csv,Perform each documented assertion on the actual approved service using independent observations and measured time/data outcomes; inspect exact versions and residual risks.,CT-010; CT-050; CT-068,"NATIVE_NOT_RUN; related local fixtures/engine checks are narrower evidence, not satisfaction","Reference procedures and local fixtures do not provide the selected operational infrastructure, measured recovery/HA, native supply-chain response or disposition authority.","PROPOSED_ALLOCATION; actual applicability, named authority and evidence assignment pending",RA §26,Not selected; explicit scope rationale and authority required before any N/A disposition
OBS-003.A07,OBS-003,"Logging profiles SHALL define event coverage, attribution, time integrity, minimization, forwarding latency, buffering, loss alerting, retention, access and safe behavior during collection failure.",Buffering,Security operations,"Actual operational service, independent telemetry, capacity/failure domains and lifecycle authorities",EXTERNAL_OPERATING_SERVICE_OR_CONTROL_REQUIRED,"Owned runbook/service configuration, measured limits, dependency inventory and actual incident/recovery/retention acceptance record — specifically: Buffering",docs/current/transition-and-as-built.md; docs/current/TAD-infrastructure.md; sources/implementation_backlog.csv,Perform each documented assertion on the actual approved service using independent observations and measured time/data outcomes; inspect exact versions and residual risks.,CT-010; CT-050; CT-068,"NATIVE_NOT_RUN; related local fixtures/engine checks are narrower evidence, not satisfaction","Reference procedures and local fixtures do not provide the selected operational infrastructure, measured recovery/HA, native supply-chain response or disposition authority.","PROPOSED_ALLOCATION; actual applicability, named authority and evidence assignment pending",RA §26,Not selected; explicit scope rationale and authority required before any N/A disposition
OBS-003.A08,OBS-003,"Logging profiles SHALL define event coverage, attribution, time integrity, minimization, forwarding latency, buffering, loss alerting, retention, access and safe behavior during collection failure.",Loss alerting,Security operations,"Actual operational service, independent telemetry, capacity/failure domains and lifecycle authorities",EXTERNAL_OPERATING_SERVICE_OR_CONTROL_REQUIRED,"Owned runbook/service configuration, measured limits, dependency inventory and actual incident/recovery/retention acceptance record — specifically: Loss alerting",docs/current/transition-and-as-built.md; docs/current/TAD-infrastructure.md; sources/implementation_backlog.csv,Perform each documented assertion on the actual approved service using independent observations and measured time/data outcomes; inspect exact versions and residual risks.,CT-010; CT-050; CT-068,"NATIVE_NOT_RUN; related local fixtures/engine checks are narrower evidence, not satisfaction","Reference procedures and local fixtures do not provide the selected operational infrastructure, measured recovery/HA, native supply-chain response or disposition authority.","PROPOSED_ALLOCATION; actual applicability, named authority and evidence assignment pending",RA §26,Not selected; explicit scope rationale and authority required before any N/A disposition
OBS-003.A09,OBS-003,"Logging profiles SHALL define event coverage, attribution, time integrity, minimization, forwarding latency, buffering, loss alerting, retention, access and safe behavior during collection failure.",Retention,Security operations,"Actual operational service, independent telemetry, capacity/failure domains and lifecycle authorities",EXTERNAL_OPERATING_SERVICE_OR_CONTROL_REQUIRED,"Owned runbook/service configuration, measured limits, dependency inventory and actual incident/recovery/retention acceptance record — specifically: Retention",docs/current/transition-and-as-built.md; docs/current/TAD-infrastructure.md; sources/implementation_backlog.csv,Perform each documented assertion on the actual approved service using independent observations and measured time/data outcomes; inspect exact versions and residual risks.,CT-010; CT-050; CT-068,"NATIVE_NOT_RUN; related local fixtures/engine checks are narrower evidence, not satisfaction","Reference procedures and local fixtures do not provide the selected operational infrastructure, measured recovery/HA, native supply-chain response or disposition authority.","PROPOSED_ALLOCATION; actual applicability, named authority and evidence assignment pending",RA §26,Not selected; explicit scope rationale and authority required before any N/A disposition
OBS-003.A10,OBS-003,"Logging profiles SHALL define event coverage, attribution, time integrity, minimization, forwarding latency, buffering, loss alerting, retention, access and safe behavior during collection failure.",Access control,Security operations,"Actual operational service, independent telemetry, capacity/failure domains and lifecycle authorities",EXTERNAL_OPERATING_SERVICE_OR_CONTROL_REQUIRED,"Owned runbook/service configuration, measured limits, dependency inventory and actual incident/recovery/retention acceptance record — specifically: Access control",docs/current/transition-and-as-built.md; docs/current/TAD-infrastructure.md; sources/implementation_backlog.csv,Perform each documented assertion on the actual approved service using independent observations and measured time/data outcomes; inspect exact versions and residual risks.,CT-010; CT-050; CT-068,"NATIVE_NOT_RUN; related local fixtures/engine checks are narrower evidence, not satisfaction","Reference procedures and local fixtures do not provide the selected operational infrastructure, measured recovery/HA, native supply-chain response or disposition authority.","PROPOSED_ALLOCATION; actual applicability, named authority and evidence assignment pending",RA §26,Not selected; explicit scope rationale and authority required before any N/A disposition
OBS-003.A11,OBS-003,"Logging profiles SHALL define event coverage, attribution, time integrity, minimization, forwarding latency, buffering, loss alerting, retention, access and safe behavior during collection failure.",Secure behaviour during collection failure,Security operations,"Actual operational service, independent telemetry, capacity/failure domains and lifecycle authorities",EXTERNAL_OPERATING_SERVICE_OR_CONTROL_REQUIRED,"Owned runbook/service configuration, measured limits, dependency inventory and actual incident/recovery/retention acceptance record — specifically: Secure behaviour during collection failure",docs/current/transition-and-as-built.md; docs/current/TAD-infrastructure.md; sources/implementation_backlog.csv,Perform each documented assertion on the actual approved service using independent observations and measured time/data outcomes; inspect exact versions and residual risks.,CT-010; CT-050; CT-068,"NATIVE_NOT_RUN; related local fixtures/engine checks are narrower evidence, not satisfaction","Reference procedures and local fixtures do not provide the selected operational infrastructure, measured recovery/HA, native supply-chain response or disposition authority.","PROPOSED_ALLOCATION; actual applicability, named authority and evidence assignment pending",RA §26,Not selected; explicit scope rationale and authority required before any N/A disposition
CAP-001.A01,CAP-001,Capacity planning SHALL include N+failure headroom so that loss of a security-edge node does not require disabling or bypassing enforcement.,Complete source obligation; all applicable clauses must be satisfied: Capacity planning SHALL include N+failure headroom so that loss of a security-edge node does not require disabling or bypassing enforcement.,Capacity management,"Actual operational service, independent telemetry, capacity/failure domains and lifecycle authorities",EXTERNAL_OPERATING_SERVICE_OR_CONTROL_REQUIRED,"Owned runbook/service configuration, measured limits, dependency inventory and actual incident/recovery/retention acceptance record — specifically: Complete source obligation; all applicable clauses must be satisfied: Capacity planning SHALL include N+failure headroom so that loss of a security-edge node does not require disabling or bypassing enforcement.",docs/current/transition-and-as-built.md; docs/current/TAD-infrastructure.md; sources/implementation_backlog.csv,Perform each documented assertion on the actual approved service using independent observations and measured time/data outcomes; inspect exact versions and residual risks.,CT-012; CT-056,"NATIVE_NOT_RUN; related local fixtures/engine checks are narrower evidence, not satisfaction","Reference procedures and local fixtures do not provide the selected operational infrastructure, measured recovery/HA, native supply-chain response or disposition authority.","PROPOSED_ALLOCATION; actual applicability, named authority and evidence assignment pending",RA §4; RA §26,Not selected; explicit scope rationale and authority required before any N/A disposition
CAP-002.A01,CAP-002,"Placement and growth admission SHALL evaluate measured surviving capacity, security-feature overhead, shared dependencies, quotas and operational reserves for the approved failure model.","Complete source obligation; all applicable clauses must be satisfied: Placement and growth admission SHALL evaluate measured surviving capacity, security-feature overhead, shared dependencies, quotas and operational reserves for the approved failure model.",Capacity management,"Actual operational service, independent telemetry, capacity/failure domains and lifecycle authorities",EXTERNAL_OPERATING_SERVICE_OR_CONTROL_REQUIRED,"Owned runbook/service configuration, measured limits, dependency inventory and actual incident/recovery/retention acceptance record — specifically: Complete source obligation; all applicable clauses must be satisfied: Placement and growth admission SHALL evaluate measured surviving capacity, security-feature overhead, shared dependencies, quotas and operational reserves for the approved failure model.",docs/current/transition-and-as-built.md; docs/current/TAD-infrastructure.md; sources/implementation_backlog.csv,Perform each documented assertion on the actual approved service using independent observations and measured time/data outcomes; inspect exact versions and residual risks.,CT-039; CT-047; CT-056,"NATIVE_NOT_RUN; related local fixtures/engine checks are narrower evidence, not satisfaction","Reference procedures and local fixtures do not provide the selected operational infrastructure, measured recovery/HA, native supply-chain response or disposition authority.","PROPOSED_ALLOCATION; actual applicability, named authority and evidence assignment pending",RA §4; RA §26,Not selected; explicit scope rationale and authority required before any N/A disposition
CAP-002.A02,CAP-002,"Placement and growth admission SHALL evaluate measured surviving capacity, security-feature overhead, shared dependencies, quotas and operational reserves for the approved failure model.",Measured surviving capacity,Capacity management,"Actual operational service, independent telemetry, capacity/failure domains and lifecycle authorities",EXTERNAL_OPERATING_SERVICE_OR_CONTROL_REQUIRED,"Owned runbook/service configuration, measured limits, dependency inventory and actual incident/recovery/retention acceptance record — specifically: Measured surviving capacity",docs/current/transition-and-as-built.md; docs/current/TAD-infrastructure.md; sources/implementation_backlog.csv,Perform each documented assertion on the actual approved service using independent observations and measured time/data outcomes; inspect exact versions and residual risks.,CT-039; CT-047; CT-056,"NATIVE_NOT_RUN; related local fixtures/engine checks are narrower evidence, not satisfaction","Reference procedures and local fixtures do not provide the selected operational infrastructure, measured recovery/HA, native supply-chain response or disposition authority.","PROPOSED_ALLOCATION; actual applicability, named authority and evidence assignment pending",RA §4; RA §26,Not selected; explicit scope rationale and authority required before any N/A disposition
CAP-002.A03,CAP-002,"Placement and growth admission SHALL evaluate measured surviving capacity, security-feature overhead, shared dependencies, quotas and operational reserves for the approved failure model.",Enabled security overhead,Capacity management,"Actual operational service, independent telemetry, capacity/failure domains and lifecycle authorities",EXTERNAL_OPERATING_SERVICE_OR_CONTROL_REQUIRED,"Owned runbook/service configuration, measured limits, dependency inventory and actual incident/recovery/retention acceptance record — specifically: Enabled security overhead",docs/current/transition-and-as-built.md; docs/current/TAD-infrastructure.md; sources/implementation_backlog.csv,Perform each documented assertion on the actual approved service using independent observations and measured time/data outcomes; inspect exact versions and residual risks.,CT-039; CT-047; CT-056,"NATIVE_NOT_RUN; related local fixtures/engine checks are narrower evidence, not satisfaction","Reference procedures and local fixtures do not provide the selected operational infrastructure, measured recovery/HA, native supply-chain response or disposition authority.","PROPOSED_ALLOCATION; actual applicability, named authority and evidence assignment pending",RA §4; RA §26,Not selected; explicit scope rationale and authority required before any N/A disposition
CAP-002.A04,CAP-002,"Placement and growth admission SHALL evaluate measured surviving capacity, security-feature overhead, shared dependencies, quotas and operational reserves for the approved failure model.",Shared dependency bottlenecks,Capacity management,"Actual operational service, independent telemetry, capacity/failure domains and lifecycle authorities",EXTERNAL_OPERATING_SERVICE_OR_CONTROL_REQUIRED,"Owned runbook/service configuration, measured limits, dependency inventory and actual incident/recovery/retention acceptance record — specifically: Shared dependency bottlenecks",docs/current/transition-and-as-built.md; docs/current/TAD-infrastructure.md; sources/implementation_backlog.csv,Perform each documented assertion on the actual approved service using independent observations and measured time/data outcomes; inspect exact versions and residual risks.,CT-039; CT-047; CT-056,"NATIVE_NOT_RUN; related local fixtures/engine checks are narrower evidence, not satisfaction","Reference procedures and local fixtures do not provide the selected operational infrastructure, measured recovery/HA, native supply-chain response or disposition authority.","PROPOSED_ALLOCATION; actual applicability, named authority and evidence assignment pending",RA §4; RA §26,Not selected; explicit scope rationale and authority required before any N/A disposition
CAP-002.A05,CAP-002,"Placement and growth admission SHALL evaluate measured surviving capacity, security-feature overhead, shared dependencies, quotas and operational reserves for the approved failure model.",Quota/entitlement separation,Capacity management,"Actual operational service, independent telemetry, capacity/failure domains and lifecycle authorities",EXTERNAL_OPERATING_SERVICE_OR_CONTROL_REQUIRED,"Owned runbook/service configuration, measured limits, dependency inventory and actual incident/recovery/retention acceptance record — specifically: Quota/entitlement separation",docs/current/transition-and-as-built.md; docs/current/TAD-infrastructure.md; sources/implementation_backlog.csv,Perform each documented assertion on the actual approved service using independent observations and measured time/data outcomes; inspect exact versions and residual risks.,CT-039; CT-047; CT-056,"NATIVE_NOT_RUN; related local fixtures/engine checks are narrower evidence, not satisfaction","Reference procedures and local fixtures do not provide the selected operational infrastructure, measured recovery/HA, native supply-chain response or disposition authority.","PROPOSED_ALLOCATION; actual applicability, named authority and evidence assignment pending",RA §4; RA §26,Not selected; explicit scope rationale and authority required before any N/A disposition
CAP-002.A06,CAP-002,"Placement and growth admission SHALL evaluate measured surviving capacity, security-feature overhead, shared dependencies, quotas and operational reserves for the approved failure model.",Operational reserve,Capacity management,"Actual operational service, independent telemetry, capacity/failure domains and lifecycle authorities",EXTERNAL_OPERATING_SERVICE_OR_CONTROL_REQUIRED,"Owned runbook/service configuration, measured limits, dependency inventory and actual incident/recovery/retention acceptance record — specifically: Operational reserve",docs/current/transition-and-as-built.md; docs/current/TAD-infrastructure.md; sources/implementation_backlog.csv,Perform each documented assertion on the actual approved service using independent observations and measured time/data outcomes; inspect exact versions and residual risks.,CT-039; CT-047; CT-056,"NATIVE_NOT_RUN; related local fixtures/engine checks are narrower evidence, not satisfaction","Reference procedures and local fixtures do not provide the selected operational infrastructure, measured recovery/HA, native supply-chain response or disposition authority.","PROPOSED_ALLOCATION; actual applicability, named authority and evidence assignment pending",RA §4; RA §26,Not selected; explicit scope rationale and authority required before any N/A disposition
CAP-002.A07,CAP-002,"Placement and growth admission SHALL evaluate measured surviving capacity, security-feature overhead, shared dependencies, quotas and operational reserves for the approved failure model.",Actual approved failure model,Capacity management,"Actual operational service, independent telemetry, capacity/failure domains and lifecycle authorities",EXTERNAL_OPERATING_SERVICE_OR_CONTROL_REQUIRED,"Owned runbook/service configuration, measured limits, dependency inventory and actual incident/recovery/retention acceptance record — specifically: Actual approved failure model",docs/current/transition-and-as-built.md; docs/current/TAD-infrastructure.md; sources/implementation_backlog.csv,Perform each documented assertion on the actual approved service using independent observations and measured time/data outcomes; inspect exact versions and residual risks.,CT-039; CT-047; CT-056,"NATIVE_NOT_RUN; related local fixtures/engine checks are narrower evidence, not satisfaction","Reference procedures and local fixtures do not provide the selected operational infrastructure, measured recovery/HA, native supply-chain response or disposition authority.","PROPOSED_ALLOCATION; actual applicability, named authority and evidence assignment pending",RA §4; RA §26,Not selected; explicit scope rationale and authority required before any N/A disposition
CAP-003.A01,CAP-003,"Capacity reporting SHALL distinguish procured, received, commissioned, allocated, reserved and consumed capacity and identify unused-capacity age, constraints and accountable remediation.","Complete source obligation; all applicable clauses must be satisfied: Capacity reporting SHALL distinguish procured, received, commissioned, allocated, reserved and consumed capacity and identify unused-capacity age, constraints and accountable remediation.",Service management,"Actual operational service, independent telemetry, capacity/failure domains and lifecycle authorities",EXTERNAL_OPERATING_SERVICE_OR_CONTROL_REQUIRED,"Owned runbook/service configuration, measured limits, dependency inventory and actual incident/recovery/retention acceptance record — specifically: Complete source obligation; all applicable clauses must be satisfied: Capacity reporting SHALL distinguish procured, received, commissioned, allocated, reserved and consumed capacity and identify unused-capacity age, constraints and accountable remediation.",docs/current/transition-and-as-built.md; docs/current/TAD-infrastructure.md; sources/implementation_backlog.csv,Perform each documented assertion on the actual approved service using independent observations and measured time/data outcomes; inspect exact versions and residual risks.,CT-074,"NATIVE_NOT_RUN; related local fixtures/engine checks are narrower evidence, not satisfaction","Reference procedures and local fixtures do not provide the selected operational infrastructure, measured recovery/HA, native supply-chain response or disposition authority.","PROPOSED_ALLOCATION; actual applicability, named authority and evidence assignment pending",RA §4; RA §26,Not selected; explicit scope rationale and authority required before any N/A disposition
CAP-003.A02,CAP-003,"Capacity reporting SHALL distinguish procured, received, commissioned, allocated, reserved and consumed capacity and identify unused-capacity age, constraints and accountable remediation.",Procured capacity,Service management,"Actual operational service, independent telemetry, capacity/failure domains and lifecycle authorities",EXTERNAL_OPERATING_SERVICE_OR_CONTROL_REQUIRED,"Owned runbook/service configuration, measured limits, dependency inventory and actual incident/recovery/retention acceptance record — specifically: Procured capacity",docs/current/transition-and-as-built.md; docs/current/TAD-infrastructure.md; sources/implementation_backlog.csv,Perform each documented assertion on the actual approved service using independent observations and measured time/data outcomes; inspect exact versions and residual risks.,CT-074,"NATIVE_NOT_RUN; related local fixtures/engine checks are narrower evidence, not satisfaction","Reference procedures and local fixtures do not provide the selected operational infrastructure, measured recovery/HA, native supply-chain response or disposition authority.","PROPOSED_ALLOCATION; actual applicability, named authority and evidence assignment pending",RA §4; RA §26,Not selected; explicit scope rationale and authority required before any N/A disposition
CAP-003.A03,CAP-003,"Capacity reporting SHALL distinguish procured, received, commissioned, allocated, reserved and consumed capacity and identify unused-capacity age, constraints and accountable remediation.",Received capacity,Service management,"Actual operational service, independent telemetry, capacity/failure domains and lifecycle authorities",EXTERNAL_OPERATING_SERVICE_OR_CONTROL_REQUIRED,"Owned runbook/service configuration, measured limits, dependency inventory and actual incident/recovery/retention acceptance record — specifically: Received capacity",docs/current/transition-and-as-built.md; docs/current/TAD-infrastructure.md; sources/implementation_backlog.csv,Perform each documented assertion on the actual approved service using independent observations and measured time/data outcomes; inspect exact versions and residual risks.,CT-074,"NATIVE_NOT_RUN; related local fixtures/engine checks are narrower evidence, not satisfaction","Reference procedures and local fixtures do not provide the selected operational infrastructure, measured recovery/HA, native supply-chain response or disposition authority.","PROPOSED_ALLOCATION; actual applicability, named authority and evidence assignment pending",RA §4; RA §26,Not selected; explicit scope rationale and authority required before any N/A disposition
CAP-003.A04,CAP-003,"Capacity reporting SHALL distinguish procured, received, commissioned, allocated, reserved and consumed capacity and identify unused-capacity age, constraints and accountable remediation.",Commissioned capacity,Service management,"Actual operational service, independent telemetry, capacity/failure domains and lifecycle authorities",EXTERNAL_OPERATING_SERVICE_OR_CONTROL_REQUIRED,"Owned runbook/service configuration, measured limits, dependency inventory and actual incident/recovery/retention acceptance record — specifically: Commissioned capacity",docs/current/transition-and-as-built.md; docs/current/TAD-infrastructure.md; sources/implementation_backlog.csv,Perform each documented assertion on the actual approved service using independent observations and measured time/data outcomes; inspect exact versions and residual risks.,CT-074,"NATIVE_NOT_RUN; related local fixtures/engine checks are narrower evidence, not satisfaction","Reference procedures and local fixtures do not provide the selected operational infrastructure, measured recovery/HA, native supply-chain response or disposition authority.","PROPOSED_ALLOCATION; actual applicability, named authority and evidence assignment pending",RA §4; RA §26,Not selected; explicit scope rationale and authority required before any N/A disposition
CAP-003.A05,CAP-003,"Capacity reporting SHALL distinguish procured, received, commissioned, allocated, reserved and consumed capacity and identify unused-capacity age, constraints and accountable remediation.",Allocated capacity,Service management,"Actual operational service, independent telemetry, capacity/failure domains and lifecycle authorities",EXTERNAL_OPERATING_SERVICE_OR_CONTROL_REQUIRED,"Owned runbook/service configuration, measured limits, dependency inventory and actual incident/recovery/retention acceptance record — specifically: Allocated capacity",docs/current/transition-and-as-built.md; docs/current/TAD-infrastructure.md; sources/implementation_backlog.csv,Perform each documented assertion on the actual approved service using independent observations and measured time/data outcomes; inspect exact versions and residual risks.,CT-074,"NATIVE_NOT_RUN; related local fixtures/engine checks are narrower evidence, not satisfaction","Reference procedures and local fixtures do not provide the selected operational infrastructure, measured recovery/HA, native supply-chain response or disposition authority.","PROPOSED_ALLOCATION; actual applicability, named authority and evidence assignment pending",RA §4; RA §26,Not selected; explicit scope rationale and authority required before any N/A disposition
CAP-003.A06,CAP-003,"Capacity reporting SHALL distinguish procured, received, commissioned, allocated, reserved and consumed capacity and identify unused-capacity age, constraints and accountable remediation.",Reserved capacity,Service management,"Actual operational service, independent telemetry, capacity/failure domains and lifecycle authorities",EXTERNAL_OPERATING_SERVICE_OR_CONTROL_REQUIRED,"Owned runbook/service configuration, measured limits, dependency inventory and actual incident/recovery/retention acceptance record — specifically: Reserved capacity",docs/current/transition-and-as-built.md; docs/current/TAD-infrastructure.md; sources/implementation_backlog.csv,Perform each documented assertion on the actual approved service using independent observations and measured time/data outcomes; inspect exact versions and residual risks.,CT-074,"NATIVE_NOT_RUN; related local fixtures/engine checks are narrower evidence, not satisfaction","Reference procedures and local fixtures do not provide the selected operational infrastructure, measured recovery/HA, native supply-chain response or disposition authority.","PROPOSED_ALLOCATION; actual applicability, named authority and evidence assignment pending",RA §4; RA §26,Not selected; explicit scope rationale and authority required before any N/A disposition
CAP-003.A07,CAP-003,"Capacity reporting SHALL distinguish procured, received, commissioned, allocated, reserved and consumed capacity and identify unused-capacity age, constraints and accountable remediation.",Consumed capacity,Service management,"Actual operational service, independent telemetry, capacity/failure domains and lifecycle authorities",EXTERNAL_OPERATING_SERVICE_OR_CONTROL_REQUIRED,"Owned runbook/service configuration, measured limits, dependency inventory and actual incident/recovery/retention acceptance record — specifically: Consumed capacity",docs/current/transition-and-as-built.md; docs/current/TAD-infrastructure.md; sources/implementation_backlog.csv,Perform each documented assertion on the actual approved service using independent observations and measured time/data outcomes; inspect exact versions and residual risks.,CT-074,"NATIVE_NOT_RUN; related local fixtures/engine checks are narrower evidence, not satisfaction","Reference procedures and local fixtures do not provide the selected operational infrastructure, measured recovery/HA, native supply-chain response or disposition authority.","PROPOSED_ALLOCATION; actual applicability, named authority and evidence assignment pending",RA §4; RA §26,Not selected; explicit scope rationale and authority required before any N/A disposition
CAP-003.A08,CAP-003,"Capacity reporting SHALL distinguish procured, received, commissioned, allocated, reserved and consumed capacity and identify unused-capacity age, constraints and accountable remediation.",Unused-capacity age/constraint/owner remediation,Service management,"Actual operational service, independent telemetry, capacity/failure domains and lifecycle authorities",EXTERNAL_OPERATING_SERVICE_OR_CONTROL_REQUIRED,"Owned runbook/service configuration, measured limits, dependency inventory and actual incident/recovery/retention acceptance record — specifically: Unused-capacity age/constraint/owner remediation",docs/current/transition-and-as-built.md; docs/current/TAD-infrastructure.md; sources/implementation_backlog.csv,Perform each documented assertion on the actual approved service using independent observations and measured time/data outcomes; inspect exact versions and residual risks.,CT-074,"NATIVE_NOT_RUN; related local fixtures/engine checks are narrower evidence, not satisfaction","Reference procedures and local fixtures do not provide the selected operational infrastructure, measured recovery/HA, native supply-chain response or disposition authority.","PROPOSED_ALLOCATION; actual applicability, named authority and evidence assignment pending",RA §4; RA §26,Not selected; explicit scope rationale and authority required before any N/A disposition
FAIL-001.A01,FAIL-001,Control-plane failure SHALL NOT create an implicit permit path.,Complete source obligation; all applicable clauses must be satisfied: Control-plane failure SHALL NOT create an implicit permit path.,Platform operations,"Actual operational service, independent telemetry, capacity/failure domains and lifecycle authorities",EXTERNAL_OPERATING_SERVICE_OR_CONTROL_REQUIRED,"Owned runbook/service configuration, measured limits, dependency inventory and actual incident/recovery/retention acceptance record — specifically: Complete source obligation; all applicable clauses must be satisfied: Control-plane failure SHALL NOT create an implicit permit path.",docs/current/transition-and-as-built.md; docs/current/TAD-infrastructure.md; sources/implementation_backlog.csv,Perform each documented assertion on the actual approved service using independent observations and measured time/data outcomes; inspect exact versions and residual risks.,CT-011; CT-012; CT-024; CT-052,"NATIVE_NOT_RUN; related local fixtures/engine checks are narrower evidence, not satisfaction","Reference procedures and local fixtures do not provide the selected operational infrastructure, measured recovery/HA, native supply-chain response or disposition authority.","PROPOSED_ALLOCATION; actual applicability, named authority and evidence assignment pending",RA §14; RA §27,Not selected; explicit scope rationale and authority required before any N/A disposition
FAIL-002.A01,FAIL-002,Failover and control-plane-loss scenarios SHALL be included in platform conformance testing.,Complete source obligation; all applicable clauses must be satisfied: Failover and control-plane-loss scenarios SHALL be included in platform conformance testing.,Assurance engineering,"Actual operational service, independent telemetry, capacity/failure domains and lifecycle authorities",EXTERNAL_OPERATING_SERVICE_OR_CONTROL_REQUIRED,"Owned runbook/service configuration, measured limits, dependency inventory and actual incident/recovery/retention acceptance record — specifically: Complete source obligation; all applicable clauses must be satisfied: Failover and control-plane-loss scenarios SHALL be included in platform conformance testing.",docs/current/transition-and-as-built.md; docs/current/TAD-infrastructure.md; sources/implementation_backlog.csv,Perform each documented assertion on the actual approved service using independent observations and measured time/data outcomes; inspect exact versions and residual risks.,CT-011; CT-012; CT-027; CT-038; CT-050; CT-054; CT-055,"NATIVE_NOT_RUN; related local fixtures/engine checks are narrower evidence, not satisfaction","Reference procedures and local fixtures do not provide the selected operational infrastructure, measured recovery/HA, native supply-chain response or disposition authority.","PROPOSED_ALLOCATION; actual applicability, named authority and evidence assignment pending",RA §14; RA §27,Not selected; explicit scope rationale and authority required before any N/A disposition
FAIL-003.A01,FAIL-003,"Every critical dependency SHALL have a qualified loss/partition/recovery behavior, including credential/key continuity, logging loss, state recovery and split-brain prevention; unavailable authority SHALL NOT authorize fallback bypass.","Complete source obligation; all applicable clauses must be satisfied: Every critical dependency SHALL have a qualified loss/partition/recovery behavior, including credential/key continuity, logging loss, state recovery and split-brain prevention; unavailable authority SHALL NOT authorize fallback bypass.",Platform operations,"Actual operational service, independent telemetry, capacity/failure domains and lifecycle authorities",EXTERNAL_OPERATING_SERVICE_OR_CONTROL_REQUIRED,"Owned runbook/service configuration, measured limits, dependency inventory and actual incident/recovery/retention acceptance record — specifically: Complete source obligation; all applicable clauses must be satisfied: Every critical dependency SHALL have a qualified loss/partition/recovery behavior, including credential/key continuity, logging loss, state recovery and split-brain prevention; unavailable authority SHALL NOT authorize fallback bypass.",docs/current/transition-and-as-built.md; docs/current/TAD-infrastructure.md; sources/implementation_backlog.csv,Perform each documented assertion on the actual approved service using independent observations and measured time/data outcomes; inspect exact versions and residual risks.,CT-027; CT-038; CT-044; CT-050; CT-054; CT-055,"NATIVE_NOT_RUN; related local fixtures/engine checks are narrower evidence, not satisfaction","Reference procedures and local fixtures do not provide the selected operational infrastructure, measured recovery/HA, native supply-chain response or disposition authority.","PROPOSED_ALLOCATION; actual applicability, named authority and evidence assignment pending",RA §14; RA §27,Not selected; explicit scope rationale and authority required before any N/A disposition
FAIL-003.A02,FAIL-003,"Every critical dependency SHALL have a qualified loss/partition/recovery behavior, including credential/key continuity, logging loss, state recovery and split-brain prevention; unavailable authority SHALL NOT authorize fallback bypass.",Loss/partition behaviour of each critical dependency,Platform operations,"Actual operational service, independent telemetry, capacity/failure domains and lifecycle authorities",EXTERNAL_OPERATING_SERVICE_OR_CONTROL_REQUIRED,"Owned runbook/service configuration, measured limits, dependency inventory and actual incident/recovery/retention acceptance record — specifically: Loss/partition behaviour of each critical dependency",docs/current/transition-and-as-built.md; docs/current/TAD-infrastructure.md; sources/implementation_backlog.csv,Perform each documented assertion on the actual approved service using independent observations and measured time/data outcomes; inspect exact versions and residual risks.,CT-027; CT-038; CT-044; CT-050; CT-054; CT-055,"NATIVE_NOT_RUN; related local fixtures/engine checks are narrower evidence, not satisfaction","Reference procedures and local fixtures do not provide the selected operational infrastructure, measured recovery/HA, native supply-chain response or disposition authority.","PROPOSED_ALLOCATION; actual applicability, named authority and evidence assignment pending",RA §14; RA §27,Not selected; explicit scope rationale and authority required before any N/A disposition
FAIL-003.A03,FAIL-003,"Every critical dependency SHALL have a qualified loss/partition/recovery behavior, including credential/key continuity, logging loss, state recovery and split-brain prevention; unavailable authority SHALL NOT authorize fallback bypass.",Credential and key continuity,Platform operations,"Actual operational service, independent telemetry, capacity/failure domains and lifecycle authorities",EXTERNAL_OPERATING_SERVICE_OR_CONTROL_REQUIRED,"Owned runbook/service configuration, measured limits, dependency inventory and actual incident/recovery/retention acceptance record — specifically: Credential and key continuity",docs/current/transition-and-as-built.md; docs/current/TAD-infrastructure.md; sources/implementation_backlog.csv,Perform each documented assertion on the actual approved service using independent observations and measured time/data outcomes; inspect exact versions and residual risks.,CT-027; CT-038; CT-044; CT-050; CT-054; CT-055,"NATIVE_NOT_RUN; related local fixtures/engine checks are narrower evidence, not satisfaction","Reference procedures and local fixtures do not provide the selected operational infrastructure, measured recovery/HA, native supply-chain response or disposition authority.","PROPOSED_ALLOCATION; actual applicability, named authority and evidence assignment pending",RA §14; RA §27,Not selected; explicit scope rationale and authority required before any N/A disposition
FAIL-003.A04,FAIL-003,"Every critical dependency SHALL have a qualified loss/partition/recovery behavior, including credential/key continuity, logging loss, state recovery and split-brain prevention; unavailable authority SHALL NOT authorize fallback bypass.",Logging loss response,Platform operations,"Actual operational service, independent telemetry, capacity/failure domains and lifecycle authorities",EXTERNAL_OPERATING_SERVICE_OR_CONTROL_REQUIRED,"Owned runbook/service configuration, measured limits, dependency inventory and actual incident/recovery/retention acceptance record — specifically: Logging loss response",docs/current/transition-and-as-built.md; docs/current/TAD-infrastructure.md; sources/implementation_backlog.csv,Perform each documented assertion on the actual approved service using independent observations and measured time/data outcomes; inspect exact versions and residual risks.,CT-027; CT-038; CT-044; CT-050; CT-054; CT-055,"NATIVE_NOT_RUN; related local fixtures/engine checks are narrower evidence, not satisfaction","Reference procedures and local fixtures do not provide the selected operational infrastructure, measured recovery/HA, native supply-chain response or disposition authority.","PROPOSED_ALLOCATION; actual applicability, named authority and evidence assignment pending",RA §14; RA §27,Not selected; explicit scope rationale and authority required before any N/A disposition
FAIL-003.A05,FAIL-003,"Every critical dependency SHALL have a qualified loss/partition/recovery behavior, including credential/key continuity, logging loss, state recovery and split-brain prevention; unavailable authority SHALL NOT authorize fallback bypass.",State recovery,Platform operations,"Actual operational service, independent telemetry, capacity/failure domains and lifecycle authorities",EXTERNAL_OPERATING_SERVICE_OR_CONTROL_REQUIRED,"Owned runbook/service configuration, measured limits, dependency inventory and actual incident/recovery/retention acceptance record — specifically: State recovery",docs/current/transition-and-as-built.md; docs/current/TAD-infrastructure.md; sources/implementation_backlog.csv,Perform each documented assertion on the actual approved service using independent observations and measured time/data outcomes; inspect exact versions and residual risks.,CT-027; CT-038; CT-044; CT-050; CT-054; CT-055,"NATIVE_NOT_RUN; related local fixtures/engine checks are narrower evidence, not satisfaction","Reference procedures and local fixtures do not provide the selected operational infrastructure, measured recovery/HA, native supply-chain response or disposition authority.","PROPOSED_ALLOCATION; actual applicability, named authority and evidence assignment pending",RA §14; RA §27,Not selected; explicit scope rationale and authority required before any N/A disposition
FAIL-003.A06,FAIL-003,"Every critical dependency SHALL have a qualified loss/partition/recovery behavior, including credential/key continuity, logging loss, state recovery and split-brain prevention; unavailable authority SHALL NOT authorize fallback bypass.",Split-brain prevention,Platform operations,"Actual operational service, independent telemetry, capacity/failure domains and lifecycle authorities",EXTERNAL_OPERATING_SERVICE_OR_CONTROL_REQUIRED,"Owned runbook/service configuration, measured limits, dependency inventory and actual incident/recovery/retention acceptance record — specifically: Split-brain prevention",docs/current/transition-and-as-built.md; docs/current/TAD-infrastructure.md; sources/implementation_backlog.csv,Perform each documented assertion on the actual approved service using independent observations and measured time/data outcomes; inspect exact versions and residual risks.,CT-027; CT-038; CT-044; CT-050; CT-054; CT-055,"NATIVE_NOT_RUN; related local fixtures/engine checks are narrower evidence, not satisfaction","Reference procedures and local fixtures do not provide the selected operational infrastructure, measured recovery/HA, native supply-chain response or disposition authority.","PROPOSED_ALLOCATION; actual applicability, named authority and evidence assignment pending",RA §14; RA §27,Not selected; explicit scope rationale and authority required before any N/A disposition
FAIL-003.A07,FAIL-003,"Every critical dependency SHALL have a qualified loss/partition/recovery behavior, including credential/key continuity, logging loss, state recovery and split-brain prevention; unavailable authority SHALL NOT authorize fallback bypass.",Unavailable authority does not permit bypass,Platform operations,"Actual operational service, independent telemetry, capacity/failure domains and lifecycle authorities",EXTERNAL_OPERATING_SERVICE_OR_CONTROL_REQUIRED,"Owned runbook/service configuration, measured limits, dependency inventory and actual incident/recovery/retention acceptance record — specifically: Unavailable authority does not permit bypass",docs/current/transition-and-as-built.md; docs/current/TAD-infrastructure.md; sources/implementation_backlog.csv,Perform each documented assertion on the actual approved service using independent observations and measured time/data outcomes; inspect exact versions and residual risks.,CT-027; CT-038; CT-044; CT-050; CT-054; CT-055,"NATIVE_NOT_RUN; related local fixtures/engine checks are narrower evidence, not satisfaction","Reference procedures and local fixtures do not provide the selected operational infrastructure, measured recovery/HA, native supply-chain response or disposition authority.","PROPOSED_ALLOCATION; actual applicability, named authority and evidence assignment pending",RA §14; RA §27,Not selected; explicit scope rationale and authority required before any N/A disposition
REC-001.A01,REC-001,"Recovery procedures SHALL include independent bootstrap access, protected key/state/catalog recovery, dependency ordering, writer fencing, isolated validation and attributable activation authority.","Complete source obligation; all applicable clauses must be satisfied: Recovery procedures SHALL include independent bootstrap access, protected key/state/catalog recovery, dependency ordering, writer fencing, isolated validation and attributable activation authority.",Continuity management,"Actual operational service, independent telemetry, capacity/failure domains and lifecycle authorities",EXTERNAL_OPERATING_SERVICE_OR_CONTROL_REQUIRED,"Owned runbook/service configuration, measured limits, dependency inventory and actual incident/recovery/retention acceptance record — specifically: Complete source obligation; all applicable clauses must be satisfied: Recovery procedures SHALL include independent bootstrap access, protected key/state/catalog recovery, dependency ordering, writer fencing, isolated validation and attributable activation authority.",docs/current/transition-and-as-built.md; docs/current/TAD-infrastructure.md; sources/implementation_backlog.csv,Perform each documented assertion on the actual approved service using independent observations and measured time/data outcomes; inspect exact versions and residual risks.,CT-052; CT-054; CT-055,"NATIVE_NOT_RUN; related local fixtures/engine checks are narrower evidence, not satisfaction","Reference procedures and local fixtures do not provide the selected operational infrastructure, measured recovery/HA, native supply-chain response or disposition authority.","PROPOSED_ALLOCATION; actual applicability, named authority and evidence assignment pending",RA §21; RA §27,Not selected; explicit scope rationale and authority required before any N/A disposition
REC-001.A02,REC-001,"Recovery procedures SHALL include independent bootstrap access, protected key/state/catalog recovery, dependency ordering, writer fencing, isolated validation and attributable activation authority.",Independent bootstrap access,Continuity management,"Actual operational service, independent telemetry, capacity/failure domains and lifecycle authorities",EXTERNAL_OPERATING_SERVICE_OR_CONTROL_REQUIRED,"Owned runbook/service configuration, measured limits, dependency inventory and actual incident/recovery/retention acceptance record — specifically: Independent bootstrap access",docs/current/transition-and-as-built.md; docs/current/TAD-infrastructure.md; sources/implementation_backlog.csv,Perform each documented assertion on the actual approved service using independent observations and measured time/data outcomes; inspect exact versions and residual risks.,CT-052; CT-054; CT-055,"NATIVE_NOT_RUN; related local fixtures/engine checks are narrower evidence, not satisfaction","Reference procedures and local fixtures do not provide the selected operational infrastructure, measured recovery/HA, native supply-chain response or disposition authority.","PROPOSED_ALLOCATION; actual applicability, named authority and evidence assignment pending",RA §21; RA §27,Not selected; explicit scope rationale and authority required before any N/A disposition
REC-001.A03,REC-001,"Recovery procedures SHALL include independent bootstrap access, protected key/state/catalog recovery, dependency ordering, writer fencing, isolated validation and attributable activation authority.",Protected key recovery,Continuity management,"Actual operational service, independent telemetry, capacity/failure domains and lifecycle authorities",EXTERNAL_OPERATING_SERVICE_OR_CONTROL_REQUIRED,"Owned runbook/service configuration, measured limits, dependency inventory and actual incident/recovery/retention acceptance record — specifically: Protected key recovery",docs/current/transition-and-as-built.md; docs/current/TAD-infrastructure.md; sources/implementation_backlog.csv,Perform each documented assertion on the actual approved service using independent observations and measured time/data outcomes; inspect exact versions and residual risks.,CT-052; CT-054; CT-055,"NATIVE_NOT_RUN; related local fixtures/engine checks are narrower evidence, not satisfaction","Reference procedures and local fixtures do not provide the selected operational infrastructure, measured recovery/HA, native supply-chain response or disposition authority.","PROPOSED_ALLOCATION; actual applicability, named authority and evidence assignment pending",RA §21; RA §27,Not selected; explicit scope rationale and authority required before any N/A disposition
REC-001.A04,REC-001,"Recovery procedures SHALL include independent bootstrap access, protected key/state/catalog recovery, dependency ordering, writer fencing, isolated validation and attributable activation authority.",Protected state recovery,Continuity management,"Actual operational service, independent telemetry, capacity/failure domains and lifecycle authorities",EXTERNAL_OPERATING_SERVICE_OR_CONTROL_REQUIRED,"Owned runbook/service configuration, measured limits, dependency inventory and actual incident/recovery/retention acceptance record — specifically: Protected state recovery",docs/current/transition-and-as-built.md; docs/current/TAD-infrastructure.md; sources/implementation_backlog.csv,Perform each documented assertion on the actual approved service using independent observations and measured time/data outcomes; inspect exact versions and residual risks.,CT-052; CT-054; CT-055,"NATIVE_NOT_RUN; related local fixtures/engine checks are narrower evidence, not satisfaction","Reference procedures and local fixtures do not provide the selected operational infrastructure, measured recovery/HA, native supply-chain response or disposition authority.","PROPOSED_ALLOCATION; actual applicability, named authority and evidence assignment pending",RA §21; RA §27,Not selected; explicit scope rationale and authority required before any N/A disposition
REC-001.A05,REC-001,"Recovery procedures SHALL include independent bootstrap access, protected key/state/catalog recovery, dependency ordering, writer fencing, isolated validation and attributable activation authority.",Protected catalogue recovery,Continuity management,"Actual operational service, independent telemetry, capacity/failure domains and lifecycle authorities",EXTERNAL_OPERATING_SERVICE_OR_CONTROL_REQUIRED,"Owned runbook/service configuration, measured limits, dependency inventory and actual incident/recovery/retention acceptance record — specifically: Protected catalogue recovery",docs/current/transition-and-as-built.md; docs/current/TAD-infrastructure.md; sources/implementation_backlog.csv,Perform each documented assertion on the actual approved service using independent observations and measured time/data outcomes; inspect exact versions and residual risks.,CT-052; CT-054; CT-055,"NATIVE_NOT_RUN; related local fixtures/engine checks are narrower evidence, not satisfaction","Reference procedures and local fixtures do not provide the selected operational infrastructure, measured recovery/HA, native supply-chain response or disposition authority.","PROPOSED_ALLOCATION; actual applicability, named authority and evidence assignment pending",RA §21; RA §27,Not selected; explicit scope rationale and authority required before any N/A disposition
REC-001.A06,REC-001,"Recovery procedures SHALL include independent bootstrap access, protected key/state/catalog recovery, dependency ordering, writer fencing, isolated validation and attributable activation authority.",Dependency order,Continuity management,"Actual operational service, independent telemetry, capacity/failure domains and lifecycle authorities",EXTERNAL_OPERATING_SERVICE_OR_CONTROL_REQUIRED,"Owned runbook/service configuration, measured limits, dependency inventory and actual incident/recovery/retention acceptance record — specifically: Dependency order",docs/current/transition-and-as-built.md; docs/current/TAD-infrastructure.md; sources/implementation_backlog.csv,Perform each documented assertion on the actual approved service using independent observations and measured time/data outcomes; inspect exact versions and residual risks.,CT-052; CT-054; CT-055,"NATIVE_NOT_RUN; related local fixtures/engine checks are narrower evidence, not satisfaction","Reference procedures and local fixtures do not provide the selected operational infrastructure, measured recovery/HA, native supply-chain response or disposition authority.","PROPOSED_ALLOCATION; actual applicability, named authority and evidence assignment pending",RA §21; RA §27,Not selected; explicit scope rationale and authority required before any N/A disposition
REC-001.A07,REC-001,"Recovery procedures SHALL include independent bootstrap access, protected key/state/catalog recovery, dependency ordering, writer fencing, isolated validation and attributable activation authority.",Actual writer fencing,Continuity management,"Actual operational service, independent telemetry, capacity/failure domains and lifecycle authorities",EXTERNAL_OPERATING_SERVICE_OR_CONTROL_REQUIRED,"Owned runbook/service configuration, measured limits, dependency inventory and actual incident/recovery/retention acceptance record — specifically: Actual writer fencing",docs/current/transition-and-as-built.md; docs/current/TAD-infrastructure.md; sources/implementation_backlog.csv,Perform each documented assertion on the actual approved service using independent observations and measured time/data outcomes; inspect exact versions and residual risks.,CT-052; CT-054; CT-055,"NATIVE_NOT_RUN; related local fixtures/engine checks are narrower evidence, not satisfaction","Reference procedures and local fixtures do not provide the selected operational infrastructure, measured recovery/HA, native supply-chain response or disposition authority.","PROPOSED_ALLOCATION; actual applicability, named authority and evidence assignment pending",RA §21; RA §27,Not selected; explicit scope rationale and authority required before any N/A disposition
REC-001.A08,REC-001,"Recovery procedures SHALL include independent bootstrap access, protected key/state/catalog recovery, dependency ordering, writer fencing, isolated validation and attributable activation authority.",Isolated validation,Continuity management,"Actual operational service, independent telemetry, capacity/failure domains and lifecycle authorities",EXTERNAL_OPERATING_SERVICE_OR_CONTROL_REQUIRED,"Owned runbook/service configuration, measured limits, dependency inventory and actual incident/recovery/retention acceptance record — specifically: Isolated validation",docs/current/transition-and-as-built.md; docs/current/TAD-infrastructure.md; sources/implementation_backlog.csv,Perform each documented assertion on the actual approved service using independent observations and measured time/data outcomes; inspect exact versions and residual risks.,CT-052; CT-054; CT-055,"NATIVE_NOT_RUN; related local fixtures/engine checks are narrower evidence, not satisfaction","Reference procedures and local fixtures do not provide the selected operational infrastructure, measured recovery/HA, native supply-chain response or disposition authority.","PROPOSED_ALLOCATION; actual applicability, named authority and evidence assignment pending",RA §21; RA §27,Not selected; explicit scope rationale and authority required before any N/A disposition
REC-001.A09,REC-001,"Recovery procedures SHALL include independent bootstrap access, protected key/state/catalog recovery, dependency ordering, writer fencing, isolated validation and attributable activation authority.",Attributable activation authority,Continuity management,"Actual operational service, independent telemetry, capacity/failure domains and lifecycle authorities",EXTERNAL_OPERATING_SERVICE_OR_CONTROL_REQUIRED,"Owned runbook/service configuration, measured limits, dependency inventory and actual incident/recovery/retention acceptance record — specifically: Attributable activation authority",docs/current/transition-and-as-built.md; docs/current/TAD-infrastructure.md; sources/implementation_backlog.csv,Perform each documented assertion on the actual approved service using independent observations and measured time/data outcomes; inspect exact versions and residual risks.,CT-052; CT-054; CT-055,"NATIVE_NOT_RUN; related local fixtures/engine checks are narrower evidence, not satisfaction","Reference procedures and local fixtures do not provide the selected operational infrastructure, measured recovery/HA, native supply-chain response or disposition authority.","PROPOSED_ALLOCATION; actual applicability, named authority and evidence assignment pending",RA §21; RA §27,Not selected; explicit scope rationale and authority required before any N/A disposition
REC-002.A01,REC-002,"Recovery and failback exercises SHALL measure actual service RTO/RPO, data consistency and security outcomes and SHALL remove temporary routes, grants and exposures after authorized completion.","Complete source obligation; all applicable clauses must be satisfied: Recovery and failback exercises SHALL measure actual service RTO/RPO, data consistency and security outcomes and SHALL remove temporary routes, grants and exposures after authorized completion.",Continuity management,"Actual operational service, independent telemetry, capacity/failure domains and lifecycle authorities",EXTERNAL_OPERATING_SERVICE_OR_CONTROL_REQUIRED,"Owned runbook/service configuration, measured limits, dependency inventory and actual incident/recovery/retention acceptance record — specifically: Complete source obligation; all applicable clauses must be satisfied: Recovery and failback exercises SHALL measure actual service RTO/RPO, data consistency and security outcomes and SHALL remove temporary routes, grants and exposures after authorized completion.",docs/current/transition-and-as-built.md; docs/current/TAD-infrastructure.md; sources/implementation_backlog.csv,Perform each documented assertion on the actual approved service using independent observations and measured time/data outcomes; inspect exact versions and residual risks.,CT-052; CT-054; CT-055; CT-060,"NATIVE_NOT_RUN; related local fixtures/engine checks are narrower evidence, not satisfaction","Reference procedures and local fixtures do not provide the selected operational infrastructure, measured recovery/HA, native supply-chain response or disposition authority.","PROPOSED_ALLOCATION; actual applicability, named authority and evidence assignment pending",RA §21; RA §27,Not selected; explicit scope rationale and authority required before any N/A disposition
REC-002.A02,REC-002,"Recovery and failback exercises SHALL measure actual service RTO/RPO, data consistency and security outcomes and SHALL remove temporary routes, grants and exposures after authorized completion.",Measured service RTO,Continuity management,"Actual operational service, independent telemetry, capacity/failure domains and lifecycle authorities",EXTERNAL_OPERATING_SERVICE_OR_CONTROL_REQUIRED,"Owned runbook/service configuration, measured limits, dependency inventory and actual incident/recovery/retention acceptance record — specifically: Measured service RTO",docs/current/transition-and-as-built.md; docs/current/TAD-infrastructure.md; sources/implementation_backlog.csv,Perform each documented assertion on the actual approved service using independent observations and measured time/data outcomes; inspect exact versions and residual risks.,CT-052; CT-054; CT-055; CT-060,"NATIVE_NOT_RUN; related local fixtures/engine checks are narrower evidence, not satisfaction","Reference procedures and local fixtures do not provide the selected operational infrastructure, measured recovery/HA, native supply-chain response or disposition authority.","PROPOSED_ALLOCATION; actual applicability, named authority and evidence assignment pending",RA §21; RA §27,Not selected; explicit scope rationale and authority required before any N/A disposition
REC-002.A03,REC-002,"Recovery and failback exercises SHALL measure actual service RTO/RPO, data consistency and security outcomes and SHALL remove temporary routes, grants and exposures after authorized completion.",Measured service RPO,Continuity management,"Actual operational service, independent telemetry, capacity/failure domains and lifecycle authorities",EXTERNAL_OPERATING_SERVICE_OR_CONTROL_REQUIRED,"Owned runbook/service configuration, measured limits, dependency inventory and actual incident/recovery/retention acceptance record — specifically: Measured service RPO",docs/current/transition-and-as-built.md; docs/current/TAD-infrastructure.md; sources/implementation_backlog.csv,Perform each documented assertion on the actual approved service using independent observations and measured time/data outcomes; inspect exact versions and residual risks.,CT-052; CT-054; CT-055; CT-060,"NATIVE_NOT_RUN; related local fixtures/engine checks are narrower evidence, not satisfaction","Reference procedures and local fixtures do not provide the selected operational infrastructure, measured recovery/HA, native supply-chain response or disposition authority.","PROPOSED_ALLOCATION; actual applicability, named authority and evidence assignment pending",RA §21; RA §27,Not selected; explicit scope rationale and authority required before any N/A disposition
REC-002.A04,REC-002,"Recovery and failback exercises SHALL measure actual service RTO/RPO, data consistency and security outcomes and SHALL remove temporary routes, grants and exposures after authorized completion.",Data consistency,Continuity management,"Actual operational service, independent telemetry, capacity/failure domains and lifecycle authorities",EXTERNAL_OPERATING_SERVICE_OR_CONTROL_REQUIRED,"Owned runbook/service configuration, measured limits, dependency inventory and actual incident/recovery/retention acceptance record — specifically: Data consistency",docs/current/transition-and-as-built.md; docs/current/TAD-infrastructure.md; sources/implementation_backlog.csv,Perform each documented assertion on the actual approved service using independent observations and measured time/data outcomes; inspect exact versions and residual risks.,CT-052; CT-054; CT-055; CT-060,"NATIVE_NOT_RUN; related local fixtures/engine checks are narrower evidence, not satisfaction","Reference procedures and local fixtures do not provide the selected operational infrastructure, measured recovery/HA, native supply-chain response or disposition authority.","PROPOSED_ALLOCATION; actual applicability, named authority and evidence assignment pending",RA §21; RA §27,Not selected; explicit scope rationale and authority required before any N/A disposition
REC-002.A05,REC-002,"Recovery and failback exercises SHALL measure actual service RTO/RPO, data consistency and security outcomes and SHALL remove temporary routes, grants and exposures after authorized completion.",Security outcomes,Continuity management,"Actual operational service, independent telemetry, capacity/failure domains and lifecycle authorities",EXTERNAL_OPERATING_SERVICE_OR_CONTROL_REQUIRED,"Owned runbook/service configuration, measured limits, dependency inventory and actual incident/recovery/retention acceptance record — specifically: Security outcomes",docs/current/transition-and-as-built.md; docs/current/TAD-infrastructure.md; sources/implementation_backlog.csv,Perform each documented assertion on the actual approved service using independent observations and measured time/data outcomes; inspect exact versions and residual risks.,CT-052; CT-054; CT-055; CT-060,"NATIVE_NOT_RUN; related local fixtures/engine checks are narrower evidence, not satisfaction","Reference procedures and local fixtures do not provide the selected operational infrastructure, measured recovery/HA, native supply-chain response or disposition authority.","PROPOSED_ALLOCATION; actual applicability, named authority and evidence assignment pending",RA §21; RA §27,Not selected; explicit scope rationale and authority required before any N/A disposition
REC-002.A06,REC-002,"Recovery and failback exercises SHALL measure actual service RTO/RPO, data consistency and security outcomes and SHALL remove temporary routes, grants and exposures after authorized completion.",Temporary route removal,Continuity management,"Actual operational service, independent telemetry, capacity/failure domains and lifecycle authorities",EXTERNAL_OPERATING_SERVICE_OR_CONTROL_REQUIRED,"Owned runbook/service configuration, measured limits, dependency inventory and actual incident/recovery/retention acceptance record — specifically: Temporary route removal",docs/current/transition-and-as-built.md; docs/current/TAD-infrastructure.md; sources/implementation_backlog.csv,Perform each documented assertion on the actual approved service using independent observations and measured time/data outcomes; inspect exact versions and residual risks.,CT-052; CT-054; CT-055; CT-060,"NATIVE_NOT_RUN; related local fixtures/engine checks are narrower evidence, not satisfaction","Reference procedures and local fixtures do not provide the selected operational infrastructure, measured recovery/HA, native supply-chain response or disposition authority.","PROPOSED_ALLOCATION; actual applicability, named authority and evidence assignment pending",RA §21; RA §27,Not selected; explicit scope rationale and authority required before any N/A disposition
REC-002.A07,REC-002,"Recovery and failback exercises SHALL measure actual service RTO/RPO, data consistency and security outcomes and SHALL remove temporary routes, grants and exposures after authorized completion.",Temporary grant/exposure removal,Continuity management,"Actual operational service, independent telemetry, capacity/failure domains and lifecycle authorities",EXTERNAL_OPERATING_SERVICE_OR_CONTROL_REQUIRED,"Owned runbook/service configuration, measured limits, dependency inventory and actual incident/recovery/retention acceptance record — specifically: Temporary grant/exposure removal",docs/current/transition-and-as-built.md; docs/current/TAD-infrastructure.md; sources/implementation_backlog.csv,Perform each documented assertion on the actual approved service using independent observations and measured time/data outcomes; inspect exact versions and residual risks.,CT-052; CT-054; CT-055; CT-060,"NATIVE_NOT_RUN; related local fixtures/engine checks are narrower evidence, not satisfaction","Reference procedures and local fixtures do not provide the selected operational infrastructure, measured recovery/HA, native supply-chain response or disposition authority.","PROPOSED_ALLOCATION; actual applicability, named authority and evidence assignment pending",RA §21; RA §27,Not selected; explicit scope rationale and authority required before any N/A disposition
VULN-001.A01,VULN-001,"All platform and automation assets SHALL have version/support inventory, vulnerability ownership, risk-based remediation targets, exception handling and retirement decisions.","Complete source obligation; all applicable clauses must be satisfied: All platform and automation assets SHALL have version/support inventory, vulnerability ownership, risk-based remediation targets, exception handling and retirement decisions.",Vulnerability management,"Actual operational service, independent telemetry, capacity/failure domains and lifecycle authorities",EXTERNAL_OPERATING_SERVICE_OR_CONTROL_REQUIRED,"Owned runbook/service configuration, measured limits, dependency inventory and actual incident/recovery/retention acceptance record — specifically: Complete source obligation; all applicable clauses must be satisfied: All platform and automation assets SHALL have version/support inventory, vulnerability ownership, risk-based remediation targets, exception handling and retirement decisions.",docs/current/transition-and-as-built.md; docs/current/TAD-infrastructure.md; sources/implementation_backlog.csv,Perform each documented assertion on the actual approved service using independent observations and measured time/data outcomes; inspect exact versions and residual risks.,CT-041; CT-042; CT-074,"NATIVE_NOT_RUN; related local fixtures/engine checks are narrower evidence, not satisfaction","Reference procedures and local fixtures do not provide the selected operational infrastructure, measured recovery/HA, native supply-chain response or disposition authority.","PROPOSED_ALLOCATION; actual applicability, named authority and evidence assignment pending",RA §25,Not selected; explicit scope rationale and authority required before any N/A disposition
VULN-002.A01,VULN-002,"Security updates SHALL use trusted artifacts, compatibility/regression evidence, phased promotion and a tested recovery strategy; unsupported or vulnerable templates SHALL be controlled at new-deployment admission.","Complete source obligation; all applicable clauses must be satisfied: Security updates SHALL use trusted artifacts, compatibility/regression evidence, phased promotion and a tested recovery strategy; unsupported or vulnerable templates SHALL be controlled at new-deployment admission.",Platform engineering,"Actual operational service, independent telemetry, capacity/failure domains and lifecycle authorities",EXTERNAL_OPERATING_SERVICE_OR_CONTROL_REQUIRED,"Owned runbook/service configuration, measured limits, dependency inventory and actual incident/recovery/retention acceptance record — specifically: Complete source obligation; all applicable clauses must be satisfied: Security updates SHALL use trusted artifacts, compatibility/regression evidence, phased promotion and a tested recovery strategy; unsupported or vulnerable templates SHALL be controlled at new-deployment admission.",docs/current/transition-and-as-built.md; docs/current/TAD-infrastructure.md; sources/implementation_backlog.csv,Perform each documented assertion on the actual approved service using independent observations and measured time/data outcomes; inspect exact versions and residual risks.,CT-015; CT-040; CT-041; CT-042,"NATIVE_NOT_RUN; related local fixtures/engine checks are narrower evidence, not satisfaction","Reference procedures and local fixtures do not provide the selected operational infrastructure, measured recovery/HA, native supply-chain response or disposition authority.","PROPOSED_ALLOCATION; actual applicability, named authority and evidence assignment pending",RA §25,Not selected; explicit scope rationale and authority required before any N/A disposition
VULN-002.A02,VULN-002,"Security updates SHALL use trusted artifacts, compatibility/regression evidence, phased promotion and a tested recovery strategy; unsupported or vulnerable templates SHALL be controlled at new-deployment admission.","Security updates SHALL use trusted artifacts, compatibility/regression evidence, phased promotion and a tested recovery strategy",Platform engineering,"Actual operational service, independent telemetry, capacity/failure domains and lifecycle authorities",EXTERNAL_OPERATING_SERVICE_OR_CONTROL_REQUIRED,"Owned runbook/service configuration, measured limits, dependency inventory and actual incident/recovery/retention acceptance record — specifically: Security updates SHALL use trusted artifacts, compatibility/regression evidence, phased promotion and a tested recovery strategy",docs/current/transition-and-as-built.md; docs/current/TAD-infrastructure.md; sources/implementation_backlog.csv,Perform each documented assertion on the actual approved service using independent observations and measured time/data outcomes; inspect exact versions and residual risks.,CT-015; CT-040; CT-041; CT-042,"NATIVE_NOT_RUN; related local fixtures/engine checks are narrower evidence, not satisfaction","Reference procedures and local fixtures do not provide the selected operational infrastructure, measured recovery/HA, native supply-chain response or disposition authority.","PROPOSED_ALLOCATION; actual applicability, named authority and evidence assignment pending",RA §25,Not selected; explicit scope rationale and authority required before any N/A disposition
VULN-002.A03,VULN-002,"Security updates SHALL use trusted artifacts, compatibility/regression evidence, phased promotion and a tested recovery strategy; unsupported or vulnerable templates SHALL be controlled at new-deployment admission.",unsupported or vulnerable templates SHALL be controlled at new-deployment admission.,Platform engineering,"Actual operational service, independent telemetry, capacity/failure domains and lifecycle authorities",EXTERNAL_OPERATING_SERVICE_OR_CONTROL_REQUIRED,"Owned runbook/service configuration, measured limits, dependency inventory and actual incident/recovery/retention acceptance record — specifically: unsupported or vulnerable templates SHALL be controlled at new-deployment admission.",docs/current/transition-and-as-built.md; docs/current/TAD-infrastructure.md; sources/implementation_backlog.csv,Perform each documented assertion on the actual approved service using independent observations and measured time/data outcomes; inspect exact versions and residual risks.,CT-015; CT-040; CT-041; CT-042,"NATIVE_NOT_RUN; related local fixtures/engine checks are narrower evidence, not satisfaction","Reference procedures and local fixtures do not provide the selected operational infrastructure, measured recovery/HA, native supply-chain response or disposition authority.","PROPOSED_ALLOCATION; actual applicability, named authority and evidence assignment pending",RA §25,Not selected; explicit scope rationale and authority required before any N/A disposition
IR-001.A01,IR-001,Emergency containment SHALL be possible without requiring a physical-fabric redesign or broad outage to unrelated tenants.,Complete source obligation; all applicable clauses must be satisfied: Emergency containment SHALL be possible without requiring a physical-fabric redesign or broad outage to unrelated tenants.,Incident response,"Actual operational service, independent telemetry, capacity/failure domains and lifecycle authorities",EXTERNAL_OPERATING_SERVICE_OR_CONTROL_REQUIRED,"Owned runbook/service configuration, measured limits, dependency inventory and actual incident/recovery/retention acceptance record — specifically: Complete source obligation; all applicable clauses must be satisfied: Emergency containment SHALL be possible without requiring a physical-fabric redesign or broad outage to unrelated tenants.",docs/current/transition-and-as-built.md; docs/current/TAD-infrastructure.md; sources/implementation_backlog.csv,Perform each documented assertion on the actual approved service using independent observations and measured time/data outcomes; inspect exact versions and residual risks.,CT-057; CT-067,"NATIVE_NOT_RUN; related local fixtures/engine checks are narrower evidence, not satisfaction","Reference procedures and local fixtures do not provide the selected operational infrastructure, measured recovery/HA, native supply-chain response or disposition authority.","PROPOSED_ALLOCATION; actual applicability, named authority and evidence assignment pending",RA §25; RA §27,Not selected; explicit scope rationale and authority required before any N/A disposition
IR-002.A01,IR-002,"Incident procedures SHALL define authority, scoped containment, evidence custody, coordination, recovery acceptance and reconciliation of emergency changes; containment release SHALL be explicit and attributable.","Complete source obligation; all applicable clauses must be satisfied: Incident procedures SHALL define authority, scoped containment, evidence custody, coordination, recovery acceptance and reconciliation of emergency changes; containment release SHALL be explicit and attributable.",Incident response,"Actual operational service, independent telemetry, capacity/failure domains and lifecycle authorities",EXTERNAL_OPERATING_SERVICE_OR_CONTROL_REQUIRED,"Owned runbook/service configuration, measured limits, dependency inventory and actual incident/recovery/retention acceptance record — specifically: Complete source obligation; all applicable clauses must be satisfied: Incident procedures SHALL define authority, scoped containment, evidence custody, coordination, recovery acceptance and reconciliation of emergency changes; containment release SHALL be explicit and attributable.",docs/current/transition-and-as-built.md; docs/current/TAD-infrastructure.md; sources/implementation_backlog.csv,Perform each documented assertion on the actual approved service using independent observations and measured time/data outcomes; inspect exact versions and residual risks.,CT-049; CT-057; CT-058; CT-066,"NATIVE_NOT_RUN; related local fixtures/engine checks are narrower evidence, not satisfaction","Reference procedures and local fixtures do not provide the selected operational infrastructure, measured recovery/HA, native supply-chain response or disposition authority.","PROPOSED_ALLOCATION; actual applicability, named authority and evidence assignment pending",RA §25; RA §27,Not selected; explicit scope rationale and authority required before any N/A disposition
IR-002.A02,IR-002,"Incident procedures SHALL define authority, scoped containment, evidence custody, coordination, recovery acceptance and reconciliation of emergency changes; containment release SHALL be explicit and attributable.",Incident decision authority,Incident response,"Actual operational service, independent telemetry, capacity/failure domains and lifecycle authorities",EXTERNAL_OPERATING_SERVICE_OR_CONTROL_REQUIRED,"Owned runbook/service configuration, measured limits, dependency inventory and actual incident/recovery/retention acceptance record — specifically: Incident decision authority",docs/current/transition-and-as-built.md; docs/current/TAD-infrastructure.md; sources/implementation_backlog.csv,Perform each documented assertion on the actual approved service using independent observations and measured time/data outcomes; inspect exact versions and residual risks.,CT-049; CT-057; CT-058; CT-066,"NATIVE_NOT_RUN; related local fixtures/engine checks are narrower evidence, not satisfaction","Reference procedures and local fixtures do not provide the selected operational infrastructure, measured recovery/HA, native supply-chain response or disposition authority.","PROPOSED_ALLOCATION; actual applicability, named authority and evidence assignment pending",RA §25; RA §27,Not selected; explicit scope rationale and authority required before any N/A disposition
IR-002.A03,IR-002,"Incident procedures SHALL define authority, scoped containment, evidence custody, coordination, recovery acceptance and reconciliation of emergency changes; containment release SHALL be explicit and attributable.",Scoped containment,Incident response,"Actual operational service, independent telemetry, capacity/failure domains and lifecycle authorities",EXTERNAL_OPERATING_SERVICE_OR_CONTROL_REQUIRED,"Owned runbook/service configuration, measured limits, dependency inventory and actual incident/recovery/retention acceptance record — specifically: Scoped containment",docs/current/transition-and-as-built.md; docs/current/TAD-infrastructure.md; sources/implementation_backlog.csv,Perform each documented assertion on the actual approved service using independent observations and measured time/data outcomes; inspect exact versions and residual risks.,CT-049; CT-057; CT-058; CT-066,"NATIVE_NOT_RUN; related local fixtures/engine checks are narrower evidence, not satisfaction","Reference procedures and local fixtures do not provide the selected operational infrastructure, measured recovery/HA, native supply-chain response or disposition authority.","PROPOSED_ALLOCATION; actual applicability, named authority and evidence assignment pending",RA §25; RA §27,Not selected; explicit scope rationale and authority required before any N/A disposition
IR-002.A04,IR-002,"Incident procedures SHALL define authority, scoped containment, evidence custody, coordination, recovery acceptance and reconciliation of emergency changes; containment release SHALL be explicit and attributable.",Evidence custody,Incident response,"Actual operational service, independent telemetry, capacity/failure domains and lifecycle authorities",EXTERNAL_OPERATING_SERVICE_OR_CONTROL_REQUIRED,"Owned runbook/service configuration, measured limits, dependency inventory and actual incident/recovery/retention acceptance record — specifically: Evidence custody",docs/current/transition-and-as-built.md; docs/current/TAD-infrastructure.md; sources/implementation_backlog.csv,Perform each documented assertion on the actual approved service using independent observations and measured time/data outcomes; inspect exact versions and residual risks.,CT-049; CT-057; CT-058; CT-066,"NATIVE_NOT_RUN; related local fixtures/engine checks are narrower evidence, not satisfaction","Reference procedures and local fixtures do not provide the selected operational infrastructure, measured recovery/HA, native supply-chain response or disposition authority.","PROPOSED_ALLOCATION; actual applicability, named authority and evidence assignment pending",RA §25; RA §27,Not selected; explicit scope rationale and authority required before any N/A disposition
IR-002.A05,IR-002,"Incident procedures SHALL define authority, scoped containment, evidence custody, coordination, recovery acceptance and reconciliation of emergency changes; containment release SHALL be explicit and attributable.",Owner coordination,Incident response,"Actual operational service, independent telemetry, capacity/failure domains and lifecycle authorities",EXTERNAL_OPERATING_SERVICE_OR_CONTROL_REQUIRED,"Owned runbook/service configuration, measured limits, dependency inventory and actual incident/recovery/retention acceptance record — specifically: Owner coordination",docs/current/transition-and-as-built.md; docs/current/TAD-infrastructure.md; sources/implementation_backlog.csv,Perform each documented assertion on the actual approved service using independent observations and measured time/data outcomes; inspect exact versions and residual risks.,CT-049; CT-057; CT-058; CT-066,"NATIVE_NOT_RUN; related local fixtures/engine checks are narrower evidence, not satisfaction","Reference procedures and local fixtures do not provide the selected operational infrastructure, measured recovery/HA, native supply-chain response or disposition authority.","PROPOSED_ALLOCATION; actual applicability, named authority and evidence assignment pending",RA §25; RA §27,Not selected; explicit scope rationale and authority required before any N/A disposition
IR-002.A06,IR-002,"Incident procedures SHALL define authority, scoped containment, evidence custody, coordination, recovery acceptance and reconciliation of emergency changes; containment release SHALL be explicit and attributable.",Recovery acceptance,Incident response,"Actual operational service, independent telemetry, capacity/failure domains and lifecycle authorities",EXTERNAL_OPERATING_SERVICE_OR_CONTROL_REQUIRED,"Owned runbook/service configuration, measured limits, dependency inventory and actual incident/recovery/retention acceptance record — specifically: Recovery acceptance",docs/current/transition-and-as-built.md; docs/current/TAD-infrastructure.md; sources/implementation_backlog.csv,Perform each documented assertion on the actual approved service using independent observations and measured time/data outcomes; inspect exact versions and residual risks.,CT-049; CT-057; CT-058; CT-066,"NATIVE_NOT_RUN; related local fixtures/engine checks are narrower evidence, not satisfaction","Reference procedures and local fixtures do not provide the selected operational infrastructure, measured recovery/HA, native supply-chain response or disposition authority.","PROPOSED_ALLOCATION; actual applicability, named authority and evidence assignment pending",RA §25; RA §27,Not selected; explicit scope rationale and authority required before any N/A disposition
IR-002.A07,IR-002,"Incident procedures SHALL define authority, scoped containment, evidence custody, coordination, recovery acceptance and reconciliation of emergency changes; containment release SHALL be explicit and attributable.",Emergency change reconciliation,Incident response,"Actual operational service, independent telemetry, capacity/failure domains and lifecycle authorities",EXTERNAL_OPERATING_SERVICE_OR_CONTROL_REQUIRED,"Owned runbook/service configuration, measured limits, dependency inventory and actual incident/recovery/retention acceptance record — specifically: Emergency change reconciliation",docs/current/transition-and-as-built.md; docs/current/TAD-infrastructure.md; sources/implementation_backlog.csv,Perform each documented assertion on the actual approved service using independent observations and measured time/data outcomes; inspect exact versions and residual risks.,CT-049; CT-057; CT-058; CT-066,"NATIVE_NOT_RUN; related local fixtures/engine checks are narrower evidence, not satisfaction","Reference procedures and local fixtures do not provide the selected operational infrastructure, measured recovery/HA, native supply-chain response or disposition authority.","PROPOSED_ALLOCATION; actual applicability, named authority and evidence assignment pending",RA §25; RA §27,Not selected; explicit scope rationale and authority required before any N/A disposition
IR-002.A08,IR-002,"Incident procedures SHALL define authority, scoped containment, evidence custody, coordination, recovery acceptance and reconciliation of emergency changes; containment release SHALL be explicit and attributable.",Explicit attributable containment release,Incident response,"Actual operational service, independent telemetry, capacity/failure domains and lifecycle authorities",EXTERNAL_OPERATING_SERVICE_OR_CONTROL_REQUIRED,"Owned runbook/service configuration, measured limits, dependency inventory and actual incident/recovery/retention acceptance record — specifically: Explicit attributable containment release",docs/current/transition-and-as-built.md; docs/current/TAD-infrastructure.md; sources/implementation_backlog.csv,Perform each documented assertion on the actual approved service using independent observations and measured time/data outcomes; inspect exact versions and residual risks.,CT-049; CT-057; CT-058; CT-066,"NATIVE_NOT_RUN; related local fixtures/engine checks are narrower evidence, not satisfaction","Reference procedures and local fixtures do not provide the selected operational infrastructure, measured recovery/HA, native supply-chain response or disposition authority.","PROPOSED_ALLOCATION; actual applicability, named authority and evidence assignment pending",RA §25; RA §27,Not selected; explicit scope rationale and authority required before any N/A disposition
LIFE-001.A01,LIFE-001,Offboarding SHALL remove obsolete routes and policy objects and SHALL produce evidence of completion.,Complete source obligation; all applicable clauses must be satisfied: Offboarding SHALL remove obsolete routes and policy objects and SHALL produce evidence of completion.,Service management,"Actual operational service, independent telemetry, capacity/failure domains and lifecycle authorities",EXTERNAL_OPERATING_SERVICE_OR_CONTROL_REQUIRED,"Owned runbook/service configuration, measured limits, dependency inventory and actual incident/recovery/retention acceptance record — specifically: Complete source obligation; all applicable clauses must be satisfied: Offboarding SHALL remove obsolete routes and policy objects and SHALL produce evidence of completion.",docs/current/transition-and-as-built.md; docs/current/TAD-infrastructure.md; sources/implementation_backlog.csv,Perform each documented assertion on the actual approved service using independent observations and measured time/data outcomes; inspect exact versions and residual risks.,CT-013; CT-059; CT-070,"NATIVE_NOT_RUN; related local fixtures/engine checks are narrower evidence, not satisfaction","Reference procedures and local fixtures do not provide the selected operational infrastructure, measured recovery/HA, native supply-chain response or disposition authority.","PROPOSED_ALLOCATION; actual applicability, named authority and evidence assignment pending",RA §27,Not selected; explicit scope rationale and authority required before any N/A disposition
LIFE-002.A01,LIFE-002,"Retirement SHALL distinguish live-service removal from retained-data obligations and SHALL verify identity, DNS, route, policy, attachment, copy and key lifecycle without deleting shared or held resources.","Complete source obligation; all applicable clauses must be satisfied: Retirement SHALL distinguish live-service removal from retained-data obligations and SHALL verify identity, DNS, route, policy, attachment, copy and key lifecycle without deleting shared or held resources.",Service management,"Actual operational service, independent telemetry, capacity/failure domains and lifecycle authorities",EXTERNAL_OPERATING_SERVICE_OR_CONTROL_REQUIRED,"Owned runbook/service configuration, measured limits, dependency inventory and actual incident/recovery/retention acceptance record — specifically: Complete source obligation; all applicable clauses must be satisfied: Retirement SHALL distinguish live-service removal from retained-data obligations and SHALL verify identity, DNS, route, policy, attachment, copy and key lifecycle without deleting shared or held resources.",docs/current/transition-and-as-built.md; docs/current/TAD-infrastructure.md; sources/implementation_backlog.csv,Perform each documented assertion on the actual approved service using independent observations and measured time/data outcomes; inspect exact versions and residual risks.,CT-013; CT-053; CT-059; CT-070; CT-078,"NATIVE_NOT_RUN; related local fixtures/engine checks are narrower evidence, not satisfaction","Reference procedures and local fixtures do not provide the selected operational infrastructure, measured recovery/HA, native supply-chain response or disposition authority.","PROPOSED_ALLOCATION; actual applicability, named authority and evidence assignment pending",RA §27,Not selected; explicit scope rationale and authority required before any N/A disposition
LIFE-002.A02,LIFE-002,"Retirement SHALL distinguish live-service removal from retained-data obligations and SHALL verify identity, DNS, route, policy, attachment, copy and key lifecycle without deleting shared or held resources.",Live service removal separate from retention,Service management,"Actual operational service, independent telemetry, capacity/failure domains and lifecycle authorities",EXTERNAL_OPERATING_SERVICE_OR_CONTROL_REQUIRED,"Owned runbook/service configuration, measured limits, dependency inventory and actual incident/recovery/retention acceptance record — specifically: Live service removal separate from retention",docs/current/transition-and-as-built.md; docs/current/TAD-infrastructure.md; sources/implementation_backlog.csv,Perform each documented assertion on the actual approved service using independent observations and measured time/data outcomes; inspect exact versions and residual risks.,CT-013; CT-053; CT-059; CT-070; CT-078,"NATIVE_NOT_RUN; related local fixtures/engine checks are narrower evidence, not satisfaction","Reference procedures and local fixtures do not provide the selected operational infrastructure, measured recovery/HA, native supply-chain response or disposition authority.","PROPOSED_ALLOCATION; actual applicability, named authority and evidence assignment pending",RA §27,Not selected; explicit scope rationale and authority required before any N/A disposition
LIFE-002.A03,LIFE-002,"Retirement SHALL distinguish live-service removal from retained-data obligations and SHALL verify identity, DNS, route, policy, attachment, copy and key lifecycle without deleting shared or held resources.",Identity retirement,Service management,"Actual operational service, independent telemetry, capacity/failure domains and lifecycle authorities",EXTERNAL_OPERATING_SERVICE_OR_CONTROL_REQUIRED,"Owned runbook/service configuration, measured limits, dependency inventory and actual incident/recovery/retention acceptance record — specifically: Identity retirement",docs/current/transition-and-as-built.md; docs/current/TAD-infrastructure.md; sources/implementation_backlog.csv,Perform each documented assertion on the actual approved service using independent observations and measured time/data outcomes; inspect exact versions and residual risks.,CT-013; CT-053; CT-059; CT-070; CT-078,"NATIVE_NOT_RUN; related local fixtures/engine checks are narrower evidence, not satisfaction","Reference procedures and local fixtures do not provide the selected operational infrastructure, measured recovery/HA, native supply-chain response or disposition authority.","PROPOSED_ALLOCATION; actual applicability, named authority and evidence assignment pending",RA §27,Not selected; explicit scope rationale and authority required before any N/A disposition
LIFE-002.A04,LIFE-002,"Retirement SHALL distinguish live-service removal from retained-data obligations and SHALL verify identity, DNS, route, policy, attachment, copy and key lifecycle without deleting shared or held resources.",DNS retirement,Service management,"Actual operational service, independent telemetry, capacity/failure domains and lifecycle authorities",EXTERNAL_OPERATING_SERVICE_OR_CONTROL_REQUIRED,"Owned runbook/service configuration, measured limits, dependency inventory and actual incident/recovery/retention acceptance record — specifically: DNS retirement",docs/current/transition-and-as-built.md; docs/current/TAD-infrastructure.md; sources/implementation_backlog.csv,Perform each documented assertion on the actual approved service using independent observations and measured time/data outcomes; inspect exact versions and residual risks.,CT-013; CT-053; CT-059; CT-070; CT-078,"NATIVE_NOT_RUN; related local fixtures/engine checks are narrower evidence, not satisfaction","Reference procedures and local fixtures do not provide the selected operational infrastructure, measured recovery/HA, native supply-chain response or disposition authority.","PROPOSED_ALLOCATION; actual applicability, named authority and evidence assignment pending",RA §27,Not selected; explicit scope rationale and authority required before any N/A disposition
LIFE-002.A05,LIFE-002,"Retirement SHALL distinguish live-service removal from retained-data obligations and SHALL verify identity, DNS, route, policy, attachment, copy and key lifecycle without deleting shared or held resources.",Route retirement,Service management,"Actual operational service, independent telemetry, capacity/failure domains and lifecycle authorities",EXTERNAL_OPERATING_SERVICE_OR_CONTROL_REQUIRED,"Owned runbook/service configuration, measured limits, dependency inventory and actual incident/recovery/retention acceptance record — specifically: Route retirement",docs/current/transition-and-as-built.md; docs/current/TAD-infrastructure.md; sources/implementation_backlog.csv,Perform each documented assertion on the actual approved service using independent observations and measured time/data outcomes; inspect exact versions and residual risks.,CT-013; CT-053; CT-059; CT-070; CT-078,"NATIVE_NOT_RUN; related local fixtures/engine checks are narrower evidence, not satisfaction","Reference procedures and local fixtures do not provide the selected operational infrastructure, measured recovery/HA, native supply-chain response or disposition authority.","PROPOSED_ALLOCATION; actual applicability, named authority and evidence assignment pending",RA §27,Not selected; explicit scope rationale and authority required before any N/A disposition
LIFE-002.A06,LIFE-002,"Retirement SHALL distinguish live-service removal from retained-data obligations and SHALL verify identity, DNS, route, policy, attachment, copy and key lifecycle without deleting shared or held resources.",Policy retirement,Service management,"Actual operational service, independent telemetry, capacity/failure domains and lifecycle authorities",EXTERNAL_OPERATING_SERVICE_OR_CONTROL_REQUIRED,"Owned runbook/service configuration, measured limits, dependency inventory and actual incident/recovery/retention acceptance record — specifically: Policy retirement",docs/current/transition-and-as-built.md; docs/current/TAD-infrastructure.md; sources/implementation_backlog.csv,Perform each documented assertion on the actual approved service using independent observations and measured time/data outcomes; inspect exact versions and residual risks.,CT-013; CT-053; CT-059; CT-070; CT-078,"NATIVE_NOT_RUN; related local fixtures/engine checks are narrower evidence, not satisfaction","Reference procedures and local fixtures do not provide the selected operational infrastructure, measured recovery/HA, native supply-chain response or disposition authority.","PROPOSED_ALLOCATION; actual applicability, named authority and evidence assignment pending",RA §27,Not selected; explicit scope rationale and authority required before any N/A disposition
LIFE-002.A07,LIFE-002,"Retirement SHALL distinguish live-service removal from retained-data obligations and SHALL verify identity, DNS, route, policy, attachment, copy and key lifecycle without deleting shared or held resources.",Attachment cleanup,Service management,"Actual operational service, independent telemetry, capacity/failure domains and lifecycle authorities",EXTERNAL_OPERATING_SERVICE_OR_CONTROL_REQUIRED,"Owned runbook/service configuration, measured limits, dependency inventory and actual incident/recovery/retention acceptance record — specifically: Attachment cleanup",docs/current/transition-and-as-built.md; docs/current/TAD-infrastructure.md; sources/implementation_backlog.csv,Perform each documented assertion on the actual approved service using independent observations and measured time/data outcomes; inspect exact versions and residual risks.,CT-013; CT-053; CT-059; CT-070; CT-078,"NATIVE_NOT_RUN; related local fixtures/engine checks are narrower evidence, not satisfaction","Reference procedures and local fixtures do not provide the selected operational infrastructure, measured recovery/HA, native supply-chain response or disposition authority.","PROPOSED_ALLOCATION; actual applicability, named authority and evidence assignment pending",RA §27,Not selected; explicit scope rationale and authority required before any N/A disposition
LIFE-002.A08,LIFE-002,"Retirement SHALL distinguish live-service removal from retained-data obligations and SHALL verify identity, DNS, route, policy, attachment, copy and key lifecycle without deleting shared or held resources.",Retained copies have an owner,Service management,"Actual operational service, independent telemetry, capacity/failure domains and lifecycle authorities",EXTERNAL_OPERATING_SERVICE_OR_CONTROL_REQUIRED,"Owned runbook/service configuration, measured limits, dependency inventory and actual incident/recovery/retention acceptance record — specifically: Retained copies have an owner",docs/current/transition-and-as-built.md; docs/current/TAD-infrastructure.md; sources/implementation_backlog.csv,Perform each documented assertion on the actual approved service using independent observations and measured time/data outcomes; inspect exact versions and residual risks.,CT-013; CT-053; CT-059; CT-070; CT-078,"NATIVE_NOT_RUN; related local fixtures/engine checks are narrower evidence, not satisfaction","Reference procedures and local fixtures do not provide the selected operational infrastructure, measured recovery/HA, native supply-chain response or disposition authority.","PROPOSED_ALLOCATION; actual applicability, named authority and evidence assignment pending",RA §27,Not selected; explicit scope rationale and authority required before any N/A disposition
LIFE-002.A09,LIFE-002,"Retirement SHALL distinguish live-service removal from retained-data obligations and SHALL verify identity, DNS, route, policy, attachment, copy and key lifecycle without deleting shared or held resources.",Key lifecycle preserved,Service management,"Actual operational service, independent telemetry, capacity/failure domains and lifecycle authorities",EXTERNAL_OPERATING_SERVICE_OR_CONTROL_REQUIRED,"Owned runbook/service configuration, measured limits, dependency inventory and actual incident/recovery/retention acceptance record — specifically: Key lifecycle preserved",docs/current/transition-and-as-built.md; docs/current/TAD-infrastructure.md; sources/implementation_backlog.csv,Perform each documented assertion on the actual approved service using independent observations and measured time/data outcomes; inspect exact versions and residual risks.,CT-013; CT-053; CT-059; CT-070; CT-078,"NATIVE_NOT_RUN; related local fixtures/engine checks are narrower evidence, not satisfaction","Reference procedures and local fixtures do not provide the selected operational infrastructure, measured recovery/HA, native supply-chain response or disposition authority.","PROPOSED_ALLOCATION; actual applicability, named authority and evidence assignment pending",RA §27,Not selected; explicit scope rationale and authority required before any N/A disposition
LIFE-002.A10,LIFE-002,"Retirement SHALL distinguish live-service removal from retained-data obligations and SHALL verify identity, DNS, route, policy, attachment, copy and key lifecycle without deleting shared or held resources.",Shared or held resources not deleted,Service management,"Actual operational service, independent telemetry, capacity/failure domains and lifecycle authorities",EXTERNAL_OPERATING_SERVICE_OR_CONTROL_REQUIRED,"Owned runbook/service configuration, measured limits, dependency inventory and actual incident/recovery/retention acceptance record — specifically: Shared or held resources not deleted",docs/current/transition-and-as-built.md; docs/current/TAD-infrastructure.md; sources/implementation_backlog.csv,Perform each documented assertion on the actual approved service using independent observations and measured time/data outcomes; inspect exact versions and residual risks.,CT-013; CT-053; CT-059; CT-070; CT-078,"NATIVE_NOT_RUN; related local fixtures/engine checks are narrower evidence, not satisfaction","Reference procedures and local fixtures do not provide the selected operational infrastructure, measured recovery/HA, native supply-chain response or disposition authority.","PROPOSED_ALLOCATION; actual applicability, named authority and evidence assignment pending",RA §27,Not selected; explicit scope rationale and authority required before any N/A disposition
LIFE-003.A01,LIFE-003,Sanitization SHALL use an approved media-appropriate method with copy/key-scope evidence; deletion of a resource record SHALL NOT alone constitute proof of data destruction.,Complete source obligation; all applicable clauses must be satisfied: Sanitization SHALL use an approved media-appropriate method with copy/key-scope evidence; deletion of a resource record SHALL NOT alone constitute proof of data destruction.,Data owner,"Actual operational service, independent telemetry, capacity/failure domains and lifecycle authorities",EXTERNAL_OPERATING_SERVICE_OR_CONTROL_REQUIRED,"Owned runbook/service configuration, measured limits, dependency inventory and actual incident/recovery/retention acceptance record — specifically: Complete source obligation; all applicable clauses must be satisfied: Sanitization SHALL use an approved media-appropriate method with copy/key-scope evidence; deletion of a resource record SHALL NOT alone constitute proof of data destruction.",docs/current/transition-and-as-built.md; docs/current/TAD-infrastructure.md; sources/implementation_backlog.csv,Perform each documented assertion on the actual approved service using independent observations and measured time/data outcomes; inspect exact versions and residual risks.,CT-053; CT-059,"NATIVE_NOT_RUN; related local fixtures/engine checks are narrower evidence, not satisfaction","Reference procedures and local fixtures do not provide the selected operational infrastructure, measured recovery/HA, native supply-chain response or disposition authority.","PROPOSED_ALLOCATION; actual applicability, named authority and evidence assignment pending",RA §27,Not selected; explicit scope rationale and authority required before any N/A disposition
LIFE-003.A02,LIFE-003,Sanitization SHALL use an approved media-appropriate method with copy/key-scope evidence; deletion of a resource record SHALL NOT alone constitute proof of data destruction.,Sanitization SHALL use an approved media-appropriate method with copy/key-scope evidence,Data owner,"Actual operational service, independent telemetry, capacity/failure domains and lifecycle authorities",EXTERNAL_OPERATING_SERVICE_OR_CONTROL_REQUIRED,"Owned runbook/service configuration, measured limits, dependency inventory and actual incident/recovery/retention acceptance record — specifically: Sanitization SHALL use an approved media-appropriate method with copy/key-scope evidence",docs/current/transition-and-as-built.md; docs/current/TAD-infrastructure.md; sources/implementation_backlog.csv,Perform each documented assertion on the actual approved service using independent observations and measured time/data outcomes; inspect exact versions and residual risks.,CT-053; CT-059,"NATIVE_NOT_RUN; related local fixtures/engine checks are narrower evidence, not satisfaction","Reference procedures and local fixtures do not provide the selected operational infrastructure, measured recovery/HA, native supply-chain response or disposition authority.","PROPOSED_ALLOCATION; actual applicability, named authority and evidence assignment pending",RA §27,Not selected; explicit scope rationale and authority required before any N/A disposition
LIFE-003.A03,LIFE-003,Sanitization SHALL use an approved media-appropriate method with copy/key-scope evidence; deletion of a resource record SHALL NOT alone constitute proof of data destruction.,deletion of a resource record SHALL NOT alone constitute proof of data destruction.,Data owner,"Actual operational service, independent telemetry, capacity/failure domains and lifecycle authorities",EXTERNAL_OPERATING_SERVICE_OR_CONTROL_REQUIRED,"Owned runbook/service configuration, measured limits, dependency inventory and actual incident/recovery/retention acceptance record — specifically: deletion of a resource record SHALL NOT alone constitute proof of data destruction.",docs/current/transition-and-as-built.md; docs/current/TAD-infrastructure.md; sources/implementation_backlog.csv,Perform each documented assertion on the actual approved service using independent observations and measured time/data outcomes; inspect exact versions and residual risks.,CT-053; CT-059,"NATIVE_NOT_RUN; related local fixtures/engine checks are narrower evidence, not satisfaction","Reference procedures and local fixtures do not provide the selected operational infrastructure, measured recovery/HA, native supply-chain response or disposition authority.","PROPOSED_ALLOCATION; actual applicability, named authority and evidence assignment pending",RA §27,Not selected; explicit scope rationale and authority required before any N/A disposition
MIG-001.A01,MIG-001,Migration connectivity SHALL be time-bound unless explicitly converted to an approved steady-state connection.,Complete source obligation; all applicable clauses must be satisfied: Migration connectivity SHALL be time-bound unless explicitly converted to an approved steady-state connection.,Migration owner,"Actual operational service, independent telemetry, capacity/failure domains and lifecycle authorities",EXTERNAL_OPERATING_SERVICE_OR_CONTROL_REQUIRED,"Owned runbook/service configuration, measured limits, dependency inventory and actual incident/recovery/retention acceptance record — specifically: Complete source obligation; all applicable clauses must be satisfied: Migration connectivity SHALL be time-bound unless explicitly converted to an approved steady-state connection.",docs/current/transition-and-as-built.md; docs/current/TAD-infrastructure.md; sources/implementation_backlog.csv,Perform each documented assertion on the actual approved service using independent observations and measured time/data outcomes; inspect exact versions and residual risks.,CT-058; CT-060; CT-076,"NATIVE_NOT_RUN; related local fixtures/engine checks are narrower evidence, not satisfaction","Reference procedures and local fixtures do not provide the selected operational infrastructure, measured recovery/HA, native supply-chain response or disposition authority.","PROPOSED_ALLOCATION; actual applicability, named authority and evidence assignment pending",RA §27,Not selected; explicit scope rationale and authority required before any N/A disposition
MIG-002.A01,MIG-002,Migration flows SHALL traverse an approved security edge when they cross security-domain boundaries.,Complete source obligation; all applicable clauses must be satisfied: Migration flows SHALL traverse an approved security edge when they cross security-domain boundaries.,Migration owner,"Actual operational service, independent telemetry, capacity/failure domains and lifecycle authorities",EXTERNAL_OPERATING_SERVICE_OR_CONTROL_REQUIRED,"Owned runbook/service configuration, measured limits, dependency inventory and actual incident/recovery/retention acceptance record — specifically: Complete source obligation; all applicable clauses must be satisfied: Migration flows SHALL traverse an approved security edge when they cross security-domain boundaries.",docs/current/transition-and-as-built.md; docs/current/TAD-infrastructure.md; sources/implementation_backlog.csv,Perform each documented assertion on the actual approved service using independent observations and measured time/data outcomes; inspect exact versions and residual risks.,CT-003; CT-060,"NATIVE_NOT_RUN; related local fixtures/engine checks are narrower evidence, not satisfaction","Reference procedures and local fixtures do not provide the selected operational infrastructure, measured recovery/HA, native supply-chain response or disposition authority.","PROPOSED_ALLOCATION; actual applicability, named authority and evidence assignment pending",RA §27,Not selected; explicit scope rationale and authority required before any N/A disposition
MIG-003.A01,MIG-003,"Migration and exit rehearsals SHALL validate data/application consistency, identity/key dependencies, equivalent security outcomes, fencing/cutover, rollback feasibility and complete transition teardown.","Complete source obligation; all applicable clauses must be satisfied: Migration and exit rehearsals SHALL validate data/application consistency, identity/key dependencies, equivalent security outcomes, fencing/cutover, rollback feasibility and complete transition teardown.",Migration owner,"Actual operational service, independent telemetry, capacity/failure domains and lifecycle authorities",EXTERNAL_OPERATING_SERVICE_OR_CONTROL_REQUIRED,"Owned runbook/service configuration, measured limits, dependency inventory and actual incident/recovery/retention acceptance record — specifically: Complete source obligation; all applicable clauses must be satisfied: Migration and exit rehearsals SHALL validate data/application consistency, identity/key dependencies, equivalent security outcomes, fencing/cutover, rollback feasibility and complete transition teardown.",docs/current/transition-and-as-built.md; docs/current/TAD-infrastructure.md; sources/implementation_backlog.csv,Perform each documented assertion on the actual approved service using independent observations and measured time/data outcomes; inspect exact versions and residual risks.,CT-054; CT-060; CT-073; CT-078,"NATIVE_NOT_RUN; related local fixtures/engine checks are narrower evidence, not satisfaction","Reference procedures and local fixtures do not provide the selected operational infrastructure, measured recovery/HA, native supply-chain response or disposition authority.","PROPOSED_ALLOCATION; actual applicability, named authority and evidence assignment pending",RA §27,Not selected; explicit scope rationale and authority required before any N/A disposition
MIG-003.A02,MIG-003,"Migration and exit rehearsals SHALL validate data/application consistency, identity/key dependencies, equivalent security outcomes, fencing/cutover, rollback feasibility and complete transition teardown.",Data/application consistency,Migration owner,"Actual operational service, independent telemetry, capacity/failure domains and lifecycle authorities",EXTERNAL_OPERATING_SERVICE_OR_CONTROL_REQUIRED,"Owned runbook/service configuration, measured limits, dependency inventory and actual incident/recovery/retention acceptance record — specifically: Data/application consistency",docs/current/transition-and-as-built.md; docs/current/TAD-infrastructure.md; sources/implementation_backlog.csv,Perform each documented assertion on the actual approved service using independent observations and measured time/data outcomes; inspect exact versions and residual risks.,CT-054; CT-060; CT-073; CT-078,"NATIVE_NOT_RUN; related local fixtures/engine checks are narrower evidence, not satisfaction","Reference procedures and local fixtures do not provide the selected operational infrastructure, measured recovery/HA, native supply-chain response or disposition authority.","PROPOSED_ALLOCATION; actual applicability, named authority and evidence assignment pending",RA §27,Not selected; explicit scope rationale and authority required before any N/A disposition
MIG-003.A03,MIG-003,"Migration and exit rehearsals SHALL validate data/application consistency, identity/key dependencies, equivalent security outcomes, fencing/cutover, rollback feasibility and complete transition teardown.",Identity dependencies,Migration owner,"Actual operational service, independent telemetry, capacity/failure domains and lifecycle authorities",EXTERNAL_OPERATING_SERVICE_OR_CONTROL_REQUIRED,"Owned runbook/service configuration, measured limits, dependency inventory and actual incident/recovery/retention acceptance record — specifically: Identity dependencies",docs/current/transition-and-as-built.md; docs/current/TAD-infrastructure.md; sources/implementation_backlog.csv,Perform each documented assertion on the actual approved service using independent observations and measured time/data outcomes; inspect exact versions and residual risks.,CT-054; CT-060; CT-073; CT-078,"NATIVE_NOT_RUN; related local fixtures/engine checks are narrower evidence, not satisfaction","Reference procedures and local fixtures do not provide the selected operational infrastructure, measured recovery/HA, native supply-chain response or disposition authority.","PROPOSED_ALLOCATION; actual applicability, named authority and evidence assignment pending",RA §27,Not selected; explicit scope rationale and authority required before any N/A disposition
MIG-003.A04,MIG-003,"Migration and exit rehearsals SHALL validate data/application consistency, identity/key dependencies, equivalent security outcomes, fencing/cutover, rollback feasibility and complete transition teardown.",Key dependencies,Migration owner,"Actual operational service, independent telemetry, capacity/failure domains and lifecycle authorities",EXTERNAL_OPERATING_SERVICE_OR_CONTROL_REQUIRED,"Owned runbook/service configuration, measured limits, dependency inventory and actual incident/recovery/retention acceptance record — specifically: Key dependencies",docs/current/transition-and-as-built.md; docs/current/TAD-infrastructure.md; sources/implementation_backlog.csv,Perform each documented assertion on the actual approved service using independent observations and measured time/data outcomes; inspect exact versions and residual risks.,CT-054; CT-060; CT-073; CT-078,"NATIVE_NOT_RUN; related local fixtures/engine checks are narrower evidence, not satisfaction","Reference procedures and local fixtures do not provide the selected operational infrastructure, measured recovery/HA, native supply-chain response or disposition authority.","PROPOSED_ALLOCATION; actual applicability, named authority and evidence assignment pending",RA §27,Not selected; explicit scope rationale and authority required before any N/A disposition
MIG-003.A05,MIG-003,"Migration and exit rehearsals SHALL validate data/application consistency, identity/key dependencies, equivalent security outcomes, fencing/cutover, rollback feasibility and complete transition teardown.",Equivalent security outcomes,Migration owner,"Actual operational service, independent telemetry, capacity/failure domains and lifecycle authorities",EXTERNAL_OPERATING_SERVICE_OR_CONTROL_REQUIRED,"Owned runbook/service configuration, measured limits, dependency inventory and actual incident/recovery/retention acceptance record — specifically: Equivalent security outcomes",docs/current/transition-and-as-built.md; docs/current/TAD-infrastructure.md; sources/implementation_backlog.csv,Perform each documented assertion on the actual approved service using independent observations and measured time/data outcomes; inspect exact versions and residual risks.,CT-054; CT-060; CT-073; CT-078,"NATIVE_NOT_RUN; related local fixtures/engine checks are narrower evidence, not satisfaction","Reference procedures and local fixtures do not provide the selected operational infrastructure, measured recovery/HA, native supply-chain response or disposition authority.","PROPOSED_ALLOCATION; actual applicability, named authority and evidence assignment pending",RA §27,Not selected; explicit scope rationale and authority required before any N/A disposition
MIG-003.A06,MIG-003,"Migration and exit rehearsals SHALL validate data/application consistency, identity/key dependencies, equivalent security outcomes, fencing/cutover, rollback feasibility and complete transition teardown.",Writer fencing and cutover,Migration owner,"Actual operational service, independent telemetry, capacity/failure domains and lifecycle authorities",EXTERNAL_OPERATING_SERVICE_OR_CONTROL_REQUIRED,"Owned runbook/service configuration, measured limits, dependency inventory and actual incident/recovery/retention acceptance record — specifically: Writer fencing and cutover",docs/current/transition-and-as-built.md; docs/current/TAD-infrastructure.md; sources/implementation_backlog.csv,Perform each documented assertion on the actual approved service using independent observations and measured time/data outcomes; inspect exact versions and residual risks.,CT-054; CT-060; CT-073; CT-078,"NATIVE_NOT_RUN; related local fixtures/engine checks are narrower evidence, not satisfaction","Reference procedures and local fixtures do not provide the selected operational infrastructure, measured recovery/HA, native supply-chain response or disposition authority.","PROPOSED_ALLOCATION; actual applicability, named authority and evidence assignment pending",RA §27,Not selected; explicit scope rationale and authority required before any N/A disposition
MIG-003.A07,MIG-003,"Migration and exit rehearsals SHALL validate data/application consistency, identity/key dependencies, equivalent security outcomes, fencing/cutover, rollback feasibility and complete transition teardown.",Rollback feasibility after target writes,Migration owner,"Actual operational service, independent telemetry, capacity/failure domains and lifecycle authorities",EXTERNAL_OPERATING_SERVICE_OR_CONTROL_REQUIRED,"Owned runbook/service configuration, measured limits, dependency inventory and actual incident/recovery/retention acceptance record — specifically: Rollback feasibility after target writes",docs/current/transition-and-as-built.md; docs/current/TAD-infrastructure.md; sources/implementation_backlog.csv,Perform each documented assertion on the actual approved service using independent observations and measured time/data outcomes; inspect exact versions and residual risks.,CT-054; CT-060; CT-073; CT-078,"NATIVE_NOT_RUN; related local fixtures/engine checks are narrower evidence, not satisfaction","Reference procedures and local fixtures do not provide the selected operational infrastructure, measured recovery/HA, native supply-chain response or disposition authority.","PROPOSED_ALLOCATION; actual applicability, named authority and evidence assignment pending",RA §27,Not selected; explicit scope rationale and authority required before any N/A disposition
MIG-003.A08,MIG-003,"Migration and exit rehearsals SHALL validate data/application consistency, identity/key dependencies, equivalent security outcomes, fencing/cutover, rollback feasibility and complete transition teardown.",Complete temporary access teardown,Migration owner,"Actual operational service, independent telemetry, capacity/failure domains and lifecycle authorities",EXTERNAL_OPERATING_SERVICE_OR_CONTROL_REQUIRED,"Owned runbook/service configuration, measured limits, dependency inventory and actual incident/recovery/retention acceptance record — specifically: Complete temporary access teardown",docs/current/transition-and-as-built.md; docs/current/TAD-infrastructure.md; sources/implementation_backlog.csv,Perform each documented assertion on the actual approved service using independent observations and measured time/data outcomes; inspect exact versions and residual risks.,CT-054; CT-060; CT-073; CT-078,"NATIVE_NOT_RUN; related local fixtures/engine checks are narrower evidence, not satisfaction","Reference procedures and local fixtures do not provide the selected operational infrastructure, measured recovery/HA, native supply-chain response or disposition authority.","PROPOSED_ALLOCATION; actual applicability, named authority and evidence assignment pending",RA §27,Not selected; explicit scope rationale and authority required before any N/A disposition
OPS-001.A01,OPS-001,"Each service SHALL publish a provider/tenant/shared control responsibility matrix and accountable decision owners for its complete lifecycle, including inherited controls, support access and data disposal.","Complete source obligation; all applicable clauses must be satisfied: Each service SHALL publish a provider/tenant/shared control responsibility matrix and accountable decision owners for its complete lifecycle, including inherited controls, support access and data disposal.",Service management,"Actual operational service, independent telemetry, capacity/failure domains and lifecycle authorities",EXTERNAL_OPERATING_SERVICE_OR_CONTROL_REQUIRED,"Owned runbook/service configuration, measured limits, dependency inventory and actual incident/recovery/retention acceptance record — specifically: Complete source obligation; all applicable clauses must be satisfied: Each service SHALL publish a provider/tenant/shared control responsibility matrix and accountable decision owners for its complete lifecycle, including inherited controls, support access and data disposal.",docs/current/transition-and-as-built.md; docs/current/TAD-infrastructure.md; sources/implementation_backlog.csv,Perform each documented assertion on the actual approved service using independent observations and measured time/data outcomes; inspect exact versions and residual risks.,CT-019; CT-062; CT-079,"NATIVE_NOT_RUN; related local fixtures/engine checks are narrower evidence, not satisfaction","Reference procedures and local fixtures do not provide the selected operational infrastructure, measured recovery/HA, native supply-chain response or disposition authority.","PROPOSED_ALLOCATION; actual applicability, named authority and evidence assignment pending",RA §20; RA §26,Not selected; explicit scope rationale and authority required before any N/A disposition
OPS-002.A01,OPS-002,"Production handover SHALL include owner/escalation, dependency, SLO/recovery, capacity, monitoring, runbook, support/version and evidence records; privileged access SHALL be reviewed against the actual authority model.","Complete source obligation; all applicable clauses must be satisfied: Production handover SHALL include owner/escalation, dependency, SLO/recovery, capacity, monitoring, runbook, support/version and evidence records; privileged access SHALL be reviewed against the actual authority model.",Service management,"Actual operational service, independent telemetry, capacity/failure domains and lifecycle authorities",EXTERNAL_OPERATING_SERVICE_OR_CONTROL_REQUIRED,"Owned runbook/service configuration, measured limits, dependency inventory and actual incident/recovery/retention acceptance record — specifically: Complete source obligation; all applicable clauses must be satisfied: Production handover SHALL include owner/escalation, dependency, SLO/recovery, capacity, monitoring, runbook, support/version and evidence records; privileged access SHALL be reviewed against the actual authority model.",docs/current/transition-and-as-built.md; docs/current/TAD-infrastructure.md; sources/implementation_backlog.csv,Perform each documented assertion on the actual approved service using independent observations and measured time/data outcomes; inspect exact versions and residual risks.,CT-019; CT-062; CT-069,"NATIVE_NOT_RUN; related local fixtures/engine checks are narrower evidence, not satisfaction","Reference procedures and local fixtures do not provide the selected operational infrastructure, measured recovery/HA, native supply-chain response or disposition authority.","PROPOSED_ALLOCATION; actual applicability, named authority and evidence assignment pending",RA §20; RA §26,Not selected; explicit scope rationale and authority required before any N/A disposition
OPS-002.A02,OPS-002,"Production handover SHALL include owner/escalation, dependency, SLO/recovery, capacity, monitoring, runbook, support/version and evidence records; privileged access SHALL be reviewed against the actual authority model.",Owner and escalation record,Service management,"Actual operational service, independent telemetry, capacity/failure domains and lifecycle authorities",EXTERNAL_OPERATING_SERVICE_OR_CONTROL_REQUIRED,"Owned runbook/service configuration, measured limits, dependency inventory and actual incident/recovery/retention acceptance record — specifically: Owner and escalation record",docs/current/transition-and-as-built.md; docs/current/TAD-infrastructure.md; sources/implementation_backlog.csv,Perform each documented assertion on the actual approved service using independent observations and measured time/data outcomes; inspect exact versions and residual risks.,CT-019; CT-062; CT-069,"NATIVE_NOT_RUN; related local fixtures/engine checks are narrower evidence, not satisfaction","Reference procedures and local fixtures do not provide the selected operational infrastructure, measured recovery/HA, native supply-chain response or disposition authority.","PROPOSED_ALLOCATION; actual applicability, named authority and evidence assignment pending",RA §20; RA §26,Not selected; explicit scope rationale and authority required before any N/A disposition
OPS-002.A03,OPS-002,"Production handover SHALL include owner/escalation, dependency, SLO/recovery, capacity, monitoring, runbook, support/version and evidence records; privileged access SHALL be reviewed against the actual authority model.",Dependency inventory,Service management,"Actual operational service, independent telemetry, capacity/failure domains and lifecycle authorities",EXTERNAL_OPERATING_SERVICE_OR_CONTROL_REQUIRED,"Owned runbook/service configuration, measured limits, dependency inventory and actual incident/recovery/retention acceptance record — specifically: Dependency inventory",docs/current/transition-and-as-built.md; docs/current/TAD-infrastructure.md; sources/implementation_backlog.csv,Perform each documented assertion on the actual approved service using independent observations and measured time/data outcomes; inspect exact versions and residual risks.,CT-019; CT-062; CT-069,"NATIVE_NOT_RUN; related local fixtures/engine checks are narrower evidence, not satisfaction","Reference procedures and local fixtures do not provide the selected operational infrastructure, measured recovery/HA, native supply-chain response or disposition authority.","PROPOSED_ALLOCATION; actual applicability, named authority and evidence assignment pending",RA §20; RA §26,Not selected; explicit scope rationale and authority required before any N/A disposition
OPS-002.A04,OPS-002,"Production handover SHALL include owner/escalation, dependency, SLO/recovery, capacity, monitoring, runbook, support/version and evidence records; privileged access SHALL be reviewed against the actual authority model.",SLO and recovery acceptance,Service management,"Actual operational service, independent telemetry, capacity/failure domains and lifecycle authorities",EXTERNAL_OPERATING_SERVICE_OR_CONTROL_REQUIRED,"Owned runbook/service configuration, measured limits, dependency inventory and actual incident/recovery/retention acceptance record — specifically: SLO and recovery acceptance",docs/current/transition-and-as-built.md; docs/current/TAD-infrastructure.md; sources/implementation_backlog.csv,Perform each documented assertion on the actual approved service using independent observations and measured time/data outcomes; inspect exact versions and residual risks.,CT-019; CT-062; CT-069,"NATIVE_NOT_RUN; related local fixtures/engine checks are narrower evidence, not satisfaction","Reference procedures and local fixtures do not provide the selected operational infrastructure, measured recovery/HA, native supply-chain response or disposition authority.","PROPOSED_ALLOCATION; actual applicability, named authority and evidence assignment pending",RA §20; RA §26,Not selected; explicit scope rationale and authority required before any N/A disposition
OPS-002.A05,OPS-002,"Production handover SHALL include owner/escalation, dependency, SLO/recovery, capacity, monitoring, runbook, support/version and evidence records; privileged access SHALL be reviewed against the actual authority model.",Capacity record,Service management,"Actual operational service, independent telemetry, capacity/failure domains and lifecycle authorities",EXTERNAL_OPERATING_SERVICE_OR_CONTROL_REQUIRED,"Owned runbook/service configuration, measured limits, dependency inventory and actual incident/recovery/retention acceptance record — specifically: Capacity record",docs/current/transition-and-as-built.md; docs/current/TAD-infrastructure.md; sources/implementation_backlog.csv,Perform each documented assertion on the actual approved service using independent observations and measured time/data outcomes; inspect exact versions and residual risks.,CT-019; CT-062; CT-069,"NATIVE_NOT_RUN; related local fixtures/engine checks are narrower evidence, not satisfaction","Reference procedures and local fixtures do not provide the selected operational infrastructure, measured recovery/HA, native supply-chain response or disposition authority.","PROPOSED_ALLOCATION; actual applicability, named authority and evidence assignment pending",RA §20; RA §26,Not selected; explicit scope rationale and authority required before any N/A disposition
OPS-002.A06,OPS-002,"Production handover SHALL include owner/escalation, dependency, SLO/recovery, capacity, monitoring, runbook, support/version and evidence records; privileged access SHALL be reviewed against the actual authority model.",Monitoring coverage,Service management,"Actual operational service, independent telemetry, capacity/failure domains and lifecycle authorities",EXTERNAL_OPERATING_SERVICE_OR_CONTROL_REQUIRED,"Owned runbook/service configuration, measured limits, dependency inventory and actual incident/recovery/retention acceptance record — specifically: Monitoring coverage",docs/current/transition-and-as-built.md; docs/current/TAD-infrastructure.md; sources/implementation_backlog.csv,Perform each documented assertion on the actual approved service using independent observations and measured time/data outcomes; inspect exact versions and residual risks.,CT-019; CT-062; CT-069,"NATIVE_NOT_RUN; related local fixtures/engine checks are narrower evidence, not satisfaction","Reference procedures and local fixtures do not provide the selected operational infrastructure, measured recovery/HA, native supply-chain response or disposition authority.","PROPOSED_ALLOCATION; actual applicability, named authority and evidence assignment pending",RA §20; RA §26,Not selected; explicit scope rationale and authority required before any N/A disposition
OPS-002.A07,OPS-002,"Production handover SHALL include owner/escalation, dependency, SLO/recovery, capacity, monitoring, runbook, support/version and evidence records; privileged access SHALL be reviewed against the actual authority model.",Actual runbooks,Service management,"Actual operational service, independent telemetry, capacity/failure domains and lifecycle authorities",EXTERNAL_OPERATING_SERVICE_OR_CONTROL_REQUIRED,"Owned runbook/service configuration, measured limits, dependency inventory and actual incident/recovery/retention acceptance record — specifically: Actual runbooks",docs/current/transition-and-as-built.md; docs/current/TAD-infrastructure.md; sources/implementation_backlog.csv,Perform each documented assertion on the actual approved service using independent observations and measured time/data outcomes; inspect exact versions and residual risks.,CT-019; CT-062; CT-069,"NATIVE_NOT_RUN; related local fixtures/engine checks are narrower evidence, not satisfaction","Reference procedures and local fixtures do not provide the selected operational infrastructure, measured recovery/HA, native supply-chain response or disposition authority.","PROPOSED_ALLOCATION; actual applicability, named authority and evidence assignment pending",RA §20; RA §26,Not selected; explicit scope rationale and authority required before any N/A disposition
OPS-002.A08,OPS-002,"Production handover SHALL include owner/escalation, dependency, SLO/recovery, capacity, monitoring, runbook, support/version and evidence records; privileged access SHALL be reviewed against the actual authority model.",Support and version record,Service management,"Actual operational service, independent telemetry, capacity/failure domains and lifecycle authorities",EXTERNAL_OPERATING_SERVICE_OR_CONTROL_REQUIRED,"Owned runbook/service configuration, measured limits, dependency inventory and actual incident/recovery/retention acceptance record — specifically: Support and version record",docs/current/transition-and-as-built.md; docs/current/TAD-infrastructure.md; sources/implementation_backlog.csv,Perform each documented assertion on the actual approved service using independent observations and measured time/data outcomes; inspect exact versions and residual risks.,CT-019; CT-062; CT-069,"NATIVE_NOT_RUN; related local fixtures/engine checks are narrower evidence, not satisfaction","Reference procedures and local fixtures do not provide the selected operational infrastructure, measured recovery/HA, native supply-chain response or disposition authority.","PROPOSED_ALLOCATION; actual applicability, named authority and evidence assignment pending",RA §20; RA §26,Not selected; explicit scope rationale and authority required before any N/A disposition
OPS-002.A09,OPS-002,"Production handover SHALL include owner/escalation, dependency, SLO/recovery, capacity, monitoring, runbook, support/version and evidence records; privileged access SHALL be reviewed against the actual authority model.",Current evidence,Service management,"Actual operational service, independent telemetry, capacity/failure domains and lifecycle authorities",EXTERNAL_OPERATING_SERVICE_OR_CONTROL_REQUIRED,"Owned runbook/service configuration, measured limits, dependency inventory and actual incident/recovery/retention acceptance record — specifically: Current evidence",docs/current/transition-and-as-built.md; docs/current/TAD-infrastructure.md; sources/implementation_backlog.csv,Perform each documented assertion on the actual approved service using independent observations and measured time/data outcomes; inspect exact versions and residual risks.,CT-019; CT-062; CT-069,"NATIVE_NOT_RUN; related local fixtures/engine checks are narrower evidence, not satisfaction","Reference procedures and local fixtures do not provide the selected operational infrastructure, measured recovery/HA, native supply-chain response or disposition authority.","PROPOSED_ALLOCATION; actual applicability, named authority and evidence assignment pending",RA §20; RA §26,Not selected; explicit scope rationale and authority required before any N/A disposition
OPS-002.A10,OPS-002,"Production handover SHALL include owner/escalation, dependency, SLO/recovery, capacity, monitoring, runbook, support/version and evidence records; privileged access SHALL be reviewed against the actual authority model.",Privileged access matches real authority,Service management,"Actual operational service, independent telemetry, capacity/failure domains and lifecycle authorities",EXTERNAL_OPERATING_SERVICE_OR_CONTROL_REQUIRED,"Owned runbook/service configuration, measured limits, dependency inventory and actual incident/recovery/retention acceptance record — specifically: Privileged access matches real authority",docs/current/transition-and-as-built.md; docs/current/TAD-infrastructure.md; sources/implementation_backlog.csv,Perform each documented assertion on the actual approved service using independent observations and measured time/data outcomes; inspect exact versions and residual risks.,CT-019; CT-062; CT-069,"NATIVE_NOT_RUN; related local fixtures/engine checks are narrower evidence, not satisfaction","Reference procedures and local fixtures do not provide the selected operational infrastructure, measured recovery/HA, native supply-chain response or disposition authority.","PROPOSED_ALLOCATION; actual applicability, named authority and evidence assignment pending",RA §20; RA §26,Not selected; explicit scope rationale and authority required before any N/A disposition
EXC-001.A01,EXC-001,Every exception SHALL have an accountable risk owner and expiry or review date.,Complete source obligation; all applicable clauses must be satisfied: Every exception SHALL have an accountable risk owner and expiry or review date.,Risk owner,Architecture/design review and separately governed service/adoption/qualification authority,MANUAL_GOVERNANCE_OR_EXTERNAL_AUTHORITATIVE_RECORD_REQUIRED,"Scope-specific current architecture/engineering/authority record addressing the exact assertion, with named owner and protected evidence — specifically: Complete source obligation; all applicable clauses must be satisfied: Every exception SHALL have an accountable risk owner and expiry or review date.",docs/current/RAD-adoption.md; docs/current/TAD-infrastructure.md; docs/assurance/verification-families.md,Review the actual versioned record and its individual assertions; corroborate implementation-specific obligations with the applicable native tests.,CT-058; CT-062,"NATIVE_NOT_RUN; related local fixtures/engine checks are narrower evidence, not satisfaction","No controller or document generator can issue organizational approval, assess all adopted controls or complete absent site-specific evidence.","PROPOSED_ALLOCATION; actual applicability, named authority and evidence assignment pending",RA §25,Not selected; explicit scope rationale and authority required before any N/A disposition
EXC-002.A01,EXC-002,The control plane SHALL surface expired exceptions as non-compliant state rather than allowing them to become permanent undocumented architecture.,Complete source obligation; all applicable clauses must be satisfied: The control plane SHALL surface expired exceptions as non-compliant state rather than allowing them to become permanent undocumented architecture.,Risk owner,Architecture/design review and separately governed service/adoption/qualification authority,MANUAL_GOVERNANCE_OR_EXTERNAL_AUTHORITATIVE_RECORD_REQUIRED,"Scope-specific current architecture/engineering/authority record addressing the exact assertion, with named owner and protected evidence — specifically: Complete source obligation; all applicable clauses must be satisfied: The control plane SHALL surface expired exceptions as non-compliant state rather than allowing them to become permanent undocumented architecture.",docs/current/RAD-adoption.md; docs/current/TAD-infrastructure.md; docs/assurance/verification-families.md,Review the actual versioned record and its individual assertions; corroborate implementation-specific obligations with the applicable native tests.,CT-058; CT-069,"NATIVE_NOT_RUN; related local fixtures/engine checks are narrower evidence, not satisfaction","No controller or document generator can issue organizational approval, assess all adopted controls or complete absent site-specific evidence.","PROPOSED_ALLOCATION; actual applicability, named authority and evidence assignment pending",RA §25,Not selected; explicit scope rationale and authority required before any N/A disposition
EXC-003.A01,EXC-003,"Exceptions SHALL bind requirement IDs, precise scope, effective/expiry times, compensating controls and authorized risk approval; expiry handling SHALL preserve evidence and follow a pre-approved secure continuity/remediation decision.","Complete source obligation; all applicable clauses must be satisfied: Exceptions SHALL bind requirement IDs, precise scope, effective/expiry times, compensating controls and authorized risk approval; expiry handling SHALL preserve evidence and follow a pre-approved secure continuity/remediation decision.",Risk owner,Architecture/design review and separately governed service/adoption/qualification authority,MANUAL_GOVERNANCE_OR_EXTERNAL_AUTHORITATIVE_RECORD_REQUIRED,"Scope-specific current architecture/engineering/authority record addressing the exact assertion, with named owner and protected evidence — specifically: Complete source obligation; all applicable clauses must be satisfied: Exceptions SHALL bind requirement IDs, precise scope, effective/expiry times, compensating controls and authorized risk approval; expiry handling SHALL preserve evidence and follow a pre-approved secure continuity/remediation decision.",docs/current/RAD-adoption.md; docs/current/TAD-infrastructure.md; docs/assurance/verification-families.md,Review the actual versioned record and its individual assertions; corroborate implementation-specific obligations with the applicable native tests.,CT-017; CT-058; CT-069,"NATIVE_NOT_RUN; related local fixtures/engine checks are narrower evidence, not satisfaction","No controller or document generator can issue organizational approval, assess all adopted controls or complete absent site-specific evidence.","PROPOSED_ALLOCATION; actual applicability, named authority and evidence assignment pending",RA §25,Not selected; explicit scope rationale and authority required before any N/A disposition
EXC-003.A02,EXC-003,"Exceptions SHALL bind requirement IDs, precise scope, effective/expiry times, compensating controls and authorized risk approval; expiry handling SHALL preserve evidence and follow a pre-approved secure continuity/remediation decision.",Requirement IDs,Risk owner,Architecture/design review and separately governed service/adoption/qualification authority,MANUAL_GOVERNANCE_OR_EXTERNAL_AUTHORITATIVE_RECORD_REQUIRED,"Scope-specific current architecture/engineering/authority record addressing the exact assertion, with named owner and protected evidence — specifically: Requirement IDs",docs/current/RAD-adoption.md; docs/current/TAD-infrastructure.md; docs/assurance/verification-families.md,Review the actual versioned record and its individual assertions; corroborate implementation-specific obligations with the applicable native tests.,CT-017; CT-058; CT-069,"NATIVE_NOT_RUN; related local fixtures/engine checks are narrower evidence, not satisfaction","No controller or document generator can issue organizational approval, assess all adopted controls or complete absent site-specific evidence.","PROPOSED_ALLOCATION; actual applicability, named authority and evidence assignment pending",RA §25,Not selected; explicit scope rationale and authority required before any N/A disposition
EXC-003.A03,EXC-003,"Exceptions SHALL bind requirement IDs, precise scope, effective/expiry times, compensating controls and authorized risk approval; expiry handling SHALL preserve evidence and follow a pre-approved secure continuity/remediation decision.",Precise scope,Risk owner,Architecture/design review and separately governed service/adoption/qualification authority,MANUAL_GOVERNANCE_OR_EXTERNAL_AUTHORITATIVE_RECORD_REQUIRED,"Scope-specific current architecture/engineering/authority record addressing the exact assertion, with named owner and protected evidence — specifically: Precise scope",docs/current/RAD-adoption.md; docs/current/TAD-infrastructure.md; docs/assurance/verification-families.md,Review the actual versioned record and its individual assertions; corroborate implementation-specific obligations with the applicable native tests.,CT-017; CT-058; CT-069,"NATIVE_NOT_RUN; related local fixtures/engine checks are narrower evidence, not satisfaction","No controller or document generator can issue organizational approval, assess all adopted controls or complete absent site-specific evidence.","PROPOSED_ALLOCATION; actual applicability, named authority and evidence assignment pending",RA §25,Not selected; explicit scope rationale and authority required before any N/A disposition
EXC-003.A04,EXC-003,"Exceptions SHALL bind requirement IDs, precise scope, effective/expiry times, compensating controls and authorized risk approval; expiry handling SHALL preserve evidence and follow a pre-approved secure continuity/remediation decision.",Effective/expiry times,Risk owner,Architecture/design review and separately governed service/adoption/qualification authority,MANUAL_GOVERNANCE_OR_EXTERNAL_AUTHORITATIVE_RECORD_REQUIRED,"Scope-specific current architecture/engineering/authority record addressing the exact assertion, with named owner and protected evidence — specifically: Effective/expiry times",docs/current/RAD-adoption.md; docs/current/TAD-infrastructure.md; docs/assurance/verification-families.md,Review the actual versioned record and its individual assertions; corroborate implementation-specific obligations with the applicable native tests.,CT-017; CT-058; CT-069,"NATIVE_NOT_RUN; related local fixtures/engine checks are narrower evidence, not satisfaction","No controller or document generator can issue organizational approval, assess all adopted controls or complete absent site-specific evidence.","PROPOSED_ALLOCATION; actual applicability, named authority and evidence assignment pending",RA §25,Not selected; explicit scope rationale and authority required before any N/A disposition
EXC-003.A05,EXC-003,"Exceptions SHALL bind requirement IDs, precise scope, effective/expiry times, compensating controls and authorized risk approval; expiry handling SHALL preserve evidence and follow a pre-approved secure continuity/remediation decision.",Compensating controls,Risk owner,Architecture/design review and separately governed service/adoption/qualification authority,MANUAL_GOVERNANCE_OR_EXTERNAL_AUTHORITATIVE_RECORD_REQUIRED,"Scope-specific current architecture/engineering/authority record addressing the exact assertion, with named owner and protected evidence — specifically: Compensating controls",docs/current/RAD-adoption.md; docs/current/TAD-infrastructure.md; docs/assurance/verification-families.md,Review the actual versioned record and its individual assertions; corroborate implementation-specific obligations with the applicable native tests.,CT-017; CT-058; CT-069,"NATIVE_NOT_RUN; related local fixtures/engine checks are narrower evidence, not satisfaction","No controller or document generator can issue organizational approval, assess all adopted controls or complete absent site-specific evidence.","PROPOSED_ALLOCATION; actual applicability, named authority and evidence assignment pending",RA §25,Not selected; explicit scope rationale and authority required before any N/A disposition
EXC-003.A06,EXC-003,"Exceptions SHALL bind requirement IDs, precise scope, effective/expiry times, compensating controls and authorized risk approval; expiry handling SHALL preserve evidence and follow a pre-approved secure continuity/remediation decision.",Authorized risk approval,Risk owner,Architecture/design review and separately governed service/adoption/qualification authority,MANUAL_GOVERNANCE_OR_EXTERNAL_AUTHORITATIVE_RECORD_REQUIRED,"Scope-specific current architecture/engineering/authority record addressing the exact assertion, with named owner and protected evidence — specifically: Authorized risk approval",docs/current/RAD-adoption.md; docs/current/TAD-infrastructure.md; docs/assurance/verification-families.md,Review the actual versioned record and its individual assertions; corroborate implementation-specific obligations with the applicable native tests.,CT-017; CT-058; CT-069,"NATIVE_NOT_RUN; related local fixtures/engine checks are narrower evidence, not satisfaction","No controller or document generator can issue organizational approval, assess all adopted controls or complete absent site-specific evidence.","PROPOSED_ALLOCATION; actual applicability, named authority and evidence assignment pending",RA §25,Not selected; explicit scope rationale and authority required before any N/A disposition
EXC-003.A07,EXC-003,"Exceptions SHALL bind requirement IDs, precise scope, effective/expiry times, compensating controls and authorized risk approval; expiry handling SHALL preserve evidence and follow a pre-approved secure continuity/remediation decision.",Evidence preservation at expiry,Risk owner,Architecture/design review and separately governed service/adoption/qualification authority,MANUAL_GOVERNANCE_OR_EXTERNAL_AUTHORITATIVE_RECORD_REQUIRED,"Scope-specific current architecture/engineering/authority record addressing the exact assertion, with named owner and protected evidence — specifically: Evidence preservation at expiry",docs/current/RAD-adoption.md; docs/current/TAD-infrastructure.md; docs/assurance/verification-families.md,Review the actual versioned record and its individual assertions; corroborate implementation-specific obligations with the applicable native tests.,CT-017; CT-058; CT-069,"NATIVE_NOT_RUN; related local fixtures/engine checks are narrower evidence, not satisfaction","No controller or document generator can issue organizational approval, assess all adopted controls or complete absent site-specific evidence.","PROPOSED_ALLOCATION; actual applicability, named authority and evidence assignment pending",RA §25,Not selected; explicit scope rationale and authority required before any N/A disposition
EXC-003.A08,EXC-003,"Exceptions SHALL bind requirement IDs, precise scope, effective/expiry times, compensating controls and authorized risk approval; expiry handling SHALL preserve evidence and follow a pre-approved secure continuity/remediation decision.",Pre-approved secure continuity/remediation,Risk owner,Architecture/design review and separately governed service/adoption/qualification authority,MANUAL_GOVERNANCE_OR_EXTERNAL_AUTHORITATIVE_RECORD_REQUIRED,"Scope-specific current architecture/engineering/authority record addressing the exact assertion, with named owner and protected evidence — specifically: Pre-approved secure continuity/remediation",docs/current/RAD-adoption.md; docs/current/TAD-infrastructure.md; docs/assurance/verification-families.md,Review the actual versioned record and its individual assertions; corroborate implementation-specific obligations with the applicable native tests.,CT-017; CT-058; CT-069,"NATIVE_NOT_RUN; related local fixtures/engine checks are narrower evidence, not satisfaction","No controller or document generator can issue organizational approval, assess all adopted controls or complete absent site-specific evidence.","PROPOSED_ALLOCATION; actual applicability, named authority and evidence assignment pending",RA §25,Not selected; explicit scope rationale and authority required before any N/A disposition
ONB-001.A01,ONB-001,"Onboarding SHALL verify ownership, complete intent/profiles, current qualification/authorization conditions, operational readiness and lifecycle obligations before Service Ready is granted.","Complete source obligation; all applicable clauses must be satisfied: Onboarding SHALL verify ownership, complete intent/profiles, current qualification/authorization conditions, operational readiness and lifecycle obligations before Service Ready is granted.",Service management,Architecture/design review and separately governed service/adoption/qualification authority,MANUAL_GOVERNANCE_OR_EXTERNAL_AUTHORITATIVE_RECORD_REQUIRED,"Scope-specific current architecture/engineering/authority record addressing the exact assertion, with named owner and protected evidence — specifically: Complete source obligation; all applicable clauses must be satisfied: Onboarding SHALL verify ownership, complete intent/profiles, current qualification/authorization conditions, operational readiness and lifecycle obligations before Service Ready is granted.",docs/current/RAD-adoption.md; docs/current/TAD-infrastructure.md; docs/assurance/verification-families.md,Review the actual versioned record and its individual assertions; corroborate implementation-specific obligations with the applicable native tests.,CT-017; CT-018; CT-049; CT-062; CT-069,"NATIVE_NOT_RUN; related local fixtures/engine checks are narrower evidence, not satisfaction","No controller or document generator can issue organizational approval, assess all adopted controls or complete absent site-specific evidence.","PROPOSED_ALLOCATION; actual applicability, named authority and evidence assignment pending",RA §23; RA §28,Not selected; explicit scope rationale and authority required before any N/A disposition
DEL-001.A01,DEL-001,"The reference implementation SHALL demonstrate two-tenant isolation, controlled zone transitions, protected management, service bindings, recovery and retirement on a qualified first platform before scale expansion.","Complete source obligation; all applicable clauses must be satisfied: The reference implementation SHALL demonstrate two-tenant isolation, controlled zone transitions, protected management, service bindings, recovery and retirement on a qualified first platform before scale expansion.",Delivery owner,Architecture/design review and separately governed service/adoption/qualification authority,MANUAL_GOVERNANCE_OR_EXTERNAL_AUTHORITATIVE_RECORD_REQUIRED,"Scope-specific current architecture/engineering/authority record addressing the exact assertion, with named owner and protected evidence — specifically: Complete source obligation; all applicable clauses must be satisfied: The reference implementation SHALL demonstrate two-tenant isolation, controlled zone transitions, protected management, service bindings, recovery and retirement on a qualified first platform before scale expansion.",docs/current/RAD-adoption.md; docs/current/TAD-infrastructure.md; docs/assurance/verification-families.md,Review the actual versioned record and its individual assertions; corroborate implementation-specific obligations with the applicable native tests.,CT-001; CT-003; CT-004; CT-008; CT-013; CT-052; CT-069,"NATIVE_NOT_RUN; related local fixtures/engine checks are narrower evidence, not satisfaction","No controller or document generator can issue organizational approval, assess all adopted controls or complete absent site-specific evidence.","PROPOSED_ALLOCATION; actual applicability, named authority and evidence assignment pending",RA §22; RA §30,Not selected; explicit scope rationale and authority required before any N/A disposition
DEL-002.A01,DEL-002,Multi-platform portability claims SHALL be supported by the same intent/core conformance outcomes on at least two qualified implementations and by a representative data/application exit rehearsal.,Complete source obligation; all applicable clauses must be satisfied: Multi-platform portability claims SHALL be supported by the same intent/core conformance outcomes on at least two qualified implementations and by a representative data/application exit rehearsal.,Delivery owner,Architecture/design review and separately governed service/adoption/qualification authority,MANUAL_GOVERNANCE_OR_EXTERNAL_AUTHORITATIVE_RECORD_REQUIRED,"Scope-specific current architecture/engineering/authority record addressing the exact assertion, with named owner and protected evidence — specifically: Complete source obligation; all applicable clauses must be satisfied: Multi-platform portability claims SHALL be supported by the same intent/core conformance outcomes on at least two qualified implementations and by a representative data/application exit rehearsal.",docs/current/RAD-adoption.md; docs/current/TAD-infrastructure.md; docs/assurance/verification-families.md,Review the actual versioned record and its individual assertions; corroborate implementation-specific obligations with the applicable native tests.,CT-016; CT-060; CT-073,"NATIVE_NOT_RUN; related local fixtures/engine checks are narrower evidence, not satisfaction","No controller or document generator can issue organizational approval, assess all adopted controls or complete absent site-specific evidence.","PROPOSED_ALLOCATION; actual applicability, named authority and evidence assignment pending",RA §22; RA §30,Not selected; explicit scope rationale and authority required before any N/A disposition
ACPT-001.A01,ACPT-001,"Production acceptance SHALL require current evidence for every applicable acceptance criterion, explicit exclusions and risk decisions, operational owner acceptance and a valid separately issued authorization decision.","Complete source obligation; all applicable clauses must be satisfied: Production acceptance SHALL require current evidence for every applicable acceptance criterion, explicit exclusions and risk decisions, operational owner acceptance and a valid separately issued authorization decision.",Security authority,Architecture/design review and separately governed service/adoption/qualification authority,MANUAL_GOVERNANCE_OR_EXTERNAL_AUTHORITATIVE_RECORD_REQUIRED,"Scope-specific current architecture/engineering/authority record addressing the exact assertion, with named owner and protected evidence — specifically: Complete source obligation; all applicable clauses must be satisfied: Production acceptance SHALL require current evidence for every applicable acceptance criterion, explicit exclusions and risk decisions, operational owner acceptance and a valid separately issued authorization decision.",docs/current/RAD-adoption.md; docs/current/TAD-infrastructure.md; docs/assurance/verification-families.md,Review the actual versioned record and its individual assertions; corroborate implementation-specific obligations with the applicable native tests.,CT-018; CT-049; CT-062; CT-069,"NATIVE_NOT_RUN; related local fixtures/engine checks are narrower evidence, not satisfaction","No controller or document generator can issue organizational approval, assess all adopted controls or complete absent site-specific evidence.","PROPOSED_ALLOCATION; actual applicability, named authority and evidence assignment pending",RA §28; RA §30,Not selected; explicit scope rationale and authority required before any N/A disposition
