console-1   | 
console-1   |    INFO  Configuration cached successfully.  
console-1   | 
console-1   | [05-Oct-2026 03:28:21] NOTICE: [pool www] 'user' directive is ignored when FPM is not running as root
console-1        | [05-Oct-2026 03:28:21] NOTICE: [pool www] 'group' directive is ignored when FPM is not running as root
console-1        | [05-Oct-2026 03:28:21] NOTICE: fpm is running, pid 7
console-1        | [05-Oct-2026 03:28:21] NOTICE: ready to handle connections
console-1        | 192.168.80.3 -  05/Oct/2026:03:28:22 +0000 "GET /index.php" 200
console-1        | 192.168.80.3 -  05/Oct/2026:03:28:23 +0000 "GET /index.php" 200
console-1        | 192.168.80.3 -  05/Oct/2026:03:28:23 +0000 "GET /index.php" 401
console-1        | 192.168.80.3 -  05/Oct/2026:03:28:23 +0000 "GET /index.php" 401
console-1        | 192.168.80.3 -  05/Oct/2026:03:28:23 +0000 "GET /index.php" 200
console-1        | 192.168.80.3 -  05/Oct/2026:03:28:23 +0000 "GET /index.php" 200
console-1        | 192.168.80.3 -  05/Oct/2026:03:28:23 +0000 "GET /index.php" 503
console-1        | 192.168.80.3 -  05/Oct/2026:03:28:31 +0000 "GET /index.php" 503
console-1        | 192.168.80.3 -  05/Oct/2026:03:28:31 +0000 "GET /index.php" 200
console-1        | 192.168.80.3 -  05/Oct/2026:03:28:34 +0000 "GET /index.php" 200
console-1        | [05-Oct-2026 03:28:35] NOTICE: Finishing ...
console-1        | [05-Oct-2026 03:28:35] NOTICE: exiting, bye-bye!
console-1        | 
console-1        |    INFO  Configuration cached successfully.  
console-1        | 
console-1        | [05-Oct-2026 03:28:36] NOTICE: [pool www] 'user' directive is ignored when FPM is not running as root
console-1        | [05-Oct-2026 03:28:36] NOTICE: [pool www] 'group' directive is ignored when FPM is not running as root
console-1        | [05-Oct-2026 03:28:36] NOTICE: fpm is running, pid 7
console-1        | [05-Oct-2026 03:28:36] NOTICE: ready to handle connections
console-1        | 192.168.80.3 -  05/Oct/2026:03:28:37 +0000 "GET /index.php" 200
console-1        | [05-Oct-2026 03:28:37] NOTICE: Finishing ...
console-1        | [05-Oct-2026 03:28:37] NOTICE: exiting, bye-bye!
console-1        | 
console-1        |    INFO  Configuration cached successfully.  
console-1        | 
console-1        | [05-Oct-2026 03:28:37] NOTICE: [pool www] 'user' directive is ignored when FPM is not running as root
console-1        | [05-Oct-2026 03:28:37] NOTICE: [pool www] 'group' directive is ignored when FPM is not running as root
console-1        | [05-Oct-2026 03:28:37] NOTICE: fpm is running, pid 7
console-1        | [05-Oct-2026 03:28:37] NOTICE: ready to handle connections
console-1        | 192.168.80.3 -  05/Oct/2026:03:28:38 +0000 "GET /index.php" 200
console-1        | [2026-10-05 03:28:38] production.ERROR: Unsupported cipher or incorrect key length. Supported ciphers are: aes-128-cbc, aes-256-cbc, aes-128-gcm, aes-256-gcm. {"exception":"[object] (RuntimeException(code: 0): Unsupported cipher or incorrect key length. Supported ciphers are: aes-128-cbc, aes-256-cbc, aes-128-gcm, aes-256-gcm. at /app/vendor/laravel/framework/src/Illuminate/Encryption/Encrypter.php:61)
console-1        | [stacktrace]
console-1        | #0 /app/vendor/laravel/framework/src/Illuminate/Encryption/EncryptionServiceProvider.php(32): Illuminate\\Encryption\\Encrypter->__construct()
console-1        | #1 /app/vendor/laravel/framework/src/Illuminate/Container/Container.php(1140): Illuminate\\Encryption\\EncryptionServiceProvider->{closure:Illuminate\\Encryption\\EncryptionServiceProvider::registerEncrypter():29}()
console-1        | #2 /app/vendor/laravel/framework/src/Illuminate/Container/Container.php(939): Illuminate\\Container\\Container->build()
console-1        | #3 /app/vendor/laravel/framework/src/Illuminate/Foundation/Application.php(1086): Illuminate\\Container\\Container->resolve()
console-1        | #4 /app/vendor/laravel/framework/src/Illuminate/Container/Container.php(867): Illuminate\\Foundation\\Application->resolve()
console-1        | #5 /app/vendor/laravel/framework/src/Illuminate/Foundation/Application.php(1066): Illuminate\\Container\\Container->make()
console-1        | #6 /app/vendor/laravel/framework/src/Illuminate/Container/Container.php(1363): Illuminate\\Foundation\\Application->make()
console-1        | #7 /app/vendor/laravel/framework/src/Illuminate/Container/Container.php(1264): Illuminate\\Container\\Container->resolveClass()
console-1        | #8 /app/vendor/laravel/framework/src/Illuminate/Container/Container.php(1187): Illuminate\\Container\\Container->resolveDependencies()
console-1        | #9 /app/vendor/laravel/framework/src/Illuminate/Container/Container.php(939): Illuminate\\Container\\Container->build()
console-1        | #10 /app/vendor/laravel/framework/src/Illuminate/Foundation/Application.php(1086): Illuminate\\Container\\Container->resolve()
console-1        | #11 /app/vendor/laravel/framework/src/Illuminate/Container/Container.php(867): Illuminate\\Foundation\\Application->resolve()
console-1        | #12 /app/vendor/laravel/framework/src/Illuminate/Foundation/Application.php(1066): Illuminate\\Container\\Container->make()
console-1        | #13 /app/vendor/laravel/framework/src/Illuminate/Pipeline/Pipeline.php(208): Illuminate\\Foundation\\Application->make()
console-1        | #14 /app/vendor/laravel/framework/src/Illuminate/Pipeline/Pipeline.php(137): Illuminate\\Pipeline\\Pipeline->{closure:{closure:Illuminate\\Pipeline\\Pipeline::carry():194}:195}()
console-1        | #15 /app/vendor/laravel/framework/src/Illuminate/Routing/Router.php(821): Illuminate\\Pipeline\\Pipeline->then()
console-1        | #16 /app/vendor/laravel/framework/src/Illuminate/Routing/Router.php(800): Illuminate\\Routing\\Router->runRouteWithinStack()
console-1        | #17 /app/vendor/laravel/framework/src/Illuminate/Routing/Router.php(764): Illuminate\\Routing\\Router->runRoute()
console-1        | #18 /app/vendor/laravel/framework/src/Illuminate/Routing/Router.php(753): Illuminate\\Routing\\Router->dispatchToRoute()
console-1        | #19 /app/vendor/laravel/framework/src/Illuminate/Foundation/Http/Kernel.php(200): Illuminate\\Routing\\Router->dispatch()
console-1        | #20 /app/vendor/laravel/framework/src/Illuminate/Pipeline/Pipeline.php(180): Illuminate\\Foundation\\Http\\Kernel->{closure:Illuminate\\Foundation\\Http\\Kernel::dispatchToRouter():197}()
console-1        | #21 /app/vendor/inertiajs/inertia-laravel/src/Middleware/EnsureGetOnRedirect.php(19): Illuminate\\Pipeline\\Pipeline->{closure:Illuminate\\Pipeline\\Pipeline::prepareDestination():178}()
console-1        | #22 /app/vendor/laravel/framework/src/Illuminate/Pipeline/Pipeline.php(219): Inertia\\Middleware\\EnsureGetOnRedirect->handle()
console-1        | #23 /app/vendor/laravel/framework/src/Illuminate/Foundation/Http/Middleware/TransformsRequest.php(21): Illuminate\\Pipeline\\Pipeline->{closure:{closure:Illuminate\\Pipeline\\Pipeline::carry():194}:195}()
console-1        | #24 /app/vendor/laravel/framework/src/Illuminate/Foundation/Http/Middleware/ConvertEmptyStringsToNull.php(31): Illuminate\\Foundation\\Http\\Middleware\\TransformsRequest->handle()
console-1        | #25 /app/vendor/laravel/framework/src/Illuminate/Pipeline/Pipeline.php(219): Illuminate\\Foundation\\Http\\Middleware\\ConvertEmptyStringsToNull->handle()
console-1        | #26 /app/vendor/laravel/framework/src/Illuminate/Foundation/Http/Middleware/TransformsRequest.php(21): Illuminate\\Pipeline\\Pipeline->{closure:{closure:Illuminate\\Pipeline\\Pipeline::carry():194}:195}()
console-1        | #27 /app/vendor/laravel/framework/src/Illuminate/Foundation/Http/Middleware/TrimStrings.php(51): Illuminate\\Foundation\\Http\\Middleware\\TransformsRequest->handle()
console-1        | #28 /app/vendor/laravel/framework/src/Illuminate/Pipeline/Pipeline.php(219): Illuminate\\Foundation\\Http\\Middleware\\TrimStrings->handle()
console-1        | #29 /app/vendor/laravel/framework/src/Illuminate/Http/Middleware/ValidatePostSize.php(27): Illuminate\\Pipeline\\Pipeline->{closure:{closure:Illuminate\\Pipeline\\Pipeline::carry():194}:195}()
console-1        | #30 /app/vendor/laravel/framework/src/Illuminate/Pipeline/Pipeline.php(219): Illuminate\\Http\\Middleware\\ValidatePostSize->handle()
console-1        | #31 /app/vendor/laravel/framework/src/Illuminate/Foundation/Http/Middleware/PreventRequestsDuringMaintenance.php(110): Illuminate\\Pipeline\\Pipeline->{closure:{closure:Illuminate\\Pipeline\\Pipeline::carry():194}:195}()
console-1        | #32 /app/vendor/laravel/framework/src/Illuminate/Pipeline/Pipeline.php(219): Illuminate\\Foundation\\Http\\Middleware\\PreventRequestsDuringMaintenance->handle()
console-1        | #33 /app/vendor/laravel/framework/src/Illuminate/Http/Middleware/HandleCors.php(61): Illuminate\\Pipeline\\Pipeline->{closure:{closure:Illuminate\\Pipeline\\Pipeline::carry():194}:195}()
console-1        | #34 /app/vendor/laravel/framework/src/Illuminate/Pipeline/Pipeline.php(219): Illuminate\\Http\\Middleware\\HandleCors->handle()
console-1        | #35 /app/vendor/laravel/framework/src/Illuminate/Http/Middleware/TrustProxies.php(58): Illuminate\\Pipeline\\Pipeline->{closure:{closure:Illuminate\\Pipeline\\Pipeline::carry():194}:195}()
console-1        | #36 /app/vendor/laravel/framework/src/Illuminate/Pipeline/Pipeline.php(219): Illuminate\\Http\\Middleware\\TrustProxies->handle()
console-1        | #37 /app/vendor/laravel/framework/src/Illuminate/Foundation/Http/Middleware/InvokeDeferredCallbacks.php(22): Illuminate\\Pipeline\\Pipeline->{closure:{closure:Illuminate\\Pipeline\\Pipeline::carry():194}:195}()
console-1        | #38 /app/vendor/laravel/framework/src/Illuminate/Pipeline/Pipeline.php(219): Illuminate\\Foundation\\Http\\Middleware\\InvokeDeferredCallbacks->handle()
console-1        | #39 /app/vendor/laravel/framework/src/Illuminate/Http/Middleware/ValidatePathEncoding.php(28): Illuminate\\Pipeline\\Pipeline->{closure:{closure:Illuminate\\Pipeline\\Pipeline::carry():194}:195}()
console-1        | #40 /app/vendor/laravel/framework/src/Illuminate/Pipeline/Pipeline.php(219): Illuminate\\Http\\Middleware\\ValidatePathEncoding->handle()
console-1        | #41 /app/vendor/inertiajs/inertia-laravel/src/Middleware/EnsureDeferredCallbacksRun.php(21): Illuminate\\Pipeline\\Pipeline->{closure:{closure:Illuminate\\Pipeline\\Pipeline::carry():194}:195}()
console-1        | #42 /app/vendor/laravel/framework/src/Illuminate/Pipeline/Pipeline.php(219): Inertia\\Middleware\\EnsureDeferredCallbacksRun->handle()
console-1        | #43 /app/vendor/laravel/framework/src/Illuminate/Pipeline/Pipeline.php(137): Illuminate\\Pipeline\\Pipeline->{closure:{closure:Illuminate\\Pipeline\\Pipeline::carry():194}:195}()
console-1        | #44 /app/vendor/laravel/framework/src/Illuminate/Foundation/Http/Kernel.php(175): Illuminate\\Pipeline\\Pipeline->then()
console-1        | #45 /app/vendor/laravel/framework/src/Illuminate/Foundation/Http/Kernel.php(144): Illuminate\\Foundation\\Http\\Kernel->sendRequestThroughRouter()
console-1        | #46 /app/vendor/laravel/framework/src/Illuminate/Foundation/Application.php(1228): Illuminate\\Foundation\\Http\\Kernel->handle()
console-1        | #47 /app/public/index.php(13): Illuminate\\Foundation\\Application->handleRequest()
console-1        | #48 {main}
console-1        | "} 
console-1        | [2026-10-05 03:28:38] production.ERROR: Unsupported cipher or incorrect key length. Supported ciphers are: aes-128-cbc, aes-256-cbc, aes-128-gcm, aes-256-gcm. {"exception":"[object] (RuntimeException(code: 0): Unsupported cipher or incorrect key length. Supported ciphers are: aes-128-cbc, aes-256-cbc, aes-128-gcm, aes-256-gcm. at /app/vendor/laravel/framework/src/Illuminate/Encryption/Encrypter.php:61)
console-1        | [stacktrace]
console-1        | #0 /app/vendor/laravel/framework/src/Illuminate/Encryption/EncryptionServiceProvider.php(32): Illuminate\\Encryption\\Encrypter->__construct()
console-1        | #1 /app/vendor/laravel/framework/src/Illuminate/Container/Container.php(1140): Illuminate\\Encryption\\EncryptionServiceProvider->{closure:Illuminate\\Encryption\\EncryptionServiceProvider::registerEncrypter():29}()
console-1        | #2 /app/vendor/laravel/framework/src/Illuminate/Container/Container.php(939): Illuminate\\Container\\Container->build()
console-1        | #3 /app/vendor/laravel/framework/src/Illuminate/Foundation/Application.php(1086): Illuminate\\Container\\Container->resolve()
console-1        | #4 /app/vendor/laravel/framework/src/Illuminate/Container/Container.php(867): Illuminate\\Foundation\\Application->resolve()
console-1        | #5 /app/vendor/laravel/framework/src/Illuminate/Foundation/Application.php(1066): Illuminate\\Container\\Container->make()
console-1        | #6 /app/vendor/laravel/framework/src/Illuminate/Container/Container.php(1846): Illuminate\\Foundation\\Application->make()
console-1        | #7 /app/vendor/laravel/framework/src/Illuminate/Session/SessionManager.php(219): Illuminate\\Container\\Container->offsetGet()
console-1        | #8 /app/vendor/laravel/framework/src/Illuminate/Session/SessionManager.php(199): Illuminate\\Session\\SessionManager->buildEncryptedSession()
console-1        | #9 /app/vendor/laravel/framework/src/Illuminate/Session/SessionManager.php(96): Illuminate\\Session\\SessionManager->buildSession()
console-1        | #10 /app/vendor/laravel/framework/src/Illuminate/Support/Manager.php(105): Illuminate\\Session\\SessionManager->createDatabaseDriver()
console-1        | #11 /app/vendor/laravel/framework/src/Illuminate/Support/Manager.php(82): Illuminate\\Support\\Manager->createDriver()
console-1        | #12 /app/vendor/laravel/framework/src/Illuminate/Session/SessionServiceProvider.php(52): Illuminate\\Support\\Manager->driver()
console-1        | #13 /app/vendor/laravel/framework/src/Illuminate/Container/Container.php(1140): Illuminate\\Session\\SessionServiceProvider->{closure:Illuminate\\Session\\SessionServiceProvider::registerSessionDriver():48}()
console-1        | #14 /app/vendor/laravel/framework/src/Illuminate/Container/Container.php(939): Illuminate\\Container\\Container->build()
console-1        | #15 /app/vendor/laravel/framework/src/Illuminate/Foundation/Application.php(1086): Illuminate\\Container\\Container->resolve()
console-1        | #16 /app/vendor/laravel/framework/src/Illuminate/Container/Container.php(867): Illuminate\\Foundation\\Application->resolve()
console-1        | #17 /app/vendor/laravel/framework/src/Illuminate/Foundation/Application.php(1066): Illuminate\\Container\\Container->make()
console-1        | #18 /app/vendor/laravel/framework/src/Illuminate/Container/Container.php(1846): Illuminate\\Foundation\\Application->make()
console-1        | #19 /app/vendor/laravel/framework/src/Illuminate/Routing/RoutingServiceProvider.php(121): Illuminate\\Container\\Container->offsetGet()
console-1        | #20 /app/vendor/laravel/framework/src/Illuminate/Container/Container.php(1140): Illuminate\\Routing\\RoutingServiceProvider->{closure:Illuminate\\Routing\\RoutingServiceProvider::registerRedirector():114}()
console-1        | #21 /app/vendor/laravel/framework/src/Illuminate/Container/Container.php(939): Illuminate\\Container\\Container->build()
console-1        | #22 /app/vendor/laravel/framework/src/Illuminate/Foundation/Application.php(1086): Illuminate\\Container\\Container->resolve()
console-1        | #23 /app/vendor/laravel/framework/src/Illuminate/Container/Container.php(867): Illuminate\\Foundation\\Application->resolve()
console-1        | #24 /app/vendor/laravel/framework/src/Illuminate/Foundation/Application.php(1066): Illuminate\\Container\\Container->make()
console-1        | #25 /app/vendor/laravel/framework/src/Illuminate/Container/Container.php(1846): Illuminate\\Foundation\\Application->make()
console-1        | #26 /app/vendor/laravel/framework/src/Illuminate/Routing/RoutingServiceProvider.php(181): Illuminate\\Container\\Container->offsetGet()
console-1        | #27 /app/vendor/laravel/framework/src/Illuminate/Container/Container.php(1140): Illuminate\\Routing\\RoutingServiceProvider->{closure:Illuminate\\Routing\\RoutingServiceProvider::registerResponseFactory():180}()
console-1        | #28 /app/vendor/laravel/framework/src/Illuminate/Container/Container.php(939): Illuminate\\Container\\Container->build()
console-1        | #29 /app/vendor/laravel/framework/src/Illuminate/Foundation/Application.php(1086): Illuminate\\Container\\Container->resolve()
console-1        | #30 /app/vendor/laravel/framework/src/Illuminate/Container/Container.php(867): Illuminate\\Foundation\\Application->resolve()
console-1        | #31 /app/vendor/laravel/framework/src/Illuminate/Foundation/Application.php(1066): Illuminate\\Container\\Container->make()
console-1        | #32 /app/vendor/laravel/framework/src/Illuminate/Foundation/helpers.php(138): Illuminate\\Foundation\\Application->make()
console-1        | #33 /app/vendor/laravel/framework/src/Illuminate/Foundation/helpers.php(850): app()
console-1        | #34 /app/vendor/laravel/framework/src/Illuminate/Foundation/Exceptions/Handler.php(1042): response()
console-1        | #35 /app/vendor/laravel/framework/src/Illuminate/Foundation/Exceptions/Handler.php(961): Illuminate\\Foundation\\Exceptions\\Handler->renderHttpException()
console-1        | #36 /app/vendor/laravel/framework/src/Illuminate/Foundation/Exceptions/Handler.php(844): Illuminate\\Foundation\\Exceptions\\Handler->prepareResponse()
console-1        | #37 /app/vendor/laravel/framework/src/Illuminate/Foundation/Exceptions/Handler.php(731): Illuminate\\Foundation\\Exceptions\\Handler->renderExceptionResponse()
console-1        | #38 /app/vendor/laravel/framework/src/Illuminate/Routing/Pipeline.php(51): Illuminate\\Foundation\\Exceptions\\Handler->render()
inventory-1      | INFO:     Started server process [7]
inventory-1      | INFO:     Uvicorn running on http://0.0.0.0:8080 (Press CTRL+C to quit)
console-proxy-1  | 2026/10/05 03:28:36 [error] 8#8: *28 connect() failed (111: Connection refused) while connecting to upstream, client: 192.168.32.1, server: console, request: "GET /health/dependencies HTTP/1.1", upstream: "fastcgi://192.168.80.2:9000", host: "localhost:32772"
console-proxy-1  | 2026/10/05 03:28:37 [error] 8#8: *32 connect() failed (111: Connection refused) while connecting to upstream, client: 192.168.32.1, server: console, request: "GET /health/dependencies HTTP/1.1", upstream: "fastcgi://192.168.80.2:9000", host: "localhost:32772"
console-proxy-1  | 2026/10/05 03:28:39 [error] 8#8: *38 connect() failed (111: Connection refused) while connecting to upstream, client: 192.168.32.1, server: console, request: "GET /health/dependencies HTTP/1.1", upstream: "fastcgi://192.168.80.2:9000", host: "localhost:32772"
assurance-1  | 
assurance-1      |    INFO  Configuration cached successfully.  
assurance-1      | 
assurance-1      | [05-Oct-2026 03:28:21] NOTICE: [pool www] 'user' directive is ignored when FPM is not running as root
console-1        | #39 /app/vendor/laravel/framework/src/Illuminate/Pipeline/Pipeline.php(224): Illuminate\\Routing\\Pipeline->handleException()
console-1        | #40 /app/vendor/laravel/framework/src/Illuminate/Pipeline/Pipeline.php(137): Illuminate\\Pipeline\\Pipeline->{closure:{closure:Illuminate\\Pipeline\\Pipeline::carry():194}:195}()
console-1        | #41 /app/vendor/laravel/framework/src/Illuminate/Routing/Router.php(821): Illuminate\\Pipeline\\Pipeline->then()
console-1        | #42 /app/vendor/laravel/framework/src/Illuminate/Routing/Router.php(800): Illuminate\\Routing\\Router->runRouteWithinStack()
console-1        | #43 /app/vendor/laravel/framework/src/Illuminate/Routing/Router.php(764): Illuminate\\Routing\\Router->runRoute()
assurance-1      | [05-Oct-2026 03:28:21] NOTICE: [pool www] 'group' directive is ignored when FPM is not running as root
console-1        | #44 /app/vendor/laravel/framework/src/Illuminate/Routing/Router.php(753): Illuminate\\Routing\\Router->dispatchToRoute()
assurance-1      | [05-Oct-2026 03:28:21] NOTICE: fpm is running, pid 7
lifecycle-1      | INFO:     Started server process [6]
assurance-1      | [05-Oct-2026 03:28:21] NOTICE: ready to handle connections
lifecycle-1      | INFO:     Uvicorn running on http://0.0.0.0:8080 (Press CTRL+C to quit)
console-1        | #45 /app/vendor/laravel/framework/src/Illuminate/Foundation/Http/Kernel.php(200): Illuminate\\Routing\\Router->dispatch()
console-1        | #46 /app/vendor/laravel/framework/src/Illuminate/Pipeline/Pipeline.php(180): Illuminate\\Foundation\\Http\\Kernel->{closure:Illuminate\\Foundation\\Http\\Kernel::dispatchToRouter():197}()
catalogue-1  | 
catalogue-1      |    INFO  Configuration cached successfully.  
catalogue-1      | 
catalogue-1      | [05-Oct-2026 03:28:21] NOTICE: [pool www] 'user' directive is ignored when FPM is not running as root
catalogue-1      | [05-Oct-2026 03:28:21] NOTICE: [pool www] 'group' directive is ignored when FPM is not running as root
catalogue-1      | [05-Oct-2026 03:28:21] NOTICE: fpm is running, pid 7
catalogue-1      | [05-Oct-2026 03:28:21] NOTICE: ready to handle connections
catalogue-1      | 192.168.0.3 -  05/Oct/2026:03:28:23 +0000 "GET /index.php" 200
catalogue-1      | 192.168.0.3 -  05/Oct/2026:03:28:25 +0000 "GET /index.php" 401
catalogue-1      | 192.168.0.3 -  05/Oct/2026:03:28:25 +0000 "GET /index.php" 401
catalogue-1      | 192.168.0.3 -  05/Oct/2026:03:28:25 +0000 "GET /index.php" 200
catalogue-1      | 192.168.0.3 -  05/Oct/2026:03:28:25 +0000 "GET /index.php" 200
catalogue-1      | 192.168.0.3 -  05/Oct/2026:03:28:25 +0000 "GET /index.php" 503
catalogue-1      | 192.168.0.3 -  05/Oct/2026:03:28:31 +0000 "GET /index.php" 503
catalogue-1      | 192.168.0.3 -  05/Oct/2026:03:28:31 +0000 "GET /index.php" 200
catalogue-1      | 192.168.0.3 -  05/Oct/2026:03:28:34 +0000 "GET /index.php" 200
catalogue-1      | 192.168.0.3 -  05/Oct/2026:03:28:36 +0000 "GET /index.php" 200
catalogue-1      | 192.168.0.3 -  05/Oct/2026:03:28:37 +0000 "GET /index.php" 200
catalogue-1      | 192.168.0.3 -  05/Oct/2026:03:28:39 +0000 "GET /index.php" 200
assurance-1      | 172.28.0.3 -  05/Oct/2026:03:28:22 +0000 "GET /index.php" 200
assurance-1      | 172.28.0.3 -  05/Oct/2026:03:28:26 +0000 "GET /index.php" 401
assurance-1      | 172.28.0.3 -  05/Oct/2026:03:28:26 +0000 "GET /index.php" 401
assurance-1      | 172.28.0.3 -  05/Oct/2026:03:28:26 +0000 "GET /index.php" 200
assurance-1      | 172.28.0.3 -  05/Oct/2026:03:28:26 +0000 "GET /index.php" 200
assurance-1      | 172.28.0.3 -  05/Oct/2026:03:28:26 +0000 "GET /index.php" 503
assurance-1      | 172.28.0.3 -  05/Oct/2026:03:28:31 +0000 "GET /index.php" 503
assurance-1      | 172.28.0.3 -  05/Oct/2026:03:28:31 +0000 "GET /index.php" 200
assurance-1      | 172.28.0.3 -  05/Oct/2026:03:28:34 +0000 "GET /index.php" 200
assurance-1      | 172.28.0.3 -  05/Oct/2026:03:28:35 +0000 "GET /index.php" 200
assurance-1      | 172.28.0.3 -  05/Oct/2026:03:28:37 +0000 "GET /index.php" 200
assurance-1      | 172.28.0.3 -  05/Oct/2026:03:28:39 +0000 "GET /index.php" 200
governance-1     | 
governance-1     |    INFO  Configuration cached successfully.  
governance-1     | 
governance-1     | [05-Oct-2026 03:28:21] NOTICE: [pool www] 'user' directive is ignored when FPM is not running as root
governance-1     | [05-Oct-2026 03:28:21] NOTICE: [pool www] 'group' directive is ignored when FPM is not running as root
governance-1     | [05-Oct-2026 03:28:21] NOTICE: fpm is running, pid 6
console-1        | #47 /app/vendor/inertiajs/inertia-laravel/src/Middleware/EnsureGetOnRedirect.php(19): Illuminate\\Pipeline\\Pipeline->{closure:Illuminate\\Pipeline\\Pipeline::prepareDestination():178}()
governance-1     | [05-Oct-2026 03:28:21] NOTICE: ready to handle connections
console-1        | #48 /app/vendor/laravel/framework/src/Illuminate/Pipeline/Pipeline.php(219): Inertia\\Middleware\\EnsureGetOnRedirect->handle()
governance-1     | 172.27.0.3 -  05/Oct/2026:03:28:23 +0000 "GET /index.php" 200
console-1        | #49 /app/vendor/laravel/framework/src/Illuminate/Foundation/Http/Middleware/TransformsRequest.php(21): Illuminate\\Pipeline\\Pipeline->{closure:{closure:Illuminate\\Pipeline\\Pipeline::carry():194}:195}()
console-1        | #50 /app/vendor/laravel/framework/src/Illuminate/Foundation/Http/Middleware/ConvertEmptyStringsToNull.php(31): Illuminate\\Foundation\\Http\\Middleware\\TransformsRequest->handle()
console-1        | #51 /app/vendor/laravel/framework/src/Illuminate/Pipeline/Pipeline.php(219): Illuminate\\Foundation\\Http\\Middleware\\ConvertEmptyStringsToNull->handle()
console-1        | #52 /app/vendor/laravel/framework/src/Illuminate/Foundation/Http/Middleware/TransformsRequest.php(21): Illuminate\\Pipeline\\Pipeline->{closure:{closure:Illuminate\\Pipeline\\Pipeline::carry():194}:195}()
console-1        | #53 /app/vendor/laravel/framework/src/Illuminate/Foundation/Http/Middleware/TrimStrings.php(51): Illuminate\\Foundation\\Http\\Middleware\\TransformsRequest->handle()
console-1        | #54 /app/vendor/laravel/framework/src/Illuminate/Pipeline/Pipeline.php(219): Illuminate\\Foundation\\Http\\Middleware\\TrimStrings->handle()
console-1        | #55 /app/vendor/laravel/framework/src/Illuminate/Http/Middleware/ValidatePostSize.php(27): Illuminate\\Pipeline\\Pipeline->{closure:{closure:Illuminate\\Pipeline\\Pipeline::carry():194}:195}()
console-1        | #56 /app/vendor/laravel/framework/src/Illuminate/Pipeline/Pipeline.php(219): Illuminate\\Http\\Middleware\\ValidatePostSize->handle()
console-1        | #57 /app/vendor/laravel/framework/src/Illuminate/Foundation/Http/Middleware/PreventRequestsDuringMaintenance.php(110): Illuminate\\Pipeline\\Pipeline->{closure:{closure:Illuminate\\Pipeline\\Pipeline::carry():194}:195}()
console-1        | #58 /app/vendor/laravel/framework/src/Illuminate/Pipeline/Pipeline.php(219): Illuminate\\Foundation\\Http\\Middleware\\PreventRequestsDuringMaintenance->handle()
console-1        | #59 /app/vendor/laravel/framework/src/Illuminate/Http/Middleware/HandleCors.php(61): Illuminate\\Pipeline\\Pipeline->{closure:{closure:Illuminate\\Pipeline\\Pipeline::carry():194}:195}()
console-1        | #60 /app/vendor/laravel/framework/src/Illuminate/Pipeline/Pipeline.php(219): Illuminate\\Http\\Middleware\\HandleCors->handle()
console-1        | #61 /app/vendor/laravel/framework/src/Illuminate/Http/Middleware/TrustProxies.php(58): Illuminate\\Pipeline\\Pipeline->{closure:{closure:Illuminate\\Pipeline\\Pipeline::carry():194}:195}()
console-1        | #62 /app/vendor/laravel/framework/src/Illuminate/Pipeline/Pipeline.php(219): Illuminate\\Http\\Middleware\\TrustProxies->handle()
console-1        | #63 /app/vendor/laravel/framework/src/Illuminate/Foundation/Http/Middleware/InvokeDeferredCallbacks.php(22): Illuminate\\Pipeline\\Pipeline->{closure:{closure:Illuminate\\Pipeline\\Pipeline::carry():194}:195}()
console-1        | #64 /app/vendor/laravel/framework/src/Illuminate/Pipeline/Pipeline.php(219): Illuminate\\Foundation\\Http\\Middleware\\InvokeDeferredCallbacks->handle()
console-1        | #65 /app/vendor/laravel/framework/src/Illuminate/Http/Middleware/ValidatePathEncoding.php(28): Illuminate\\Pipeline\\Pipeline->{closure:{closure:Illuminate\\Pipeline\\Pipeline::carry():194}:195}()
console-1        | #66 /app/vendor/laravel/framework/src/Illuminate/Pipeline/Pipeline.php(219): Illuminate\\Http\\Middleware\\ValidatePathEncoding->handle()
console-1        | #67 /app/vendor/inertiajs/inertia-laravel/src/Middleware/EnsureDeferredCallbacksRun.php(21): Illuminate\\Pipeline\\Pipeline->{closure:{closure:Illuminate\\Pipeline\\Pipeline::carry():194}:195}()
console-1        | #68 /app/vendor/laravel/framework/src/Illuminate/Pipeline/Pipeline.php(219): Inertia\\Middleware\\EnsureDeferredCallbacksRun->handle()
console-1        | #69 /app/vendor/laravel/framework/src/Illuminate/Pipeline/Pipeline.php(137): Illuminate\\Pipeline\\Pipeline->{closure:{closure:Illuminate\\Pipeline\\Pipeline::carry():194}:195}()
console-1        | #70 /app/vendor/laravel/framework/src/Illuminate/Foundation/Http/Kernel.php(175): Illuminate\\Pipeline\\Pipeline->then()
console-1        | #71 /app/vendor/laravel/framework/src/Illuminate/Foundation/Http/Kernel.php(144): Illuminate\\Foundation\\Http\\Kernel->sendRequestThroughRouter()
console-1        | #72 /app/vendor/laravel/framework/src/Illuminate/Foundation/Application.php(1228): Illuminate\\Foundation\\Http\\Kernel->handle()
console-1        | #73 /app/public/index.php(13): Illuminate\\Foundation\\Application->handleRequest()
console-1        | #74 {main}
console-1        | "} 
console-1        | [2026-10-05 03:28:38] production.ERROR: Unsupported cipher or incorrect key length. Supported ciphers are: aes-128-cbc, aes-256-cbc, aes-128-gcm, aes-256-gcm. {"exception":"[object] (RuntimeException(code: 0): Unsupported cipher or incorrect key length. Supported ciphers are: aes-128-cbc, aes-256-cbc, aes-128-gcm, aes-256-gcm. at /app/vendor/laravel/framework/src/Illuminate/Encryption/Encrypter.php:61)
console-1        | [stacktrace]
console-1        | #0 /app/vendor/laravel/framework/src/Illuminate/Encryption/EncryptionServiceProvider.php(32): Illuminate\\Encryption\\Encrypter->__construct()
console-1        | #1 /app/vendor/laravel/framework/src/Illuminate/Container/Container.php(1140): Illuminate\\Encryption\\EncryptionServiceProvider->{closure:Illuminate\\Encryption\\EncryptionServiceProvider::registerEncrypter():29}()
console-1        | #2 /app/vendor/laravel/framework/src/Illuminate/Container/Container.php(939): Illuminate\\Container\\Container->build()
console-1        | #3 /app/vendor/laravel/framework/src/Illuminate/Foundation/Application.php(1086): Illuminate\\Container\\Container->resolve()
console-1        | #4 /app/vendor/laravel/framework/src/Illuminate/Container/Container.php(867): Illuminate\\Foundation\\Application->resolve()
console-1        | #5 /app/vendor/laravel/framework/src/Illuminate/Foundation/Application.php(1066): Illuminate\\Container\\Container->make()
console-1        | #6 /app/vendor/laravel/framework/src/Illuminate/Container/Container.php(1846): Illuminate\\Foundation\\Application->make()
console-1        | #7 /app/vendor/laravel/framework/src/Illuminate/Session/SessionManager.php(219): Illuminate\\Container\\Container->offsetGet()
console-1        | #8 /app/vendor/laravel/framework/src/Illuminate/Session/SessionManager.php(199): Illuminate\\Session\\SessionManager->buildEncryptedSession()
console-1        | #9 /app/vendor/laravel/framework/src/Illuminate/Session/SessionManager.php(96): Illuminate\\Session\\SessionManager->buildSession()
console-1        | #10 /app/vendor/laravel/framework/src/Illuminate/Support/Manager.php(105): Illuminate\\Session\\SessionManager->createDatabaseDriver()
console-1        | #11 /app/vendor/laravel/framework/src/Illuminate/Support/Manager.php(82): Illuminate\\Support\\Manager->createDriver()
console-1        | #12 /app/vendor/laravel/framework/src/Illuminate/Session/SessionServiceProvider.php(52): Illuminate\\Support\\Manager->driver()
console-1        | #13 /app/vendor/laravel/framework/src/Illuminate/Container/Container.php(1140): Illuminate\\Session\\SessionServiceProvider->{closure:Illuminate\\Session\\SessionServiceProvider::registerSessionDriver():48}()
console-1        | #14 /app/vendor/laravel/framework/src/Illuminate/Container/Container.php(939): Illuminate\\Container\\Container->build()
console-1        | #15 /app/vendor/laravel/framework/src/Illuminate/Foundation/Application.php(1086): Illuminate\\Container\\Container->resolve()
console-1        | #16 /app/vendor/laravel/framework/src/Illuminate/Container/Container.php(867): Illuminate\\Foundation\\Application->resolve()
console-1        | #17 /app/vendor/laravel/framework/src/Illuminate/Foundation/Application.php(1066): Illuminate\\Container\\Container->make()
console-1        | #18 /app/vendor/laravel/framework/src/Illuminate/Container/Container.php(1846): Illuminate\\Foundation\\Application->make()
console-1        | #19 /app/vendor/laravel/framework/src/Illuminate/Routing/RoutingServiceProvider.php(121): Illuminate\\Container\\Container->offsetGet()
console-1        | #20 /app/vendor/laravel/framework/src/Illuminate/Container/Container.php(1140): Illuminate\\Routing\\RoutingServiceProvider->{closure:Illuminate\\Routing\\RoutingServiceProvider::registerRedirector():114}()
console-1        | #21 /app/vendor/laravel/framework/src/Illuminate/Container/Container.php(939): Illuminate\\Container\\Container->build()
console-1        | #22 /app/vendor/laravel/framework/src/Illuminate/Foundation/Application.php(1086): Illuminate\\Container\\Container->resolve()
console-1        | #23 /app/vendor/laravel/framework/src/Illuminate/Container/Container.php(867): Illuminate\\Foundation\\Application->resolve()
console-1        | #24 /app/vendor/laravel/framework/src/Illuminate/Foundation/Application.php(1066): Illuminate\\Container\\Container->make()
console-1        | #25 /app/vendor/laravel/framework/src/Illuminate/Container/Container.php(1846): Illuminate\\Foundation\\Application->make()
console-1        | #26 /app/vendor/laravel/framework/src/Illuminate/Routing/RoutingServiceProvider.php(181): Illuminate\\Container\\Container->offsetGet()
console-1        | #27 /app/vendor/laravel/framework/src/Illuminate/Container/Container.php(1140): Illuminate\\Routing\\RoutingServiceProvider->{closure:Illuminate\\Routing\\RoutingServiceProvider::registerResponseFactory():180}()
console-1        | #28 /app/vendor/laravel/framework/src/Illuminate/Container/Container.php(939): Illuminate\\Container\\Container->build()
console-1        | #29 /app/vendor/laravel/framework/src/Illuminate/Foundation/Application.php(1086): Illuminate\\Container\\Container->resolve()
console-1        | #30 /app/vendor/laravel/framework/src/Illuminate/Container/Container.php(867): Illuminate\\Foundation\\Application->resolve()
console-1        | #31 /app/vendor/laravel/framework/src/Illuminate/Foundation/Application.php(1066): Illuminate\\Container\\Container->make()
console-1        | #32 /app/vendor/laravel/framework/src/Illuminate/Foundation/helpers.php(138): Illuminate\\Foundation\\Application->make()
console-1        | #33 /app/vendor/laravel/framework/src/Illuminate/Foundation/helpers.php(850): app()
console-1        | #34 /app/vendor/laravel/framework/src/Illuminate/Foundation/Exceptions/Handler.php(1103): response()
console-1        | #35 /app/vendor/laravel/framework/src/Illuminate/Foundation/Exceptions/Handler.php(960): Illuminate\\Foundation\\Exceptions\\Handler->toIlluminateResponse()
console-1        | #36 /app/vendor/laravel/framework/src/Illuminate/Foundation/Exceptions/Handler.php(844): Illuminate\\Foundation\\Exceptions\\Handler->prepareResponse()
console-1        | #37 /app/vendor/laravel/framework/src/Illuminate/Foundation/Exceptions/Handler.php(731): Illuminate\\Foundation\\Exceptions\\Handler->renderExceptionResponse()
console-1        | #38 /app/vendor/laravel/framework/src/Illuminate/Routing/Pipeline.php(51): Illuminate\\Foundation\\Exceptions\\Handler->render()
console-1        | #39 /app/vendor/laravel/framework/src/Illuminate/Pipeline/Pipeline.php(224): Illuminate\\Routing\\Pipeline->handleException()
governance-1     | 172.27.0.3 -  05/Oct/2026:03:28:24 +0000 "GET /index.php" 401
governance-1     | 172.27.0.3 -  05/Oct/2026:03:28:24 +0000 "GET /index.php" 401
governance-1     | 172.27.0.3 -  05/Oct/2026:03:28:24 +0000 "GET /index.php" 200
governance-1     | 172.27.0.3 -  05/Oct/2026:03:28:24 +0000 "GET /index.php" 200
governance-1     | 172.27.0.3 -  05/Oct/2026:03:28:24 +0000 "GET /index.php" 503
governance-1     | 172.27.0.3 -  05/Oct/2026:03:28:30 +0000 "GET /index.php" 401
governance-1     | 172.27.0.3 -  05/Oct/2026:03:28:30 +0000 "GET /index.php" 200
governance-1     | 172.27.0.3 -  05/Oct/2026:03:28:30 +0000 "GET /index.php" 503
governance-1     | 172.27.0.3 -  05/Oct/2026:03:28:30 +0000 "GET /index.php" 200
governance-1     | 172.27.0.3 -  05/Oct/2026:03:28:31 +0000 "GET /index.php" 503
governance-1     | 172.27.0.3 -  05/Oct/2026:03:28:31 +0000 "GET /index.php" 200
governance-1     | 172.27.0.3 -  05/Oct/2026:03:28:34 +0000 "GET /index.php" 200
governance-1     | 172.27.0.3 -  05/Oct/2026:03:28:36 +0000 "GET /index.php" 200
governance-1     | 172.27.0.3 -  05/Oct/2026:03:28:37 +0000 "GET /index.php" 200
governance-1     | 172.27.0.3 -  05/Oct/2026:03:28:39 +0000 "GET /index.php" 200
planning-1       | INFO:     Started server process [7]
planning-1       | INFO:     Uvicorn running on http://0.0.0.0:8080 (Press CTRL+C to quit)
console-1        | #40 /app/vendor/laravel/framework/src/Illuminate/Pipeline/Pipeline.php(137): Illuminate\\Pipeline\\Pipeline->{closure:{closure:Illuminate\\Pipeline\\Pipeline::carry():194}:195}()
console-1        | #41 /app/vendor/laravel/framework/src/Illuminate/Routing/Router.php(821): Illuminate\\Pipeline\\Pipeline->then()
console-1        | #42 /app/vendor/laravel/framework/src/Illuminate/Routing/Router.php(800): Illuminate\\Routing\\Router->runRouteWithinStack()
console-1        | #43 /app/vendor/laravel/framework/src/Illuminate/Routing/Router.php(764): Illuminate\\Routing\\Router->runRoute()
console-1        | #44 /app/vendor/laravel/framework/src/Illuminate/Routing/Router.php(753): Illuminate\\Routing\\Router->dispatchToRoute()
console-1        | #45 /app/vendor/laravel/framework/src/Illuminate/Foundation/Http/Kernel.php(200): Illuminate\\Routing\\Router->dispatch()
console-1        | #46 /app/vendor/laravel/framework/src/Illuminate/Pipeline/Pipeline.php(180): Illuminate\\Foundation\\Http\\Kernel->{closure:Illuminate\\Foundation\\Http\\Kernel::dispatchToRouter():197}()
console-1        | #47 /app/vendor/inertiajs/inertia-laravel/src/Middleware/EnsureGetOnRedirect.php(19): Illuminate\\Pipeline\\Pipeline->{closure:Illuminate\\Pipeline\\Pipeline::prepareDestination():178}()
console-1        | #48 /app/vendor/laravel/framework/src/Illuminate/Pipeline/Pipeline.php(219): Inertia\\Middleware\\EnsureGetOnRedirect->handle()
console-1        | #49 /app/vendor/laravel/framework/src/Illuminate/Foundation/Http/Middleware/TransformsRequest.php(21): Illuminate\\Pipeline\\Pipeline->{closure:{closure:Illuminate\\Pipeline\\Pipeline::carry():194}:195}()
console-1        | #50 /app/vendor/laravel/framework/src/Illuminate/Foundation/Http/Middleware/ConvertEmptyStringsToNull.php(31): Illuminate\\Foundation\\Http\\Middleware\\TransformsRequest->handle()
console-1        | #51 /app/vendor/laravel/framework/src/Illuminate/Pipeline/Pipeline.php(219): Illuminate\\Foundation\\Http\\Middleware\\ConvertEmptyStringsToNull->handle()
postgres-1       | The files belonging to this database system will be owned by user "postgres".
postgres-1       | This user must also own the server process.
postgres-1       | 
postgres-1       | The database cluster will be initialized with locale "en_US.utf8".
postgres-1       | The default database encoding has accordingly been set to "UTF8".
postgres-1       | The default text search configuration will be set to "english".
postgres-1       | 
postgres-1       | Data page checksums are enabled.
postgres-1       | 
postgres-1       | fixing permissions on existing directory /var/lib/postgresql/18/docker ... ok
postgres-1       | creating subdirectories ... ok
postgres-1       | selecting dynamic shared memory implementation ... posix
postgres-1       | selecting default "max_connections" ... 100
postgres-1       | selecting default "shared_buffers" ... 128MB
postgres-1       | selecting default time zone ... Etc/UTC
postgres-1       | creating configuration files ... ok
postgres-1       | running bootstrap script ... ok
postgres-1       | performing post-bootstrap initialization ... ok
postgres-1       | syncing data to disk ... ok
postgres-1       | 
postgres-1       | Success. You can now start the database server using:
postgres-1       | 
postgres-1       |     pg_ctl -D /var/lib/postgresql/18/docker -l logfile start
postgres-1       | 
postgres-1       | waiting for server to start....2026-10-05 03:28:15.395 UTC [63] LOG:  starting PostgreSQL 18.6 (Debian 18.6-1.pgdg12+2) on x86_64-pc-linux-gnu, compiled by gcc (Debian 12.2.0-14+deb12u1) 12.2.0, 64-bit
postgres-1       | 2026-10-05 03:28:15.395 UTC [63] LOG:  listening on Unix socket "/var/run/postgresql/.s.PGSQL.5432"
postgres-1       | 2026-10-05 03:28:15.398 UTC [69] LOG:  database system was shut down at 2026-10-05 03:28:14 UTC
postgres-1       | 2026-10-05 03:28:15.400 UTC [63] LOG:  database system is ready to accept connections
postgres-1       |  done
postgres-1       | server started
postgres-1       | 
postgres-1       | /usr/local/bin/docker-entrypoint.sh: sourcing /docker-entrypoint-initdb.d/10-private-identities.sh
postgres-1       | Bootstrapped private database and identities: console
postgres-1       | Bootstrapped private database and identities: governance
postgres-1       | Bootstrapped private database and identities: catalogue
postgres-1       | Bootstrapped private database and identities: inventory
postgres-1       | Bootstrapped private database and identities: planning
postgres-1       | Bootstrapped private database and identities: lifecycle
postgres-1       | Bootstrapped private database and identities: assurance
postgres-1       | 
postgres-1       | waiting for server to shut down...2026-10-05 03:28:16.353 UTC [63] LOG:  received fast shutdown request
postgres-1       | .2026-10-05 03:28:16.362 UTC [63] LOG:  aborting any active transactions
postgres-1       | 2026-10-05 03:28:16.363 UTC [63] LOG:  background worker "logical replication launcher" (PID 72) exited with exit code 1
postgres-1       | 2026-10-05 03:28:16.365 UTC [67] LOG:  shutting down
postgres-1       | 2026-10-05 03:28:16.365 UTC [67] LOG:  checkpoint starting: shutdown immediate
postgres-1       | 2026-10-05 03:28:17.096 UTC [67] LOG:  checkpoint complete: wrote 6608 buffers (40.3%), wrote 3 SLRU buffers; 0 WAL file(s) added, 0 removed, 2 recycled; write=0.712 s, sync=0.018 s, total=0.732 s; sync files=2106, longest=0.009 s, average=0.001 s; distance=30407 kB, estimate=30407 kB; lsn=0/350B310, redo lsn=0/350B310
postgres-1       | 2026-10-05 03:28:17.114 UTC [63] LOG:  database system is shut down
postgres-1       |  done
postgres-1       | server stopped
postgres-1       | 
console-1        | #52 /app/vendor/laravel/framework/src/Illuminate/Foundation/Http/Middleware/TransformsRequest.php(21): Illuminate\\Pipeline\\Pipeline->{closure:{closure:Illuminate\\Pipeline\\Pipeline::carry():194}:195}()
console-1        | #53 /app/vendor/laravel/framework/src/Illuminate/Foundation/Http/Middleware/TrimStrings.php(51): Illuminate\\Foundation\\Http\\Middleware\\TransformsRequest->handle()
console-1        | #54 /app/vendor/laravel/framework/src/Illuminate/Pipeline/Pipeline.php(219): Illuminate\\Foundation\\Http\\Middleware\\TrimStrings->handle()
console-1        | #55 /app/vendor/laravel/framework/src/Illuminate/Http/Middleware/ValidatePostSize.php(27): Illuminate\\Pipeline\\Pipeline->{closure:{closure:Illuminate\\Pipeline\\Pipeline::carry():194}:195}()
console-1        | #56 /app/vendor/laravel/framework/src/Illuminate/Pipeline/Pipeline.php(219): Illuminate\\Http\\Middleware\\ValidatePostSize->handle()
console-1        | #57 /app/vendor/laravel/framework/src/Illuminate/Foundation/Http/Middleware/PreventRequestsDuringMaintenance.php(110): Illuminate\\Pipeline\\Pipeline->{closure:{closure:Illuminate\\Pipeline\\Pipeline::carry():194}:195}()
console-1        | #58 /app/vendor/laravel/framework/src/Illuminate/Pipeline/Pipeline.php(219): Illuminate\\Foundation\\Http\\Middleware\\PreventRequestsDuringMaintenance->handle()
console-1        | #59 /app/vendor/laravel/framework/src/Illuminate/Http/Middleware/HandleCors.php(61): Illuminate\\Pipeline\\Pipeline->{closure:{closure:Illuminate\\Pipeline\\Pipeline::carry():194}:195}()
console-1        | #60 /app/vendor/laravel/framework/src/Illuminate/Pipeline/Pipeline.php(219): Illuminate\\Http\\Middleware\\HandleCors->handle()
console-1        | #61 /app/vendor/laravel/framework/src/Illuminate/Http/Middleware/TrustProxies.php(58): Illuminate\\Pipeline\\Pipeline->{closure:{closure:Illuminate\\Pipeline\\Pipeline::carry():194}:195}()
console-1        | #62 /app/vendor/laravel/framework/src/Illuminate/Pipeline/Pipeline.php(219): Illuminate\\Http\\Middleware\\TrustProxies->handle()
console-1        | #63 /app/vendor/laravel/framework/src/Illuminate/Foundation/Http/Middleware/InvokeDeferredCallbacks.php(22): Illuminate\\Pipeline\\Pipeline->{closure:{closure:Illuminate\\Pipeline\\Pipeline::carry():194}:195}()
console-1        | #64 /app/vendor/laravel/framework/src/Illuminate/Pipeline/Pipeline.php(219): Illuminate\\Foundation\\Http\\Middleware\\InvokeDeferredCallbacks->handle()
console-1        | #65 /app/vendor/laravel/framework/src/Illuminate/Http/Middleware/ValidatePathEncoding.php(28): Illuminate\\Pipeline\\Pipeline->{closure:{closure:Illuminate\\Pipeline\\Pipeline::carry():194}:195}()
console-1        | #66 /app/vendor/laravel/framework/src/Illuminate/Pipeline/Pipeline.php(219): Illuminate\\Http\\Middleware\\ValidatePathEncoding->handle()
console-1        | #67 /app/vendor/inertiajs/inertia-laravel/src/Middleware/EnsureDeferredCallbacksRun.php(21): Illuminate\\Pipeline\\Pipeline->{closure:{closure:Illuminate\\Pipeline\\Pipeline::carry():194}:195}()
console-1        | #68 /app/vendor/laravel/framework/src/Illuminate/Pipeline/Pipeline.php(219): Inertia\\Middleware\\EnsureDeferredCallbacksRun->handle()
console-1        | #69 /app/vendor/laravel/framework/src/Illuminate/Pipeline/Pipeline.php(137): Illuminate\\Pipeline\\Pipeline->{closure:{closure:Illuminate\\Pipeline\\Pipeline::carry():194}:195}()
console-1        | #70 /app/vendor/laravel/framework/src/Illuminate/Foundation/Http/Kernel.php(175): Illuminate\\Pipeline\\Pipeline->then()
console-1        | #71 /app/vendor/laravel/framework/src/Illuminate/Foundation/Http/Kernel.php(144): Illuminate\\Foundation\\Http\\Kernel->sendRequestThroughRouter()
console-1        | #72 /app/vendor/laravel/framework/src/Illuminate/Foundation/Application.php(1228): Illuminate\\Foundation\\Http\\Kernel->handle()
console-1        | #73 /app/public/index.php(13): Illuminate\\Foundation\\Application->handleRequest()
console-1        | #74 {main}
console-1        | "} 
console-1        | [2026-10-05 03:28:38] production.ERROR: Unsupported cipher or incorrect key length. Supported ciphers are: aes-128-cbc, aes-256-cbc, aes-128-gcm, aes-256-gcm. {"exception":"[object] (RuntimeException(code: 0): Unsupported cipher or incorrect key length. Supported ciphers are: aes-128-cbc, aes-256-cbc, aes-128-gcm, aes-256-gcm. at /app/vendor/laravel/framework/src/Illuminate/Encryption/Encrypter.php:61)
console-1        | [stacktrace]
console-1        | #0 /app/vendor/laravel/framework/src/Illuminate/Encryption/EncryptionServiceProvider.php(32): Illuminate\\Encryption\\Encrypter->__construct()
console-1        | #1 /app/vendor/laravel/framework/src/Illuminate/Container/Container.php(1140): Illuminate\\Encryption\\EncryptionServiceProvider->{closure:Illuminate\\Encryption\\EncryptionServiceProvider::registerEncrypter():29}()
console-1        | #2 /app/vendor/laravel/framework/src/Illuminate/Container/Container.php(939): Illuminate\\Container\\Container->build()
console-1        | #3 /app/vendor/laravel/framework/src/Illuminate/Foundation/Application.php(1086): Illuminate\\Container\\Container->resolve()
console-1        | #4 /app/vendor/laravel/framework/src/Illuminate/Container/Container.php(867): Illuminate\\Foundation\\Application->resolve()
console-1        | #5 /app/vendor/laravel/framework/src/Illuminate/Foundation/Application.php(1066): Illuminate\\Container\\Container->make()
console-1        | #6 /app/vendor/laravel/framework/src/Illuminate/Container/Container.php(1846): Illuminate\\Foundation\\Application->make()
console-1        | #7 /app/vendor/laravel/framework/src/Illuminate/Session/SessionManager.php(219): Illuminate\\Container\\Container->offsetGet()
console-1        | #8 /app/vendor/laravel/framework/src/Illuminate/Session/SessionManager.php(199): Illuminate\\Session\\SessionManager->buildEncryptedSession()
console-1        | #9 /app/vendor/laravel/framework/src/Illuminate/Session/SessionManager.php(96): Illuminate\\Session\\SessionManager->buildSession()
console-1        | #10 /app/vendor/laravel/framework/src/Illuminate/Support/Manager.php(105): Illuminate\\Session\\SessionManager->createDatabaseDriver()
console-1        | #11 /app/vendor/laravel/framework/src/Illuminate/Support/Manager.php(82): Illuminate\\Support\\Manager->createDriver()
console-1        | #12 /app/vendor/laravel/framework/src/Illuminate/Session/SessionServiceProvider.php(52): Illuminate\\Support\\Manager->driver()
console-1        | #13 /app/vendor/laravel/framework/src/Illuminate/Container/Container.php(1140): Illuminate\\Session\\SessionServiceProvider->{closure:Illuminate\\Session\\SessionServiceProvider::registerSessionDriver():48}()
console-1        | #14 /app/vendor/laravel/framework/src/Illuminate/Container/Container.php(939): Illuminate\\Container\\Container->build()
console-1        | #15 /app/vendor/laravel/framework/src/Illuminate/Foundation/Application.php(1086): Illuminate\\Container\\Container->resolve()
console-1        | #16 /app/vendor/laravel/framework/src/Illuminate/Container/Container.php(867): Illuminate\\Foundation\\Application->resolve()
console-1        | #17 /app/vendor/laravel/framework/src/Illuminate/Foundation/Application.php(1066): Illuminate\\Container\\Container->make()
console-1        | #18 /app/vendor/laravel/framework/src/Illuminate/Container/Container.php(1846): Illuminate\\Foundation\\Application->make()
console-1        | #19 /app/vendor/laravel/framework/src/Illuminate/Routing/RoutingServiceProvider.php(121): Illuminate\\Container\\Container->offsetGet()
console-1        | #20 /app/vendor/laravel/framework/src/Illuminate/Container/Container.php(1140): Illuminate\\Routing\\RoutingServiceProvider->{closure:Illuminate\\Routing\\RoutingServiceProvider::registerRedirector():114}()
console-1        | #21 /app/vendor/laravel/framework/src/Illuminate/Container/Container.php(939): Illuminate\\Container\\Container->build()
postgres-1       | PostgreSQL init process complete; ready for start up.
postgres-1       | 
postgres-1       | 2026-10-05 03:28:17.174 UTC [7] LOG:  starting PostgreSQL 18.6 (Debian 18.6-1.pgdg12+2) on x86_64-pc-linux-gnu, compiled by gcc (Debian 12.2.0-14+deb12u1) 12.2.0, 64-bit
postgres-1       | 2026-10-05 03:28:17.174 UTC [7] LOG:  listening on IPv4 address "0.0.0.0", port 5432
postgres-1       | 2026-10-05 03:28:17.174 UTC [7] LOG:  listening on IPv6 address "::", port 5432
postgres-1       | 2026-10-05 03:28:17.175 UTC [7] LOG:  listening on Unix socket "/var/run/postgresql/.s.PGSQL.5432"
postgres-1       | 2026-10-05 03:28:17.178 UTC [131] LOG:  database system was shut down at 2026-10-05 03:28:17 UTC
postgres-1       | 2026-10-05 03:28:17.182 UTC [7] LOG:  database system is ready to accept connections
console-1        | #22 /app/vendor/laravel/framework/src/Illuminate/Foundation/Application.php(1086): Illuminate\\Container\\Container->resolve()
postgres-1       | 2026-10-05 03:28:18.657 UTC [141] FATAL:  pg_hba.conf rejects connection for host "127.0.0.1", user "postgres", database "postgres", SSL encryption
console-1        | #23 /app/vendor/laravel/framework/src/Illuminate/Container/Container.php(867): Illuminate\\Foundation\\Application->resolve()
postgres-1       | 2026-10-05 03:28:18.658 UTC [142] FATAL:  pg_hba.conf rejects connection for host "127.0.0.1", user "postgres", database "postgres", no encryption
console-1        | #24 /app/vendor/laravel/framework/src/Illuminate/Foundation/Application.php(1066): Illuminate\\Container\\Container->make()
console-1        | #25 /app/vendor/laravel/framework/src/Illuminate/Container/Container.php(1846): Illuminate\\Foundation\\Application->make()
console-1        | #26 /app/vendor/laravel/framework/src/Illuminate/Routing/RoutingServiceProvider.php(181): Illuminate\\Container\\Container->offsetGet()
console-1        | #27 /app/vendor/laravel/framework/src/Illuminate/Container/Container.php(1140): Illuminate\\Routing\\RoutingServiceProvider->{closure:Illuminate\\Routing\\RoutingServiceProvider::registerResponseFactory():180}()
console-1        | #28 /app/vendor/laravel/framework/src/Illuminate/Container/Container.php(939): Illuminate\\Container\\Container->build()
console-1        | #29 /app/vendor/laravel/framework/src/Illuminate/Foundation/Application.php(1086): Illuminate\\Container\\Container->resolve()
console-1        | #30 /app/vendor/laravel/framework/src/Illuminate/Container/Container.php(867): Illuminate\\Foundation\\Application->resolve()
console-1        | #31 /app/vendor/laravel/framework/src/Illuminate/Foundation/Application.php(1066): Illuminate\\Container\\Container->make()
console-1        | #32 /app/vendor/laravel/framework/src/Illuminate/Foundation/helpers.php(138): Illuminate\\Foundation\\Application->make()
console-1        | #33 /app/vendor/laravel/framework/src/Illuminate/Foundation/helpers.php(850): app()
console-1        | #34 /app/vendor/laravel/framework/src/Illuminate/Foundation/Exceptions/Handler.php(1042): response()
console-1        | #35 /app/vendor/laravel/framework/src/Illuminate/Foundation/Exceptions/Handler.php(961): Illuminate\\Foundation\\Exceptions\\Handler->renderHttpException()
console-1        | #36 /app/vendor/laravel/framework/src/Illuminate/Foundation/Exceptions/Handler.php(844): Illuminate\\Foundation\\Exceptions\\Handler->prepareResponse()
console-1        | #37 /app/vendor/laravel/framework/src/Illuminate/Foundation/Exceptions/Handler.php(731): Illuminate\\Foundation\\Exceptions\\Handler->renderExceptionResponse()
console-1        | #38 /app/vendor/laravel/framework/src/Illuminate/Routing/Pipeline.php(51): Illuminate\\Foundation\\Exceptions\\Handler->render()
console-1        | #39 /app/vendor/laravel/framework/src/Illuminate/Pipeline/Pipeline.php(182): Illuminate\\Routing\\Pipeline->handleException()
console-1        | #40 /app/vendor/inertiajs/inertia-laravel/src/Middleware/EnsureGetOnRedirect.php(19): Illuminate\\Pipeline\\Pipeline->{closure:Illuminate\\Pipeline\\Pipeline::prepareDestination():178}()
console-1        | #41 /app/vendor/laravel/framework/src/Illuminate/Pipeline/Pipeline.php(219): Inertia\\Middleware\\EnsureGetOnRedirect->handle()
console-1        | #42 /app/vendor/laravel/framework/src/Illuminate/Foundation/Http/Middleware/TransformsRequest.php(21): Illuminate\\Pipeline\\Pipeline->{closure:{closure:Illuminate\\Pipeline\\Pipeline::carry():194}:195}()
console-1        | #43 /app/vendor/laravel/framework/src/Illuminate/Foundation/Http/Middleware/ConvertEmptyStringsToNull.php(31): Illuminate\\Foundation\\Http\\Middleware\\TransformsRequest->handle()
console-1        | #44 /app/vendor/laravel/framework/src/Illuminate/Pipeline/Pipeline.php(219): Illuminate\\Foundation\\Http\\Middleware\\ConvertEmptyStringsToNull->handle()
console-1        | #45 /app/vendor/laravel/framework/src/Illuminate/Foundation/Http/Middleware/TransformsRequest.php(21): Illuminate\\Pipeline\\Pipeline->{closure:{closure:Illuminate\\Pipeline\\Pipeline::carry():194}:195}()
console-1        | #46 /app/vendor/laravel/framework/src/Illuminate/Foundation/Http/Middleware/TrimStrings.php(51): Illuminate\\Foundation\\Http\\Middleware\\TransformsRequest->handle()
console-1        | #47 /app/vendor/laravel/framework/src/Illuminate/Pipeline/Pipeline.php(219): Illuminate\\Foundation\\Http\\Middleware\\TrimStrings->handle()
console-1        | #48 /app/vendor/laravel/framework/src/Illuminate/Http/Middleware/ValidatePostSize.php(27): Illuminate\\Pipeline\\Pipeline->{closure:{closure:Illuminate\\Pipeline\\Pipeline::carry():194}:195}()
console-1        | #49 /app/vendor/laravel/framework/src/Illuminate/Pipeline/Pipeline.php(219): Illuminate\\Http\\Middleware\\ValidatePostSize->handle()
console-1        | #50 /app/vendor/laravel/framework/src/Illuminate/Foundation/Http/Middleware/PreventRequestsDuringMaintenance.php(110): Illuminate\\Pipeline\\Pipeline->{closure:{closure:Illuminate\\Pipeline\\Pipeline::carry():194}:195}()
console-1        | #51 /app/vendor/laravel/framework/src/Illuminate/Pipeline/Pipeline.php(219): Illuminate\\Foundation\\Http\\Middleware\\PreventRequestsDuringMaintenance->handle()
console-1        | #52 /app/vendor/laravel/framework/src/Illuminate/Http/Middleware/HandleCors.php(61): Illuminate\\Pipeline\\Pipeline->{closure:{closure:Illuminate\\Pipeline\\Pipeline::carry():194}:195}()
console-1        | #53 /app/vendor/laravel/framework/src/Illuminate/Pipeline/Pipeline.php(219): Illuminate\\Http\\Middleware\\HandleCors->handle()
console-1        | #54 /app/vendor/laravel/framework/src/Illuminate/Http/Middleware/TrustProxies.php(58): Illuminate\\Pipeline\\Pipeline->{closure:{closure:Illuminate\\Pipeline\\Pipeline::carry():194}:195}()
console-1        | #55 /app/vendor/laravel/framework/src/Illuminate/Pipeline/Pipeline.php(219): Illuminate\\Http\\Middleware\\TrustProxies->handle()
console-1        | #56 /app/vendor/laravel/framework/src/Illuminate/Foundation/Http/Middleware/InvokeDeferredCallbacks.php(22): Illuminate\\Pipeline\\Pipeline->{closure:{closure:Illuminate\\Pipeline\\Pipeline::carry():194}:195}()
console-1        | #57 /app/vendor/laravel/framework/src/Illuminate/Pipeline/Pipeline.php(219): Illuminate\\Foundation\\Http\\Middleware\\InvokeDeferredCallbacks->handle()
console-1        | #58 /app/vendor/laravel/framework/src/Illuminate/Http/Middleware/ValidatePathEncoding.php(28): Illuminate\\Pipeline\\Pipeline->{closure:{closure:Illuminate\\Pipeline\\Pipeline::carry():194}:195}()
console-1        | #59 /app/vendor/laravel/framework/src/Illuminate/Pipeline/Pipeline.php(219): Illuminate\\Http\\Middleware\\ValidatePathEncoding->handle()
console-1        | #60 /app/vendor/inertiajs/inertia-laravel/src/Middleware/EnsureDeferredCallbacksRun.php(21): Illuminate\\Pipeline\\Pipeline->{closure:{closure:Illuminate\\Pipeline\\Pipeline::carry():194}:195}()
console-1        | #61 /app/vendor/laravel/framework/src/Illuminate/Pipeline/Pipeline.php(219): Inertia\\Middleware\\EnsureDeferredCallbacksRun->handle()
console-1        | #62 /app/vendor/laravel/framework/src/Illuminate/Pipeline/Pipeline.php(137): Illuminate\\Pipeline\\Pipeline->{closure:{closure:Illuminate\\Pipeline\\Pipeline::carry():194}:195}()
console-1        | #63 /app/vendor/laravel/framework/src/Illuminate/Foundation/Http/Kernel.php(175): Illuminate\\Pipeline\\Pipeline->then()
console-1        | #64 /app/vendor/laravel/framework/src/Illuminate/Foundation/Http/Kernel.php(144): Illuminate\\Foundation\\Http\\Kernel->sendRequestThroughRouter()
console-1        | #65 /app/vendor/laravel/framework/src/Illuminate/Foundation/Application.php(1228): Illuminate\\Foundation\\Http\\Kernel->handle()
console-1        | #66 /app/public/index.php(13): Illuminate\\Foundation\\Application->handleRequest()
console-1        | #67 {main}
console-1        | "} 
console-1        | [2026-10-05 03:28:38] production.ERROR: Unsupported cipher or incorrect key length. Supported ciphers are: aes-128-cbc, aes-256-cbc, aes-128-gcm, aes-256-gcm. {"exception":"[object] (RuntimeException(code: 0): Unsupported cipher or incorrect key length. Supported ciphers are: aes-128-cbc, aes-256-cbc, aes-128-gcm, aes-256-gcm. at /app/vendor/laravel/framework/src/Illuminate/Encryption/Encrypter.php:61)
console-1        | [stacktrace]
console-1        | #0 /app/vendor/laravel/framework/src/Illuminate/Encryption/EncryptionServiceProvider.php(32): Illuminate\\Encryption\\Encrypter->__construct()
console-1        | #1 /app/vendor/laravel/framework/src/Illuminate/Container/Container.php(1140): Illuminate\\Encryption\\EncryptionServiceProvider->{closure:Illuminate\\Encryption\\EncryptionServiceProvider::registerEncrypter():29}()
console-1        | #2 /app/vendor/laravel/framework/src/Illuminate/Container/Container.php(939): Illuminate\\Container\\Container->build()
console-1        | #3 /app/vendor/laravel/framework/src/Illuminate/Foundation/Application.php(1086): Illuminate\\Container\\Container->resolve()
console-1        | #4 /app/vendor/laravel/framework/src/Illuminate/Container/Container.php(867): Illuminate\\Foundation\\Application->resolve()
console-1        | #5 /app/vendor/laravel/framework/src/Illuminate/Foundation/Application.php(1066): Illuminate\\Container\\Container->make()
console-1        | #6 /app/vendor/laravel/framework/src/Illuminate/Container/Container.php(1846): Illuminate\\Foundation\\Application->make()
console-1        | #7 /app/vendor/laravel/framework/src/Illuminate/Session/SessionManager.php(219): Illuminate\\Container\\Container->offsetGet()
console-1        | #8 /app/vendor/laravel/framework/src/Illuminate/Session/SessionManager.php(199): Illuminate\\Session\\SessionManager->buildEncryptedSession()
console-1        | #9 /app/vendor/laravel/framework/src/Illuminate/Session/SessionManager.php(96): Illuminate\\Session\\SessionManager->buildSession()
console-1        | #10 /app/vendor/laravel/framework/src/Illuminate/Support/Manager.php(105): Illuminate\\Session\\SessionManager->createDatabaseDriver()
console-1        | #11 /app/vendor/laravel/framework/src/Illuminate/Support/Manager.php(82): Illuminate\\Support\\Manager->createDriver()
console-1        | #12 /app/vendor/laravel/framework/src/Illuminate/Session/SessionServiceProvider.php(52): Illuminate\\Support\\Manager->driver()
console-1        | #13 /app/vendor/laravel/framework/src/Illuminate/Container/Container.php(1140): Illuminate\\Session\\SessionServiceProvider->{closure:Illuminate\\Session\\SessionServiceProvider::registerSessionDriver():48}()
console-1        | #14 /app/vendor/laravel/framework/src/Illuminate/Container/Container.php(939): Illuminate\\Container\\Container->build()
console-1        | #15 /app/vendor/laravel/framework/src/Illuminate/Foundation/Application.php(1086): Illuminate\\Container\\Container->resolve()
console-1        | #16 /app/vendor/laravel/framework/src/Illuminate/Container/Container.php(867): Illuminate\\Foundation\\Application->resolve()
console-1        | #17 /app/vendor/laravel/framework/src/Illuminate/Foundation/Application.php(1066): Illuminate\\Container\\Container->make()
console-1        | #18 /app/vendor/laravel/framework/src/Illuminate/Container/Container.php(1846): Illuminate\\Foundation\\Application->make()
console-1        | #19 /app/vendor/laravel/framework/src/Illuminate/Routing/RoutingServiceProvider.php(121): Illuminate\\Container\\Container->offsetGet()
console-1        | #20 /app/vendor/laravel/framework/src/Illuminate/Container/Container.php(1140): Illuminate\\Routing\\RoutingServiceProvider->{closure:Illuminate\\Routing\\RoutingServiceProvider::registerRedirector():114}()
console-1        | #21 /app/vendor/laravel/framework/src/Illuminate/Container/Container.php(939): Illuminate\\Container\\Container->build()
console-1        | #22 /app/vendor/laravel/framework/src/Illuminate/Foundation/Application.php(1086): Illuminate\\Container\\Container->resolve()
console-1        | #23 /app/vendor/laravel/framework/src/Illuminate/Container/Container.php(867): Illuminate\\Foundation\\Application->resolve()
console-1        | #24 /app/vendor/laravel/framework/src/Illuminate/Foundation/Application.php(1066): Illuminate\\Container\\Container->make()
console-1        | #25 /app/vendor/laravel/framework/src/Illuminate/Container/Container.php(1846): Illuminate\\Foundation\\Application->make()
console-1        | #26 /app/vendor/laravel/framework/src/Illuminate/Routing/RoutingServiceProvider.php(181): Illuminate\\Container\\Container->offsetGet()
console-1        | #27 /app/vendor/laravel/framework/src/Illuminate/Container/Container.php(1140): Illuminate\\Routing\\RoutingServiceProvider->{closure:Illuminate\\Routing\\RoutingServiceProvider::registerResponseFactory():180}()
console-1        | #28 /app/vendor/laravel/framework/src/Illuminate/Container/Container.php(939): Illuminate\\Container\\Container->build()
console-1        | #29 /app/vendor/laravel/framework/src/Illuminate/Foundation/Application.php(1086): Illuminate\\Container\\Container->resolve()
console-1        | #30 /app/vendor/laravel/framework/src/Illuminate/Container/Container.php(867): Illuminate\\Foundation\\Application->resolve()
console-1        | #31 /app/vendor/laravel/framework/src/Illuminate/Foundation/Application.php(1066): Illuminate\\Container\\Container->make()
console-1        | #32 /app/vendor/laravel/framework/src/Illuminate/Foundation/helpers.php(138): Illuminate\\Foundation\\Application->make()
console-1        | #33 /app/vendor/laravel/framework/src/Illuminate/Foundation/helpers.php(850): app()
postgres-1       | 2026-10-05 03:28:20.856 UTC [212] FATAL:  pg_hba.conf rejects connection for host "127.0.0.1", user "postgres", database "postgres", SSL encryption
postgres-1       | 2026-10-05 03:28:20.864 UTC [213] FATAL:  pg_hba.conf rejects connection for host "127.0.0.1", user "postgres", database "postgres", no encryption
postgres-1       | 2026-10-05 03:28:22.953 UTC [222] FATAL:  pg_hba.conf rejects connection for host "127.0.0.1", user "postgres", database "postgres", SSL encryption
postgres-1       | 2026-10-05 03:28:22.955 UTC [223] FATAL:  pg_hba.conf rejects connection for host "127.0.0.1", user "postgres", database "postgres", no encryption
postgres-1       | 2026-10-05 03:28:23.857 UTC [232] ERROR:  duplicate key value violates unique constraint "cache_locks_pkey"
postgres-1       | 2026-10-05 03:28:23.857 UTC [232] DETAIL:  Key (key)=(console:tenant:tenant_a:742c38d6628f0b67c0ad6e840cdaaec6436077eed9704afa7d023cae42907fe8) already exists.
postgres-1       | 2026-10-05 03:28:23.857 UTC [232] STATEMENT:  insert into "app"."cache_locks" ("key", "owner", "expiration") values ($1, $2, $3)
postgres-1       | 2026-10-05 03:28:24.235 UTC [257] ERROR:  permission denied for schema app at character 14
postgres-1       | 2026-10-05 03:28:24.235 UTC [257] STATEMENT:  CREATE TABLE app.forbidden(id integer);
postgres-1       | 2026-10-05 03:28:24.348 UTC [265] ERROR:  permission denied for table foundation_schema
postgres-1       | 2026-10-05 03:28:24.348 UTC [265] STATEMENT:  UPDATE app.foundation_schema SET version=2;
postgres-1       | 2026-10-05 03:28:24.462 UTC [273] ERROR:  permission denied to set role "console_owner"
postgres-1       | 2026-10-05 03:28:24.462 UTC [273] STATEMENT:  SET ROLE console_owner;
postgres-1       | 2026-10-05 03:28:24.574 UTC [281] FATAL:  pg_hba.conf rejects connection for host "172.18.0.2", user "console_runtime", database "catalogue", SSL encryption
postgres-1       | 2026-10-05 03:28:24.722 UTC [289] FATAL:  pg_hba.conf rejects connection for host "172.18.0.2", user "console_runtime", database "console", no encryption
postgres-1       | 2026-10-05 03:28:24.841 UTC [296] FATAL:  password authentication failed for user "console_runtime"
postgres-1       | 2026-10-05 03:28:24.841 UTC [296] DETAIL:  Connection matched file "/tmp/pg-tls/pg_hba.conf" line 5: "hostssl console console_runtime,console_migrator 0.0.0.0/0 scram-sha-256"
postgres-1       | 2026-10-05 03:28:25.004 UTC [312] FATAL:  pg_hba.conf rejects connection for host "127.0.0.1", user "postgres", database "postgres", SSL encryption
postgres-1       | 2026-10-05 03:28:25.007 UTC [313] FATAL:  pg_hba.conf rejects connection for host "127.0.0.1", user "postgres", database "postgres", no encryption
postgres-1       | 2026-10-05 03:28:25.228 UTC [328] ERROR:  permission denied for schema app at character 14
postgres-1       | 2026-10-05 03:28:25.228 UTC [328] STATEMENT:  CREATE TABLE app.forbidden(id integer);
postgres-1       | 2026-10-05 03:28:25.339 UTC [336] ERROR:  permission denied for table foundation_schema
postgres-1       | 2026-10-05 03:28:25.339 UTC [336] STATEMENT:  UPDATE app.foundation_schema SET version=2;
postgres-1       | 2026-10-05 03:28:25.451 UTC [344] ERROR:  permission denied to set role "governance_owner"
postgres-1       | 2026-10-05 03:28:25.451 UTC [344] STATEMENT:  SET ROLE governance_owner;
postgres-1       | 2026-10-05 03:28:25.560 UTC [352] FATAL:  pg_hba.conf rejects connection for host "172.18.0.2", user "governance_runtime", database "catalogue", SSL encryption
postgres-1       | 2026-10-05 03:28:25.663 UTC [360] FATAL:  pg_hba.conf rejects connection for host "172.18.0.2", user "governance_runtime", database "governance", no encryption
postgres-1       | 2026-10-05 03:28:25.776 UTC [367] FATAL:  password authentication failed for user "governance_runtime"
postgres-1       | 2026-10-05 03:28:25.776 UTC [367] DETAIL:  Connection matched file "/tmp/pg-tls/pg_hba.conf" line 7: "hostssl governance governance_runtime,governance_migrator 0.0.0.0/0 scram-sha-256"
postgres-1       | 2026-10-05 03:28:26.158 UTC [392] ERROR:  permission denied for schema app at character 14
postgres-1       | 2026-10-05 03:28:26.158 UTC [392] STATEMENT:  CREATE TABLE app.forbidden(id integer);
postgres-1       | 2026-10-05 03:28:26.269 UTC [400] ERROR:  permission denied for table foundation_schema
postgres-1       | 2026-10-05 03:28:26.269 UTC [400] STATEMENT:  UPDATE app.foundation_schema SET version=2;
postgres-1       | 2026-10-05 03:28:26.380 UTC [408] ERROR:  permission denied to set role "catalogue_owner"
postgres-1       | 2026-10-05 03:28:26.380 UTC [408] STATEMENT:  SET ROLE catalogue_owner;
postgres-1       | 2026-10-05 03:28:26.488 UTC [417] FATAL:  pg_hba.conf rejects connection for host "172.18.0.2", user "catalogue_runtime", database "governance", SSL encryption
postgres-1       | 2026-10-05 03:28:26.597 UTC [425] FATAL:  pg_hba.conf rejects connection for host "172.18.0.2", user "catalogue_runtime", database "catalogue", no encryption
postgres-1       | 2026-10-05 03:28:26.705 UTC [432] FATAL:  password authentication failed for user "catalogue_runtime"
postgres-1       | 2026-10-05 03:28:26.705 UTC [432] DETAIL:  Connection matched file "/tmp/pg-tls/pg_hba.conf" line 9: "hostssl catalogue catalogue_runtime,catalogue_migrator 0.0.0.0/0 scram-sha-256"
postgres-1       | 2026-10-05 03:28:27.057 UTC [456] FATAL:  pg_hba.conf rejects connection for host "127.0.0.1", user "postgres", database "postgres", SSL encryption
postgres-1       | 2026-10-05 03:28:27.059 UTC [457] FATAL:  pg_hba.conf rejects connection for host "127.0.0.1", user "postgres", database "postgres", no encryption
postgres-1       | 2026-10-05 03:28:27.117 UTC [465] ERROR:  permission denied for schema app at character 14
postgres-1       | 2026-10-05 03:28:27.117 UTC [465] STATEMENT:  CREATE TABLE app.forbidden(id integer);
postgres-1       | 2026-10-05 03:28:27.234 UTC [473] ERROR:  permission denied for table foundation_schema
postgres-1       | 2026-10-05 03:28:27.234 UTC [473] STATEMENT:  UPDATE app.foundation_schema SET version=2;
postgres-1       | 2026-10-05 03:28:27.345 UTC [481] ERROR:  permission denied to set role "assurance_owner"
postgres-1       | 2026-10-05 03:28:27.345 UTC [481] STATEMENT:  SET ROLE assurance_owner;
postgres-1       | 2026-10-05 03:28:27.453 UTC [489] FATAL:  pg_hba.conf rejects connection for host "172.18.0.2", user "assurance_runtime", database "catalogue", SSL encryption
postgres-1       | 2026-10-05 03:28:27.561 UTC [497] FATAL:  pg_hba.conf rejects connection for host "172.18.0.2", user "assurance_runtime", database "assurance", no encryption
postgres-1       | 2026-10-05 03:28:27.678 UTC [504] FATAL:  password authentication failed for user "assurance_runtime"
postgres-1       | 2026-10-05 03:28:27.678 UTC [504] DETAIL:  Connection matched file "/tmp/pg-tls/pg_hba.conf" line 17: "hostssl assurance assurance_runtime,assurance_migrator 0.0.0.0/0 scram-sha-256"
postgres-1       | 2026-10-05 03:28:28.049 UTC [529] ERROR:  permission denied for schema app at character 14
postgres-1       | 2026-10-05 03:28:28.049 UTC [529] STATEMENT:  CREATE TABLE app.forbidden(id integer);
postgres-1       | 2026-10-05 03:28:28.163 UTC [537] ERROR:  permission denied for table foundation_schema
postgres-1       | 2026-10-05 03:28:28.163 UTC [537] STATEMENT:  UPDATE app.foundation_schema SET version=2;
postgres-1       | 2026-10-05 03:28:28.275 UTC [545] ERROR:  permission denied to set role "planning_owner"
postgres-1       | 2026-10-05 03:28:28.275 UTC [545] STATEMENT:  SET ROLE planning_owner;
postgres-1       | 2026-10-05 03:28:28.381 UTC [553] FATAL:  pg_hba.conf rejects connection for host "172.18.0.2", user "planning_runtime", database "catalogue", SSL encryption
postgres-1       | 2026-10-05 03:28:28.486 UTC [561] FATAL:  pg_hba.conf rejects connection for host "172.18.0.2", user "planning_runtime", database "planning", no encryption
postgres-1       | 2026-10-05 03:28:28.599 UTC [568] FATAL:  password authentication failed for user "planning_runtime"
postgres-1       | 2026-10-05 03:28:28.599 UTC [568] DETAIL:  Connection matched file "/tmp/pg-tls/pg_hba.conf" line 13: "hostssl planning planning_runtime,planning_migrator 0.0.0.0/0 scram-sha-256"
postgres-1       | 2026-10-05 03:28:28.975 UTC [593] ERROR:  permission denied for schema app at character 14
postgres-1       | 2026-10-05 03:28:28.975 UTC [593] STATEMENT:  CREATE TABLE app.forbidden(id integer);
postgres-1       | 2026-10-05 03:28:29.098 UTC [607] ERROR:  permission denied for table foundation_schema
postgres-1       | 2026-10-05 03:28:29.098 UTC [607] STATEMENT:  UPDATE app.foundation_schema SET version=2;
postgres-1       | 2026-10-05 03:28:29.108 UTC [608] FATAL:  pg_hba.conf rejects connection for host "127.0.0.1", user "postgres", database "postgres", SSL encryption
postgres-1       | 2026-10-05 03:28:29.109 UTC [609] FATAL:  pg_hba.conf rejects connection for host "127.0.0.1", user "postgres", database "postgres", no encryption
postgres-1       | 2026-10-05 03:28:29.217 UTC [618] ERROR:  permission denied to set role "inventory_owner"
postgres-1       | 2026-10-05 03:28:29.217 UTC [618] STATEMENT:  SET ROLE inventory_owner;
postgres-1       | 2026-10-05 03:28:29.343 UTC [626] FATAL:  pg_hba.conf rejects connection for host "172.18.0.2", user "inventory_runtime", database "catalogue", SSL encryption
postgres-1       | 2026-10-05 03:28:29.448 UTC [634] FATAL:  pg_hba.conf rejects connection for host "172.18.0.2", user "inventory_runtime", database "inventory", no encryption
postgres-1       | 2026-10-05 03:28:29.558 UTC [641] FATAL:  password authentication failed for user "inventory_runtime"
postgres-1       | 2026-10-05 03:28:29.558 UTC [641] DETAIL:  Connection matched file "/tmp/pg-tls/pg_hba.conf" line 11: "hostssl inventory inventory_runtime,inventory_migrator 0.0.0.0/0 scram-sha-256"
postgres-1       | 2026-10-05 03:28:29.933 UTC [666] ERROR:  permission denied for schema app at character 14
console-1        | #34 /app/vendor/laravel/framework/src/Illuminate/Foundation/Exceptions/Handler.php(1103): response()
console-1        | #35 /app/vendor/laravel/framework/src/Illuminate/Foundation/Exceptions/Handler.php(960): Illuminate\\Foundation\\Exceptions\\Handler->toIlluminateResponse()
console-1        | #36 /app/vendor/laravel/framework/src/Illuminate/Foundation/Exceptions/Handler.php(844): Illuminate\\Foundation\\Exceptions\\Handler->prepareResponse()
console-1        | #37 /app/vendor/laravel/framework/src/Illuminate/Foundation/Exceptions/Handler.php(731): Illuminate\\Foundation\\Exceptions\\Handler->renderExceptionResponse()
console-1        | #38 /app/vendor/laravel/framework/src/Illuminate/Routing/Pipeline.php(51): Illuminate\\Foundation\\Exceptions\\Handler->render()
console-1        | #39 /app/vendor/laravel/framework/src/Illuminate/Pipeline/Pipeline.php(182): Illuminate\\Routing\\Pipeline->handleException()
console-1        | #40 /app/vendor/inertiajs/inertia-laravel/src/Middleware/EnsureGetOnRedirect.php(19): Illuminate\\Pipeline\\Pipeline->{closure:Illuminate\\Pipeline\\Pipeline::prepareDestination():178}()
console-1        | #41 /app/vendor/laravel/framework/src/Illuminate/Pipeline/Pipeline.php(219): Inertia\\Middleware\\EnsureGetOnRedirect->handle()
console-1        | #42 /app/vendor/laravel/framework/src/Illuminate/Foundation/Http/Middleware/TransformsRequest.php(21): Illuminate\\Pipeline\\Pipeline->{closure:{closure:Illuminate\\Pipeline\\Pipeline::carry():194}:195}()
console-1        | #43 /app/vendor/laravel/framework/src/Illuminate/Foundation/Http/Middleware/ConvertEmptyStringsToNull.php(31): Illuminate\\Foundation\\Http\\Middleware\\TransformsRequest->handle()
console-1        | #44 /app/vendor/laravel/framework/src/Illuminate/Pipeline/Pipeline.php(219): Illuminate\\Foundation\\Http\\Middleware\\ConvertEmptyStringsToNull->handle()
console-1        | #45 /app/vendor/laravel/framework/src/Illuminate/Foundation/Http/Middleware/TransformsRequest.php(21): Illuminate\\Pipeline\\Pipeline->{closure:{closure:Illuminate\\Pipeline\\Pipeline::carry():194}:195}()
console-1        | #46 /app/vendor/laravel/framework/src/Illuminate/Foundation/Http/Middleware/TrimStrings.php(51): Illuminate\\Foundation\\Http\\Middleware\\TransformsRequest->handle()
console-1        | #47 /app/vendor/laravel/framework/src/Illuminate/Pipeline/Pipeline.php(219): Illuminate\\Foundation\\Http\\Middleware\\TrimStrings->handle()
console-1        | #48 /app/vendor/laravel/framework/src/Illuminate/Http/Middleware/ValidatePostSize.php(27): Illuminate\\Pipeline\\Pipeline->{closure:{closure:Illuminate\\Pipeline\\Pipeline::carry():194}:195}()
console-1        | #49 /app/vendor/laravel/framework/src/Illuminate/Pipeline/Pipeline.php(219): Illuminate\\Http\\Middleware\\ValidatePostSize->handle()
console-1        | #50 /app/vendor/laravel/framework/src/Illuminate/Foundation/Http/Middleware/PreventRequestsDuringMaintenance.php(110): Illuminate\\Pipeline\\Pipeline->{closure:{closure:Illuminate\\Pipeline\\Pipeline::carry():194}:195}()
console-1        | #51 /app/vendor/laravel/framework/src/Illuminate/Pipeline/Pipeline.php(219): Illuminate\\Foundation\\Http\\Middleware\\PreventRequestsDuringMaintenance->handle()
postgres-1       | 2026-10-05 03:28:29.933 UTC [666] STATEMENT:  CREATE TABLE app.forbidden(id integer);
postgres-1       | 2026-10-05 03:28:30.047 UTC [674] ERROR:  permission denied for table foundation_schema
postgres-1       | 2026-10-05 03:28:30.047 UTC [674] STATEMENT:  UPDATE app.foundation_schema SET version=2;
postgres-1       | 2026-10-05 03:28:30.166 UTC [682] ERROR:  permission denied to set role "lifecycle_owner"
postgres-1       | 2026-10-05 03:28:30.166 UTC [682] STATEMENT:  SET ROLE lifecycle_owner;
postgres-1       | 2026-10-05 03:28:30.278 UTC [690] FATAL:  pg_hba.conf rejects connection for host "172.18.0.2", user "lifecycle_runtime", database "catalogue", SSL encryption
console-1        | #52 /app/vendor/laravel/framework/src/Illuminate/Http/Middleware/HandleCors.php(61): Illuminate\\Pipeline\\Pipeline->{closure:{closure:Illuminate\\Pipeline\\Pipeline::carry():194}:195}()
postgres-1       | 2026-10-05 03:28:30.389 UTC [698] FATAL:  pg_hba.conf rejects connection for host "172.18.0.2", user "lifecycle_runtime", database "lifecycle", no encryption
postgres-1       | 2026-10-05 03:28:30.500 UTC [705] FATAL:  password authentication failed for user "lifecycle_runtime"
postgres-1       | 2026-10-05 03:28:30.500 UTC [705] DETAIL:  Connection matched file "/tmp/pg-tls/pg_hba.conf" line 15: "hostssl lifecycle lifecycle_runtime,lifecycle_migrator 0.0.0.0/0 scram-sha-256"
postgres-1       | 2026-10-05 03:28:30.649 UTC [714] FATAL:  role "governance_runtime" is not permitted to log in
postgres-1       | [FATAL tini (1)] Unexpected error when forwarding signal: 'Operation not permitted'
postgres-1       | 
postgres-1       | PostgreSQL Database directory appears to contain a database; Skipping initialization
postgres-1       | 
postgres-1       | 2026-10-05 03:28:32.142 UTC [7] LOG:  starting PostgreSQL 18.6 (Debian 18.6-1.pgdg12+2) on x86_64-pc-linux-gnu, compiled by gcc (Debian 12.2.0-14+deb12u1) 12.2.0, 64-bit
postgres-1       | 2026-10-05 03:28:32.142 UTC [7] LOG:  listening on IPv4 address "0.0.0.0", port 5432
postgres-1       | 2026-10-05 03:28:32.142 UTC [7] LOG:  listening on IPv6 address "::", port 5432
postgres-1       | 2026-10-05 03:28:32.143 UTC [7] LOG:  listening on Unix socket "/var/run/postgresql/.s.PGSQL.5432"
postgres-1       | 2026-10-05 03:28:32.146 UTC [43] LOG:  database system was interrupted; last known up at 2026-10-05 03:28:17 UTC
postgres-1       | 2026-10-05 03:28:32.176 UTC [43] LOG:  database system was not properly shut down; automatic recovery in progress
postgres-1       | 2026-10-05 03:28:32.179 UTC [43] LOG:  redo starts at 0/350B388
postgres-1       | 2026-10-05 03:28:32.184 UTC [43] LOG:  invalid record length at 0/36F7A28: expected at least 24, got 0
postgres-1       | 2026-10-05 03:28:32.184 UTC [43] LOG:  redo done at 0/36F7A00 system usage: CPU: user: 0.00 s, system: 0.00 s, elapsed: 0.00 s
postgres-1       | 2026-10-05 03:28:32.187 UTC [41] LOG:  checkpoint starting: end-of-recovery immediate wait
postgres-1       | 2026-10-05 03:28:32.197 UTC [41] LOG:  checkpoint complete: wrote 390 buffers (2.4%), wrote 3 SLRU buffers; 0 WAL file(s) added, 0 removed, 0 recycled; write=0.005 s, sync=0.005 s, total=0.011 s; sync files=300, longest=0.004 s, average=0.001 s; distance=1969 kB, estimate=1969 kB; lsn=0/36F7A28, redo lsn=0/36F7A28
postgres-1       | 2026-10-05 03:28:32.199 UTC [7] LOG:  database system is ready to accept connections
postgres-1       | 2026-10-05 03:28:34.127 UTC [53] FATAL:  pg_hba.conf rejects connection for host "127.0.0.1", user "postgres", database "postgres", SSL encryption
postgres-1       | 2026-10-05 03:28:34.128 UTC [54] FATAL:  pg_hba.conf rejects connection for host "127.0.0.1", user "postgres", database "postgres", no encryption
postgres-1       | 2026-10-05 03:28:36.171 UTC [132] FATAL:  pg_hba.conf rejects connection for host "127.0.0.1", user "postgres", database "postgres", SSL encryption
postgres-1       | 2026-10-05 03:28:36.172 UTC [133] FATAL:  pg_hba.conf rejects connection for host "127.0.0.1", user "postgres", database "postgres", no encryption
postgres-1       | 2026-10-05 03:28:38.218 UTC [148] FATAL:  pg_hba.conf rejects connection for host "127.0.0.1", user "postgres", database "postgres", SSL encryption
postgres-1       | 2026-10-05 03:28:38.219 UTC [149] FATAL:  pg_hba.conf rejects connection for host "127.0.0.1", user "postgres", database "postgres", no encryption
postgres-1       | 2026-10-05 03:28:40.264 UTC [162] FATAL:  pg_hba.conf rejects connection for host "127.0.0.1", user "postgres", database "postgres", SSL encryption
postgres-1       | 2026-10-05 03:28:40.265 UTC [163] FATAL:  pg_hba.conf rejects connection for host "127.0.0.1", user "postgres", database "postgres", no encryption
console-1        | #53 /app/vendor/laravel/framework/src/Illuminate/Pipeline/Pipeline.php(219): Illuminate\\Http\\Middleware\\HandleCors->handle()
console-1        | #54 /app/vendor/laravel/framework/src/Illuminate/Http/Middleware/TrustProxies.php(58): Illuminate\\Pipeline\\Pipeline->{closure:{closure:Illuminate\\Pipeline\\Pipeline::carry():194}:195}()
console-1        | #55 /app/vendor/laravel/framework/src/Illuminate/Pipeline/Pipeline.php(219): Illuminate\\Http\\Middleware\\TrustProxies->handle()
console-1        | #56 /app/vendor/laravel/framework/src/Illuminate/Foundation/Http/Middleware/InvokeDeferredCallbacks.php(22): Illuminate\\Pipeline\\Pipeline->{closure:{closure:Illuminate\\Pipeline\\Pipeline::carry():194}:195}()
console-1        | #57 /app/vendor/laravel/framework/src/Illuminate/Pipeline/Pipeline.php(219): Illuminate\\Foundation\\Http\\Middleware\\InvokeDeferredCallbacks->handle()
console-1        | #58 /app/vendor/laravel/framework/src/Illuminate/Http/Middleware/ValidatePathEncoding.php(28): Illuminate\\Pipeline\\Pipeline->{closure:{closure:Illuminate\\Pipeline\\Pipeline::carry():194}:195}()
console-1        | #59 /app/vendor/laravel/framework/src/Illuminate/Pipeline/Pipeline.php(219): Illuminate\\Http\\Middleware\\ValidatePathEncoding->handle()
console-1        | #60 /app/vendor/inertiajs/inertia-laravel/src/Middleware/EnsureDeferredCallbacksRun.php(21): Illuminate\\Pipeline\\Pipeline->{closure:{closure:Illuminate\\Pipeline\\Pipeline::carry():194}:195}()
console-1        | #61 /app/vendor/laravel/framework/src/Illuminate/Pipeline/Pipeline.php(219): Inertia\\Middleware\\EnsureDeferredCallbacksRun->handle()
console-1        | #62 /app/vendor/laravel/framework/src/Illuminate/Pipeline/Pipeline.php(137): Illuminate\\Pipeline\\Pipeline->{closure:{closure:Illuminate\\Pipeline\\Pipeline::carry():194}:195}()
console-1        | #63 /app/vendor/laravel/framework/src/Illuminate/Foundation/Http/Kernel.php(175): Illuminate\\Pipeline\\Pipeline->then()
console-1        | #64 /app/vendor/laravel/framework/src/Illuminate/Foundation/Http/Kernel.php(144): Illuminate\\Foundation\\Http\\Kernel->sendRequestThroughRouter()
console-1        | #65 /app/vendor/laravel/framework/src/Illuminate/Foundation/Application.php(1228): Illuminate\\Foundation\\Http\\Kernel->handle()
console-1        | #66 /app/public/index.php(13): Illuminate\\Foundation\\Application->handleRequest()
console-1        | #67 {main}
console-1        | "} 
console-1        | [2026-10-05 03:28:38] production.ERROR: Unsupported cipher or incorrect key length. Supported ciphers are: aes-128-cbc, aes-256-cbc, aes-128-gcm, aes-256-gcm. {"exception":"[object] (RuntimeException(code: 0): Unsupported cipher or incorrect key length. Supported ciphers are: aes-128-cbc, aes-256-cbc, aes-128-gcm, aes-256-gcm. at /app/vendor/laravel/framework/src/Illuminate/Encryption/Encrypter.php:61)
console-1        | [stacktrace]
console-1        | #0 /app/vendor/laravel/framework/src/Illuminate/Encryption/EncryptionServiceProvider.php(32): Illuminate\\Encryption\\Encrypter->__construct()
console-1        | #1 /app/vendor/laravel/framework/src/Illuminate/Container/Container.php(1140): Illuminate\\Encryption\\EncryptionServiceProvider->{closure:Illuminate\\Encryption\\EncryptionServiceProvider::registerEncrypter():29}()
console-1        | #2 /app/vendor/laravel/framework/src/Illuminate/Container/Container.php(939): Illuminate\\Container\\Container->build()
console-1        | #3 /app/vendor/laravel/framework/src/Illuminate/Foundation/Application.php(1086): Illuminate\\Container\\Container->resolve()
console-1        | #4 /app/vendor/laravel/framework/src/Illuminate/Container/Container.php(867): Illuminate\\Foundation\\Application->resolve()
console-1        | #5 /app/vendor/laravel/framework/src/Illuminate/Foundation/Application.php(1066): Illuminate\\Container\\Container->make()
console-1        | #6 /app/vendor/laravel/framework/src/Illuminate/Container/Container.php(1846): Illuminate\\Foundation\\Application->make()
console-1        | #7 /app/vendor/laravel/framework/src/Illuminate/Session/SessionManager.php(219): Illuminate\\Container\\Container->offsetGet()
console-1        | #8 /app/vendor/laravel/framework/src/Illuminate/Session/SessionManager.php(199): Illuminate\\Session\\SessionManager->buildEncryptedSession()
console-1        | #9 /app/vendor/laravel/framework/src/Illuminate/Session/SessionManager.php(96): Illuminate\\Session\\SessionManager->buildSession()
console-1        | #10 /app/vendor/laravel/framework/src/Illuminate/Support/Manager.php(105): Illuminate\\Session\\SessionManager->createDatabaseDriver()
console-1        | #11 /app/vendor/laravel/framework/src/Illuminate/Support/Manager.php(82): Illuminate\\Support\\Manager->createDriver()
console-1        | #12 /app/vendor/laravel/framework/src/Illuminate/Session/SessionServiceProvider.php(52): Illuminate\\Support\\Manager->driver()
console-1        | #13 /app/vendor/laravel/framework/src/Illuminate/Container/Container.php(1140): Illuminate\\Session\\SessionServiceProvider->{closure:Illuminate\\Session\\SessionServiceProvider::registerSessionDriver():48}()
console-1        | #14 /app/vendor/laravel/framework/src/Illuminate/Container/Container.php(939): Illuminate\\Container\\Container->build()
console-1        | #15 /app/vendor/laravel/framework/src/Illuminate/Foundation/Application.php(1086): Illuminate\\Container\\Container->resolve()
console-1        | #16 /app/vendor/laravel/framework/src/Illuminate/Container/Container.php(867): Illuminate\\Foundation\\Application->resolve()
console-1        | #17 /app/vendor/laravel/framework/src/Illuminate/Foundation/Application.php(1066): Illuminate\\Container\\Container->make()
console-1        | #18 /app/vendor/laravel/framework/src/Illuminate/Container/Container.php(1846): Illuminate\\Foundation\\Application->make()
console-1        | #19 /app/vendor/laravel/framework/src/Illuminate/Routing/RoutingServiceProvider.php(121): Illuminate\\Container\\Container->offsetGet()
console-1        | #20 /app/vendor/laravel/framework/src/Illuminate/Container/Container.php(1140): Illuminate\\Routing\\RoutingServiceProvider->{closure:Illuminate\\Routing\\RoutingServiceProvider::registerRedirector():114}()
console-1        | #21 /app/vendor/laravel/framework/src/Illuminate/Container/Container.php(939): Illuminate\\Container\\Container->build()
console-1        | #22 /app/vendor/laravel/framework/src/Illuminate/Foundation/Application.php(1086): Illuminate\\Container\\Container->resolve()
console-1        | #23 /app/vendor/laravel/framework/src/Illuminate/Container/Container.php(867): Illuminate\\Foundation\\Application->resolve()
console-1        | #24 /app/vendor/laravel/framework/src/Illuminate/Foundation/Application.php(1066): Illuminate\\Container\\Container->make()
console-1        | #25 /app/vendor/laravel/framework/src/Illuminate/Container/Container.php(1846): Illuminate\\Foundation\\Application->make()
console-1        | #26 /app/vendor/laravel/framework/src/Illuminate/Routing/RoutingServiceProvider.php(181): Illuminate\\Container\\Container->offsetGet()
console-1        | #27 /app/vendor/laravel/framework/src/Illuminate/Container/Container.php(1140): Illuminate\\Routing\\RoutingServiceProvider->{closure:Illuminate\\Routing\\RoutingServiceProvider::registerResponseFactory():180}()
console-1        | #28 /app/vendor/laravel/framework/src/Illuminate/Container/Container.php(939): Illuminate\\Container\\Container->build()
console-1        | #29 /app/vendor/laravel/framework/src/Illuminate/Foundation/Application.php(1086): Illuminate\\Container\\Container->resolve()
console-1        | #30 /app/vendor/laravel/framework/src/Illuminate/Container/Container.php(867): Illuminate\\Foundation\\Application->resolve()
console-1        | #31 /app/vendor/laravel/framework/src/Illuminate/Foundation/Application.php(1066): Illuminate\\Container\\Container->make()
console-1        | #32 /app/vendor/laravel/framework/src/Illuminate/Foundation/helpers.php(138): Illuminate\\Foundation\\Application->make()
console-1        | #33 /app/vendor/laravel/framework/src/Illuminate/Foundation/helpers.php(850): app()
console-1        | #34 /app/vendor/laravel/framework/src/Illuminate/Foundation/Exceptions/Handler.php(1042): response()
console-1        | #35 /app/vendor/laravel/framework/src/Illuminate/Foundation/Exceptions/Handler.php(961): Illuminate\\Foundation\\Exceptions\\Handler->renderHttpException()
console-1        | #36 /app/vendor/laravel/framework/src/Illuminate/Foundation/Exceptions/Handler.php(844): Illuminate\\Foundation\\Exceptions\\Handler->prepareResponse()
console-1        | #37 /app/vendor/laravel/framework/src/Illuminate/Foundation/Exceptions/Handler.php(731): Illuminate\\Foundation\\Exceptions\\Handler->renderExceptionResponse()
console-1        | #38 /app/vendor/laravel/framework/src/Illuminate/Routing/Pipeline.php(51): Illuminate\\Foundation\\Exceptions\\Handler->render()
console-1        | #39 /app/vendor/laravel/framework/src/Illuminate/Pipeline/Pipeline.php(224): Illuminate\\Routing\\Pipeline->handleException()
console-1        | #40 /app/vendor/laravel/framework/src/Illuminate/Foundation/Http/Middleware/TransformsRequest.php(21): Illuminate\\Pipeline\\Pipeline->{closure:{closure:Illuminate\\Pipeline\\Pipeline::carry():194}:195}()
console-1        | #41 /app/vendor/laravel/framework/src/Illuminate/Foundation/Http/Middleware/ConvertEmptyStringsToNull.php(31): Illuminate\\Foundation\\Http\\Middleware\\TransformsRequest->handle()
console-1        | #42 /app/vendor/laravel/framework/src/Illuminate/Pipeline/Pipeline.php(219): Illuminate\\Foundation\\Http\\Middleware\\ConvertEmptyStringsToNull->handle()
console-1        | #43 /app/vendor/laravel/framework/src/Illuminate/Foundation/Http/Middleware/TransformsRequest.php(21): Illuminate\\Pipeline\\Pipeline->{closure:{closure:Illuminate\\Pipeline\\Pipeline::carry():194}:195}()
console-1        | #44 /app/vendor/laravel/framework/src/Illuminate/Foundation/Http/Middleware/TrimStrings.php(51): Illuminate\\Foundation\\Http\\Middleware\\TransformsRequest->handle()
console-1        | #45 /app/vendor/laravel/framework/src/Illuminate/Pipeline/Pipeline.php(219): Illuminate\\Foundation\\Http\\Middleware\\TrimStrings->handle()
console-1        | #46 /app/vendor/laravel/framework/src/Illuminate/Http/Middleware/ValidatePostSize.php(27): Illuminate\\Pipeline\\Pipeline->{closure:{closure:Illuminate\\Pipeline\\Pipeline::carry():194}:195}()
console-1        | #47 /app/vendor/laravel/framework/src/Illuminate/Pipeline/Pipeline.php(219): Illuminate\\Http\\Middleware\\ValidatePostSize->handle()
console-1        | #48 /app/vendor/laravel/framework/src/Illuminate/Foundation/Http/Middleware/PreventRequestsDuringMaintenance.php(110): Illuminate\\Pipeline\\Pipeline->{closure:{closure:Illuminate\\Pipeline\\Pipeline::carry():194}:195}()
console-1        | #49 /app/vendor/laravel/framework/src/Illuminate/Pipeline/Pipeline.php(219): Illuminate\\Foundation\\Http\\Middleware\\PreventRequestsDuringMaintenance->handle()
console-1        | #50 /app/vendor/laravel/framework/src/Illuminate/Http/Middleware/HandleCors.php(61): Illuminate\\Pipeline\\Pipeline->{closure:{closure:Illuminate\\Pipeline\\Pipeline::carry():194}:195}()
console-1        | #51 /app/vendor/laravel/framework/src/Illuminate/Pipeline/Pipeline.php(219): Illuminate\\Http\\Middleware\\HandleCors->handle()
console-1        | #52 /app/vendor/laravel/framework/src/Illuminate/Http/Middleware/TrustProxies.php(58): Illuminate\\Pipeline\\Pipeline->{closure:{closure:Illuminate\\Pipeline\\Pipeline::carry():194}:195}()
console-1        | #53 /app/vendor/laravel/framework/src/Illuminate/Pipeline/Pipeline.php(219): Illuminate\\Http\\Middleware\\TrustProxies->handle()
console-1        | #54 /app/vendor/laravel/framework/src/Illuminate/Foundation/Http/Middleware/InvokeDeferredCallbacks.php(22): Illuminate\\Pipeline\\Pipeline->{closure:{closure:Illuminate\\Pipeline\\Pipeline::carry():194}:195}()
console-1        | #55 /app/vendor/laravel/framework/src/Illuminate/Pipeline/Pipeline.php(219): Illuminate\\Foundation\\Http\\Middleware\\InvokeDeferredCallbacks->handle()
console-1        | #56 /app/vendor/laravel/framework/src/Illuminate/Http/Middleware/ValidatePathEncoding.php(28): Illuminate\\Pipeline\\Pipeline->{closure:{closure:Illuminate\\Pipeline\\Pipeline::carry():194}:195}()
console-1        | #57 /app/vendor/laravel/framework/src/Illuminate/Pipeline/Pipeline.php(219): Illuminate\\Http\\Middleware\\ValidatePathEncoding->handle()
console-1        | #58 /app/vendor/inertiajs/inertia-laravel/src/Middleware/EnsureDeferredCallbacksRun.php(21): Illuminate\\Pipeline\\Pipeline->{closure:{closure:Illuminate\\Pipeline\\Pipeline::carry():194}:195}()
console-1        | #59 /app/vendor/laravel/framework/src/Illuminate/Pipeline/Pipeline.php(219): Inertia\\Middleware\\EnsureDeferredCallbacksRun->handle()
console-1        | #60 /app/vendor/laravel/framework/src/Illuminate/Pipeline/Pipeline.php(137): Illuminate\\Pipeline\\Pipeline->{closure:{closure:Illuminate\\Pipeline\\Pipeline::carry():194}:195}()
console-1        | #61 /app/vendor/laravel/framework/src/Illuminate/Foundation/Http/Kernel.php(175): Illuminate\\Pipeline\\Pipeline->then()
console-1        | #62 /app/vendor/laravel/framework/src/Illuminate/Foundation/Http/Kernel.php(144): Illuminate\\Foundation\\Http\\Kernel->sendRequestThroughRouter()
console-1        | #63 /app/vendor/laravel/framework/src/Illuminate/Foundation/Application.php(1228): Illuminate\\Foundation\\Http\\Kernel->handle()
console-1        | #64 /app/public/index.php(13): Illuminate\\Foundation\\Application->handleRequest()
console-1        | #65 {main}
console-1        | "} 
console-1        | [2026-10-05 03:28:38] production.ERROR: Unsupported cipher or incorrect key length. Supported ciphers are: aes-128-cbc, aes-256-cbc, aes-128-gcm, aes-256-gcm. {"exception":"[object] (RuntimeException(code: 0): Unsupported cipher or incorrect key length. Supported ciphers are: aes-128-cbc, aes-256-cbc, aes-128-gcm, aes-256-gcm. at /app/vendor/laravel/framework/src/Illuminate/Encryption/Encrypter.php:61)
console-1        | [stacktrace]
console-1        | #0 /app/vendor/laravel/framework/src/Illuminate/Encryption/EncryptionServiceProvider.php(32): Illuminate\\Encryption\\Encrypter->__construct()
console-1        | #1 /app/vendor/laravel/framework/src/Illuminate/Container/Container.php(1140): Illuminate\\Encryption\\EncryptionServiceProvider->{closure:Illuminate\\Encryption\\EncryptionServiceProvider::registerEncrypter():29}()
console-1        | #2 /app/vendor/laravel/framework/src/Illuminate/Container/Container.php(939): Illuminate\\Container\\Container->build()
console-1        | #3 /app/vendor/laravel/framework/src/Illuminate/Foundation/Application.php(1086): Illuminate\\Container\\Container->resolve()
console-1        | #4 /app/vendor/laravel/framework/src/Illuminate/Container/Container.php(867): Illuminate\\Foundation\\Application->resolve()
console-1        | #5 /app/vendor/laravel/framework/src/Illuminate/Foundation/Application.php(1066): Illuminate\\Container\\Container->make()
console-1        | #6 /app/vendor/laravel/framework/src/Illuminate/Container/Container.php(1846): Illuminate\\Foundation\\Application->make()
console-1        | #7 /app/vendor/laravel/framework/src/Illuminate/Session/SessionManager.php(219): Illuminate\\Container\\Container->offsetGet()
console-1        | #8 /app/vendor/laravel/framework/src/Illuminate/Session/SessionManager.php(199): Illuminate\\Session\\SessionManager->buildEncryptedSession()
console-1        | #9 /app/vendor/laravel/framework/src/Illuminate/Session/SessionManager.php(96): Illuminate\\Session\\SessionManager->buildSession()
console-1        | #10 /app/vendor/laravel/framework/src/Illuminate/Support/Manager.php(105): Illuminate\\Session\\SessionManager->createDatabaseDriver()
console-1        | #11 /app/vendor/laravel/framework/src/Illuminate/Support/Manager.php(82): Illuminate\\Support\\Manager->createDriver()
console-1        | #12 /app/vendor/laravel/framework/src/Illuminate/Session/SessionServiceProvider.php(52): Illuminate\\Support\\Manager->driver()
console-1        | #13 /app/vendor/laravel/framework/src/Illuminate/Container/Container.php(1140): Illuminate\\Session\\SessionServiceProvider->{closure:Illuminate\\Session\\SessionServiceProvider::registerSessionDriver():48}()
console-1        | #14 /app/vendor/laravel/framework/src/Illuminate/Container/Container.php(939): Illuminate\\Container\\Container->build()
console-1        | #15 /app/vendor/laravel/framework/src/Illuminate/Foundation/Application.php(1086): Illuminate\\Container\\Container->resolve()
console-1        | #16 /app/vendor/laravel/framework/src/Illuminate/Container/Container.php(867): Illuminate\\Foundation\\Application->resolve()
console-1        | #17 /app/vendor/laravel/framework/src/Illuminate/Foundation/Application.php(1066): Illuminate\\Container\\Container->make()
console-1        | #18 /app/vendor/laravel/framework/src/Illuminate/Container/Container.php(1846): Illuminate\\Foundation\\Application->make()
console-1        | #19 /app/vendor/laravel/framework/src/Illuminate/Routing/RoutingServiceProvider.php(121): Illuminate\\Container\\Container->offsetGet()
console-1        | #20 /app/vendor/laravel/framework/src/Illuminate/Container/Container.php(1140): Illuminate\\Routing\\RoutingServiceProvider->{closure:Illuminate\\Routing\\RoutingServiceProvider::registerRedirector():114}()
console-1        | #21 /app/vendor/laravel/framework/src/Illuminate/Container/Container.php(939): Illuminate\\Container\\Container->build()
console-1        | #22 /app/vendor/laravel/framework/src/Illuminate/Foundation/Application.php(1086): Illuminate\\Container\\Container->resolve()
console-1        | #23 /app/vendor/laravel/framework/src/Illuminate/Container/Container.php(867): Illuminate\\Foundation\\Application->resolve()
console-1        | #24 /app/vendor/laravel/framework/src/Illuminate/Foundation/Application.php(1066): Illuminate\\Container\\Container->make()
console-1        | #25 /app/vendor/laravel/framework/src/Illuminate/Container/Container.php(1846): Illuminate\\Foundation\\Application->make()
console-1        | #26 /app/vendor/laravel/framework/src/Illuminate/Routing/RoutingServiceProvider.php(181): Illuminate\\Container\\Container->offsetGet()
console-1        | #27 /app/vendor/laravel/framework/src/Illuminate/Container/Container.php(1140): Illuminate\\Routing\\RoutingServiceProvider->{closure:Illuminate\\Routing\\RoutingServiceProvider::registerResponseFactory():180}()
console-1        | #28 /app/vendor/laravel/framework/src/Illuminate/Container/Container.php(939): Illuminate\\Container\\Container->build()
console-1        | #29 /app/vendor/laravel/framework/src/Illuminate/Foundation/Application.php(1086): Illuminate\\Container\\Container->resolve()
console-1        | #30 /app/vendor/laravel/framework/src/Illuminate/Container/Container.php(867): Illuminate\\Foundation\\Application->resolve()
console-1        | #31 /app/vendor/laravel/framework/src/Illuminate/Foundation/Application.php(1066): Illuminate\\Container\\Container->make()
console-1        | #32 /app/vendor/laravel/framework/src/Illuminate/Foundation/helpers.php(138): Illuminate\\Foundation\\Application->make()
console-1        | #33 /app/vendor/laravel/framework/src/Illuminate/Foundation/helpers.php(850): app()
console-1        | #34 /app/vendor/laravel/framework/src/Illuminate/Foundation/Exceptions/Handler.php(1103): response()
console-1        | #35 /app/vendor/laravel/framework/src/Illuminate/Foundation/Exceptions/Handler.php(960): Illuminate\\Foundation\\Exceptions\\Handler->toIlluminateResponse()
console-1        | #36 /app/vendor/laravel/framework/src/Illuminate/Foundation/Exceptions/Handler.php(844): Illuminate\\Foundation\\Exceptions\\Handler->prepareResponse()
console-1        | #37 /app/vendor/laravel/framework/src/Illuminate/Foundation/Exceptions/Handler.php(731): Illuminate\\Foundation\\Exceptions\\Handler->renderExceptionResponse()
console-1        | #38 /app/vendor/laravel/framework/src/Illuminate/Routing/Pipeline.php(51): Illuminate\\Foundation\\Exceptions\\Handler->render()
console-1        | #39 /app/vendor/laravel/framework/src/Illuminate/Pipeline/Pipeline.php(224): Illuminate\\Routing\\Pipeline->handleException()
console-1        | #40 /app/vendor/laravel/framework/src/Illuminate/Foundation/Http/Middleware/TransformsRequest.php(21): Illuminate\\Pipeline\\Pipeline->{closure:{closure:Illuminate\\Pipeline\\Pipeline::carry():194}:195}()
console-1        | #41 /app/vendor/laravel/framework/src/Illuminate/Foundation/Http/Middleware/ConvertEmptyStringsToNull.php(31): Illuminate\\Foundation\\Http\\Middleware\\TransformsRequest->handle()
console-1        | #42 /app/vendor/laravel/framework/src/Illuminate/Pipeline/Pipeline.php(219): Illuminate\\Foundation\\Http\\Middleware\\ConvertEmptyStringsToNull->handle()
console-1        | #43 /app/vendor/laravel/framework/src/Illuminate/Foundation/Http/Middleware/TransformsRequest.php(21): Illuminate\\Pipeline\\Pipeline->{closure:{closure:Illuminate\\Pipeline\\Pipeline::carry():194}:195}()
console-1        | #44 /app/vendor/laravel/framework/src/Illuminate/Foundation/Http/Middleware/TrimStrings.php(51): Illuminate\\Foundation\\Http\\Middleware\\TransformsRequest->handle()
console-1        | #45 /app/vendor/laravel/framework/src/Illuminate/Pipeline/Pipeline.php(219): Illuminate\\Foundation\\Http\\Middleware\\TrimStrings->handle()
console-1        | #46 /app/vendor/laravel/framework/src/Illuminate/Http/Middleware/ValidatePostSize.php(27): Illuminate\\Pipeline\\Pipeline->{closure:{closure:Illuminate\\Pipeline\\Pipeline::carry():194}:195}()
console-1        | #47 /app/vendor/laravel/framework/src/Illuminate/Pipeline/Pipeline.php(219): Illuminate\\Http\\Middleware\\ValidatePostSize->handle()
console-1        | #48 /app/vendor/laravel/framework/src/Illuminate/Foundation/Http/Middleware/PreventRequestsDuringMaintenance.php(110): Illuminate\\Pipeline\\Pipeline->{closure:{closure:Illuminate\\Pipeline\\Pipeline::carry():194}:195}()
console-1        | #49 /app/vendor/laravel/framework/src/Illuminate/Pipeline/Pipeline.php(219): Illuminate\\Foundation\\Http\\Middleware\\PreventRequestsDuringMaintenance->handle()
console-1        | #50 /app/vendor/laravel/framework/src/Illuminate/Http/Middleware/HandleCors.php(61): Illuminate\\Pipeline\\Pipeline->{closure:{closure:Illuminate\\Pipeline\\Pipeline::carry():194}:195}()
console-1        | #51 /app/vendor/laravel/framework/src/Illuminate/Pipeline/Pipeline.php(219): Illuminate\\Http\\Middleware\\HandleCors->handle()
console-1        | #52 /app/vendor/laravel/framework/src/Illuminate/Http/Middleware/TrustProxies.php(58): Illuminate\\Pipeline\\Pipeline->{closure:{closure:Illuminate\\Pipeline\\Pipeline::carry():194}:195}()
console-1        | #53 /app/vendor/laravel/framework/src/Illuminate/Pipeline/Pipeline.php(219): Illuminate\\Http\\Middleware\\TrustProxies->handle()
console-1        | #54 /app/vendor/laravel/framework/src/Illuminate/Foundation/Http/Middleware/InvokeDeferredCallbacks.php(22): Illuminate\\Pipeline\\Pipeline->{closure:{closure:Illuminate\\Pipeline\\Pipeline::carry():194}:195}()
console-1        | #55 /app/vendor/laravel/framework/src/Illuminate/Pipeline/Pipeline.php(219): Illuminate\\Foundation\\Http\\Middleware\\InvokeDeferredCallbacks->handle()
console-1        | #56 /app/vendor/laravel/framework/src/Illuminate/Http/Middleware/ValidatePathEncoding.php(28): Illuminate\\Pipeline\\Pipeline->{closure:{closure:Illuminate\\Pipeline\\Pipeline::carry():194}:195}()
console-1        | #57 /app/vendor/laravel/framework/src/Illuminate/Pipeline/Pipeline.php(219): Illuminate\\Http\\Middleware\\ValidatePathEncoding->handle()
console-1        | #58 /app/vendor/inertiajs/inertia-laravel/src/Middleware/EnsureDeferredCallbacksRun.php(21): Illuminate\\Pipeline\\Pipeline->{closure:{closure:Illuminate\\Pipeline\\Pipeline::carry():194}:195}()
console-1        | #59 /app/vendor/laravel/framework/src/Illuminate/Pipeline/Pipeline.php(219): Inertia\\Middleware\\EnsureDeferredCallbacksRun->handle()
console-1        | #60 /app/vendor/laravel/framework/src/Illuminate/Pipeline/Pipeline.php(137): Illuminate\\Pipeline\\Pipeline->{closure:{closure:Illuminate\\Pipeline\\Pipeline::carry():194}:195}()
console-1        | #61 /app/vendor/laravel/framework/src/Illuminate/Foundation/Http/Kernel.php(175): Illuminate\\Pipeline\\Pipeline->then()
console-1        | #62 /app/vendor/laravel/framework/src/Illuminate/Foundation/Http/Kernel.php(144): Illuminate\\Foundation\\Http\\Kernel->sendRequestThroughRouter()
console-1        | #63 /app/vendor/laravel/framework/src/Illuminate/Foundation/Application.php(1228): Illuminate\\Foundation\\Http\\Kernel->handle()
console-1        | #64 /app/public/index.php(13): Illuminate\\Foundation\\Application->handleRequest()
console-1        | #65 {main}
console-1        | "} 
console-1        | [2026-10-05 03:28:38] production.ERROR: Unsupported cipher or incorrect key length. Supported ciphers are: aes-128-cbc, aes-256-cbc, aes-128-gcm, aes-256-gcm. {"exception":"[object] (RuntimeException(code: 0): Unsupported cipher or incorrect key length. Supported ciphers are: aes-128-cbc, aes-256-cbc, aes-128-gcm, aes-256-gcm. at /app/vendor/laravel/framework/src/Illuminate/Encryption/Encrypter.php:61)
console-1        | [stacktrace]
console-1        | #0 /app/vendor/laravel/framework/src/Illuminate/Encryption/EncryptionServiceProvider.php(32): Illuminate\\Encryption\\Encrypter->__construct()
console-1        | #1 /app/vendor/laravel/framework/src/Illuminate/Container/Container.php(1140): Illuminate\\Encryption\\EncryptionServiceProvider->{closure:Illuminate\\Encryption\\EncryptionServiceProvider::registerEncrypter():29}()
console-1        | #2 /app/vendor/laravel/framework/src/Illuminate/Container/Container.php(939): Illuminate\\Container\\Container->build()
console-1        | #3 /app/vendor/laravel/framework/src/Illuminate/Foundation/Application.php(1086): Illuminate\\Container\\Container->resolve()
console-1        | #4 /app/vendor/laravel/framework/src/Illuminate/Container/Container.php(867): Illuminate\\Foundation\\Application->resolve()
console-1        | #5 /app/vendor/laravel/framework/src/Illuminate/Foundation/Application.php(1066): Illuminate\\Container\\Container->make()
console-1        | #6 /app/vendor/laravel/framework/src/Illuminate/Container/Container.php(1846): Illuminate\\Foundation\\Application->make()
console-1        | #7 /app/vendor/laravel/framework/src/Illuminate/Session/SessionManager.php(219): Illuminate\\Container\\Container->offsetGet()
console-1        | #8 /app/vendor/laravel/framework/src/Illuminate/Session/SessionManager.php(199): Illuminate\\Session\\SessionManager->buildEncryptedSession()
console-1        | #9 /app/vendor/laravel/framework/src/Illuminate/Session/SessionManager.php(96): Illuminate\\Session\\SessionManager->buildSession()
console-1        | #10 /app/vendor/laravel/framework/src/Illuminate/Support/Manager.php(105): Illuminate\\Session\\SessionManager->createDatabaseDriver()
console-1        | #11 /app/vendor/laravel/framework/src/Illuminate/Support/Manager.php(82): Illuminate\\Support\\Manager->createDriver()
console-1        | #12 /app/vendor/laravel/framework/src/Illuminate/Session/SessionServiceProvider.php(52): Illuminate\\Support\\Manager->driver()
console-1        | #13 /app/vendor/laravel/framework/src/Illuminate/Container/Container.php(1140): Illuminate\\Session\\SessionServiceProvider->{closure:Illuminate\\Session\\SessionServiceProvider::registerSessionDriver():48}()
console-1        | #14 /app/vendor/laravel/framework/src/Illuminate/Container/Container.php(939): Illuminate\\Container\\Container->build()
console-1        | #15 /app/vendor/laravel/framework/src/Illuminate/Foundation/Application.php(1086): Illuminate\\Container\\Container->resolve()
console-1        | #16 /app/vendor/laravel/framework/src/Illuminate/Container/Container.php(867): Illuminate\\Foundation\\Application->resolve()
console-1        | #17 /app/vendor/laravel/framework/src/Illuminate/Foundation/Application.php(1066): Illuminate\\Container\\Container->make()
console-1        | #18 /app/vendor/laravel/framework/src/Illuminate/Container/Container.php(1846): Illuminate\\Foundation\\Application->make()
console-1        | #19 /app/vendor/laravel/framework/src/Illuminate/Routing/RoutingServiceProvider.php(121): Illuminate\\Container\\Container->offsetGet()
console-1        | #20 /app/vendor/laravel/framework/src/Illuminate/Container/Container.php(1140): Illuminate\\Routing\\RoutingServiceProvider->{closure:Illuminate\\Routing\\RoutingServiceProvider::registerRedirector():114}()
console-1        | #21 /app/vendor/laravel/framework/src/Illuminate/Container/Container.php(939): Illuminate\\Container\\Container->build()
console-1        | #22 /app/vendor/laravel/framework/src/Illuminate/Foundation/Application.php(1086): Illuminate\\Container\\Container->resolve()
console-1        | #23 /app/vendor/laravel/framework/src/Illuminate/Container/Container.php(867): Illuminate\\Foundation\\Application->resolve()
console-1        | #24 /app/vendor/laravel/framework/src/Illuminate/Foundation/Application.php(1066): Illuminate\\Container\\Container->make()
console-1        | #25 /app/vendor/laravel/framework/src/Illuminate/Container/Container.php(1846): Illuminate\\Foundation\\Application->make()
console-1        | #26 /app/vendor/laravel/framework/src/Illuminate/Routing/RoutingServiceProvider.php(181): Illuminate\\Container\\Container->offsetGet()
console-1        | #27 /app/vendor/laravel/framework/src/Illuminate/Container/Container.php(1140): Illuminate\\Routing\\RoutingServiceProvider->{closure:Illuminate\\Routing\\RoutingServiceProvider::registerResponseFactory():180}()
console-1        | #28 /app/vendor/laravel/framework/src/Illuminate/Container/Container.php(939): Illuminate\\Container\\Container->build()
console-1        | #29 /app/vendor/laravel/framework/src/Illuminate/Foundation/Application.php(1086): Illuminate\\Container\\Container->resolve()
console-1        | #30 /app/vendor/laravel/framework/src/Illuminate/Container/Container.php(867): Illuminate\\Foundation\\Application->resolve()
console-1        | #31 /app/vendor/laravel/framework/src/Illuminate/Foundation/Application.php(1066): Illuminate\\Container\\Container->make()
console-1        | #32 /app/vendor/laravel/framework/src/Illuminate/Foundation/helpers.php(138): Illuminate\\Foundation\\Application->make()
console-1        | #33 /app/vendor/laravel/framework/src/Illuminate/Foundation/helpers.php(850): app()
console-1        | #34 /app/vendor/laravel/framework/src/Illuminate/Foundation/Exceptions/Handler.php(1042): response()
console-1        | #35 /app/vendor/laravel/framework/src/Illuminate/Foundation/Exceptions/Handler.php(961): Illuminate\\Foundation\\Exceptions\\Handler->renderHttpException()
console-1        | #36 /app/vendor/laravel/framework/src/Illuminate/Foundation/Exceptions/Handler.php(844): Illuminate\\Foundation\\Exceptions\\Handler->prepareResponse()
console-1        | #37 /app/vendor/laravel/framework/src/Illuminate/Foundation/Exceptions/Handler.php(731): Illuminate\\Foundation\\Exceptions\\Handler->renderExceptionResponse()
console-1        | #38 /app/vendor/laravel/framework/src/Illuminate/Routing/Pipeline.php(51): Illuminate\\Foundation\\Exceptions\\Handler->render()
console-1        | #39 /app/vendor/laravel/framework/src/Illuminate/Pipeline/Pipeline.php(224): Illuminate\\Routing\\Pipeline->handleException()
console-1        | #40 /app/vendor/laravel/framework/src/Illuminate/Foundation/Http/Middleware/TransformsRequest.php(21): Illuminate\\Pipeline\\Pipeline->{closure:{closure:Illuminate\\Pipeline\\Pipeline::carry():194}:195}()
console-1        | #41 /app/vendor/laravel/framework/src/Illuminate/Foundation/Http/Middleware/TrimStrings.php(51): Illuminate\\Foundation\\Http\\Middleware\\TransformsRequest->handle()
console-1        | #42 /app/vendor/laravel/framework/src/Illuminate/Pipeline/Pipeline.php(219): Illuminate\\Foundation\\Http\\Middleware\\TrimStrings->handle()
console-1        | #43 /app/vendor/laravel/framework/src/Illuminate/Http/Middleware/ValidatePostSize.php(27): Illuminate\\Pipeline\\Pipeline->{closure:{closure:Illuminate\\Pipeline\\Pipeline::carry():194}:195}()
console-1        | #44 /app/vendor/laravel/framework/src/Illuminate/Pipeline/Pipeline.php(219): Illuminate\\Http\\Middleware\\ValidatePostSize->handle()
console-1        | #45 /app/vendor/laravel/framework/src/Illuminate/Foundation/Http/Middleware/PreventRequestsDuringMaintenance.php(110): Illuminate\\Pipeline\\Pipeline->{closure:{closure:Illuminate\\Pipeline\\Pipeline::carry():194}:195}()
console-1        | #46 /app/vendor/laravel/framework/src/Illuminate/Pipeline/Pipeline.php(219): Illuminate\\Foundation\\Http\\Middleware\\PreventRequestsDuringMaintenance->handle()
console-1        | #47 /app/vendor/laravel/framework/src/Illuminate/Http/Middleware/HandleCors.php(61): Illuminate\\Pipeline\\Pipeline->{closure:{closure:Illuminate\\Pipeline\\Pipeline::carry():194}:195}()
console-1        | #48 /app/vendor/laravel/framework/src/Illuminate/Pipeline/Pipeline.php(219): Illuminate\\Http\\Middleware\\HandleCors->handle()
console-1        | #49 /app/vendor/laravel/framework/src/Illuminate/Http/Middleware/TrustProxies.php(58): Illuminate\\Pipeline\\Pipeline->{closure:{closure:Illuminate\\Pipeline\\Pipeline::carry():194}:195}()
console-1        | #50 /app/vendor/laravel/framework/src/Illuminate/Pipeline/Pipeline.php(219): Illuminate\\Http\\Middleware\\TrustProxies->handle()
console-1        | #51 /app/vendor/laravel/framework/src/Illuminate/Foundation/Http/Middleware/InvokeDeferredCallbacks.php(22): Illuminate\\Pipeline\\Pipeline->{closure:{closure:Illuminate\\Pipeline\\Pipeline::carry():194}:195}()
console-1        | #52 /app/vendor/laravel/framework/src/Illuminate/Pipeline/Pipeline.php(219): Illuminate\\Foundation\\Http\\Middleware\\InvokeDeferredCallbacks->handle()
console-1        | #53 /app/vendor/laravel/framework/src/Illuminate/Http/Middleware/ValidatePathEncoding.php(28): Illuminate\\Pipeline\\Pipeline->{closure:{closure:Illuminate\\Pipeline\\Pipeline::carry():194}:195}()
console-1        | #54 /app/vendor/laravel/framework/src/Illuminate/Pipeline/Pipeline.php(219): Illuminate\\Http\\Middleware\\ValidatePathEncoding->handle()
console-1        | #55 /app/vendor/inertiajs/inertia-laravel/src/Middleware/EnsureDeferredCallbacksRun.php(21): Illuminate\\Pipeline\\Pipeline->{closure:{closure:Illuminate\\Pipeline\\Pipeline::carry():194}:195}()
console-1        | #56 /app/vendor/laravel/framework/src/Illuminate/Pipeline/Pipeline.php(219): Inertia\\Middleware\\EnsureDeferredCallbacksRun->handle()
console-1        | #57 /app/vendor/laravel/framework/src/Illuminate/Pipeline/Pipeline.php(137): Illuminate\\Pipeline\\Pipeline->{closure:{closure:Illuminate\\Pipeline\\Pipeline::carry():194}:195}()
console-1        | #58 /app/vendor/laravel/framework/src/Illuminate/Foundation/Http/Kernel.php(175): Illuminate\\Pipeline\\Pipeline->then()
console-1        | #59 /app/vendor/laravel/framework/src/Illuminate/Foundation/Http/Kernel.php(144): Illuminate\\Foundation\\Http\\Kernel->sendRequestThroughRouter()
console-1        | #60 /app/vendor/laravel/framework/src/Illuminate/Foundation/Application.php(1228): Illuminate\\Foundation\\Http\\Kernel->handle()
console-1        | #61 /app/public/index.php(13): Illuminate\\Foundation\\Application->handleRequest()
console-1        | #62 {main}
console-1        | "} 
console-1        | [2026-10-05 03:28:38] production.ERROR: Unsupported cipher or incorrect key length. Supported ciphers are: aes-128-cbc, aes-256-cbc, aes-128-gcm, aes-256-gcm. {"exception":"[object] (RuntimeException(code: 0): Unsupported cipher or incorrect key length. Supported ciphers are: aes-128-cbc, aes-256-cbc, aes-128-gcm, aes-256-gcm. at /app/vendor/laravel/framework/src/Illuminate/Encryption/Encrypter.php:61)
console-1        | [stacktrace]
console-1        | #0 /app/vendor/laravel/framework/src/Illuminate/Encryption/EncryptionServiceProvider.php(32): Illuminate\\Encryption\\Encrypter->__construct()
console-1        | #1 /app/vendor/laravel/framework/src/Illuminate/Container/Container.php(1140): Illuminate\\Encryption\\EncryptionServiceProvider->{closure:Illuminate\\Encryption\\EncryptionServiceProvider::registerEncrypter():29}()
console-1        | #2 /app/vendor/laravel/framework/src/Illuminate/Container/Container.php(939): Illuminate\\Container\\Container->build()
console-1        | #3 /app/vendor/laravel/framework/src/Illuminate/Foundation/Application.php(1086): Illuminate\\Container\\Container->resolve()
console-1        | #4 /app/vendor/laravel/framework/src/Illuminate/Container/Container.php(867): Illuminate\\Foundation\\Application->resolve()
console-1        | #5 /app/vendor/laravel/framework/src/Illuminate/Foundation/Application.php(1066): Illuminate\\Container\\Container->make()
console-1        | #6 /app/vendor/laravel/framework/src/Illuminate/Container/Container.php(1846): Illuminate\\Foundation\\Application->make()
console-1        | #7 /app/vendor/laravel/framework/src/Illuminate/Session/SessionManager.php(219): Illuminate\\Container\\Container->offsetGet()
console-1        | #8 /app/vendor/laravel/framework/src/Illuminate/Session/SessionManager.php(199): Illuminate\\Session\\SessionManager->buildEncryptedSession()
console-1        | #9 /app/vendor/laravel/framework/src/Illuminate/Session/SessionManager.php(96): Illuminate\\Session\\SessionManager->buildSession()
console-1        | #10 /app/vendor/laravel/framework/src/Illuminate/Support/Manager.php(105): Illuminate\\Session\\SessionManager->createDatabaseDriver()
console-1        | #11 /app/vendor/laravel/framework/src/Illuminate/Support/Manager.php(82): Illuminate\\Support\\Manager->createDriver()
console-1        | #12 /app/vendor/laravel/framework/src/Illuminate/Session/SessionServiceProvider.php(52): Illuminate\\Support\\Manager->driver()
console-1        | #13 /app/vendor/laravel/framework/src/Illuminate/Container/Container.php(1140): Illuminate\\Session\\SessionServiceProvider->{closure:Illuminate\\Session\\SessionServiceProvider::registerSessionDriver():48}()
console-1        | #14 /app/vendor/laravel/framework/src/Illuminate/Container/Container.php(939): Illuminate\\Container\\Container->build()
console-1        | #15 /app/vendor/laravel/framework/src/Illuminate/Foundation/Application.php(1086): Illuminate\\Container\\Container->resolve()
console-1        | #16 /app/vendor/laravel/framework/src/Illuminate/Container/Container.php(867): Illuminate\\Foundation\\Application->resolve()
console-1        | #17 /app/vendor/laravel/framework/src/Illuminate/Foundation/Application.php(1066): Illuminate\\Container\\Container->make()
console-1        | #18 /app/vendor/laravel/framework/src/Illuminate/Container/Container.php(1846): Illuminate\\Foundation\\Application->make()
console-1        | #19 /app/vendor/laravel/framework/src/Illuminate/Routing/RoutingServiceProvider.php(121): Illuminate\\Container\\Container->offsetGet()
console-1        | #20 /app/vendor/laravel/framework/src/Illuminate/Container/Container.php(1140): Illuminate\\Routing\\RoutingServiceProvider->{closure:Illuminate\\Routing\\RoutingServiceProvider::registerRedirector():114}()
console-1        | #21 /app/vendor/laravel/framework/src/Illuminate/Container/Container.php(939): Illuminate\\Container\\Container->build()
console-1        | #22 /app/vendor/laravel/framework/src/Illuminate/Foundation/Application.php(1086): Illuminate\\Container\\Container->resolve()
console-1        | #23 /app/vendor/laravel/framework/src/Illuminate/Container/Container.php(867): Illuminate\\Foundation\\Application->resolve()
console-1        | #24 /app/vendor/laravel/framework/src/Illuminate/Foundation/Application.php(1066): Illuminate\\Container\\Container->make()
console-1        | #25 /app/vendor/laravel/framework/src/Illuminate/Container/Container.php(1846): Illuminate\\Foundation\\Application->make()
console-1        | #26 /app/vendor/laravel/framework/src/Illuminate/Routing/RoutingServiceProvider.php(181): Illuminate\\Container\\Container->offsetGet()
console-1        | #27 /app/vendor/laravel/framework/src/Illuminate/Container/Container.php(1140): Illuminate\\Routing\\RoutingServiceProvider->{closure:Illuminate\\Routing\\RoutingServiceProvider::registerResponseFactory():180}()
console-1        | #28 /app/vendor/laravel/framework/src/Illuminate/Container/Container.php(939): Illuminate\\Container\\Container->build()
console-1        | #29 /app/vendor/laravel/framework/src/Illuminate/Foundation/Application.php(1086): Illuminate\\Container\\Container->resolve()
console-1        | #30 /app/vendor/laravel/framework/src/Illuminate/Container/Container.php(867): Illuminate\\Foundation\\Application->resolve()
console-1        | #31 /app/vendor/laravel/framework/src/Illuminate/Foundation/Application.php(1066): Illuminate\\Container\\Container->make()
console-1        | #32 /app/vendor/laravel/framework/src/Illuminate/Foundation/helpers.php(138): Illuminate\\Foundation\\Application->make()
console-1        | #33 /app/vendor/laravel/framework/src/Illuminate/Foundation/helpers.php(850): app()
console-1        | #34 /app/vendor/laravel/framework/src/Illuminate/Foundation/Exceptions/Handler.php(1103): response()
console-1        | #35 /app/vendor/laravel/framework/src/Illuminate/Foundation/Exceptions/Handler.php(960): Illuminate\\Foundation\\Exceptions\\Handler->toIlluminateResponse()
console-1        | #36 /app/vendor/laravel/framework/src/Illuminate/Foundation/Exceptions/Handler.php(844): Illuminate\\Foundation\\Exceptions\\Handler->prepareResponse()
console-1        | #37 /app/vendor/laravel/framework/src/Illuminate/Foundation/Exceptions/Handler.php(731): Illuminate\\Foundation\\Exceptions\\Handler->renderExceptionResponse()
console-1        | #38 /app/vendor/laravel/framework/src/Illuminate/Routing/Pipeline.php(51): Illuminate\\Foundation\\Exceptions\\Handler->render()
console-1        | #39 /app/vendor/laravel/framework/src/Illuminate/Pipeline/Pipeline.php(224): Illuminate\\Routing\\Pipeline->handleException()
console-1        | #40 /app/vendor/laravel/framework/src/Illuminate/Foundation/Http/Middleware/TransformsRequest.php(21): Illuminate\\Pipeline\\Pipeline->{closure:{closure:Illuminate\\Pipeline\\Pipeline::carry():194}:195}()
console-1        | #41 /app/vendor/laravel/framework/src/Illuminate/Foundation/Http/Middleware/TrimStrings.php(51): Illuminate\\Foundation\\Http\\Middleware\\TransformsRequest->handle()
console-1        | #42 /app/vendor/laravel/framework/src/Illuminate/Pipeline/Pipeline.php(219): Illuminate\\Foundation\\Http\\Middleware\\TrimStrings->handle()
console-1        | #43 /app/vendor/laravel/framework/src/Illuminate/Http/Middleware/ValidatePostSize.php(27): Illuminate\\Pipeline\\Pipeline->{closure:{closure:Illuminate\\Pipeline\\Pipeline::carry():194}:195}()
console-1        | #44 /app/vendor/laravel/framework/src/Illuminate/Pipeline/Pipeline.php(219): Illuminate\\Http\\Middleware\\ValidatePostSize->handle()
console-1        | #45 /app/vendor/laravel/framework/src/Illuminate/Foundation/Http/Middleware/PreventRequestsDuringMaintenance.php(110): Illuminate\\Pipeline\\Pipeline->{closure:{closure:Illuminate\\Pipeline\\Pipeline::carry():194}:195}()
console-1        | #46 /app/vendor/laravel/framework/src/Illuminate/Pipeline/Pipeline.php(219): Illuminate\\Foundation\\Http\\Middleware\\PreventRequestsDuringMaintenance->handle()
console-1        | #47 /app/vendor/laravel/framework/src/Illuminate/Http/Middleware/HandleCors.php(61): Illuminate\\Pipeline\\Pipeline->{closure:{closure:Illuminate\\Pipeline\\Pipeline::carry():194}:195}()
console-1        | #48 /app/vendor/laravel/framework/src/Illuminate/Pipeline/Pipeline.php(219): Illuminate\\Http\\Middleware\\HandleCors->handle()
console-1        | #49 /app/vendor/laravel/framework/src/Illuminate/Http/Middleware/TrustProxies.php(58): Illuminate\\Pipeline\\Pipeline->{closure:{closure:Illuminate\\Pipeline\\Pipeline::carry():194}:195}()
console-1        | #50 /app/vendor/laravel/framework/src/Illuminate/Pipeline/Pipeline.php(219): Illuminate\\Http\\Middleware\\TrustProxies->handle()
console-1        | #51 /app/vendor/laravel/framework/src/Illuminate/Foundation/Http/Middleware/InvokeDeferredCallbacks.php(22): Illuminate\\Pipeline\\Pipeline->{closure:{closure:Illuminate\\Pipeline\\Pipeline::carry():194}:195}()
console-1        | #52 /app/vendor/laravel/framework/src/Illuminate/Pipeline/Pipeline.php(219): Illuminate\\Foundation\\Http\\Middleware\\InvokeDeferredCallbacks->handle()
console-1        | #53 /app/vendor/laravel/framework/src/Illuminate/Http/Middleware/ValidatePathEncoding.php(28): Illuminate\\Pipeline\\Pipeline->{closure:{closure:Illuminate\\Pipeline\\Pipeline::carry():194}:195}()
console-1        | #54 /app/vendor/laravel/framework/src/Illuminate/Pipeline/Pipeline.php(219): Illuminate\\Http\\Middleware\\ValidatePathEncoding->handle()
console-1        | #55 /app/vendor/inertiajs/inertia-laravel/src/Middleware/EnsureDeferredCallbacksRun.php(21): Illuminate\\Pipeline\\Pipeline->{closure:{closure:Illuminate\\Pipeline\\Pipeline::carry():194}:195}()
console-1        | #56 /app/vendor/laravel/framework/src/Illuminate/Pipeline/Pipeline.php(219): Inertia\\Middleware\\EnsureDeferredCallbacksRun->handle()
console-1        | #57 /app/vendor/laravel/framework/src/Illuminate/Pipeline/Pipeline.php(137): Illuminate\\Pipeline\\Pipeline->{closure:{closure:Illuminate\\Pipeline\\Pipeline::carry():194}:195}()
console-1        | #58 /app/vendor/laravel/framework/src/Illuminate/Foundation/Http/Kernel.php(175): Illuminate\\Pipeline\\Pipeline->then()
console-1        | #59 /app/vendor/laravel/framework/src/Illuminate/Foundation/Http/Kernel.php(144): Illuminate\\Foundation\\Http\\Kernel->sendRequestThroughRouter()
console-1        | #60 /app/vendor/laravel/framework/src/Illuminate/Foundation/Application.php(1228): Illuminate\\Foundation\\Http\\Kernel->handle()
console-1        | #61 /app/public/index.php(13): Illuminate\\Foundation\\Application->handleRequest()
console-1        | #62 {main}
console-1        | "} 
console-1        | [2026-10-05 03:28:38] production.ERROR: Unsupported cipher or incorrect key length. Supported ciphers are: aes-128-cbc, aes-256-cbc, aes-128-gcm, aes-256-gcm. {"exception":"[object] (RuntimeException(code: 0): Unsupported cipher or incorrect key length. Supported ciphers are: aes-128-cbc, aes-256-cbc, aes-128-gcm, aes-256-gcm. at /app/vendor/laravel/framework/src/Illuminate/Encryption/Encrypter.php:61)
console-1        | [stacktrace]
console-1        | #0 /app/vendor/laravel/framework/src/Illuminate/Encryption/EncryptionServiceProvider.php(32): Illuminate\\Encryption\\Encrypter->__construct()
console-1        | #1 /app/vendor/laravel/framework/src/Illuminate/Container/Container.php(1140): Illuminate\\Encryption\\EncryptionServiceProvider->{closure:Illuminate\\Encryption\\EncryptionServiceProvider::registerEncrypter():29}()
console-1        | #2 /app/vendor/laravel/framework/src/Illuminate/Container/Container.php(939): Illuminate\\Container\\Container->build()
console-1        | #3 /app/vendor/laravel/framework/src/Illuminate/Foundation/Application.php(1086): Illuminate\\Container\\Container->resolve()
console-1        | #4 /app/vendor/laravel/framework/src/Illuminate/Container/Container.php(867): Illuminate\\Foundation\\Application->resolve()
console-1        | #5 /app/vendor/laravel/framework/src/Illuminate/Foundation/Application.php(1066): Illuminate\\Container\\Container->make()
console-1        | #6 /app/vendor/laravel/framework/src/Illuminate/Container/Container.php(1846): Illuminate\\Foundation\\Application->make()
console-1        | #7 /app/vendor/laravel/framework/src/Illuminate/Session/SessionManager.php(219): Illuminate\\Container\\Container->offsetGet()
console-1        | #8 /app/vendor/laravel/framework/src/Illuminate/Session/SessionManager.php(199): Illuminate\\Session\\SessionManager->buildEncryptedSession()
console-1        | #9 /app/vendor/laravel/framework/src/Illuminate/Session/SessionManager.php(96): Illuminate\\Session\\SessionManager->buildSession()
console-1        | #10 /app/vendor/laravel/framework/src/Illuminate/Support/Manager.php(105): Illuminate\\Session\\SessionManager->createDatabaseDriver()
console-1        | #11 /app/vendor/laravel/framework/src/Illuminate/Support/Manager.php(82): Illuminate\\Support\\Manager->createDriver()
console-1        | #12 /app/vendor/laravel/framework/src/Illuminate/Session/SessionServiceProvider.php(52): Illuminate\\Support\\Manager->driver()
console-1        | #13 /app/vendor/laravel/framework/src/Illuminate/Container/Container.php(1140): Illuminate\\Session\\SessionServiceProvider->{closure:Illuminate\\Session\\SessionServiceProvider::registerSessionDriver():48}()
console-1        | #14 /app/vendor/laravel/framework/src/Illuminate/Container/Container.php(939): Illuminate\\Container\\Container->build()
console-1        | #15 /app/vendor/laravel/framework/src/Illuminate/Foundation/Application.php(1086): Illuminate\\Container\\Container->resolve()
console-1        | #16 /app/vendor/laravel/framework/src/Illuminate/Container/Container.php(867): Illuminate\\Foundation\\Application->resolve()
console-1        | #17 /app/vendor/laravel/framework/src/Illuminate/Foundation/Application.php(1066): Illuminate\\Container\\Container->make()
console-1        | #18 /app/vendor/laravel/framework/src/Illuminate/Container/Container.php(1846): Illuminate\\Foundation\\Application->make()
console-1        | #19 /app/vendor/laravel/framework/src/Illuminate/Routing/RoutingServiceProvider.php(121): Illuminate\\Container\\Container->offsetGet()
console-1        | #20 /app/vendor/laravel/framework/src/Illuminate/Container/Container.php(1140): Illuminate\\Routing\\RoutingServiceProvider->{closure:Illuminate\\Routing\\RoutingServiceProvider::registerRedirector():114}()
console-1        | #21 /app/vendor/laravel/framework/src/Illuminate/Container/Container.php(939): Illuminate\\Container\\Container->build()
console-1        | #22 /app/vendor/laravel/framework/src/Illuminate/Foundation/Application.php(1086): Illuminate\\Container\\Container->resolve()
console-1        | #23 /app/vendor/laravel/framework/src/Illuminate/Container/Container.php(867): Illuminate\\Foundation\\Application->resolve()
console-1        | #24 /app/vendor/laravel/framework/src/Illuminate/Foundation/Application.php(1066): Illuminate\\Container\\Container->make()
console-1        | #25 /app/vendor/laravel/framework/src/Illuminate/Container/Container.php(1846): Illuminate\\Foundation\\Application->make()
console-1        | #26 /app/vendor/laravel/framework/src/Illuminate/Routing/RoutingServiceProvider.php(181): Illuminate\\Container\\Container->offsetGet()
console-1        | #27 /app/vendor/laravel/framework/src/Illuminate/Container/Container.php(1140): Illuminate\\Routing\\RoutingServiceProvider->{closure:Illuminate\\Routing\\RoutingServiceProvider::registerResponseFactory():180}()
console-1        | #28 /app/vendor/laravel/framework/src/Illuminate/Container/Container.php(939): Illuminate\\Container\\Container->build()
console-1        | #29 /app/vendor/laravel/framework/src/Illuminate/Foundation/Application.php(1086): Illuminate\\Container\\Container->resolve()
console-1        | #30 /app/vendor/laravel/framework/src/Illuminate/Container/Container.php(867): Illuminate\\Foundation\\Application->resolve()
console-1        | #31 /app/vendor/laravel/framework/src/Illuminate/Foundation/Application.php(1066): Illuminate\\Container\\Container->make()
console-1        | #32 /app/vendor/laravel/framework/src/Illuminate/Foundation/helpers.php(138): Illuminate\\Foundation\\Application->make()
console-1        | #33 /app/vendor/laravel/framework/src/Illuminate/Foundation/helpers.php(850): app()
console-1        | #34 /app/vendor/laravel/framework/src/Illuminate/Foundation/Exceptions/Handler.php(1042): response()
console-1        | #35 /app/vendor/laravel/framework/src/Illuminate/Foundation/Exceptions/Handler.php(961): Illuminate\\Foundation\\Exceptions\\Handler->renderHttpException()
console-1        | #36 /app/vendor/laravel/framework/src/Illuminate/Foundation/Exceptions/Handler.php(844): Illuminate\\Foundation\\Exceptions\\Handler->prepareResponse()
console-1        | #37 /app/vendor/laravel/framework/src/Illuminate/Foundation/Exceptions/Handler.php(731): Illuminate\\Foundation\\Exceptions\\Handler->renderExceptionResponse()
console-1        | #38 /app/vendor/laravel/framework/src/Illuminate/Routing/Pipeline.php(51): Illuminate\\Foundation\\Exceptions\\Handler->render()
console-1        | #39 /app/vendor/laravel/framework/src/Illuminate/Pipeline/Pipeline.php(224): Illuminate\\Routing\\Pipeline->handleException()
console-1        | #40 /app/vendor/laravel/framework/src/Illuminate/Http/Middleware/ValidatePostSize.php(27): Illuminate\\Pipeline\\Pipeline->{closure:{closure:Illuminate\\Pipeline\\Pipeline::carry():194}:195}()
console-1        | #41 /app/vendor/laravel/framework/src/Illuminate/Pipeline/Pipeline.php(219): Illuminate\\Http\\Middleware\\ValidatePostSize->handle()
console-1        | #42 /app/vendor/laravel/framework/src/Illuminate/Foundation/Http/Middleware/PreventRequestsDuringMaintenance.php(110): Illuminate\\Pipeline\\Pipeline->{closure:{closure:Illuminate\\Pipeline\\Pipeline::carry():194}:195}()
console-1        | #43 /app/vendor/laravel/framework/src/Illuminate/Pipeline/Pipeline.php(219): Illuminate\\Foundation\\Http\\Middleware\\PreventRequestsDuringMaintenance->handle()
console-1        | #44 /app/vendor/laravel/framework/src/Illuminate/Http/Middleware/HandleCors.php(61): Illuminate\\Pipeline\\Pipeline->{closure:{closure:Illuminate\\Pipeline\\Pipeline::carry():194}:195}()
console-1        | #45 /app/vendor/laravel/framework/src/Illuminate/Pipeline/Pipeline.php(219): Illuminate\\Http\\Middleware\\HandleCors->handle()
console-1        | #46 /app/vendor/laravel/framework/src/Illuminate/Http/Middleware/TrustProxies.php(58): Illuminate\\Pipeline\\Pipeline->{closure:{closure:Illuminate\\Pipeline\\Pipeline::carry():194}:195}()
console-1        | #47 /app/vendor/laravel/framework/src/Illuminate/Pipeline/Pipeline.php(219): Illuminate\\Http\\Middleware\\TrustProxies->handle()
console-1        | #48 /app/vendor/laravel/framework/src/Illuminate/Foundation/Http/Middleware/InvokeDeferredCallbacks.php(22): Illuminate\\Pipeline\\Pipeline->{closure:{closure:Illuminate\\Pipeline\\Pipeline::carry():194}:195}()
console-1        | #49 /app/vendor/laravel/framework/src/Illuminate/Pipeline/Pipeline.php(219): Illuminate\\Foundation\\Http\\Middleware\\InvokeDeferredCallbacks->handle()
console-1        | #50 /app/vendor/laravel/framework/src/Illuminate/Http/Middleware/ValidatePathEncoding.php(28): Illuminate\\Pipeline\\Pipeline->{closure:{closure:Illuminate\\Pipeline\\Pipeline::carry():194}:195}()
console-1        | #51 /app/vendor/laravel/framework/src/Illuminate/Pipeline/Pipeline.php(219): Illuminate\\Http\\Middleware\\ValidatePathEncoding->handle()
console-1        | #52 /app/vendor/inertiajs/inertia-laravel/src/Middleware/EnsureDeferredCallbacksRun.php(21): Illuminate\\Pipeline\\Pipeline->{closure:{closure:Illuminate\\Pipeline\\Pipeline::carry():194}:195}()
console-1        | #53 /app/vendor/laravel/framework/src/Illuminate/Pipeline/Pipeline.php(219): Inertia\\Middleware\\EnsureDeferredCallbacksRun->handle()
console-1        | #54 /app/vendor/laravel/framework/src/Illuminate/Pipeline/Pipeline.php(137): Illuminate\\Pipeline\\Pipeline->{closure:{closure:Illuminate\\Pipeline\\Pipeline::carry():194}:195}()
console-1        | #55 /app/vendor/laravel/framework/src/Illuminate/Foundation/Http/Kernel.php(175): Illuminate\\Pipeline\\Pipeline->then()
console-1        | #56 /app/vendor/laravel/framework/src/Illuminate/Foundation/Http/Kernel.php(144): Illuminate\\Foundation\\Http\\Kernel->sendRequestThroughRouter()
console-1        | #57 /app/vendor/laravel/framework/src/Illuminate/Foundation/Application.php(1228): Illuminate\\Foundation\\Http\\Kernel->handle()
console-1        | #58 /app/public/index.php(13): Illuminate\\Foundation\\Application->handleRequest()
console-1        | #59 {main}
console-1        | "} 
console-1        | [2026-10-05 03:28:38] production.ERROR: Unsupported cipher or incorrect key length. Supported ciphers are: aes-128-cbc, aes-256-cbc, aes-128-gcm, aes-256-gcm. {"exception":"[object] (RuntimeException(code: 0): Unsupported cipher or incorrect key length. Supported ciphers are: aes-128-cbc, aes-256-cbc, aes-128-gcm, aes-256-gcm. at /app/vendor/laravel/framework/src/Illuminate/Encryption/Encrypter.php:61)
console-1        | [stacktrace]
console-1        | #0 /app/vendor/laravel/framework/src/Illuminate/Encryption/EncryptionServiceProvider.php(32): Illuminate\\Encryption\\Encrypter->__construct()
console-1        | #1 /app/vendor/laravel/framework/src/Illuminate/Container/Container.php(1140): Illuminate\\Encryption\\EncryptionServiceProvider->{closure:Illuminate\\Encryption\\EncryptionServiceProvider::registerEncrypter():29}()
console-1        | #2 /app/vendor/laravel/framework/src/Illuminate/Container/Container.php(939): Illuminate\\Container\\Container->build()
console-1        | #3 /app/vendor/laravel/framework/src/Illuminate/Foundation/Application.php(1086): Illuminate\\Container\\Container->resolve()
console-1        | #4 /app/vendor/laravel/framework/src/Illuminate/Container/Container.php(867): Illuminate\\Foundation\\Application->resolve()
console-1        | #5 /app/vendor/laravel/framework/src/Illuminate/Foundation/Application.php(1066): Illuminate\\Container\\Container->make()
console-1        | #6 /app/vendor/laravel/framework/src/Illuminate/Container/Container.php(1846): Illuminate\\Foundation\\Application->make()
console-1        | #7 /app/vendor/laravel/framework/src/Illuminate/Session/SessionManager.php(219): Illuminate\\Container\\Container->offsetGet()
console-1        | #8 /app/vendor/laravel/framework/src/Illuminate/Session/SessionManager.php(199): Illuminate\\Session\\SessionManager->buildEncryptedSession()
console-1        | #9 /app/vendor/laravel/framework/src/Illuminate/Session/SessionManager.php(96): Illuminate\\Session\\SessionManager->buildSession()
console-1        | #10 /app/vendor/laravel/framework/src/Illuminate/Support/Manager.php(105): Illuminate\\Session\\SessionManager->createDatabaseDriver()
console-1        | #11 /app/vendor/laravel/framework/src/Illuminate/Support/Manager.php(82): Illuminate\\Support\\Manager->createDriver()
console-1        | #12 /app/vendor/laravel/framework/src/Illuminate/Session/SessionServiceProvider.php(52): Illuminate\\Support\\Manager->driver()
console-1        | #13 /app/vendor/laravel/framework/src/Illuminate/Container/Container.php(1140): Illuminate\\Session\\SessionServiceProvider->{closure:Illuminate\\Session\\SessionServiceProvider::registerSessionDriver():48}()
console-1        | #14 /app/vendor/laravel/framework/src/Illuminate/Container/Container.php(939): Illuminate\\Container\\Container->build()
console-1        | #15 /app/vendor/laravel/framework/src/Illuminate/Foundation/Application.php(1086): Illuminate\\Container\\Container->resolve()
console-1        | #16 /app/vendor/laravel/framework/src/Illuminate/Container/Container.php(867): Illuminate\\Foundation\\Application->resolve()
console-1        | #17 /app/vendor/laravel/framework/src/Illuminate/Foundation/Application.php(1066): Illuminate\\Container\\Container->make()
console-1        | #18 /app/vendor/laravel/framework/src/Illuminate/Container/Container.php(1846): Illuminate\\Foundation\\Application->make()
console-1        | #19 /app/vendor/laravel/framework/src/Illuminate/Routing/RoutingServiceProvider.php(121): Illuminate\\Container\\Container->offsetGet()
console-1        | #20 /app/vendor/laravel/framework/src/Illuminate/Container/Container.php(1140): Illuminate\\Routing\\RoutingServiceProvider->{closure:Illuminate\\Routing\\RoutingServiceProvider::registerRedirector():114}()
console-1        | #21 /app/vendor/laravel/framework/src/Illuminate/Container/Container.php(939): Illuminate\\Container\\Container->build()
console-1        | #22 /app/vendor/laravel/framework/src/Illuminate/Foundation/Application.php(1086): Illuminate\\Container\\Container->resolve()
console-1        | #23 /app/vendor/laravel/framework/src/Illuminate/Container/Container.php(867): Illuminate\\Foundation\\Application->resolve()
console-1        | #24 /app/vendor/laravel/framework/src/Illuminate/Foundation/Application.php(1066): Illuminate\\Container\\Container->make()
console-1        | #25 /app/vendor/laravel/framework/src/Illuminate/Container/Container.php(1846): Illuminate\\Foundation\\Application->make()
console-1        | #26 /app/vendor/laravel/framework/src/Illuminate/Routing/RoutingServiceProvider.php(181): Illuminate\\Container\\Container->offsetGet()
console-1        | #27 /app/vendor/laravel/framework/src/Illuminate/Container/Container.php(1140): Illuminate\\Routing\\RoutingServiceProvider->{closure:Illuminate\\Routing\\RoutingServiceProvider::registerResponseFactory():180}()
console-1        | #28 /app/vendor/laravel/framework/src/Illuminate/Container/Container.php(939): Illuminate\\Container\\Container->build()
console-1        | #29 /app/vendor/laravel/framework/src/Illuminate/Foundation/Application.php(1086): Illuminate\\Container\\Container->resolve()
console-1        | #30 /app/vendor/laravel/framework/src/Illuminate/Container/Container.php(867): Illuminate\\Foundation\\Application->resolve()
console-1        | #31 /app/vendor/laravel/framework/src/Illuminate/Foundation/Application.php(1066): Illuminate\\Container\\Container->make()
console-1        | #32 /app/vendor/laravel/framework/src/Illuminate/Foundation/helpers.php(138): Illuminate\\Foundation\\Application->make()
console-1        | #33 /app/vendor/laravel/framework/src/Illuminate/Foundation/helpers.php(850): app()
console-1        | #34 /app/vendor/laravel/framework/src/Illuminate/Foundation/Exceptions/Handler.php(1103): response()
console-1        | #35 /app/vendor/laravel/framework/src/Illuminate/Foundation/Exceptions/Handler.php(960): Illuminate\\Foundation\\Exceptions\\Handler->toIlluminateResponse()
console-1        | #36 /app/vendor/laravel/framework/src/Illuminate/Foundation/Exceptions/Handler.php(844): Illuminate\\Foundation\\Exceptions\\Handler->prepareResponse()
console-1        | #37 /app/vendor/laravel/framework/src/Illuminate/Foundation/Exceptions/Handler.php(731): Illuminate\\Foundation\\Exceptions\\Handler->renderExceptionResponse()
console-1        | #38 /app/vendor/laravel/framework/src/Illuminate/Routing/Pipeline.php(51): Illuminate\\Foundation\\Exceptions\\Handler->render()
console-1        | #39 /app/vendor/laravel/framework/src/Illuminate/Pipeline/Pipeline.php(224): Illuminate\\Routing\\Pipeline->handleException()
console-1        | #40 /app/vendor/laravel/framework/src/Illuminate/Http/Middleware/ValidatePostSize.php(27): Illuminate\\Pipeline\\Pipeline->{closure:{closure:Illuminate\\Pipeline\\Pipeline::carry():194}:195}()
console-1        | #41 /app/vendor/laravel/framework/src/Illuminate/Pipeline/Pipeline.php(219): Illuminate\\Http\\Middleware\\ValidatePostSize->handle()
console-1        | #42 /app/vendor/laravel/framework/src/Illuminate/Foundation/Http/Middleware/PreventRequestsDuringMaintenance.php(110): Illuminate\\Pipeline\\Pipeline->{closure:{closure:Illuminate\\Pipeline\\Pipeline::carry():194}:195}()
console-1        | #43 /app/vendor/laravel/framework/src/Illuminate/Pipeline/Pipeline.php(219): Illuminate\\Foundation\\Http\\Middleware\\PreventRequestsDuringMaintenance->handle()
console-1        | #44 /app/vendor/laravel/framework/src/Illuminate/Http/Middleware/HandleCors.php(61): Illuminate\\Pipeline\\Pipeline->{closure:{closure:Illuminate\\Pipeline\\Pipeline::carry():194}:195}()
console-1        | #45 /app/vendor/laravel/framework/src/Illuminate/Pipeline/Pipeline.php(219): Illuminate\\Http\\Middleware\\HandleCors->handle()
console-1        | #46 /app/vendor/laravel/framework/src/Illuminate/Http/Middleware/TrustProxies.php(58): Illuminate\\Pipeline\\Pipeline->{closure:{closure:Illuminate\\Pipeline\\Pipeline::carry():194}:195}()
console-1        | #47 /app/vendor/laravel/framework/src/Illuminate/Pipeline/Pipeline.php(219): Illuminate\\Http\\Middleware\\TrustProxies->handle()
console-1        | #48 /app/vendor/laravel/framework/src/Illuminate/Foundation/Http/Middleware/InvokeDeferredCallbacks.php(22): Illuminate\\Pipeline\\Pipeline->{closure:{closure:Illuminate\\Pipeline\\Pipeline::carry():194}:195}()
console-1        | #49 /app/vendor/laravel/framework/src/Illuminate/Pipeline/Pipeline.php(219): Illuminate\\Foundation\\Http\\Middleware\\InvokeDeferredCallbacks->handle()
console-1        | #50 /app/vendor/laravel/framework/src/Illuminate/Http/Middleware/ValidatePathEncoding.php(28): Illuminate\\Pipeline\\Pipeline->{closure:{closure:Illuminate\\Pipeline\\Pipeline::carry():194}:195}()
console-1        | #51 /app/vendor/laravel/framework/src/Illuminate/Pipeline/Pipeline.php(219): Illuminate\\Http\\Middleware\\ValidatePathEncoding->handle()
console-1        | #52 /app/vendor/inertiajs/inertia-laravel/src/Middleware/EnsureDeferredCallbacksRun.php(21): Illuminate\\Pipeline\\Pipeline->{closure:{closure:Illuminate\\Pipeline\\Pipeline::carry():194}:195}()
console-1        | #53 /app/vendor/laravel/framework/src/Illuminate/Pipeline/Pipeline.php(219): Inertia\\Middleware\\EnsureDeferredCallbacksRun->handle()
console-1        | #54 /app/vendor/laravel/framework/src/Illuminate/Pipeline/Pipeline.php(137): Illuminate\\Pipeline\\Pipeline->{closure:{closure:Illuminate\\Pipeline\\Pipeline::carry():194}:195}()
console-1        | #55 /app/vendor/laravel/framework/src/Illuminate/Foundation/Http/Kernel.php(175): Illuminate\\Pipeline\\Pipeline->then()
console-1        | #56 /app/vendor/laravel/framework/src/Illuminate/Foundation/Http/Kernel.php(144): Illuminate\\Foundation\\Http\\Kernel->sendRequestThroughRouter()
console-1        | #57 /app/vendor/laravel/framework/src/Illuminate/Foundation/Application.php(1228): Illuminate\\Foundation\\Http\\Kernel->handle()
console-1        | #58 /app/public/index.php(13): Illuminate\\Foundation\\Application->handleRequest()
console-1        | #59 {main}
console-1        | "} 
console-1        | [2026-10-05 03:28:38] production.ERROR: Unsupported cipher or incorrect key length. Supported ciphers are: aes-128-cbc, aes-256-cbc, aes-128-gcm, aes-256-gcm. {"exception":"[object] (RuntimeException(code: 0): Unsupported cipher or incorrect key length. Supported ciphers are: aes-128-cbc, aes-256-cbc, aes-128-gcm, aes-256-gcm. at /app/vendor/laravel/framework/src/Illuminate/Encryption/Encrypter.php:61)
console-1        | [stacktrace]
console-1        | #0 /app/vendor/laravel/framework/src/Illuminate/Encryption/EncryptionServiceProvider.php(32): Illuminate\\Encryption\\Encrypter->__construct()
console-1        | #1 /app/vendor/laravel/framework/src/Illuminate/Container/Container.php(1140): Illuminate\\Encryption\\EncryptionServiceProvider->{closure:Illuminate\\Encryption\\EncryptionServiceProvider::registerEncrypter():29}()
console-1        | #2 /app/vendor/laravel/framework/src/Illuminate/Container/Container.php(939): Illuminate\\Container\\Container->build()
console-1        | #3 /app/vendor/laravel/framework/src/Illuminate/Foundation/Application.php(1086): Illuminate\\Container\\Container->resolve()
console-1        | #4 /app/vendor/laravel/framework/src/Illuminate/Container/Container.php(867): Illuminate\\Foundation\\Application->resolve()
console-1        | #5 /app/vendor/laravel/framework/src/Illuminate/Foundation/Application.php(1066): Illuminate\\Container\\Container->make()
console-1        | #6 /app/vendor/laravel/framework/src/Illuminate/Container/Container.php(1846): Illuminate\\Foundation\\Application->make()
console-1        | #7 /app/vendor/laravel/framework/src/Illuminate/Session/SessionManager.php(219): Illuminate\\Container\\Container->offsetGet()
console-1        | #8 /app/vendor/laravel/framework/src/Illuminate/Session/SessionManager.php(199): Illuminate\\Session\\SessionManager->buildEncryptedSession()
console-1        | #9 /app/vendor/laravel/framework/src/Illuminate/Session/SessionManager.php(96): Illuminate\\Session\\SessionManager->buildSession()
console-1        | #10 /app/vendor/laravel/framework/src/Illuminate/Support/Manager.php(105): Illuminate\\Session\\SessionManager->createDatabaseDriver()
console-1        | #11 /app/vendor/laravel/framework/src/Illuminate/Support/Manager.php(82): Illuminate\\Support\\Manager->createDriver()
console-1        | #12 /app/vendor/laravel/framework/src/Illuminate/Session/SessionServiceProvider.php(52): Illuminate\\Support\\Manager->driver()
console-1        | #13 /app/vendor/laravel/framework/src/Illuminate/Container/Container.php(1140): Illuminate\\Session\\SessionServiceProvider->{closure:Illuminate\\Session\\SessionServiceProvider::registerSessionDriver():48}()
console-1        | #14 /app/vendor/laravel/framework/src/Illuminate/Container/Container.php(939): Illuminate\\Container\\Container->build()
console-1        | #15 /app/vendor/laravel/framework/src/Illuminate/Foundation/Application.php(1086): Illuminate\\Container\\Container->resolve()
console-1        | #16 /app/vendor/laravel/framework/src/Illuminate/Container/Container.php(867): Illuminate\\Foundation\\Application->resolve()
console-1        | #17 /app/vendor/laravel/framework/src/Illuminate/Foundation/Application.php(1066): Illuminate\\Container\\Container->make()
console-1        | #18 /app/vendor/laravel/framework/src/Illuminate/Container/Container.php(1846): Illuminate\\Foundation\\Application->make()
console-1        | #19 /app/vendor/laravel/framework/src/Illuminate/Routing/RoutingServiceProvider.php(121): Illuminate\\Container\\Container->offsetGet()
console-1        | #20 /app/vendor/laravel/framework/src/Illuminate/Container/Container.php(1140): Illuminate\\Routing\\RoutingServiceProvider->{closure:Illuminate\\Routing\\RoutingServiceProvider::registerRedirector():114}()
console-1        | #21 /app/vendor/laravel/framework/src/Illuminate/Container/Container.php(939): Illuminate\\Container\\Container->build()
console-1        | #22 /app/vendor/laravel/framework/src/Illuminate/Foundation/Application.php(1086): Illuminate\\Container\\Container->resolve()
console-1        | #23 /app/vendor/laravel/framework/src/Illuminate/Container/Container.php(867): Illuminate\\Foundation\\Application->resolve()
console-1        | #24 /app/vendor/laravel/framework/src/Illuminate/Foundation/Application.php(1066): Illuminate\\Container\\Container->make()
console-1        | #25 /app/vendor/laravel/framework/src/Illuminate/Container/Container.php(1846): Illuminate\\Foundation\\Application->make()
console-1        | #26 /app/vendor/laravel/framework/src/Illuminate/Routing/RoutingServiceProvider.php(181): Illuminate\\Container\\Container->offsetGet()
console-1        | #27 /app/vendor/laravel/framework/src/Illuminate/Container/Container.php(1140): Illuminate\\Routing\\RoutingServiceProvider->{closure:Illuminate\\Routing\\RoutingServiceProvider::registerResponseFactory():180}()
console-1        | #28 /app/vendor/laravel/framework/src/Illuminate/Container/Container.php(939): Illuminate\\Container\\Container->build()
console-1        | #29 /app/vendor/laravel/framework/src/Illuminate/Foundation/Application.php(1086): Illuminate\\Container\\Container->resolve()
console-1        | #30 /app/vendor/laravel/framework/src/Illuminate/Container/Container.php(867): Illuminate\\Foundation\\Application->resolve()
console-1        | #31 /app/vendor/laravel/framework/src/Illuminate/Foundation/Application.php(1066): Illuminate\\Container\\Container->make()
console-1        | #32 /app/vendor/laravel/framework/src/Illuminate/Foundation/helpers.php(138): Illuminate\\Foundation\\Application->make()
console-1        | #33 /app/vendor/laravel/framework/src/Illuminate/Foundation/helpers.php(850): app()
console-1        | #34 /app/vendor/laravel/framework/src/Illuminate/Foundation/Exceptions/Handler.php(1042): response()
console-1        | #35 /app/vendor/laravel/framework/src/Illuminate/Foundation/Exceptions/Handler.php(961): Illuminate\\Foundation\\Exceptions\\Handler->renderHttpException()
console-1        | #36 /app/vendor/laravel/framework/src/Illuminate/Foundation/Exceptions/Handler.php(844): Illuminate\\Foundation\\Exceptions\\Handler->prepareResponse()
console-1        | #37 /app/vendor/laravel/framework/src/Illuminate/Foundation/Exceptions/Handler.php(731): Illuminate\\Foundation\\Exceptions\\Handler->renderExceptionResponse()
console-1        | #38 /app/vendor/laravel/framework/src/Illuminate/Routing/Pipeline.php(51): Illuminate\\Foundation\\Exceptions\\Handler->render()
console-1        | #39 /app/vendor/laravel/framework/src/Illuminate/Pipeline/Pipeline.php(224): Illuminate\\Routing\\Pipeline->handleException()
console-1        | #40 /app/vendor/laravel/framework/src/Illuminate/Foundation/Http/Middleware/PreventRequestsDuringMaintenance.php(110): Illuminate\\Pipeline\\Pipeline->{closure:{closure:Illuminate\\Pipeline\\Pipeline::carry():194}:195}()
console-1        | #41 /app/vendor/laravel/framework/src/Illuminate/Pipeline/Pipeline.php(219): Illuminate\\Foundation\\Http\\Middleware\\PreventRequestsDuringMaintenance->handle()
console-1        | #42 /app/vendor/laravel/framework/src/Illuminate/Http/Middleware/HandleCors.php(61): Illuminate\\Pipeline\\Pipeline->{closure:{closure:Illuminate\\Pipeline\\Pipeline::carry():194}:195}()
console-1        | #43 /app/vendor/laravel/framework/src/Illuminate/Pipeline/Pipeline.php(219): Illuminate\\Http\\Middleware\\HandleCors->handle()
console-1        | #44 /app/vendor/laravel/framework/src/Illuminate/Http/Middleware/TrustProxies.php(58): Illuminate\\Pipeline\\Pipeline->{closure:{closure:Illuminate\\Pipeline\\Pipeline::carry():194}:195}()
console-1        | #45 /app/vendor/laravel/framework/src/Illuminate/Pipeline/Pipeline.php(219): Illuminate\\Http\\Middleware\\TrustProxies->handle()
console-1        | #46 /app/vendor/laravel/framework/src/Illuminate/Foundation/Http/Middleware/InvokeDeferredCallbacks.php(22): Illuminate\\Pipeline\\Pipeline->{closure:{closure:Illuminate\\Pipeline\\Pipeline::carry():194}:195}()
console-1        | #47 /app/vendor/laravel/framework/src/Illuminate/Pipeline/Pipeline.php(219): Illuminate\\Foundation\\Http\\Middleware\\InvokeDeferredCallbacks->handle()
console-1        | #48 /app/vendor/laravel/framework/src/Illuminate/Http/Middleware/ValidatePathEncoding.php(28): Illuminate\\Pipeline\\Pipeline->{closure:{closure:Illuminate\\Pipeline\\Pipeline::carry():194}:195}()
console-1        | #49 /app/vendor/laravel/framework/src/Illuminate/Pipeline/Pipeline.php(219): Illuminate\\Http\\Middleware\\ValidatePathEncoding->handle()
console-1        | #50 /app/vendor/inertiajs/inertia-laravel/src/Middleware/EnsureDeferredCallbacksRun.php(21): Illuminate\\Pipeline\\Pipeline->{closure:{closure:Illuminate\\Pipeline\\Pipeline::carry():194}:195}()
console-1        | #51 /app/vendor/laravel/framework/src/Illuminate/Pipeline/Pipeline.php(219): Inertia\\Middleware\\EnsureDeferredCallbacksRun->handle()
console-1        | #52 /app/vendor/laravel/framework/src/Illuminate/Pipeline/Pipeline.php(137): Illuminate\\Pipeline\\Pipeline->{closure:{closure:Illuminate\\Pipeline\\Pipeline::carry():194}:195}()
console-1        | #53 /app/vendor/laravel/framework/src/Illuminate/Foundation/Http/Kernel.php(175): Illuminate\\Pipeline\\Pipeline->then()
console-1        | #54 /app/vendor/laravel/framework/src/Illuminate/Foundation/Http/Kernel.php(144): Illuminate\\Foundation\\Http\\Kernel->sendRequestThroughRouter()
console-1        | #55 /app/vendor/laravel/framework/src/Illuminate/Foundation/Application.php(1228): Illuminate\\Foundation\\Http\\Kernel->handle()
console-1        | #56 /app/public/index.php(13): Illuminate\\Foundation\\Application->handleRequest()
console-1        | #57 {main}
console-1        | "} 
console-1        | [2026-10-05 03:28:38] production.ERROR: Unsupported cipher or incorrect key length. Supported ciphers are: aes-128-cbc, aes-256-cbc, aes-128-gcm, aes-256-gcm. {"exception":"[object] (RuntimeException(code: 0): Unsupported cipher or incorrect key length. Supported ciphers are: aes-128-cbc, aes-256-cbc, aes-128-gcm, aes-256-gcm. at /app/vendor/laravel/framework/src/Illuminate/Encryption/Encrypter.php:61)
console-1        | [stacktrace]
console-1        | #0 /app/vendor/laravel/framework/src/Illuminate/Encryption/EncryptionServiceProvider.php(32): Illuminate\\Encryption\\Encrypter->__construct()
console-1        | #1 /app/vendor/laravel/framework/src/Illuminate/Container/Container.php(1140): Illuminate\\Encryption\\EncryptionServiceProvider->{closure:Illuminate\\Encryption\\EncryptionServiceProvider::registerEncrypter():29}()
console-1        | #2 /app/vendor/laravel/framework/src/Illuminate/Container/Container.php(939): Illuminate\\Container\\Container->build()
console-1        | #3 /app/vendor/laravel/framework/src/Illuminate/Foundation/Application.php(1086): Illuminate\\Container\\Container->resolve()
console-1        | #4 /app/vendor/laravel/framework/src/Illuminate/Container/Container.php(867): Illuminate\\Foundation\\Application->resolve()
console-1        | #5 /app/vendor/laravel/framework/src/Illuminate/Foundation/Application.php(1066): Illuminate\\Container\\Container->make()
console-1        | #6 /app/vendor/laravel/framework/src/Illuminate/Container/Container.php(1846): Illuminate\\Foundation\\Application->make()
console-1        | #7 /app/vendor/laravel/framework/src/Illuminate/Session/SessionManager.php(219): Illuminate\\Container\\Container->offsetGet()
console-1        | #8 /app/vendor/laravel/framework/src/Illuminate/Session/SessionManager.php(199): Illuminate\\Session\\SessionManager->buildEncryptedSession()
console-1        | #9 /app/vendor/laravel/framework/src/Illuminate/Session/SessionManager.php(96): Illuminate\\Session\\SessionManager->buildSession()
console-1        | #10 /app/vendor/laravel/framework/src/Illuminate/Support/Manager.php(105): Illuminate\\Session\\SessionManager->createDatabaseDriver()
console-1        | #11 /app/vendor/laravel/framework/src/Illuminate/Support/Manager.php(82): Illuminate\\Support\\Manager->createDriver()
console-1        | #12 /app/vendor/laravel/framework/src/Illuminate/Session/SessionServiceProvider.php(52): Illuminate\\Support\\Manager->driver()
console-1        | #13 /app/vendor/laravel/framework/src/Illuminate/Container/Container.php(1140): Illuminate\\Session\\SessionServiceProvider->{closure:Illuminate\\Session\\SessionServiceProvider::registerSessionDriver():48}()
console-1        | #14 /app/vendor/laravel/framework/src/Illuminate/Container/Container.php(939): Illuminate\\Container\\Container->build()
console-1        | #15 /app/vendor/laravel/framework/src/Illuminate/Foundation/Application.php(1086): Illuminate\\Container\\Container->resolve()
console-1        | #16 /app/vendor/laravel/framework/src/Illuminate/Container/Container.php(867): Illuminate\\Foundation\\Application->resolve()
console-1        | #17 /app/vendor/laravel/framework/src/Illuminate/Foundation/Application.php(1066): Illuminate\\Container\\Container->make()
console-1        | #18 /app/vendor/laravel/framework/src/Illuminate/Container/Container.php(1846): Illuminate\\Foundation\\Application->make()
console-1        | #19 /app/vendor/laravel/framework/src/Illuminate/Routing/RoutingServiceProvider.php(121): Illuminate\\Container\\Container->offsetGet()
console-1        | #20 /app/vendor/laravel/framework/src/Illuminate/Container/Container.php(1140): Illuminate\\Routing\\RoutingServiceProvider->{closure:Illuminate\\Routing\\RoutingServiceProvider::registerRedirector():114}()
console-1        | #21 /app/vendor/laravel/framework/src/Illuminate/Container/Container.php(939): Illuminate\\Container\\Container->build()
console-1        | #22 /app/vendor/laravel/framework/src/Illuminate/Foundation/Application.php(1086): Illuminate\\Container\\Container->resolve()
console-1        | #23 /app/vendor/laravel/framework/src/Illuminate/Container/Container.php(867): Illuminate\\Foundation\\Application->resolve()
console-1        | #24 /app/vendor/laravel/framework/src/Illuminate/Foundation/Application.php(1066): Illuminate\\Container\\Container->make()
console-1        | #25 /app/vendor/laravel/framework/src/Illuminate/Container/Container.php(1846): Illuminate\\Foundation\\Application->make()
console-1        | #26 /app/vendor/laravel/framework/src/Illuminate/Routing/RoutingServiceProvider.php(181): Illuminate\\Container\\Container->offsetGet()
console-1        | #27 /app/vendor/laravel/framework/src/Illuminate/Container/Container.php(1140): Illuminate\\Routing\\RoutingServiceProvider->{closure:Illuminate\\Routing\\RoutingServiceProvider::registerResponseFactory():180}()
console-1        | #28 /app/vendor/laravel/framework/src/Illuminate/Container/Container.php(939): Illuminate\\Container\\Container->build()
console-1        | #29 /app/vendor/laravel/framework/src/Illuminate/Foundation/Application.php(1086): Illuminate\\Container\\Container->resolve()
console-1        | #30 /app/vendor/laravel/framework/src/Illuminate/Container/Container.php(867): Illuminate\\Foundation\\Application->resolve()
console-1        | #31 /app/vendor/laravel/framework/src/Illuminate/Foundation/Application.php(1066): Illuminate\\Container\\Container->make()
console-1        | #32 /app/vendor/laravel/framework/src/Illuminate/Foundation/helpers.php(138): Illuminate\\Foundation\\Application->make()
console-1        | #33 /app/vendor/laravel/framework/src/Illuminate/Foundation/helpers.php(850): app()
console-1        | #34 /app/vendor/laravel/framework/src/Illuminate/Foundation/Exceptions/Handler.php(1103): response()
console-1        | #35 /app/vendor/laravel/framework/src/Illuminate/Foundation/Exceptions/Handler.php(960): Illuminate\\Foundation\\Exceptions\\Handler->toIlluminateResponse()
console-1        | #36 /app/vendor/laravel/framework/src/Illuminate/Foundation/Exceptions/Handler.php(844): Illuminate\\Foundation\\Exceptions\\Handler->prepareResponse()
console-1        | #37 /app/vendor/laravel/framework/src/Illuminate/Foundation/Exceptions/Handler.php(731): Illuminate\\Foundation\\Exceptions\\Handler->renderExceptionResponse()
console-1        | #38 /app/vendor/laravel/framework/src/Illuminate/Routing/Pipeline.php(51): Illuminate\\Foundation\\Exceptions\\Handler->render()
console-1        | #39 /app/vendor/laravel/framework/src/Illuminate/Pipeline/Pipeline.php(224): Illuminate\\Routing\\Pipeline->handleException()
console-1        | #40 /app/vendor/laravel/framework/src/Illuminate/Foundation/Http/Middleware/PreventRequestsDuringMaintenance.php(110): Illuminate\\Pipeline\\Pipeline->{closure:{closure:Illuminate\\Pipeline\\Pipeline::carry():194}:195}()
console-1        | #41 /app/vendor/laravel/framework/src/Illuminate/Pipeline/Pipeline.php(219): Illuminate\\Foundation\\Http\\Middleware\\PreventRequestsDuringMaintenance->handle()
console-1        | #42 /app/vendor/laravel/framework/src/Illuminate/Http/Middleware/HandleCors.php(61): Illuminate\\Pipeline\\Pipeline->{closure:{closure:Illuminate\\Pipeline\\Pipeline::carry():194}:195}()
console-1        | #43 /app/vendor/laravel/framework/src/Illuminate/Pipeline/Pipeline.php(219): Illuminate\\Http\\Middleware\\HandleCors->handle()
console-1        | #44 /app/vendor/laravel/framework/src/Illuminate/Http/Middleware/TrustProxies.php(58): Illuminate\\Pipeline\\Pipeline->{closure:{closure:Illuminate\\Pipeline\\Pipeline::carry():194}:195}()
console-1        | #45 /app/vendor/laravel/framework/src/Illuminate/Pipeline/Pipeline.php(219): Illuminate\\Http\\Middleware\\TrustProxies->handle()
console-1        | #46 /app/vendor/laravel/framework/src/Illuminate/Foundation/Http/Middleware/InvokeDeferredCallbacks.php(22): Illuminate\\Pipeline\\Pipeline->{closure:{closure:Illuminate\\Pipeline\\Pipeline::carry():194}:195}()
console-1        | #47 /app/vendor/laravel/framework/src/Illuminate/Pipeline/Pipeline.php(219): Illuminate\\Foundation\\Http\\Middleware\\InvokeDeferredCallbacks->handle()
console-1        | #48 /app/vendor/laravel/framework/src/Illuminate/Http/Middleware/ValidatePathEncoding.php(28): Illuminate\\Pipeline\\Pipeline->{closure:{closure:Illuminate\\Pipeline\\Pipeline::carry():194}:195}()
console-1        | #49 /app/vendor/laravel/framework/src/Illuminate/Pipeline/Pipeline.php(219): Illuminate\\Http\\Middleware\\ValidatePathEncoding->handle()
console-1        | #50 /app/vendor/inertiajs/inertia-laravel/src/Middleware/EnsureDeferredCallbacksRun.php(21): Illuminate\\Pipeline\\Pipeline->{closure:{closure:Illuminate\\Pipeline\\Pipeline::carry():194}:195}()
console-1        | #51 /app/vendor/laravel/framework/src/Illuminate/Pipeline/Pipeline.php(219): Inertia\\Middleware\\EnsureDeferredCallbacksRun->handle()
console-1        | #52 /app/vendor/laravel/framework/src/Illuminate/Pipeline/Pipeline.php(137): Illuminate\\Pipeline\\Pipeline->{closure:{closure:Illuminate\\Pipeline\\Pipeline::carry():194}:195}()
console-1        | #53 /app/vendor/laravel/framework/src/Illuminate/Foundation/Http/Kernel.php(175): Illuminate\\Pipeline\\Pipeline->then()
console-1        | #54 /app/vendor/laravel/framework/src/Illuminate/Foundation/Http/Kernel.php(144): Illuminate\\Foundation\\Http\\Kernel->sendRequestThroughRouter()
console-1        | #55 /app/vendor/laravel/framework/src/Illuminate/Foundation/Application.php(1228): Illuminate\\Foundation\\Http\\Kernel->handle()
console-1        | #56 /app/public/index.php(13): Illuminate\\Foundation\\Application->handleRequest()
console-1        | #57 {main}
console-1        | "} 
console-1        | [2026-10-05 03:28:38] production.ERROR: Unsupported cipher or incorrect key length. Supported ciphers are: aes-128-cbc, aes-256-cbc, aes-128-gcm, aes-256-gcm. {"exception":"[object] (RuntimeException(code: 0): Unsupported cipher or incorrect key length. Supported ciphers are: aes-128-cbc, aes-256-cbc, aes-128-gcm, aes-256-gcm. at /app/vendor/laravel/framework/src/Illuminate/Encryption/Encrypter.php:61)
console-1        | [stacktrace]
console-1        | #0 /app/vendor/laravel/framework/src/Illuminate/Encryption/EncryptionServiceProvider.php(32): Illuminate\\Encryption\\Encrypter->__construct()
console-1        | #1 /app/vendor/laravel/framework/src/Illuminate/Container/Container.php(1140): Illuminate\\Encryption\\EncryptionServiceProvider->{closure:Illuminate\\Encryption\\EncryptionServiceProvider::registerEncrypter():29}()
console-1        | #2 /app/vendor/laravel/framework/src/Illuminate/Container/Container.php(939): Illuminate\\Container\\Container->build()
console-1        | #3 /app/vendor/laravel/framework/src/Illuminate/Foundation/Application.php(1086): Illuminate\\Container\\Container->resolve()
console-1        | #4 /app/vendor/laravel/framework/src/Illuminate/Container/Container.php(867): Illuminate\\Foundation\\Application->resolve()
console-1        | #5 /app/vendor/laravel/framework/src/Illuminate/Foundation/Application.php(1066): Illuminate\\Container\\Container->make()
console-1        | #6 /app/vendor/laravel/framework/src/Illuminate/Container/Container.php(1846): Illuminate\\Foundation\\Application->make()
console-1        | #7 /app/vendor/laravel/framework/src/Illuminate/Session/SessionManager.php(219): Illuminate\\Container\\Container->offsetGet()
console-1        | #8 /app/vendor/laravel/framework/src/Illuminate/Session/SessionManager.php(199): Illuminate\\Session\\SessionManager->buildEncryptedSession()
console-1        | #9 /app/vendor/laravel/framework/src/Illuminate/Session/SessionManager.php(96): Illuminate\\Session\\SessionManager->buildSession()
console-1        | #10 /app/vendor/laravel/framework/src/Illuminate/Support/Manager.php(105): Illuminate\\Session\\SessionManager->createDatabaseDriver()
console-1        | #11 /app/vendor/laravel/framework/src/Illuminate/Support/Manager.php(82): Illuminate\\Support\\Manager->createDriver()
console-1        | #12 /app/vendor/laravel/framework/src/Illuminate/Session/SessionServiceProvider.php(52): Illuminate\\Support\\Manager->driver()
console-1        | #13 /app/vendor/laravel/framework/src/Illuminate/Container/Container.php(1140): Illuminate\\Session\\SessionServiceProvider->{closure:Illuminate\\Session\\SessionServiceProvider::registerSessionDriver():48}()
console-1        | #14 /app/vendor/laravel/framework/src/Illuminate/Container/Container.php(939): Illuminate\\Container\\Container->build()
console-1        | #15 /app/vendor/laravel/framework/src/Illuminate/Foundation/Application.php(1086): Illuminate\\Container\\Container->resolve()
console-1        | #16 /app/vendor/laravel/framework/src/Illuminate/Container/Container.php(867): Illuminate\\Foundation\\Application->resolve()
console-1        | #17 /app/vendor/laravel/framework/src/Illuminate/Foundation/Application.php(1066): Illuminate\\Container\\Container->make()
console-1        | #18 /app/vendor/laravel/framework/src/Illuminate/Container/Container.php(1846): Illuminate\\Foundation\\Application->make()
console-1        | #19 /app/vendor/laravel/framework/src/Illuminate/Routing/RoutingServiceProvider.php(121): Illuminate\\Container\\Container->offsetGet()
console-1        | #20 /app/vendor/laravel/framework/src/Illuminate/Container/Container.php(1140): Illuminate\\Routing\\RoutingServiceProvider->{closure:Illuminate\\Routing\\RoutingServiceProvider::registerRedirector():114}()
console-1        | #21 /app/vendor/laravel/framework/src/Illuminate/Container/Container.php(939): Illuminate\\Container\\Container->build()
console-1        | #22 /app/vendor/laravel/framework/src/Illuminate/Foundation/Application.php(1086): Illuminate\\Container\\Container->resolve()
console-1        | #23 /app/vendor/laravel/framework/src/Illuminate/Container/Container.php(867): Illuminate\\Foundation\\Application->resolve()
console-1        | #24 /app/vendor/laravel/framework/src/Illuminate/Foundation/Application.php(1066): Illuminate\\Container\\Container->make()
console-1        | #25 /app/vendor/laravel/framework/src/Illuminate/Container/Container.php(1846): Illuminate\\Foundation\\Application->make()
console-1        | #26 /app/vendor/laravel/framework/src/Illuminate/Routing/RoutingServiceProvider.php(181): Illuminate\\Container\\Container->offsetGet()
console-1        | #27 /app/vendor/laravel/framework/src/Illuminate/Container/Container.php(1140): Illuminate\\Routing\\RoutingServiceProvider->{closure:Illuminate\\Routing\\RoutingServiceProvider::registerResponseFactory():180}()
console-1        | #28 /app/vendor/laravel/framework/src/Illuminate/Container/Container.php(939): Illuminate\\Container\\Container->build()
console-1        | #29 /app/vendor/laravel/framework/src/Illuminate/Foundation/Application.php(1086): Illuminate\\Container\\Container->resolve()
console-1        | #30 /app/vendor/laravel/framework/src/Illuminate/Container/Container.php(867): Illuminate\\Foundation\\Application->resolve()
console-1        | #31 /app/vendor/laravel/framework/src/Illuminate/Foundation/Application.php(1066): Illuminate\\Container\\Container->make()
console-1        | #32 /app/vendor/laravel/framework/src/Illuminate/Foundation/helpers.php(138): Illuminate\\Foundation\\Application->make()
console-1        | #33 /app/vendor/laravel/framework/src/Illuminate/Foundation/helpers.php(850): app()
console-1        | #34 /app/vendor/laravel/framework/src/Illuminate/Foundation/Exceptions/Handler.php(1042): response()
console-1        | #35 /app/vendor/laravel/framework/src/Illuminate/Foundation/Exceptions/Handler.php(961): Illuminate\\Foundation\\Exceptions\\Handler->renderHttpException()
console-1        | #36 /app/vendor/laravel/framework/src/Illuminate/Foundation/Exceptions/Handler.php(844): Illuminate\\Foundation\\Exceptions\\Handler->prepareResponse()
console-1        | #37 /app/vendor/laravel/framework/src/Illuminate/Foundation/Exceptions/Handler.php(731): Illuminate\\Foundation\\Exceptions\\Handler->renderExceptionResponse()
console-1        | #38 /app/vendor/laravel/framework/src/Illuminate/Routing/Pipeline.php(51): Illuminate\\Foundation\\Exceptions\\Handler->render()
console-1        | #39 /app/vendor/laravel/framework/src/Illuminate/Pipeline/Pipeline.php(224): Illuminate\\Routing\\Pipeline->handleException()
console-1        | #40 /app/vendor/laravel/framework/src/Illuminate/Http/Middleware/HandleCors.php(61): Illuminate\\Pipeline\\Pipeline->{closure:{closure:Illuminate\\Pipeline\\Pipeline::carry():194}:195}()
console-1        | #41 /app/vendor/laravel/framework/src/Illuminate/Pipeline/Pipeline.php(219): Illuminate\\Http\\Middleware\\HandleCors->handle()
console-1        | #42 /app/vendor/laravel/framework/src/Illuminate/Http/Middleware/TrustProxies.php(58): Illuminate\\Pipeline\\Pipeline->{closure:{closure:Illuminate\\Pipeline\\Pipeline::carry():194}:195}()
console-1        | #43 /app/vendor/laravel/framework/src/Illuminate/Pipeline/Pipeline.php(219): Illuminate\\Http\\Middleware\\TrustProxies->handle()
console-1        | #44 /app/vendor/laravel/framework/src/Illuminate/Foundation/Http/Middleware/InvokeDeferredCallbacks.php(22): Illuminate\\Pipeline\\Pipeline->{closure:{closure:Illuminate\\Pipeline\\Pipeline::carry():194}:195}()
console-1        | #45 /app/vendor/laravel/framework/src/Illuminate/Pipeline/Pipeline.php(219): Illuminate\\Foundation\\Http\\Middleware\\InvokeDeferredCallbacks->handle()
console-1        | #46 /app/vendor/laravel/framework/src/Illuminate/Http/Middleware/ValidatePathEncoding.php(28): Illuminate\\Pipeline\\Pipeline->{closure:{closure:Illuminate\\Pipeline\\Pipeline::carry():194}:195}()
console-1        | #47 /app/vendor/laravel/framework/src/Illuminate/Pipeline/Pipeline.php(219): Illuminate\\Http\\Middleware\\ValidatePathEncoding->handle()
console-1        | #48 /app/vendor/inertiajs/inertia-laravel/src/Middleware/EnsureDeferredCallbacksRun.php(21): Illuminate\\Pipeline\\Pipeline->{closure:{closure:Illuminate\\Pipeline\\Pipeline::carry():194}:195}()
console-1        | #49 /app/vendor/laravel/framework/src/Illuminate/Pipeline/Pipeline.php(219): Inertia\\Middleware\\EnsureDeferredCallbacksRun->handle()
console-1        | #50 /app/vendor/laravel/framework/src/Illuminate/Pipeline/Pipeline.php(137): Illuminate\\Pipeline\\Pipeline->{closure:{closure:Illuminate\\Pipeline\\Pipeline::carry():194}:195}()
console-1        | #51 /app/vendor/laravel/framework/src/Illuminate/Foundation/Http/Kernel.php(175): Illuminate\\Pipeline\\Pipeline->then()
console-1        | #52 /app/vendor/laravel/framework/src/Illuminate/Foundation/Http/Kernel.php(144): Illuminate\\Foundation\\Http\\Kernel->sendRequestThroughRouter()
console-1        | #53 /app/vendor/laravel/framework/src/Illuminate/Foundation/Application.php(1228): Illuminate\\Foundation\\Http\\Kernel->handle()
console-1        | #54 /app/public/index.php(13): Illuminate\\Foundation\\Application->handleRequest()
console-1        | #55 {main}
console-1        | "} 
console-1        | [2026-10-05 03:28:38] production.ERROR: Unsupported cipher or incorrect key length. Supported ciphers are: aes-128-cbc, aes-256-cbc, aes-128-gcm, aes-256-gcm. {"exception":"[object] (RuntimeException(code: 0): Unsupported cipher or incorrect key length. Supported ciphers are: aes-128-cbc, aes-256-cbc, aes-128-gcm, aes-256-gcm. at /app/vendor/laravel/framework/src/Illuminate/Encryption/Encrypter.php:61)
console-1        | [stacktrace]
console-1        | #0 /app/vendor/laravel/framework/src/Illuminate/Encryption/EncryptionServiceProvider.php(32): Illuminate\\Encryption\\Encrypter->__construct()
console-1        | #1 /app/vendor/laravel/framework/src/Illuminate/Container/Container.php(1140): Illuminate\\Encryption\\EncryptionServiceProvider->{closure:Illuminate\\Encryption\\EncryptionServiceProvider::registerEncrypter():29}()
console-1        | #2 /app/vendor/laravel/framework/src/Illuminate/Container/Container.php(939): Illuminate\\Container\\Container->build()
console-1        | #3 /app/vendor/laravel/framework/src/Illuminate/Foundation/Application.php(1086): Illuminate\\Container\\Container->resolve()
console-1        | #4 /app/vendor/laravel/framework/src/Illuminate/Container/Container.php(867): Illuminate\\Foundation\\Application->resolve()
console-1        | #5 /app/vendor/laravel/framework/src/Illuminate/Foundation/Application.php(1066): Illuminate\\Container\\Container->make()
console-1        | #6 /app/vendor/laravel/framework/src/Illuminate/Container/Container.php(1846): Illuminate\\Foundation\\Application->make()
console-1        | #7 /app/vendor/laravel/framework/src/Illuminate/Session/SessionManager.php(219): Illuminate\\Container\\Container->offsetGet()
console-1        | #8 /app/vendor/laravel/framework/src/Illuminate/Session/SessionManager.php(199): Illuminate\\Session\\SessionManager->buildEncryptedSession()
console-1        | #9 /app/vendor/laravel/framework/src/Illuminate/Session/SessionManager.php(96): Illuminate\\Session\\SessionManager->buildSession()
console-1        | #10 /app/vendor/laravel/framework/src/Illuminate/Support/Manager.php(105): Illuminate\\Session\\SessionManager->createDatabaseDriver()
console-1        | #11 /app/vendor/laravel/framework/src/Illuminate/Support/Manager.php(82): Illuminate\\Support\\Manager->createDriver()
console-1        | #12 /app/vendor/laravel/framework/src/Illuminate/Session/SessionServiceProvider.php(52): Illuminate\\Support\\Manager->driver()
console-1        | #13 /app/vendor/laravel/framework/src/Illuminate/Container/Container.php(1140): Illuminate\\Session\\SessionServiceProvider->{closure:Illuminate\\Session\\SessionServiceProvider::registerSessionDriver():48}()
console-1        | #14 /app/vendor/laravel/framework/src/Illuminate/Container/Container.php(939): Illuminate\\Container\\Container->build()
console-1        | #15 /app/vendor/laravel/framework/src/Illuminate/Foundation/Application.php(1086): Illuminate\\Container\\Container->resolve()
console-1        | #16 /app/vendor/laravel/framework/src/Illuminate/Container/Container.php(867): Illuminate\\Foundation\\Application->resolve()
console-1        | #17 /app/vendor/laravel/framework/src/Illuminate/Foundation/Application.php(1066): Illuminate\\Container\\Container->make()
console-1        | #18 /app/vendor/laravel/framework/src/Illuminate/Container/Container.php(1846): Illuminate\\Foundation\\Application->make()
console-1        | #19 /app/vendor/laravel/framework/src/Illuminate/Routing/RoutingServiceProvider.php(121): Illuminate\\Container\\Container->offsetGet()
console-1        | #20 /app/vendor/laravel/framework/src/Illuminate/Container/Container.php(1140): Illuminate\\Routing\\RoutingServiceProvider->{closure:Illuminate\\Routing\\RoutingServiceProvider::registerRedirector():114}()
console-1        | #21 /app/vendor/laravel/framework/src/Illuminate/Container/Container.php(939): Illuminate\\Container\\Container->build()
console-1        | #22 /app/vendor/laravel/framework/src/Illuminate/Foundation/Application.php(1086): Illuminate\\Container\\Container->resolve()
console-1        | #23 /app/vendor/laravel/framework/src/Illuminate/Container/Container.php(867): Illuminate\\Foundation\\Application->resolve()
console-1        | #24 /app/vendor/laravel/framework/src/Illuminate/Foundation/Application.php(1066): Illuminate\\Container\\Container->make()
console-1        | #25 /app/vendor/laravel/framework/src/Illuminate/Container/Container.php(1846): Illuminate\\Foundation\\Application->make()
console-1        | #26 /app/vendor/laravel/framework/src/Illuminate/Routing/RoutingServiceProvider.php(181): Illuminate\\Container\\Container->offsetGet()
console-1        | #27 /app/vendor/laravel/framework/src/Illuminate/Container/Container.php(1140): Illuminate\\Routing\\RoutingServiceProvider->{closure:Illuminate\\Routing\\RoutingServiceProvider::registerResponseFactory():180}()
console-1        | #28 /app/vendor/laravel/framework/src/Illuminate/Container/Container.php(939): Illuminate\\Container\\Container->build()
console-1        | #29 /app/vendor/laravel/framework/src/Illuminate/Foundation/Application.php(1086): Illuminate\\Container\\Container->resolve()
console-1        | #30 /app/vendor/laravel/framework/src/Illuminate/Container/Container.php(867): Illuminate\\Foundation\\Application->resolve()
console-1        | #31 /app/vendor/laravel/framework/src/Illuminate/Foundation/Application.php(1066): Illuminate\\Container\\Container->make()
console-1        | #32 /app/vendor/laravel/framework/src/Illuminate/Foundation/helpers.php(138): Illuminate\\Foundation\\Application->make()
console-1        | #33 /app/vendor/laravel/framework/src/Illuminate/Foundation/helpers.php(850): app()
console-1        | #34 /app/vendor/laravel/framework/src/Illuminate/Foundation/Exceptions/Handler.php(1103): response()
console-1        | #35 /app/vendor/laravel/framework/src/Illuminate/Foundation/Exceptions/Handler.php(960): Illuminate\\Foundation\\Exceptions\\Handler->toIlluminateResponse()
console-1        | #36 /app/vendor/laravel/framework/src/Illuminate/Foundation/Exceptions/Handler.php(844): Illuminate\\Foundation\\Exceptions\\Handler->prepareResponse()
console-1        | #37 /app/vendor/laravel/framework/src/Illuminate/Foundation/Exceptions/Handler.php(731): Illuminate\\Foundation\\Exceptions\\Handler->renderExceptionResponse()
console-1        | #38 /app/vendor/laravel/framework/src/Illuminate/Routing/Pipeline.php(51): Illuminate\\Foundation\\Exceptions\\Handler->render()
console-1        | #39 /app/vendor/laravel/framework/src/Illuminate/Pipeline/Pipeline.php(224): Illuminate\\Routing\\Pipeline->handleException()
console-1        | #40 /app/vendor/laravel/framework/src/Illuminate/Http/Middleware/HandleCors.php(61): Illuminate\\Pipeline\\Pipeline->{closure:{closure:Illuminate\\Pipeline\\Pipeline::carry():194}:195}()
console-1        | #41 /app/vendor/laravel/framework/src/Illuminate/Pipeline/Pipeline.php(219): Illuminate\\Http\\Middleware\\HandleCors->handle()
console-1        | #42 /app/vendor/laravel/framework/src/Illuminate/Http/Middleware/TrustProxies.php(58): Illuminate\\Pipeline\\Pipeline->{closure:{closure:Illuminate\\Pipeline\\Pipeline::carry():194}:195}()
console-1        | #43 /app/vendor/laravel/framework/src/Illuminate/Pipeline/Pipeline.php(219): Illuminate\\Http\\Middleware\\TrustProxies->handle()
console-1        | #44 /app/vendor/laravel/framework/src/Illuminate/Foundation/Http/Middleware/InvokeDeferredCallbacks.php(22): Illuminate\\Pipeline\\Pipeline->{closure:{closure:Illuminate\\Pipeline\\Pipeline::carry():194}:195}()
console-1        | #45 /app/vendor/laravel/framework/src/Illuminate/Pipeline/Pipeline.php(219): Illuminate\\Foundation\\Http\\Middleware\\InvokeDeferredCallbacks->handle()
console-1        | #46 /app/vendor/laravel/framework/src/Illuminate/Http/Middleware/ValidatePathEncoding.php(28): Illuminate\\Pipeline\\Pipeline->{closure:{closure:Illuminate\\Pipeline\\Pipeline::carry():194}:195}()
console-1        | #47 /app/vendor/laravel/framework/src/Illuminate/Pipeline/Pipeline.php(219): Illuminate\\Http\\Middleware\\ValidatePathEncoding->handle()
console-1        | #48 /app/vendor/inertiajs/inertia-laravel/src/Middleware/EnsureDeferredCallbacksRun.php(21): Illuminate\\Pipeline\\Pipeline->{closure:{closure:Illuminate\\Pipeline\\Pipeline::carry():194}:195}()
console-1        | #49 /app/vendor/laravel/framework/src/Illuminate/Pipeline/Pipeline.php(219): Inertia\\Middleware\\EnsureDeferredCallbacksRun->handle()
console-1        | #50 /app/vendor/laravel/framework/src/Illuminate/Pipeline/Pipeline.php(137): Illuminate\\Pipeline\\Pipeline->{closure:{closure:Illuminate\\Pipeline\\Pipeline::carry():194}:195}()
console-1        | #51 /app/vendor/laravel/framework/src/Illuminate/Foundation/Http/Kernel.php(175): Illuminate\\Pipeline\\Pipeline->then()
console-1        | #52 /app/vendor/laravel/framework/src/Illuminate/Foundation/Http/Kernel.php(144): Illuminate\\Foundation\\Http\\Kernel->sendRequestThroughRouter()
console-1        | #53 /app/vendor/laravel/framework/src/Illuminate/Foundation/Application.php(1228): Illuminate\\Foundation\\Http\\Kernel->handle()
console-1        | #54 /app/public/index.php(13): Illuminate\\Foundation\\Application->handleRequest()
console-1        | #55 {main}
console-1        | "} 
console-1        | [2026-10-05 03:28:38] production.ERROR: Unsupported cipher or incorrect key length. Supported ciphers are: aes-128-cbc, aes-256-cbc, aes-128-gcm, aes-256-gcm. {"exception":"[object] (RuntimeException(code: 0): Unsupported cipher or incorrect key length. Supported ciphers are: aes-128-cbc, aes-256-cbc, aes-128-gcm, aes-256-gcm. at /app/vendor/laravel/framework/src/Illuminate/Encryption/Encrypter.php:61)
console-1        | [stacktrace]
console-1        | #0 /app/vendor/laravel/framework/src/Illuminate/Encryption/EncryptionServiceProvider.php(32): Illuminate\\Encryption\\Encrypter->__construct()
console-1        | #1 /app/vendor/laravel/framework/src/Illuminate/Container/Container.php(1140): Illuminate\\Encryption\\EncryptionServiceProvider->{closure:Illuminate\\Encryption\\EncryptionServiceProvider::registerEncrypter():29}()
console-1        | #2 /app/vendor/laravel/framework/src/Illuminate/Container/Container.php(939): Illuminate\\Container\\Container->build()
console-1        | #3 /app/vendor/laravel/framework/src/Illuminate/Foundation/Application.php(1086): Illuminate\\Container\\Container->resolve()
console-1        | #4 /app/vendor/laravel/framework/src/Illuminate/Container/Container.php(867): Illuminate\\Foundation\\Application->resolve()
console-1        | #5 /app/vendor/laravel/framework/src/Illuminate/Foundation/Application.php(1066): Illuminate\\Container\\Container->make()
console-1        | #6 /app/vendor/laravel/framework/src/Illuminate/Container/Container.php(1846): Illuminate\\Foundation\\Application->make()
console-1        | #7 /app/vendor/laravel/framework/src/Illuminate/Session/SessionManager.php(219): Illuminate\\Container\\Container->offsetGet()
console-1        | #8 /app/vendor/laravel/framework/src/Illuminate/Session/SessionManager.php(199): Illuminate\\Session\\SessionManager->buildEncryptedSession()
console-1        | #9 /app/vendor/laravel/framework/src/Illuminate/Session/SessionManager.php(96): Illuminate\\Session\\SessionManager->buildSession()
console-1        | #10 /app/vendor/laravel/framework/src/Illuminate/Support/Manager.php(105): Illuminate\\Session\\SessionManager->createDatabaseDriver()
console-1        | #11 /app/vendor/laravel/framework/src/Illuminate/Support/Manager.php(82): Illuminate\\Support\\Manager->createDriver()
console-1        | #12 /app/vendor/laravel/framework/src/Illuminate/Session/SessionServiceProvider.php(52): Illuminate\\Support\\Manager->driver()
console-1        | #13 /app/vendor/laravel/framework/src/Illuminate/Container/Container.php(1140): Illuminate\\Session\\SessionServiceProvider->{closure:Illuminate\\Session\\SessionServiceProvider::registerSessionDriver():48}()
console-1        | #14 /app/vendor/laravel/framework/src/Illuminate/Container/Container.php(939): Illuminate\\Container\\Container->build()
console-1        | #15 /app/vendor/laravel/framework/src/Illuminate/Foundation/Application.php(1086): Illuminate\\Container\\Container->resolve()
console-1        | #16 /app/vendor/laravel/framework/src/Illuminate/Container/Container.php(867): Illuminate\\Foundation\\Application->resolve()
console-1        | #17 /app/vendor/laravel/framework/src/Illuminate/Foundation/Application.php(1066): Illuminate\\Container\\Container->make()
console-1        | #18 /app/vendor/laravel/framework/src/Illuminate/Container/Container.php(1846): Illuminate\\Foundation\\Application->make()
console-1        | #19 /app/vendor/laravel/framework/src/Illuminate/Routing/RoutingServiceProvider.php(121): Illuminate\\Container\\Container->offsetGet()
console-1        | #20 /app/vendor/laravel/framework/src/Illuminate/Container/Container.php(1140): Illuminate\\Routing\\RoutingServiceProvider->{closure:Illuminate\\Routing\\RoutingServiceProvider::registerRedirector():114}()
console-1        | #21 /app/vendor/laravel/framework/src/Illuminate/Container/Container.php(939): Illuminate\\Container\\Container->build()
console-1        | #22 /app/vendor/laravel/framework/src/Illuminate/Foundation/Application.php(1086): Illuminate\\Container\\Container->resolve()
console-1        | #23 /app/vendor/laravel/framework/src/Illuminate/Container/Container.php(867): Illuminate\\Foundation\\Application->resolve()
console-1        | #24 /app/vendor/laravel/framework/src/Illuminate/Foundation/Application.php(1066): Illuminate\\Container\\Container->make()
console-1        | #25 /app/vendor/laravel/framework/src/Illuminate/Container/Container.php(1846): Illuminate\\Foundation\\Application->make()
console-1        | #26 /app/vendor/laravel/framework/src/Illuminate/Routing/RoutingServiceProvider.php(181): Illuminate\\Container\\Container->offsetGet()
console-1        | #27 /app/vendor/laravel/framework/src/Illuminate/Container/Container.php(1140): Illuminate\\Routing\\RoutingServiceProvider->{closure:Illuminate\\Routing\\RoutingServiceProvider::registerResponseFactory():180}()
console-1        | #28 /app/vendor/laravel/framework/src/Illuminate/Container/Container.php(939): Illuminate\\Container\\Container->build()
console-1        | #29 /app/vendor/laravel/framework/src/Illuminate/Foundation/Application.php(1086): Illuminate\\Container\\Container->resolve()
console-1        | #30 /app/vendor/laravel/framework/src/Illuminate/Container/Container.php(867): Illuminate\\Foundation\\Application->resolve()
console-1        | #31 /app/vendor/laravel/framework/src/Illuminate/Foundation/Application.php(1066): Illuminate\\Container\\Container->make()
console-1        | #32 /app/vendor/laravel/framework/src/Illuminate/Foundation/helpers.php(138): Illuminate\\Foundation\\Application->make()
console-1        | #33 /app/vendor/laravel/framework/src/Illuminate/Foundation/helpers.php(850): app()
console-1        | #34 /app/vendor/laravel/framework/src/Illuminate/Foundation/Exceptions/Handler.php(1042): response()
console-1        | #35 /app/vendor/laravel/framework/src/Illuminate/Foundation/Exceptions/Handler.php(961): Illuminate\\Foundation\\Exceptions\\Handler->renderHttpException()
console-1        | #36 /app/vendor/laravel/framework/src/Illuminate/Foundation/Exceptions/Handler.php(844): Illuminate\\Foundation\\Exceptions\\Handler->prepareResponse()
console-1        | #37 /app/vendor/laravel/framework/src/Illuminate/Foundation/Exceptions/Handler.php(731): Illuminate\\Foundation\\Exceptions\\Handler->renderExceptionResponse()
console-1        | #38 /app/vendor/laravel/framework/src/Illuminate/Routing/Pipeline.php(51): Illuminate\\Foundation\\Exceptions\\Handler->render()
console-1        | #39 /app/vendor/laravel/framework/src/Illuminate/Pipeline/Pipeline.php(224): Illuminate\\Routing\\Pipeline->handleException()
console-1        | #40 /app/vendor/laravel/framework/src/Illuminate/Http/Middleware/TrustProxies.php(58): Illuminate\\Pipeline\\Pipeline->{closure:{closure:Illuminate\\Pipeline\\Pipeline::carry():194}:195}()
console-1        | #41 /app/vendor/laravel/framework/src/Illuminate/Pipeline/Pipeline.php(219): Illuminate\\Http\\Middleware\\TrustProxies->handle()
console-1        | #42 /app/vendor/laravel/framework/src/Illuminate/Foundation/Http/Middleware/InvokeDeferredCallbacks.php(22): Illuminate\\Pipeline\\Pipeline->{closure:{closure:Illuminate\\Pipeline\\Pipeline::carry():194}:195}()
console-1        | #43 /app/vendor/laravel/framework/src/Illuminate/Pipeline/Pipeline.php(219): Illuminate\\Foundation\\Http\\Middleware\\InvokeDeferredCallbacks->handle()
console-1        | #44 /app/vendor/laravel/framework/src/Illuminate/Http/Middleware/ValidatePathEncoding.php(28): Illuminate\\Pipeline\\Pipeline->{closure:{closure:Illuminate\\Pipeline\\Pipeline::carry():194}:195}()
console-1        | #45 /app/vendor/laravel/framework/src/Illuminate/Pipeline/Pipeline.php(219): Illuminate\\Http\\Middleware\\ValidatePathEncoding->handle()
console-1        | #46 /app/vendor/inertiajs/inertia-laravel/src/Middleware/EnsureDeferredCallbacksRun.php(21): Illuminate\\Pipeline\\Pipeline->{closure:{closure:Illuminate\\Pipeline\\Pipeline::carry():194}:195}()
console-1        | #47 /app/vendor/laravel/framework/src/Illuminate/Pipeline/Pipeline.php(219): Inertia\\Middleware\\EnsureDeferredCallbacksRun->handle()
console-1        | #48 /app/vendor/laravel/framework/src/Illuminate/Pipeline/Pipeline.php(137): Illuminate\\Pipeline\\Pipeline->{closure:{closure:Illuminate\\Pipeline\\Pipeline::carry():194}:195}()
console-1        | #49 /app/vendor/laravel/framework/src/Illuminate/Foundation/Http/Kernel.php(175): Illuminate\\Pipeline\\Pipeline->then()
console-1        | #50 /app/vendor/laravel/framework/src/Illuminate/Foundation/Http/Kernel.php(144): Illuminate\\Foundation\\Http\\Kernel->sendRequestThroughRouter()
console-1        | #51 /app/vendor/laravel/framework/src/Illuminate/Foundation/Application.php(1228): Illuminate\\Foundation\\Http\\Kernel->handle()
console-1        | #52 /app/public/index.php(13): Illuminate\\Foundation\\Application->handleRequest()
console-1        | #53 {main}
console-1        | "} 
console-1        | [2026-10-05 03:28:38] production.ERROR: Unsupported cipher or incorrect key length. Supported ciphers are: aes-128-cbc, aes-256-cbc, aes-128-gcm, aes-256-gcm. {"exception":"[object] (RuntimeException(code: 0): Unsupported cipher or incorrect key length. Supported ciphers are: aes-128-cbc, aes-256-cbc, aes-128-gcm, aes-256-gcm. at /app/vendor/laravel/framework/src/Illuminate/Encryption/Encrypter.php:61)
console-1        | [stacktrace]
console-1        | #0 /app/vendor/laravel/framework/src/Illuminate/Encryption/EncryptionServiceProvider.php(32): Illuminate\\Encryption\\Encrypter->__construct()
console-1        | #1 /app/vendor/laravel/framework/src/Illuminate/Container/Container.php(1140): Illuminate\\Encryption\\EncryptionServiceProvider->{closure:Illuminate\\Encryption\\EncryptionServiceProvider::registerEncrypter():29}()
console-1        | #2 /app/vendor/laravel/framework/src/Illuminate/Container/Container.php(939): Illuminate\\Container\\Container->build()
console-1        | #3 /app/vendor/laravel/framework/src/Illuminate/Foundation/Application.php(1086): Illuminate\\Container\\Container->resolve()
console-1        | #4 /app/vendor/laravel/framework/src/Illuminate/Container/Container.php(867): Illuminate\\Foundation\\Application->resolve()
console-1        | #5 /app/vendor/laravel/framework/src/Illuminate/Foundation/Application.php(1066): Illuminate\\Container\\Container->make()
console-1        | #6 /app/vendor/laravel/framework/src/Illuminate/Container/Container.php(1846): Illuminate\\Foundation\\Application->make()
console-1        | #7 /app/vendor/laravel/framework/src/Illuminate/Session/SessionManager.php(219): Illuminate\\Container\\Container->offsetGet()
console-1        | #8 /app/vendor/laravel/framework/src/Illuminate/Session/SessionManager.php(199): Illuminate\\Session\\SessionManager->buildEncryptedSession()
console-1        | #9 /app/vendor/laravel/framework/src/Illuminate/Session/SessionManager.php(96): Illuminate\\Session\\SessionManager->buildSession()
console-1        | #10 /app/vendor/laravel/framework/src/Illuminate/Support/Manager.php(105): Illuminate\\Session\\SessionManager->createDatabaseDriver()
console-1        | #11 /app/vendor/laravel/framework/src/Illuminate/Support/Manager.php(82): Illuminate\\Support\\Manager->createDriver()
console-1        | #12 /app/vendor/laravel/framework/src/Illuminate/Session/SessionServiceProvider.php(52): Illuminate\\Support\\Manager->driver()
console-1        | #13 /app/vendor/laravel/framework/src/Illuminate/Container/Container.php(1140): Illuminate\\Session\\SessionServiceProvider->{closure:Illuminate\\Session\\SessionServiceProvider::registerSessionDriver():48}()
console-1        | #14 /app/vendor/laravel/framework/src/Illuminate/Container/Container.php(939): Illuminate\\Container\\Container->build()
console-1        | #15 /app/vendor/laravel/framework/src/Illuminate/Foundation/Application.php(1086): Illuminate\\Container\\Container->resolve()
console-1        | #16 /app/vendor/laravel/framework/src/Illuminate/Container/Container.php(867): Illuminate\\Foundation\\Application->resolve()
console-1        | #17 /app/vendor/laravel/framework/src/Illuminate/Foundation/Application.php(1066): Illuminate\\Container\\Container->make()
console-1        | #18 /app/vendor/laravel/framework/src/Illuminate/Container/Container.php(1846): Illuminate\\Foundation\\Application->make()
console-1        | #19 /app/vendor/laravel/framework/src/Illuminate/Routing/RoutingServiceProvider.php(121): Illuminate\\Container\\Container->offsetGet()
console-1        | #20 /app/vendor/laravel/framework/src/Illuminate/Container/Container.php(1140): Illuminate\\Routing\\RoutingServiceProvider->{closure:Illuminate\\Routing\\RoutingServiceProvider::registerRedirector():114}()
console-1        | #21 /app/vendor/laravel/framework/src/Illuminate/Container/Container.php(939): Illuminate\\Container\\Container->build()
console-1        | #22 /app/vendor/laravel/framework/src/Illuminate/Foundation/Application.php(1086): Illuminate\\Container\\Container->resolve()
console-1        | #23 /app/vendor/laravel/framework/src/Illuminate/Container/Container.php(867): Illuminate\\Foundation\\Application->resolve()
console-1        | #24 /app/vendor/laravel/framework/src/Illuminate/Foundation/Application.php(1066): Illuminate\\Container\\Container->make()
console-1        | #25 /app/vendor/laravel/framework/src/Illuminate/Container/Container.php(1846): Illuminate\\Foundation\\Application->make()
console-1        | #26 /app/vendor/laravel/framework/src/Illuminate/Routing/RoutingServiceProvider.php(181): Illuminate\\Container\\Container->offsetGet()
console-1        | #27 /app/vendor/laravel/framework/src/Illuminate/Container/Container.php(1140): Illuminate\\Routing\\RoutingServiceProvider->{closure:Illuminate\\Routing\\RoutingServiceProvider::registerResponseFactory():180}()
console-1        | #28 /app/vendor/laravel/framework/src/Illuminate/Container/Container.php(939): Illuminate\\Container\\Container->build()
console-1        | #29 /app/vendor/laravel/framework/src/Illuminate/Foundation/Application.php(1086): Illuminate\\Container\\Container->resolve()
console-1        | #30 /app/vendor/laravel/framework/src/Illuminate/Container/Container.php(867): Illuminate\\Foundation\\Application->resolve()
console-1        | #31 /app/vendor/laravel/framework/src/Illuminate/Foundation/Application.php(1066): Illuminate\\Container\\Container->make()
console-1        | #32 /app/vendor/laravel/framework/src/Illuminate/Foundation/helpers.php(138): Illuminate\\Foundation\\Application->make()
console-1        | #33 /app/vendor/laravel/framework/src/Illuminate/Foundation/helpers.php(850): app()
console-1        | #34 /app/vendor/laravel/framework/src/Illuminate/Foundation/Exceptions/Handler.php(1103): response()
console-1        | #35 /app/vendor/laravel/framework/src/Illuminate/Foundation/Exceptions/Handler.php(960): Illuminate\\Foundation\\Exceptions\\Handler->toIlluminateResponse()
console-1        | #36 /app/vendor/laravel/framework/src/Illuminate/Foundation/Exceptions/Handler.php(844): Illuminate\\Foundation\\Exceptions\\Handler->prepareResponse()
console-1        | #37 /app/vendor/laravel/framework/src/Illuminate/Foundation/Exceptions/Handler.php(731): Illuminate\\Foundation\\Exceptions\\Handler->renderExceptionResponse()
console-1        | #38 /app/vendor/laravel/framework/src/Illuminate/Routing/Pipeline.php(51): Illuminate\\Foundation\\Exceptions\\Handler->render()
console-1        | #39 /app/vendor/laravel/framework/src/Illuminate/Pipeline/Pipeline.php(224): Illuminate\\Routing\\Pipeline->handleException()
console-1        | #40 /app/vendor/laravel/framework/src/Illuminate/Http/Middleware/TrustProxies.php(58): Illuminate\\Pipeline\\Pipeline->{closure:{closure:Illuminate\\Pipeline\\Pipeline::carry():194}:195}()
console-1        | #41 /app/vendor/laravel/framework/src/Illuminate/Pipeline/Pipeline.php(219): Illuminate\\Http\\Middleware\\TrustProxies->handle()
console-1        | #42 /app/vendor/laravel/framework/src/Illuminate/Foundation/Http/Middleware/InvokeDeferredCallbacks.php(22): Illuminate\\Pipeline\\Pipeline->{closure:{closure:Illuminate\\Pipeline\\Pipeline::carry():194}:195}()
console-1        | #43 /app/vendor/laravel/framework/src/Illuminate/Pipeline/Pipeline.php(219): Illuminate\\Foundation\\Http\\Middleware\\InvokeDeferredCallbacks->handle()
console-1        | #44 /app/vendor/laravel/framework/src/Illuminate/Http/Middleware/ValidatePathEncoding.php(28): Illuminate\\Pipeline\\Pipeline->{closure:{closure:Illuminate\\Pipeline\\Pipeline::carry():194}:195}()
console-1        | #45 /app/vendor/laravel/framework/src/Illuminate/Pipeline/Pipeline.php(219): Illuminate\\Http\\Middleware\\ValidatePathEncoding->handle()
console-1        | #46 /app/vendor/inertiajs/inertia-laravel/src/Middleware/EnsureDeferredCallbacksRun.php(21): Illuminate\\Pipeline\\Pipeline->{closure:{closure:Illuminate\\Pipeline\\Pipeline::carry():194}:195}()
console-1        | #47 /app/vendor/laravel/framework/src/Illuminate/Pipeline/Pipeline.php(219): Inertia\\Middleware\\EnsureDeferredCallbacksRun->handle()
console-1        | #48 /app/vendor/laravel/framework/src/Illuminate/Pipeline/Pipeline.php(137): Illuminate\\Pipeline\\Pipeline->{closure:{closure:Illuminate\\Pipeline\\Pipeline::carry():194}:195}()
console-1        | #49 /app/vendor/laravel/framework/src/Illuminate/Foundation/Http/Kernel.php(175): Illuminate\\Pipeline\\Pipeline->then()
console-1        | #50 /app/vendor/laravel/framework/src/Illuminate/Foundation/Http/Kernel.php(144): Illuminate\\Foundation\\Http\\Kernel->sendRequestThroughRouter()
console-1        | #51 /app/vendor/laravel/framework/src/Illuminate/Foundation/Application.php(1228): Illuminate\\Foundation\\Http\\Kernel->handle()
console-1        | #52 /app/public/index.php(13): Illuminate\\Foundation\\Application->handleRequest()
console-1        | #53 {main}
console-1        | "} 
console-1        | [2026-10-05 03:28:38] production.ERROR: Unsupported cipher or incorrect key length. Supported ciphers are: aes-128-cbc, aes-256-cbc, aes-128-gcm, aes-256-gcm. {"exception":"[object] (RuntimeException(code: 0): Unsupported cipher or incorrect key length. Supported ciphers are: aes-128-cbc, aes-256-cbc, aes-128-gcm, aes-256-gcm. at /app/vendor/laravel/framework/src/Illuminate/Encryption/Encrypter.php:61)
console-1        | [stacktrace]
console-1        | #0 /app/vendor/laravel/framework/src/Illuminate/Encryption/EncryptionServiceProvider.php(32): Illuminate\\Encryption\\Encrypter->__construct()
console-1        | #1 /app/vendor/laravel/framework/src/Illuminate/Container/Container.php(1140): Illuminate\\Encryption\\EncryptionServiceProvider->{closure:Illuminate\\Encryption\\EncryptionServiceProvider::registerEncrypter():29}()
console-1        | #2 /app/vendor/laravel/framework/src/Illuminate/Container/Container.php(939): Illuminate\\Container\\Container->build()
console-1        | #3 /app/vendor/laravel/framework/src/Illuminate/Foundation/Application.php(1086): Illuminate\\Container\\Container->resolve()
console-1        | #4 /app/vendor/laravel/framework/src/Illuminate/Container/Container.php(867): Illuminate\\Foundation\\Application->resolve()
console-1        | #5 /app/vendor/laravel/framework/src/Illuminate/Foundation/Application.php(1066): Illuminate\\Container\\Container->make()
console-1        | #6 /app/vendor/laravel/framework/src/Illuminate/Container/Container.php(1846): Illuminate\\Foundation\\Application->make()
console-1        | #7 /app/vendor/laravel/framework/src/Illuminate/Session/SessionManager.php(219): Illuminate\\Container\\Container->offsetGet()
console-1        | #8 /app/vendor/laravel/framework/src/Illuminate/Session/SessionManager.php(199): Illuminate\\Session\\SessionManager->buildEncryptedSession()
console-1        | #9 /app/vendor/laravel/framework/src/Illuminate/Session/SessionManager.php(96): Illuminate\\Session\\SessionManager->buildSession()
console-1        | #10 /app/vendor/laravel/framework/src/Illuminate/Support/Manager.php(105): Illuminate\\Session\\SessionManager->createDatabaseDriver()
console-1        | #11 /app/vendor/laravel/framework/src/Illuminate/Support/Manager.php(82): Illuminate\\Support\\Manager->createDriver()
console-1        | #12 /app/vendor/laravel/framework/src/Illuminate/Session/SessionServiceProvider.php(52): Illuminate\\Support\\Manager->driver()
console-1        | #13 /app/vendor/laravel/framework/src/Illuminate/Container/Container.php(1140): Illuminate\\Session\\SessionServiceProvider->{closure:Illuminate\\Session\\SessionServiceProvider::registerSessionDriver():48}()
console-1        | #14 /app/vendor/laravel/framework/src/Illuminate/Container/Container.php(939): Illuminate\\Container\\Container->build()
console-1        | #15 /app/vendor/laravel/framework/src/Illuminate/Foundation/Application.php(1086): Illuminate\\Container\\Container->resolve()
console-1        | #16 /app/vendor/laravel/framework/src/Illuminate/Container/Container.php(867): Illuminate\\Foundation\\Application->resolve()
console-1        | #17 /app/vendor/laravel/framework/src/Illuminate/Foundation/Application.php(1066): Illuminate\\Container\\Container->make()
console-1        | #18 /app/vendor/laravel/framework/src/Illuminate/Container/Container.php(1846): Illuminate\\Foundation\\Application->make()
console-1        | #19 /app/vendor/laravel/framework/src/Illuminate/Routing/RoutingServiceProvider.php(121): Illuminate\\Container\\Container->offsetGet()
console-1        | #20 /app/vendor/laravel/framework/src/Illuminate/Container/Container.php(1140): Illuminate\\Routing\\RoutingServiceProvider->{closure:Illuminate\\Routing\\RoutingServiceProvider::registerRedirector():114}()
console-1        | #21 /app/vendor/laravel/framework/src/Illuminate/Container/Container.php(939): Illuminate\\Container\\Container->build()
console-1        | #22 /app/vendor/laravel/framework/src/Illuminate/Foundation/Application.php(1086): Illuminate\\Container\\Container->resolve()
console-1        | #23 /app/vendor/laravel/framework/src/Illuminate/Container/Container.php(867): Illuminate\\Foundation\\Application->resolve()
console-1        | #24 /app/vendor/laravel/framework/src/Illuminate/Foundation/Application.php(1066): Illuminate\\Container\\Container->make()
console-1        | #25 /app/vendor/laravel/framework/src/Illuminate/Container/Container.php(1846): Illuminate\\Foundation\\Application->make()
console-1        | #26 /app/vendor/laravel/framework/src/Illuminate/Routing/RoutingServiceProvider.php(181): Illuminate\\Container\\Container->offsetGet()
console-1        | #27 /app/vendor/laravel/framework/src/Illuminate/Container/Container.php(1140): Illuminate\\Routing\\RoutingServiceProvider->{closure:Illuminate\\Routing\\RoutingServiceProvider::registerResponseFactory():180}()
console-1        | #28 /app/vendor/laravel/framework/src/Illuminate/Container/Container.php(939): Illuminate\\Container\\Container->build()
console-1        | #29 /app/vendor/laravel/framework/src/Illuminate/Foundation/Application.php(1086): Illuminate\\Container\\Container->resolve()
console-1        | #30 /app/vendor/laravel/framework/src/Illuminate/Container/Container.php(867): Illuminate\\Foundation\\Application->resolve()
console-1        | #31 /app/vendor/laravel/framework/src/Illuminate/Foundation/Application.php(1066): Illuminate\\Container\\Container->make()
console-1        | #32 /app/vendor/laravel/framework/src/Illuminate/Foundation/helpers.php(138): Illuminate\\Foundation\\Application->make()
console-1        | #33 /app/vendor/laravel/framework/src/Illuminate/Foundation/helpers.php(850): app()
console-1        | #34 /app/vendor/laravel/framework/src/Illuminate/Foundation/Exceptions/Handler.php(1042): response()
console-1        | #35 /app/vendor/laravel/framework/src/Illuminate/Foundation/Exceptions/Handler.php(961): Illuminate\\Foundation\\Exceptions\\Handler->renderHttpException()
console-1        | #36 /app/vendor/laravel/framework/src/Illuminate/Foundation/Exceptions/Handler.php(844): Illuminate\\Foundation\\Exceptions\\Handler->prepareResponse()
console-1        | #37 /app/vendor/laravel/framework/src/Illuminate/Foundation/Exceptions/Handler.php(731): Illuminate\\Foundation\\Exceptions\\Handler->renderExceptionResponse()
console-1        | #38 /app/vendor/laravel/framework/src/Illuminate/Routing/Pipeline.php(51): Illuminate\\Foundation\\Exceptions\\Handler->render()
console-1        | #39 /app/vendor/laravel/framework/src/Illuminate/Pipeline/Pipeline.php(224): Illuminate\\Routing\\Pipeline->handleException()
console-1        | #40 /app/vendor/laravel/framework/src/Illuminate/Foundation/Http/Middleware/InvokeDeferredCallbacks.php(22): Illuminate\\Pipeline\\Pipeline->{closure:{closure:Illuminate\\Pipeline\\Pipeline::carry():194}:195}()
console-1        | #41 /app/vendor/laravel/framework/src/Illuminate/Pipeline/Pipeline.php(219): Illuminate\\Foundation\\Http\\Middleware\\InvokeDeferredCallbacks->handle()
console-1        | #42 /app/vendor/laravel/framework/src/Illuminate/Http/Middleware/ValidatePathEncoding.php(28): Illuminate\\Pipeline\\Pipeline->{closure:{closure:Illuminate\\Pipeline\\Pipeline::carry():194}:195}()
console-1        | #43 /app/vendor/laravel/framework/src/Illuminate/Pipeline/Pipeline.php(219): Illuminate\\Http\\Middleware\\ValidatePathEncoding->handle()
console-1        | #44 /app/vendor/inertiajs/inertia-laravel/src/Middleware/EnsureDeferredCallbacksRun.php(21): Illuminate\\Pipeline\\Pipeline->{closure:{closure:Illuminate\\Pipeline\\Pipeline::carry():194}:195}()
console-1        | #45 /app/vendor/laravel/framework/src/Illuminate/Pipeline/Pipeline.php(219): Inertia\\Middleware\\EnsureDeferredCallbacksRun->handle()
console-1        | #46 /app/vendor/laravel/framework/src/Illuminate/Pipeline/Pipeline.php(137): Illuminate\\Pipeline\\Pipeline->{closure:{closure:Illuminate\\Pipeline\\Pipeline::carry():194}:195}()
console-1        | #47 /app/vendor/laravel/framework/src/Illuminate/Foundation/Http/Kernel.php(175): Illuminate\\Pipeline\\Pipeline->then()
console-1        | #48 /app/vendor/laravel/framework/src/Illuminate/Foundation/Http/Kernel.php(144): Illuminate\\Foundation\\Http\\Kernel->sendRequestThroughRouter()
console-1        | #49 /app/vendor/laravel/framework/src/Illuminate/Foundation/Application.php(1228): Illuminate\\Foundation\\Http\\Kernel->handle()
console-1        | #50 /app/public/index.php(13): Illuminate\\Foundation\\Application->handleRequest()
console-1        | #51 {main}
console-1        | "} 
console-1        | [2026-10-05 03:28:38] production.ERROR: Unsupported cipher or incorrect key length. Supported ciphers are: aes-128-cbc, aes-256-cbc, aes-128-gcm, aes-256-gcm. {"exception":"[object] (RuntimeException(code: 0): Unsupported cipher or incorrect key length. Supported ciphers are: aes-128-cbc, aes-256-cbc, aes-128-gcm, aes-256-gcm. at /app/vendor/laravel/framework/src/Illuminate/Encryption/Encrypter.php:61)
console-1        | [stacktrace]
console-1        | #0 /app/vendor/laravel/framework/src/Illuminate/Encryption/EncryptionServiceProvider.php(32): Illuminate\\Encryption\\Encrypter->__construct()
console-1        | #1 /app/vendor/laravel/framework/src/Illuminate/Container/Container.php(1140): Illuminate\\Encryption\\EncryptionServiceProvider->{closure:Illuminate\\Encryption\\EncryptionServiceProvider::registerEncrypter():29}()
console-1        | #2 /app/vendor/laravel/framework/src/Illuminate/Container/Container.php(939): Illuminate\\Container\\Container->build()
console-1        | #3 /app/vendor/laravel/framework/src/Illuminate/Foundation/Application.php(1086): Illuminate\\Container\\Container->resolve()
console-1        | #4 /app/vendor/laravel/framework/src/Illuminate/Container/Container.php(867): Illuminate\\Foundation\\Application->resolve()
console-1        | #5 /app/vendor/laravel/framework/src/Illuminate/Foundation/Application.php(1066): Illuminate\\Container\\Container->make()
console-1        | #6 /app/vendor/laravel/framework/src/Illuminate/Container/Container.php(1846): Illuminate\\Foundation\\Application->make()
console-1        | #7 /app/vendor/laravel/framework/src/Illuminate/Session/SessionManager.php(219): Illuminate\\Container\\Container->offsetGet()
console-1        | #8 /app/vendor/laravel/framework/src/Illuminate/Session/SessionManager.php(199): Illuminate\\Session\\SessionManager->buildEncryptedSession()
console-1        | #9 /app/vendor/laravel/framework/src/Illuminate/Session/SessionManager.php(96): Illuminate\\Session\\SessionManager->buildSession()
console-1        | #10 /app/vendor/laravel/framework/src/Illuminate/Support/Manager.php(105): Illuminate\\Session\\SessionManager->createDatabaseDriver()
console-1        | #11 /app/vendor/laravel/framework/src/Illuminate/Support/Manager.php(82): Illuminate\\Support\\Manager->createDriver()
console-1        | #12 /app/vendor/laravel/framework/src/Illuminate/Session/SessionServiceProvider.php(52): Illuminate\\Support\\Manager->driver()
console-1        | #13 /app/vendor/laravel/framework/src/Illuminate/Container/Container.php(1140): Illuminate\\Session\\SessionServiceProvider->{closure:Illuminate\\Session\\SessionServiceProvider::registerSessionDriver():48}()
console-1        | #14 /app/vendor/laravel/framework/src/Illuminate/Container/Container.php(939): Illuminate\\Container\\Container->build()
console-1        | #15 /app/vendor/laravel/framework/src/Illuminate/Foundation/Application.php(1086): Illuminate\\Container\\Container->resolve()
console-1        | #16 /app/vendor/laravel/framework/src/Illuminate/Container/Container.php(867): Illuminate\\Foundation\\Application->resolve()
console-1        | #17 /app/vendor/laravel/framework/src/Illuminate/Foundation/Application.php(1066): Illuminate\\Container\\Container->make()
console-1        | #18 /app/vendor/laravel/framework/src/Illuminate/Container/Container.php(1846): Illuminate\\Foundation\\Application->make()
console-1        | #19 /app/vendor/laravel/framework/src/Illuminate/Routing/RoutingServiceProvider.php(121): Illuminate\\Container\\Container->offsetGet()
console-1        | #20 /app/vendor/laravel/framework/src/Illuminate/Container/Container.php(1140): Illuminate\\Routing\\RoutingServiceProvider->{closure:Illuminate\\Routing\\RoutingServiceProvider::registerRedirector():114}()
console-1        | #21 /app/vendor/laravel/framework/src/Illuminate/Container/Container.php(939): Illuminate\\Container\\Container->build()
console-1        | #22 /app/vendor/laravel/framework/src/Illuminate/Foundation/Application.php(1086): Illuminate\\Container\\Container->resolve()
console-1        | #23 /app/vendor/laravel/framework/src/Illuminate/Container/Container.php(867): Illuminate\\Foundation\\Application->resolve()
console-1        | #24 /app/vendor/laravel/framework/src/Illuminate/Foundation/Application.php(1066): Illuminate\\Container\\Container->make()
console-1        | #25 /app/vendor/laravel/framework/src/Illuminate/Container/Container.php(1846): Illuminate\\Foundation\\Application->make()
console-1        | #26 /app/vendor/laravel/framework/src/Illuminate/Routing/RoutingServiceProvider.php(181): Illuminate\\Container\\Container->offsetGet()
console-1        | #27 /app/vendor/laravel/framework/src/Illuminate/Container/Container.php(1140): Illuminate\\Routing\\RoutingServiceProvider->{closure:Illuminate\\Routing\\RoutingServiceProvider::registerResponseFactory():180}()
console-1        | #28 /app/vendor/laravel/framework/src/Illuminate/Container/Container.php(939): Illuminate\\Container\\Container->build()
console-1        | #29 /app/vendor/laravel/framework/src/Illuminate/Foundation/Application.php(1086): Illuminate\\Container\\Container->resolve()
console-1        | #30 /app/vendor/laravel/framework/src/Illuminate/Container/Container.php(867): Illuminate\\Foundation\\Application->resolve()
console-1        | #31 /app/vendor/laravel/framework/src/Illuminate/Foundation/Application.php(1066): Illuminate\\Container\\Container->make()
console-1        | #32 /app/vendor/laravel/framework/src/Illuminate/Foundation/helpers.php(138): Illuminate\\Foundation\\Application->make()
console-1        | #33 /app/vendor/laravel/framework/src/Illuminate/Foundation/helpers.php(850): app()
console-1        | #34 /app/vendor/laravel/framework/src/Illuminate/Foundation/Exceptions/Handler.php(1103): response()
console-1        | #35 /app/vendor/laravel/framework/src/Illuminate/Foundation/Exceptions/Handler.php(960): Illuminate\\Foundation\\Exceptions\\Handler->toIlluminateResponse()
console-1        | #36 /app/vendor/laravel/framework/src/Illuminate/Foundation/Exceptions/Handler.php(844): Illuminate\\Foundation\\Exceptions\\Handler->prepareResponse()
console-1        | #37 /app/vendor/laravel/framework/src/Illuminate/Foundation/Exceptions/Handler.php(731): Illuminate\\Foundation\\Exceptions\\Handler->renderExceptionResponse()
console-1        | #38 /app/vendor/laravel/framework/src/Illuminate/Routing/Pipeline.php(51): Illuminate\\Foundation\\Exceptions\\Handler->render()
console-1        | #39 /app/vendor/laravel/framework/src/Illuminate/Pipeline/Pipeline.php(224): Illuminate\\Routing\\Pipeline->handleException()
console-1        | #40 /app/vendor/laravel/framework/src/Illuminate/Foundation/Http/Middleware/InvokeDeferredCallbacks.php(22): Illuminate\\Pipeline\\Pipeline->{closure:{closure:Illuminate\\Pipeline\\Pipeline::carry():194}:195}()
console-1        | #41 /app/vendor/laravel/framework/src/Illuminate/Pipeline/Pipeline.php(219): Illuminate\\Foundation\\Http\\Middleware\\InvokeDeferredCallbacks->handle()
console-1        | #42 /app/vendor/laravel/framework/src/Illuminate/Http/Middleware/ValidatePathEncoding.php(28): Illuminate\\Pipeline\\Pipeline->{closure:{closure:Illuminate\\Pipeline\\Pipeline::carry():194}:195}()
console-1        | #43 /app/vendor/laravel/framework/src/Illuminate/Pipeline/Pipeline.php(219): Illuminate\\Http\\Middleware\\ValidatePathEncoding->handle()
console-1        | #44 /app/vendor/inertiajs/inertia-laravel/src/Middleware/EnsureDeferredCallbacksRun.php(21): Illuminate\\Pipeline\\Pipeline->{closure:{closure:Illuminate\\Pipeline\\Pipeline::carry():194}:195}()
console-1        | #45 /app/vendor/laravel/framework/src/Illuminate/Pipeline/Pipeline.php(219): Inertia\\Middleware\\EnsureDeferredCallbacksRun->handle()
console-1        | #46 /app/vendor/laravel/framework/src/Illuminate/Pipeline/Pipeline.php(137): Illuminate\\Pipeline\\Pipeline->{closure:{closure:Illuminate\\Pipeline\\Pipeline::carry():194}:195}()
console-1        | #47 /app/vendor/laravel/framework/src/Illuminate/Foundation/Http/Kernel.php(175): Illuminate\\Pipeline\\Pipeline->then()
console-1        | #48 /app/vendor/laravel/framework/src/Illuminate/Foundation/Http/Kernel.php(144): Illuminate\\Foundation\\Http\\Kernel->sendRequestThroughRouter()
console-1        | #49 /app/vendor/laravel/framework/src/Illuminate/Foundation/Application.php(1228): Illuminate\\Foundation\\Http\\Kernel->handle()
console-1        | #50 /app/public/index.php(13): Illuminate\\Foundation\\Application->handleRequest()
console-1        | #51 {main}
console-1        | "} 
console-1        | [2026-10-05 03:28:38] production.ERROR: Unsupported cipher or incorrect key length. Supported ciphers are: aes-128-cbc, aes-256-cbc, aes-128-gcm, aes-256-gcm. {"exception":"[object] (RuntimeException(code: 0): Unsupported cipher or incorrect key length. Supported ciphers are: aes-128-cbc, aes-256-cbc, aes-128-gcm, aes-256-gcm. at /app/vendor/laravel/framework/src/Illuminate/Encryption/Encrypter.php:61)
console-1        | [stacktrace]
console-1        | #0 /app/vendor/laravel/framework/src/Illuminate/Encryption/EncryptionServiceProvider.php(32): Illuminate\\Encryption\\Encrypter->__construct()
console-1        | #1 /app/vendor/laravel/framework/src/Illuminate/Container/Container.php(1140): Illuminate\\Encryption\\EncryptionServiceProvider->{closure:Illuminate\\Encryption\\EncryptionServiceProvider::registerEncrypter():29}()
console-1        | #2 /app/vendor/laravel/framework/src/Illuminate/Container/Container.php(939): Illuminate\\Container\\Container->build()
console-1        | #3 /app/vendor/laravel/framework/src/Illuminate/Foundation/Application.php(1086): Illuminate\\Container\\Container->resolve()
console-1        | #4 /app/vendor/laravel/framework/src/Illuminate/Container/Container.php(867): Illuminate\\Foundation\\Application->resolve()
console-1        | #5 /app/vendor/laravel/framework/src/Illuminate/Foundation/Application.php(1066): Illuminate\\Container\\Container->make()
console-1        | #6 /app/vendor/laravel/framework/src/Illuminate/Container/Container.php(1846): Illuminate\\Foundation\\Application->make()
console-1        | #7 /app/vendor/laravel/framework/src/Illuminate/Session/SessionManager.php(219): Illuminate\\Container\\Container->offsetGet()
console-1        | #8 /app/vendor/laravel/framework/src/Illuminate/Session/SessionManager.php(199): Illuminate\\Session\\SessionManager->buildEncryptedSession()
console-1        | #9 /app/vendor/laravel/framework/src/Illuminate/Session/SessionManager.php(96): Illuminate\\Session\\SessionManager->buildSession()
console-1        | #10 /app/vendor/laravel/framework/src/Illuminate/Support/Manager.php(105): Illuminate\\Session\\SessionManager->createDatabaseDriver()
console-1        | #11 /app/vendor/laravel/framework/src/Illuminate/Support/Manager.php(82): Illuminate\\Support\\Manager->createDriver()
console-1        | #12 /app/vendor/laravel/framework/src/Illuminate/Session/SessionServiceProvider.php(52): Illuminate\\Support\\Manager->driver()
console-1        | #13 /app/vendor/laravel/framework/src/Illuminate/Container/Container.php(1140): Illuminate\\Session\\SessionServiceProvider->{closure:Illuminate\\Session\\SessionServiceProvider::registerSessionDriver():48}()
console-1        | #14 /app/vendor/laravel/framework/src/Illuminate/Container/Container.php(939): Illuminate\\Container\\Container->build()
console-1        | #15 /app/vendor/laravel/framework/src/Illuminate/Foundation/Application.php(1086): Illuminate\\Container\\Container->resolve()
console-1        | #16 /app/vendor/laravel/framework/src/Illuminate/Container/Container.php(867): Illuminate\\Foundation\\Application->resolve()
console-1        | #17 /app/vendor/laravel/framework/src/Illuminate/Foundation/Application.php(1066): Illuminate\\Container\\Container->make()
console-1        | #18 /app/vendor/laravel/framework/src/Illuminate/Container/Container.php(1846): Illuminate\\Foundation\\Application->make()
console-1        | #19 /app/vendor/laravel/framework/src/Illuminate/Routing/RoutingServiceProvider.php(121): Illuminate\\Container\\Container->offsetGet()
console-1        | #20 /app/vendor/laravel/framework/src/Illuminate/Container/Container.php(1140): Illuminate\\Routing\\RoutingServiceProvider->{closure:Illuminate\\Routing\\RoutingServiceProvider::registerRedirector():114}()
console-1        | #21 /app/vendor/laravel/framework/src/Illuminate/Container/Container.php(939): Illuminate\\Container\\Container->build()
console-1        | #22 /app/vendor/laravel/framework/src/Illuminate/Foundation/Application.php(1086): Illuminate\\Container\\Container->resolve()
console-1        | #23 /app/vendor/laravel/framework/src/Illuminate/Container/Container.php(867): Illuminate\\Foundation\\Application->resolve()
console-1        | #24 /app/vendor/laravel/framework/src/Illuminate/Foundation/Application.php(1066): Illuminate\\Container\\Container->make()
console-1        | #25 /app/vendor/laravel/framework/src/Illuminate/Container/Container.php(1846): Illuminate\\Foundation\\Application->make()
console-1        | #26 /app/vendor/laravel/framework/src/Illuminate/Routing/RoutingServiceProvider.php(181): Illuminate\\Container\\Container->offsetGet()
console-1        | #27 /app/vendor/laravel/framework/src/Illuminate/Container/Container.php(1140): Illuminate\\Routing\\RoutingServiceProvider->{closure:Illuminate\\Routing\\RoutingServiceProvider::registerResponseFactory():180}()
console-1        | #28 /app/vendor/laravel/framework/src/Illuminate/Container/Container.php(939): Illuminate\\Container\\Container->build()
console-1        | #29 /app/vendor/laravel/framework/src/Illuminate/Foundation/Application.php(1086): Illuminate\\Container\\Container->resolve()
console-1        | #30 /app/vendor/laravel/framework/src/Illuminate/Container/Container.php(867): Illuminate\\Foundation\\Application->resolve()
console-1        | #31 /app/vendor/laravel/framework/src/Illuminate/Foundation/Application.php(1066): Illuminate\\Container\\Container->make()
console-1        | #32 /app/vendor/laravel/framework/src/Illuminate/Foundation/helpers.php(138): Illuminate\\Foundation\\Application->make()
console-1        | #33 /app/vendor/laravel/framework/src/Illuminate/Foundation/helpers.php(850): app()
console-1        | #34 /app/vendor/laravel/framework/src/Illuminate/Foundation/Exceptions/Handler.php(1042): response()
console-1        | #35 /app/vendor/laravel/framework/src/Illuminate/Foundation/Exceptions/Handler.php(961): Illuminate\\Foundation\\Exceptions\\Handler->renderHttpException()
console-1        | #36 /app/vendor/laravel/framework/src/Illuminate/Foundation/Exceptions/Handler.php(844): Illuminate\\Foundation\\Exceptions\\Handler->prepareResponse()
console-1        | #37 /app/vendor/laravel/framework/src/Illuminate/Foundation/Exceptions/Handler.php(731): Illuminate\\Foundation\\Exceptions\\Handler->renderExceptionResponse()
console-1        | #38 /app/vendor/laravel/framework/src/Illuminate/Routing/Pipeline.php(51): Illuminate\\Foundation\\Exceptions\\Handler->render()
console-1        | #39 /app/vendor/laravel/framework/src/Illuminate/Pipeline/Pipeline.php(224): Illuminate\\Routing\\Pipeline->handleException()
console-1        | #40 /app/vendor/laravel/framework/src/Illuminate/Http/Middleware/ValidatePathEncoding.php(28): Illuminate\\Pipeline\\Pipeline->{closure:{closure:Illuminate\\Pipeline\\Pipeline::carry():194}:195}()
console-1        | #41 /app/vendor/laravel/framework/src/Illuminate/Pipeline/Pipeline.php(219): Illuminate\\Http\\Middleware\\ValidatePathEncoding->handle()
console-1        | #42 /app/vendor/inertiajs/inertia-laravel/src/Middleware/EnsureDeferredCallbacksRun.php(21): Illuminate\\Pipeline\\Pipeline->{closure:{closure:Illuminate\\Pipeline\\Pipeline::carry():194}:195}()
console-1        | #43 /app/vendor/laravel/framework/src/Illuminate/Pipeline/Pipeline.php(219): Inertia\\Middleware\\EnsureDeferredCallbacksRun->handle()
console-1        | #44 /app/vendor/laravel/framework/src/Illuminate/Pipeline/Pipeline.php(137): Illuminate\\Pipeline\\Pipeline->{closure:{closure:Illuminate\\Pipeline\\Pipeline::carry():194}:195}()
console-1        | #45 /app/vendor/laravel/framework/src/Illuminate/Foundation/Http/Kernel.php(175): Illuminate\\Pipeline\\Pipeline->then()
console-1        | #46 /app/vendor/laravel/framework/src/Illuminate/Foundation/Http/Kernel.php(144): Illuminate\\Foundation\\Http\\Kernel->sendRequestThroughRouter()
console-1        | #47 /app/vendor/laravel/framework/src/Illuminate/Foundation/Application.php(1228): Illuminate\\Foundation\\Http\\Kernel->handle()
console-1        | #48 /app/public/index.php(13): Illuminate\\Foundation\\Application->handleRequest()
console-1        | #49 {main}
console-1        | "} 
console-1        | [2026-10-05 03:28:38] production.ERROR: Unsupported cipher or incorrect key length. Supported ciphers are: aes-128-cbc, aes-256-cbc, aes-128-gcm, aes-256-gcm. {"exception":"[object] (RuntimeException(code: 0): Unsupported cipher or incorrect key length. Supported ciphers are: aes-128-cbc, aes-256-cbc, aes-128-gcm, aes-256-gcm. at /app/vendor/laravel/framework/src/Illuminate/Encryption/Encrypter.php:61)
console-1        | [stacktrace]
console-1        | #0 /app/vendor/laravel/framework/src/Illuminate/Encryption/EncryptionServiceProvider.php(32): Illuminate\\Encryption\\Encrypter->__construct()
console-1        | #1 /app/vendor/laravel/framework/src/Illuminate/Container/Container.php(1140): Illuminate\\Encryption\\EncryptionServiceProvider->{closure:Illuminate\\Encryption\\EncryptionServiceProvider::registerEncrypter():29}()
console-1        | #2 /app/vendor/laravel/framework/src/Illuminate/Container/Container.php(939): Illuminate\\Container\\Container->build()
console-1        | #3 /app/vendor/laravel/framework/src/Illuminate/Foundation/Application.php(1086): Illuminate\\Container\\Container->resolve()
console-1        | #4 /app/vendor/laravel/framework/src/Illuminate/Container/Container.php(867): Illuminate\\Foundation\\Application->resolve()
console-1        | #5 /app/vendor/laravel/framework/src/Illuminate/Foundation/Application.php(1066): Illuminate\\Container\\Container->make()
console-1        | #6 /app/vendor/laravel/framework/src/Illuminate/Container/Container.php(1846): Illuminate\\Foundation\\Application->make()
console-1        | #7 /app/vendor/laravel/framework/src/Illuminate/Session/SessionManager.php(219): Illuminate\\Container\\Container->offsetGet()
console-1        | #8 /app/vendor/laravel/framework/src/Illuminate/Session/SessionManager.php(199): Illuminate\\Session\\SessionManager->buildEncryptedSession()
console-1        | #9 /app/vendor/laravel/framework/src/Illuminate/Session/SessionManager.php(96): Illuminate\\Session\\SessionManager->buildSession()
console-1        | #10 /app/vendor/laravel/framework/src/Illuminate/Support/Manager.php(105): Illuminate\\Session\\SessionManager->createDatabaseDriver()
console-1        | #11 /app/vendor/laravel/framework/src/Illuminate/Support/Manager.php(82): Illuminate\\Support\\Manager->createDriver()
console-1        | #12 /app/vendor/laravel/framework/src/Illuminate/Session/SessionServiceProvider.php(52): Illuminate\\Support\\Manager->driver()
console-1        | #13 /app/vendor/laravel/framework/src/Illuminate/Container/Container.php(1140): Illuminate\\Session\\SessionServiceProvider->{closure:Illuminate\\Session\\SessionServiceProvider::registerSessionDriver():48}()
console-1        | #14 /app/vendor/laravel/framework/src/Illuminate/Container/Container.php(939): Illuminate\\Container\\Container->build()
console-1        | #15 /app/vendor/laravel/framework/src/Illuminate/Foundation/Application.php(1086): Illuminate\\Container\\Container->resolve()
console-1        | #16 /app/vendor/laravel/framework/src/Illuminate/Container/Container.php(867): Illuminate\\Foundation\\Application->resolve()
console-1        | #17 /app/vendor/laravel/framework/src/Illuminate/Foundation/Application.php(1066): Illuminate\\Container\\Container->make()
console-1        | #18 /app/vendor/laravel/framework/src/Illuminate/Container/Container.php(1846): Illuminate\\Foundation\\Application->make()
console-1        | #19 /app/vendor/laravel/framework/src/Illuminate/Routing/RoutingServiceProvider.php(121): Illuminate\\Container\\Container->offsetGet()
console-1        | #20 /app/vendor/laravel/framework/src/Illuminate/Container/Container.php(1140): Illuminate\\Routing\\RoutingServiceProvider->{closure:Illuminate\\Routing\\RoutingServiceProvider::registerRedirector():114}()
console-1        | #21 /app/vendor/laravel/framework/src/Illuminate/Container/Container.php(939): Illuminate\\Container\\Container->build()
console-1        | #22 /app/vendor/laravel/framework/src/Illuminate/Foundation/Application.php(1086): Illuminate\\Container\\Container->resolve()
console-1        | #23 /app/vendor/laravel/framework/src/Illuminate/Container/Container.php(867): Illuminate\\Foundation\\Application->resolve()
console-1        | #24 /app/vendor/laravel/framework/src/Illuminate/Foundation/Application.php(1066): Illuminate\\Container\\Container->make()
console-1        | #25 /app/vendor/laravel/framework/src/Illuminate/Container/Container.php(1846): Illuminate\\Foundation\\Application->make()
console-1        | #26 /app/vendor/laravel/framework/src/Illuminate/Routing/RoutingServiceProvider.php(181): Illuminate\\Container\\Container->offsetGet()
console-1        | #27 /app/vendor/laravel/framework/src/Illuminate/Container/Container.php(1140): Illuminate\\Routing\\RoutingServiceProvider->{closure:Illuminate\\Routing\\RoutingServiceProvider::registerResponseFactory():180}()
console-1        | #28 /app/vendor/laravel/framework/src/Illuminate/Container/Container.php(939): Illuminate\\Container\\Container->build()
console-1        | #29 /app/vendor/laravel/framework/src/Illuminate/Foundation/Application.php(1086): Illuminate\\Container\\Container->resolve()
console-1        | #30 /app/vendor/laravel/framework/src/Illuminate/Container/Container.php(867): Illuminate\\Foundation\\Application->resolve()
console-1        | #31 /app/vendor/laravel/framework/src/Illuminate/Foundation/Application.php(1066): Illuminate\\Container\\Container->make()
console-1        | #32 /app/vendor/laravel/framework/src/Illuminate/Foundation/helpers.php(138): Illuminate\\Foundation\\Application->make()
console-1        | #33 /app/vendor/laravel/framework/src/Illuminate/Foundation/helpers.php(850): app()
console-1        | #34 /app/vendor/laravel/framework/src/Illuminate/Foundation/Exceptions/Handler.php(1103): response()
console-1        | #35 /app/vendor/laravel/framework/src/Illuminate/Foundation/Exceptions/Handler.php(960): Illuminate\\Foundation\\Exceptions\\Handler->toIlluminateResponse()
console-1        | #36 /app/vendor/laravel/framework/src/Illuminate/Foundation/Exceptions/Handler.php(844): Illuminate\\Foundation\\Exceptions\\Handler->prepareResponse()
console-1        | #37 /app/vendor/laravel/framework/src/Illuminate/Foundation/Exceptions/Handler.php(731): Illuminate\\Foundation\\Exceptions\\Handler->renderExceptionResponse()
console-1        | #38 /app/vendor/laravel/framework/src/Illuminate/Routing/Pipeline.php(51): Illuminate\\Foundation\\Exceptions\\Handler->render()
console-1        | #39 /app/vendor/laravel/framework/src/Illuminate/Pipeline/Pipeline.php(224): Illuminate\\Routing\\Pipeline->handleException()
console-1        | #40 /app/vendor/laravel/framework/src/Illuminate/Http/Middleware/ValidatePathEncoding.php(28): Illuminate\\Pipeline\\Pipeline->{closure:{closure:Illuminate\\Pipeline\\Pipeline::carry():194}:195}()
console-1        | #41 /app/vendor/laravel/framework/src/Illuminate/Pipeline/Pipeline.php(219): Illuminate\\Http\\Middleware\\ValidatePathEncoding->handle()
console-1        | #42 /app/vendor/inertiajs/inertia-laravel/src/Middleware/EnsureDeferredCallbacksRun.php(21): Illuminate\\Pipeline\\Pipeline->{closure:{closure:Illuminate\\Pipeline\\Pipeline::carry():194}:195}()
console-1        | #43 /app/vendor/laravel/framework/src/Illuminate/Pipeline/Pipeline.php(219): Inertia\\Middleware\\EnsureDeferredCallbacksRun->handle()
console-1        | #44 /app/vendor/laravel/framework/src/Illuminate/Pipeline/Pipeline.php(137): Illuminate\\Pipeline\\Pipeline->{closure:{closure:Illuminate\\Pipeline\\Pipeline::carry():194}:195}()
console-1        | #45 /app/vendor/laravel/framework/src/Illuminate/Foundation/Http/Kernel.php(175): Illuminate\\Pipeline\\Pipeline->then()
console-1        | #46 /app/vendor/laravel/framework/src/Illuminate/Foundation/Http/Kernel.php(144): Illuminate\\Foundation\\Http\\Kernel->sendRequestThroughRouter()
console-1        | #47 /app/vendor/laravel/framework/src/Illuminate/Foundation/Application.php(1228): Illuminate\\Foundation\\Http\\Kernel->handle()
console-1        | #48 /app/public/index.php(13): Illuminate\\Foundation\\Application->handleRequest()
console-1        | #49 {main}
console-1        | "} 
console-1        | [2026-10-05 03:28:38] production.ERROR: Unsupported cipher or incorrect key length. Supported ciphers are: aes-128-cbc, aes-256-cbc, aes-128-gcm, aes-256-gcm. {"exception":"[object] (RuntimeException(code: 0): Unsupported cipher or incorrect key length. Supported ciphers are: aes-128-cbc, aes-256-cbc, aes-128-gcm, aes-256-gcm. at /app/vendor/laravel/framework/src/Illuminate/Encryption/Encrypter.php:61)
console-1        | [stacktrace]
console-1        | #0 /app/vendor/laravel/framework/src/Illuminate/Encryption/EncryptionServiceProvider.php(32): Illuminate\\Encryption\\Encrypter->__construct()
console-1        | #1 /app/vendor/laravel/framework/src/Illuminate/Container/Container.php(1140): Illuminate\\Encryption\\EncryptionServiceProvider->{closure:Illuminate\\Encryption\\EncryptionServiceProvider::registerEncrypter():29}()
console-1        | #2 /app/vendor/laravel/framework/src/Illuminate/Container/Container.php(939): Illuminate\\Container\\Container->build()
console-1        | #3 /app/vendor/laravel/framework/src/Illuminate/Foundation/Application.php(1086): Illuminate\\Container\\Container->resolve()
console-1        | #4 /app/vendor/laravel/framework/src/Illuminate/Container/Container.php(867): Illuminate\\Foundation\\Application->resolve()
console-1        | #5 /app/vendor/laravel/framework/src/Illuminate/Foundation/Application.php(1066): Illuminate\\Container\\Container->make()
console-1        | #6 /app/vendor/laravel/framework/src/Illuminate/Container/Container.php(1846): Illuminate\\Foundation\\Application->make()
console-1        | #7 /app/vendor/laravel/framework/src/Illuminate/Session/SessionManager.php(219): Illuminate\\Container\\Container->offsetGet()
console-1        | #8 /app/vendor/laravel/framework/src/Illuminate/Session/SessionManager.php(199): Illuminate\\Session\\SessionManager->buildEncryptedSession()
console-1        | #9 /app/vendor/laravel/framework/src/Illuminate/Session/SessionManager.php(96): Illuminate\\Session\\SessionManager->buildSession()
console-1        | #10 /app/vendor/laravel/framework/src/Illuminate/Support/Manager.php(105): Illuminate\\Session\\SessionManager->createDatabaseDriver()
console-1        | #11 /app/vendor/laravel/framework/src/Illuminate/Support/Manager.php(82): Illuminate\\Support\\Manager->createDriver()
console-1        | #12 /app/vendor/laravel/framework/src/Illuminate/Session/SessionServiceProvider.php(52): Illuminate\\Support\\Manager->driver()
console-1        | #13 /app/vendor/laravel/framework/src/Illuminate/Container/Container.php(1140): Illuminate\\Session\\SessionServiceProvider->{closure:Illuminate\\Session\\SessionServiceProvider::registerSessionDriver():48}()
console-1        | #14 /app/vendor/laravel/framework/src/Illuminate/Container/Container.php(939): Illuminate\\Container\\Container->build()
console-1        | #15 /app/vendor/laravel/framework/src/Illuminate/Foundation/Application.php(1086): Illuminate\\Container\\Container->resolve()
console-1        | #16 /app/vendor/laravel/framework/src/Illuminate/Container/Container.php(867): Illuminate\\Foundation\\Application->resolve()
console-1        | #17 /app/vendor/laravel/framework/src/Illuminate/Foundation/Application.php(1066): Illuminate\\Container\\Container->make()
console-1        | #18 /app/vendor/laravel/framework/src/Illuminate/Container/Container.php(1846): Illuminate\\Foundation\\Application->make()
console-1        | #19 /app/vendor/laravel/framework/src/Illuminate/Routing/RoutingServiceProvider.php(121): Illuminate\\Container\\Container->offsetGet()
console-1        | #20 /app/vendor/laravel/framework/src/Illuminate/Container/Container.php(1140): Illuminate\\Routing\\RoutingServiceProvider->{closure:Illuminate\\Routing\\RoutingServiceProvider::registerRedirector():114}()
console-1        | #21 /app/vendor/laravel/framework/src/Illuminate/Container/Container.php(939): Illuminate\\Container\\Container->build()
console-1        | #22 /app/vendor/laravel/framework/src/Illuminate/Foundation/Application.php(1086): Illuminate\\Container\\Container->resolve()
console-1        | #23 /app/vendor/laravel/framework/src/Illuminate/Container/Container.php(867): Illuminate\\Foundation\\Application->resolve()
console-1        | #24 /app/vendor/laravel/framework/src/Illuminate/Foundation/Application.php(1066): Illuminate\\Container\\Container->make()
console-1        | #25 /app/vendor/laravel/framework/src/Illuminate/Container/Container.php(1846): Illuminate\\Foundation\\Application->make()
console-1        | #26 /app/vendor/laravel/framework/src/Illuminate/Routing/RoutingServiceProvider.php(181): Illuminate\\Container\\Container->offsetGet()
console-1        | #27 /app/vendor/laravel/framework/src/Illuminate/Container/Container.php(1140): Illuminate\\Routing\\RoutingServiceProvider->{closure:Illuminate\\Routing\\RoutingServiceProvider::registerResponseFactory():180}()
console-1        | #28 /app/vendor/laravel/framework/src/Illuminate/Container/Container.php(939): Illuminate\\Container\\Container->build()
console-1        | #29 /app/vendor/laravel/framework/src/Illuminate/Foundation/Application.php(1086): Illuminate\\Container\\Container->resolve()
console-1        | #30 /app/vendor/laravel/framework/src/Illuminate/Container/Container.php(867): Illuminate\\Foundation\\Application->resolve()
console-1        | #31 /app/vendor/laravel/framework/src/Illuminate/Foundation/Application.php(1066): Illuminate\\Container\\Container->make()
console-1        | #32 /app/vendor/laravel/framework/src/Illuminate/Foundation/helpers.php(138): Illuminate\\Foundation\\Application->make()
console-1        | #33 /app/vendor/laravel/framework/src/Illuminate/Foundation/helpers.php(850): app()
console-1        | #34 /app/vendor/laravel/framework/src/Illuminate/Foundation/Exceptions/Handler.php(1042): response()
console-1        | #35 /app/vendor/laravel/framework/src/Illuminate/Foundation/Exceptions/Handler.php(961): Illuminate\\Foundation\\Exceptions\\Handler->renderHttpException()
console-1        | #36 /app/vendor/laravel/framework/src/Illuminate/Foundation/Exceptions/Handler.php(844): Illuminate\\Foundation\\Exceptions\\Handler->prepareResponse()
console-1        | #37 /app/vendor/laravel/framework/src/Illuminate/Foundation/Exceptions/Handler.php(731): Illuminate\\Foundation\\Exceptions\\Handler->renderExceptionResponse()
console-1        | #38 /app/vendor/laravel/framework/src/Illuminate/Routing/Pipeline.php(51): Illuminate\\Foundation\\Exceptions\\Handler->render()
console-1        | #39 /app/vendor/laravel/framework/src/Illuminate/Pipeline/Pipeline.php(224): Illuminate\\Routing\\Pipeline->handleException()
console-1        | #40 /app/vendor/inertiajs/inertia-laravel/src/Middleware/EnsureDeferredCallbacksRun.php(21): Illuminate\\Pipeline\\Pipeline->{closure:{closure:Illuminate\\Pipeline\\Pipeline::carry():194}:195}()
console-1        | #41 /app/vendor/laravel/framework/src/Illuminate/Pipeline/Pipeline.php(219): Inertia\\Middleware\\EnsureDeferredCallbacksRun->handle()
console-1        | #42 /app/vendor/laravel/framework/src/Illuminate/Pipeline/Pipeline.php(137): Illuminate\\Pipeline\\Pipeline->{closure:{closure:Illuminate\\Pipeline\\Pipeline::carry():194}:195}()
console-1        | #43 /app/vendor/laravel/framework/src/Illuminate/Foundation/Http/Kernel.php(175): Illuminate\\Pipeline\\Pipeline->then()
console-1        | #44 /app/vendor/laravel/framework/src/Illuminate/Foundation/Http/Kernel.php(144): Illuminate\\Foundation\\Http\\Kernel->sendRequestThroughRouter()
console-1        | #45 /app/vendor/laravel/framework/src/Illuminate/Foundation/Application.php(1228): Illuminate\\Foundation\\Http\\Kernel->handle()
console-1        | #46 /app/public/index.php(13): Illuminate\\Foundation\\Application->handleRequest()
console-1        | #47 {main}
console-1        | "} 
console-1        | [2026-10-05 03:28:38] production.ERROR: Unsupported cipher or incorrect key length. Supported ciphers are: aes-128-cbc, aes-256-cbc, aes-128-gcm, aes-256-gcm. {"exception":"[object] (RuntimeException(code: 0): Unsupported cipher or incorrect key length. Supported ciphers are: aes-128-cbc, aes-256-cbc, aes-128-gcm, aes-256-gcm. at /app/vendor/laravel/framework/src/Illuminate/Encryption/Encrypter.php:61)
console-1        | [stacktrace]
console-1        | #0 /app/vendor/laravel/framework/src/Illuminate/Encryption/EncryptionServiceProvider.php(32): Illuminate\\Encryption\\Encrypter->__construct()
console-1        | #1 /app/vendor/laravel/framework/src/Illuminate/Container/Container.php(1140): Illuminate\\Encryption\\EncryptionServiceProvider->{closure:Illuminate\\Encryption\\EncryptionServiceProvider::registerEncrypter():29}()
console-1        | #2 /app/vendor/laravel/framework/src/Illuminate/Container/Container.php(939): Illuminate\\Container\\Container->build()
console-1        | #3 /app/vendor/laravel/framework/src/Illuminate/Foundation/Application.php(1086): Illuminate\\Container\\Container->resolve()
console-1        | #4 /app/vendor/laravel/framework/src/Illuminate/Container/Container.php(867): Illuminate\\Foundation\\Application->resolve()
console-1        | #5 /app/vendor/laravel/framework/src/Illuminate/Foundation/Application.php(1066): Illuminate\\Container\\Container->make()
console-1        | #6 /app/vendor/laravel/framework/src/Illuminate/Container/Container.php(1846): Illuminate\\Foundation\\Application->make()
console-1        | #7 /app/vendor/laravel/framework/src/Illuminate/Session/SessionManager.php(219): Illuminate\\Container\\Container->offsetGet()
console-1        | #8 /app/vendor/laravel/framework/src/Illuminate/Session/SessionManager.php(199): Illuminate\\Session\\SessionManager->buildEncryptedSession()
console-1        | #9 /app/vendor/laravel/framework/src/Illuminate/Session/SessionManager.php(96): Illuminate\\Session\\SessionManager->buildSession()
console-1        | #10 /app/vendor/laravel/framework/src/Illuminate/Support/Manager.php(105): Illuminate\\Session\\SessionManager->createDatabaseDriver()
console-1        | #11 /app/vendor/laravel/framework/src/Illuminate/Support/Manager.php(82): Illuminate\\Support\\Manager->createDriver()
console-1        | #12 /app/vendor/laravel/framework/src/Illuminate/Session/SessionServiceProvider.php(52): Illuminate\\Support\\Manager->driver()
console-1        | #13 /app/vendor/laravel/framework/src/Illuminate/Container/Container.php(1140): Illuminate\\Session\\SessionServiceProvider->{closure:Illuminate\\Session\\SessionServiceProvider::registerSessionDriver():48}()
console-1        | #14 /app/vendor/laravel/framework/src/Illuminate/Container/Container.php(939): Illuminate\\Container\\Container->build()
console-1        | #15 /app/vendor/laravel/framework/src/Illuminate/Foundation/Application.php(1086): Illuminate\\Container\\Container->resolve()
console-1        | #16 /app/vendor/laravel/framework/src/Illuminate/Container/Container.php(867): Illuminate\\Foundation\\Application->resolve()
console-1        | #17 /app/vendor/laravel/framework/src/Illuminate/Foundation/Application.php(1066): Illuminate\\Container\\Container->make()
console-1        | #18 /app/vendor/laravel/framework/src/Illuminate/Container/Container.php(1846): Illuminate\\Foundation\\Application->make()
console-1        | #19 /app/vendor/laravel/framework/src/Illuminate/Routing/RoutingServiceProvider.php(121): Illuminate\\Container\\Container->offsetGet()
console-1        | #20 /app/vendor/laravel/framework/src/Illuminate/Container/Container.php(1140): Illuminate\\Routing\\RoutingServiceProvider->{closure:Illuminate\\Routing\\RoutingServiceProvider::registerRedirector():114}()
console-1        | #21 /app/vendor/laravel/framework/src/Illuminate/Container/Container.php(939): Illuminate\\Container\\Container->build()
console-1        | #22 /app/vendor/laravel/framework/src/Illuminate/Foundation/Application.php(1086): Illuminate\\Container\\Container->resolve()
console-1        | #23 /app/vendor/laravel/framework/src/Illuminate/Container/Container.php(867): Illuminate\\Foundation\\Application->resolve()
console-1        | #24 /app/vendor/laravel/framework/src/Illuminate/Foundation/Application.php(1066): Illuminate\\Container\\Container->make()
console-1        | #25 /app/vendor/laravel/framework/src/Illuminate/Container/Container.php(1846): Illuminate\\Foundation\\Application->make()
console-1        | #26 /app/vendor/laravel/framework/src/Illuminate/Routing/RoutingServiceProvider.php(181): Illuminate\\Container\\Container->offsetGet()
console-1        | #27 /app/vendor/laravel/framework/src/Illuminate/Container/Container.php(1140): Illuminate\\Routing\\RoutingServiceProvider->{closure:Illuminate\\Routing\\RoutingServiceProvider::registerResponseFactory():180}()
console-1        | #28 /app/vendor/laravel/framework/src/Illuminate/Container/Container.php(939): Illuminate\\Container\\Container->build()
console-1        | #29 /app/vendor/laravel/framework/src/Illuminate/Foundation/Application.php(1086): Illuminate\\Container\\Container->resolve()
console-1        | #30 /app/vendor/laravel/framework/src/Illuminate/Container/Container.php(867): Illuminate\\Foundation\\Application->resolve()
console-1        | #31 /app/vendor/laravel/framework/src/Illuminate/Foundation/Application.php(1066): Illuminate\\Container\\Container->make()
console-1        | #32 /app/vendor/laravel/framework/src/Illuminate/Foundation/helpers.php(138): Illuminate\\Foundation\\Application->make()
console-1        | #33 /app/vendor/laravel/framework/src/Illuminate/Foundation/helpers.php(850): app()
console-1        | #34 /app/vendor/laravel/framework/src/Illuminate/Foundation/Exceptions/Handler.php(1103): response()
console-1        | #35 /app/vendor/laravel/framework/src/Illuminate/Foundation/Exceptions/Handler.php(960): Illuminate\\Foundation\\Exceptions\\Handler->toIlluminateResponse()
console-1        | #36 /app/vendor/laravel/framework/src/Illuminate/Foundation/Exceptions/Handler.php(844): Illuminate\\Foundation\\Exceptions\\Handler->prepareResponse()
console-1        | #37 /app/vendor/laravel/framework/src/Illuminate/Foundation/Exceptions/Handler.php(731): Illuminate\\Foundation\\Exceptions\\Handler->renderExceptionResponse()
console-1        | #38 /app/vendor/laravel/framework/src/Illuminate/Routing/Pipeline.php(51): Illuminate\\Foundation\\Exceptions\\Handler->render()
console-1        | #39 /app/vendor/laravel/framework/src/Illuminate/Pipeline/Pipeline.php(224): Illuminate\\Routing\\Pipeline->handleException()
console-1        | #40 /app/vendor/inertiajs/inertia-laravel/src/Middleware/EnsureDeferredCallbacksRun.php(21): Illuminate\\Pipeline\\Pipeline->{closure:{closure:Illuminate\\Pipeline\\Pipeline::carry():194}:195}()
console-1        | #41 /app/vendor/laravel/framework/src/Illuminate/Pipeline/Pipeline.php(219): Inertia\\Middleware\\EnsureDeferredCallbacksRun->handle()
console-1        | #42 /app/vendor/laravel/framework/src/Illuminate/Pipeline/Pipeline.php(137): Illuminate\\Pipeline\\Pipeline->{closure:{closure:Illuminate\\Pipeline\\Pipeline::carry():194}:195}()
console-1        | #43 /app/vendor/laravel/framework/src/Illuminate/Foundation/Http/Kernel.php(175): Illuminate\\Pipeline\\Pipeline->then()
console-1        | #44 /app/vendor/laravel/framework/src/Illuminate/Foundation/Http/Kernel.php(144): Illuminate\\Foundation\\Http\\Kernel->sendRequestThroughRouter()
console-1        | #45 /app/vendor/laravel/framework/src/Illuminate/Foundation/Application.php(1228): Illuminate\\Foundation\\Http\\Kernel->handle()
console-1        | #46 /app/public/index.php(13): Illuminate\\Foundation\\Application->handleRequest()
console-1        | #47 {main}
console-1        | "} 
console-1        | [2026-10-05 03:28:38] production.ERROR: Unsupported cipher or incorrect key length. Supported ciphers are: aes-128-cbc, aes-256-cbc, aes-128-gcm, aes-256-gcm. {"exception":"[object] (RuntimeException(code: 0): Unsupported cipher or incorrect key length. Supported ciphers are: aes-128-cbc, aes-256-cbc, aes-128-gcm, aes-256-gcm. at /app/vendor/laravel/framework/src/Illuminate/Encryption/Encrypter.php:61)
console-1        | [stacktrace]
console-1        | #0 /app/vendor/laravel/framework/src/Illuminate/Encryption/EncryptionServiceProvider.php(32): Illuminate\\Encryption\\Encrypter->__construct()
console-1        | #1 /app/vendor/laravel/framework/src/Illuminate/Container/Container.php(1140): Illuminate\\Encryption\\EncryptionServiceProvider->{closure:Illuminate\\Encryption\\EncryptionServiceProvider::registerEncrypter():29}()
console-1        | #2 /app/vendor/laravel/framework/src/Illuminate/Container/Container.php(939): Illuminate\\Container\\Container->build()
console-1        | #3 /app/vendor/laravel/framework/src/Illuminate/Foundation/Application.php(1086): Illuminate\\Container\\Container->resolve()
console-1        | #4 /app/vendor/laravel/framework/src/Illuminate/Container/Container.php(867): Illuminate\\Foundation\\Application->resolve()
console-1        | #5 /app/vendor/laravel/framework/src/Illuminate/Foundation/Application.php(1066): Illuminate\\Container\\Container->make()
console-1        | #6 /app/vendor/laravel/framework/src/Illuminate/Container/Container.php(1846): Illuminate\\Foundation\\Application->make()
console-1        | #7 /app/vendor/laravel/framework/src/Illuminate/Session/SessionManager.php(219): Illuminate\\Container\\Container->offsetGet()
console-1        | #8 /app/vendor/laravel/framework/src/Illuminate/Session/SessionManager.php(199): Illuminate\\Session\\SessionManager->buildEncryptedSession()
console-1        | #9 /app/vendor/laravel/framework/src/Illuminate/Session/SessionManager.php(96): Illuminate\\Session\\SessionManager->buildSession()
console-1        | #10 /app/vendor/laravel/framework/src/Illuminate/Support/Manager.php(105): Illuminate\\Session\\SessionManager->createDatabaseDriver()
console-1        | #11 /app/vendor/laravel/framework/src/Illuminate/Support/Manager.php(82): Illuminate\\Support\\Manager->createDriver()
console-1        | #12 /app/vendor/laravel/framework/src/Illuminate/Session/SessionServiceProvider.php(52): Illuminate\\Support\\Manager->driver()
console-1        | #13 /app/vendor/laravel/framework/src/Illuminate/Container/Container.php(1140): Illuminate\\Session\\SessionServiceProvider->{closure:Illuminate\\Session\\SessionServiceProvider::registerSessionDriver():48}()
console-1        | #14 /app/vendor/laravel/framework/src/Illuminate/Container/Container.php(939): Illuminate\\Container\\Container->build()
console-1        | #15 /app/vendor/laravel/framework/src/Illuminate/Foundation/Application.php(1086): Illuminate\\Container\\Container->resolve()
console-1        | #16 /app/vendor/laravel/framework/src/Illuminate/Container/Container.php(867): Illuminate\\Foundation\\Application->resolve()
console-1        | #17 /app/vendor/laravel/framework/src/Illuminate/Foundation/Application.php(1066): Illuminate\\Container\\Container->make()
console-1        | #18 /app/vendor/laravel/framework/src/Illuminate/Container/Container.php(1846): Illuminate\\Foundation\\Application->make()
console-1        | #19 /app/vendor/laravel/framework/src/Illuminate/Routing/RoutingServiceProvider.php(121): Illuminate\\Container\\Container->offsetGet()
console-1        | #20 /app/vendor/laravel/framework/src/Illuminate/Container/Container.php(1140): Illuminate\\Routing\\RoutingServiceProvider->{closure:Illuminate\\Routing\\RoutingServiceProvider::registerRedirector():114}()
console-1        | #21 /app/vendor/laravel/framework/src/Illuminate/Container/Container.php(939): Illuminate\\Container\\Container->build()
console-1        | #22 /app/vendor/laravel/framework/src/Illuminate/Foundation/Application.php(1086): Illuminate\\Container\\Container->resolve()
console-1        | #23 /app/vendor/laravel/framework/src/Illuminate/Container/Container.php(867): Illuminate\\Foundation\\Application->resolve()
console-1        | #24 /app/vendor/laravel/framework/src/Illuminate/Foundation/Application.php(1066): Illuminate\\Container\\Container->make()
console-1        | #25 /app/vendor/laravel/framework/src/Illuminate/Container/Container.php(1846): Illuminate\\Foundation\\Application->make()
console-1        | #26 /app/vendor/laravel/framework/src/Illuminate/Routing/RoutingServiceProvider.php(181): Illuminate\\Container\\Container->offsetGet()
console-1        | #27 /app/vendor/laravel/framework/src/Illuminate/Container/Container.php(1140): Illuminate\\Routing\\RoutingServiceProvider->{closure:Illuminate\\Routing\\RoutingServiceProvider::registerResponseFactory():180}()
console-1        | #28 /app/vendor/laravel/framework/src/Illuminate/Container/Container.php(939): Illuminate\\Container\\Container->build()
console-1        | #29 /app/vendor/laravel/framework/src/Illuminate/Foundation/Application.php(1086): Illuminate\\Container\\Container->resolve()
console-1        | #30 /app/vendor/laravel/framework/src/Illuminate/Container/Container.php(867): Illuminate\\Foundation\\Application->resolve()
console-1        | #31 /app/vendor/laravel/framework/src/Illuminate/Foundation/Application.php(1066): Illuminate\\Container\\Container->make()
console-1        | #32 /app/vendor/laravel/framework/src/Illuminate/Foundation/helpers.php(138): Illuminate\\Foundation\\Application->make()
console-1        | #33 /app/vendor/laravel/framework/src/Illuminate/Foundation/helpers.php(850): app()
console-1        | #34 /app/vendor/laravel/framework/src/Illuminate/Foundation/Exceptions/Handler.php(1042): response()
console-1        | #35 /app/vendor/laravel/framework/src/Illuminate/Foundation/Exceptions/Handler.php(961): Illuminate\\Foundation\\Exceptions\\Handler->renderHttpException()
console-1        | #36 /app/vendor/laravel/framework/src/Illuminate/Foundation/Exceptions/Handler.php(844): Illuminate\\Foundation\\Exceptions\\Handler->prepareResponse()
console-1        | #37 /app/vendor/laravel/framework/src/Illuminate/Foundation/Exceptions/Handler.php(731): Illuminate\\Foundation\\Exceptions\\Handler->renderExceptionResponse()
console-1        | #38 /app/vendor/laravel/framework/src/Illuminate/Routing/Pipeline.php(51): Illuminate\\Foundation\\Exceptions\\Handler->render()
console-1        | #39 /app/vendor/laravel/framework/src/Illuminate/Pipeline/Pipeline.php(224): Illuminate\\Routing\\Pipeline->handleException()
console-1        | #40 /app/vendor/laravel/framework/src/Illuminate/Pipeline/Pipeline.php(137): Illuminate\\Pipeline\\Pipeline->{closure:{closure:Illuminate\\Pipeline\\Pipeline::carry():194}:195}()
console-1        | #41 /app/vendor/laravel/framework/src/Illuminate/Foundation/Http/Kernel.php(175): Illuminate\\Pipeline\\Pipeline->then()
console-1        | #42 /app/vendor/laravel/framework/src/Illuminate/Foundation/Http/Kernel.php(144): Illuminate\\Foundation\\Http\\Kernel->sendRequestThroughRouter()
console-1        | #43 /app/vendor/laravel/framework/src/Illuminate/Foundation/Application.php(1228): Illuminate\\Foundation\\Http\\Kernel->handle()
console-1        | #44 /app/public/index.php(13): Illuminate\\Foundation\\Application->handleRequest()
console-1        | #45 {main}
console-1        | "} 
console-1        | [2026-10-05 03:28:38] production.ERROR: Unsupported cipher or incorrect key length. Supported ciphers are: aes-128-cbc, aes-256-cbc, aes-128-gcm, aes-256-gcm. {"exception":"[object] (RuntimeException(code: 0): Unsupported cipher or incorrect key length. Supported ciphers are: aes-128-cbc, aes-256-cbc, aes-128-gcm, aes-256-gcm. at /app/vendor/laravel/framework/src/Illuminate/Encryption/Encrypter.php:61)
console-1        | [stacktrace]
console-1        | #0 /app/vendor/laravel/framework/src/Illuminate/Encryption/EncryptionServiceProvider.php(32): Illuminate\\Encryption\\Encrypter->__construct()
console-1        | #1 /app/vendor/laravel/framework/src/Illuminate/Container/Container.php(1140): Illuminate\\Encryption\\EncryptionServiceProvider->{closure:Illuminate\\Encryption\\EncryptionServiceProvider::registerEncrypter():29}()
console-1        | #2 /app/vendor/laravel/framework/src/Illuminate/Container/Container.php(939): Illuminate\\Container\\Container->build()
console-1        | #3 /app/vendor/laravel/framework/src/Illuminate/Foundation/Application.php(1086): Illuminate\\Container\\Container->resolve()
console-1        | #4 /app/vendor/laravel/framework/src/Illuminate/Container/Container.php(867): Illuminate\\Foundation\\Application->resolve()
console-1        | #5 /app/vendor/laravel/framework/src/Illuminate/Foundation/Application.php(1066): Illuminate\\Container\\Container->make()
console-1        | #6 /app/vendor/laravel/framework/src/Illuminate/Container/Container.php(1846): Illuminate\\Foundation\\Application->make()
console-1        | #7 /app/vendor/laravel/framework/src/Illuminate/Session/SessionManager.php(219): Illuminate\\Container\\Container->offsetGet()
console-1        | #8 /app/vendor/laravel/framework/src/Illuminate/Session/SessionManager.php(199): Illuminate\\Session\\SessionManager->buildEncryptedSession()
console-1        | #9 /app/vendor/laravel/framework/src/Illuminate/Session/SessionManager.php(96): Illuminate\\Session\\SessionManager->buildSession()
console-1        | #10 /app/vendor/laravel/framework/src/Illuminate/Support/Manager.php(105): Illuminate\\Session\\SessionManager->createDatabaseDriver()
console-1        | #11 /app/vendor/laravel/framework/src/Illuminate/Support/Manager.php(82): Illuminate\\Support\\Manager->createDriver()
console-1        | #12 /app/vendor/laravel/framework/src/Illuminate/Session/SessionServiceProvider.php(52): Illuminate\\Support\\Manager->driver()
console-1        | #13 /app/vendor/laravel/framework/src/Illuminate/Container/Container.php(1140): Illuminate\\Session\\SessionServiceProvider->{closure:Illuminate\\Session\\SessionServiceProvider::registerSessionDriver():48}()
console-1        | #14 /app/vendor/laravel/framework/src/Illuminate/Container/Container.php(939): Illuminate\\Container\\Container->build()
console-1        | #15 /app/vendor/laravel/framework/src/Illuminate/Foundation/Application.php(1086): Illuminate\\Container\\Container->resolve()
console-1        | #16 /app/vendor/laravel/framework/src/Illuminate/Container/Container.php(867): Illuminate\\Foundation\\Application->resolve()
console-1        | #17 /app/vendor/laravel/framework/src/Illuminate/Foundation/Application.php(1066): Illuminate\\Container\\Container->make()
console-1        | #18 /app/vendor/laravel/framework/src/Illuminate/Container/Container.php(1846): Illuminate\\Foundation\\Application->make()
console-1        | #19 /app/vendor/laravel/framework/src/Illuminate/Routing/RoutingServiceProvider.php(121): Illuminate\\Container\\Container->offsetGet()
console-1        | #20 /app/vendor/laravel/framework/src/Illuminate/Container/Container.php(1140): Illuminate\\Routing\\RoutingServiceProvider->{closure:Illuminate\\Routing\\RoutingServiceProvider::registerRedirector():114}()
console-1        | #21 /app/vendor/laravel/framework/src/Illuminate/Container/Container.php(939): Illuminate\\Container\\Container->build()
console-1        | #22 /app/vendor/laravel/framework/src/Illuminate/Foundation/Application.php(1086): Illuminate\\Container\\Container->resolve()
console-1        | #23 /app/vendor/laravel/framework/src/Illuminate/Container/Container.php(867): Illuminate\\Foundation\\Application->resolve()
console-1        | #24 /app/vendor/laravel/framework/src/Illuminate/Foundation/Application.php(1066): Illuminate\\Container\\Container->make()
console-1        | #25 /app/vendor/laravel/framework/src/Illuminate/Container/Container.php(1846): Illuminate\\Foundation\\Application->make()
console-1        | #26 /app/vendor/laravel/framework/src/Illuminate/Routing/RoutingServiceProvider.php(181): Illuminate\\Container\\Container->offsetGet()
console-1        | #27 /app/vendor/laravel/framework/src/Illuminate/Container/Container.php(1140): Illuminate\\Routing\\RoutingServiceProvider->{closure:Illuminate\\Routing\\RoutingServiceProvider::registerResponseFactory():180}()
console-1        | #28 /app/vendor/laravel/framework/src/Illuminate/Container/Container.php(939): Illuminate\\Container\\Container->build()
console-1        | #29 /app/vendor/laravel/framework/src/Illuminate/Foundation/Application.php(1086): Illuminate\\Container\\Container->resolve()
console-1        | #30 /app/vendor/laravel/framework/src/Illuminate/Container/Container.php(867): Illuminate\\Foundation\\Application->resolve()
console-1        | #31 /app/vendor/laravel/framework/src/Illuminate/Foundation/Application.php(1066): Illuminate\\Container\\Container->make()
console-1        | #32 /app/vendor/laravel/framework/src/Illuminate/Foundation/helpers.php(138): Illuminate\\Foundation\\Application->make()
console-1        | #33 /app/vendor/laravel/framework/src/Illuminate/Foundation/helpers.php(850): app()
console-1        | #34 /app/vendor/laravel/framework/src/Illuminate/Foundation/Exceptions/Handler.php(1103): response()
console-1        | #35 /app/vendor/laravel/framework/src/Illuminate/Foundation/Exceptions/Handler.php(960): Illuminate\\Foundation\\Exceptions\\Handler->toIlluminateResponse()
console-1        | #36 /app/vendor/laravel/framework/src/Illuminate/Foundation/Exceptions/Handler.php(844): Illuminate\\Foundation\\Exceptions\\Handler->prepareResponse()
console-1        | #37 /app/vendor/laravel/framework/src/Illuminate/Foundation/Exceptions/Handler.php(731): Illuminate\\Foundation\\Exceptions\\Handler->renderExceptionResponse()
console-1        | #38 /app/vendor/laravel/framework/src/Illuminate/Routing/Pipeline.php(51): Illuminate\\Foundation\\Exceptions\\Handler->render()
console-1        | #39 /app/vendor/laravel/framework/src/Illuminate/Pipeline/Pipeline.php(224): Illuminate\\Routing\\Pipeline->handleException()
console-1        | #40 /app/vendor/laravel/framework/src/Illuminate/Pipeline/Pipeline.php(137): Illuminate\\Pipeline\\Pipeline->{closure:{closure:Illuminate\\Pipeline\\Pipeline::carry():194}:195}()
console-1        | #41 /app/vendor/laravel/framework/src/Illuminate/Foundation/Http/Kernel.php(175): Illuminate\\Pipeline\\Pipeline->then()
console-1        | #42 /app/vendor/laravel/framework/src/Illuminate/Foundation/Http/Kernel.php(144): Illuminate\\Foundation\\Http\\Kernel->sendRequestThroughRouter()
console-1        | #43 /app/vendor/laravel/framework/src/Illuminate/Foundation/Application.php(1228): Illuminate\\Foundation\\Http\\Kernel->handle()
console-1        | #44 /app/public/index.php(13): Illuminate\\Foundation\\Application->handleRequest()
console-1        | #45 {main}
console-1        | "} 
console-1        | [2026-10-05 03:28:38] production.ERROR: Unsupported cipher or incorrect key length. Supported ciphers are: aes-128-cbc, aes-256-cbc, aes-128-gcm, aes-256-gcm. {"exception":"[object] (RuntimeException(code: 0): Unsupported cipher or incorrect key length. Supported ciphers are: aes-128-cbc, aes-256-cbc, aes-128-gcm, aes-256-gcm. at /app/vendor/laravel/framework/src/Illuminate/Encryption/Encrypter.php:61)
console-1        | [stacktrace]
console-1        | #0 /app/vendor/laravel/framework/src/Illuminate/Encryption/EncryptionServiceProvider.php(32): Illuminate\\Encryption\\Encrypter->__construct()
console-1        | #1 /app/vendor/laravel/framework/src/Illuminate/Container/Container.php(1140): Illuminate\\Encryption\\EncryptionServiceProvider->{closure:Illuminate\\Encryption\\EncryptionServiceProvider::registerEncrypter():29}()
console-1        | #2 /app/vendor/laravel/framework/src/Illuminate/Container/Container.php(939): Illuminate\\Container\\Container->build()
console-1        | #3 /app/vendor/laravel/framework/src/Illuminate/Foundation/Application.php(1086): Illuminate\\Container\\Container->resolve()
console-1        | #4 /app/vendor/laravel/framework/src/Illuminate/Container/Container.php(867): Illuminate\\Foundation\\Application->resolve()
console-1        | #5 /app/vendor/laravel/framework/src/Illuminate/Foundation/Application.php(1066): Illuminate\\Container\\Container->make()
console-1        | #6 /app/vendor/laravel/framework/src/Illuminate/Container/Container.php(1846): Illuminate\\Foundation\\Application->make()
console-1        | #7 /app/vendor/laravel/framework/src/Illuminate/Session/SessionManager.php(219): Illuminate\\Container\\Container->offsetGet()
console-1        | #8 /app/vendor/laravel/framework/src/Illuminate/Session/SessionManager.php(199): Illuminate\\Session\\SessionManager->buildEncryptedSession()
console-1        | #9 /app/vendor/laravel/framework/src/Illuminate/Session/SessionManager.php(96): Illuminate\\Session\\SessionManager->buildSession()
console-1        | #10 /app/vendor/laravel/framework/src/Illuminate/Support/Manager.php(105): Illuminate\\Session\\SessionManager->createDatabaseDriver()
console-1        | #11 /app/vendor/laravel/framework/src/Illuminate/Support/Manager.php(82): Illuminate\\Support\\Manager->createDriver()
console-1        | #12 /app/vendor/laravel/framework/src/Illuminate/Session/SessionServiceProvider.php(52): Illuminate\\Support\\Manager->driver()
console-1        | #13 /app/vendor/laravel/framework/src/Illuminate/Container/Container.php(1140): Illuminate\\Session\\SessionServiceProvider->{closure:Illuminate\\Session\\SessionServiceProvider::registerSessionDriver():48}()
console-1        | #14 /app/vendor/laravel/framework/src/Illuminate/Container/Container.php(939): Illuminate\\Container\\Container->build()
console-1        | #15 /app/vendor/laravel/framework/src/Illuminate/Foundation/Application.php(1086): Illuminate\\Container\\Container->resolve()
console-1        | #16 /app/vendor/laravel/framework/src/Illuminate/Container/Container.php(867): Illuminate\\Foundation\\Application->resolve()
console-1        | #17 /app/vendor/laravel/framework/src/Illuminate/Foundation/Application.php(1066): Illuminate\\Container\\Container->make()
console-1        | #18 /app/vendor/laravel/framework/src/Illuminate/Container/Container.php(1846): Illuminate\\Foundation\\Application->make()
console-1        | #19 /app/vendor/laravel/framework/src/Illuminate/Routing/RoutingServiceProvider.php(121): Illuminate\\Container\\Container->offsetGet()
console-1        | #20 /app/vendor/laravel/framework/src/Illuminate/Container/Container.php(1140): Illuminate\\Routing\\RoutingServiceProvider->{closure:Illuminate\\Routing\\RoutingServiceProvider::registerRedirector():114}()
console-1        | #21 /app/vendor/laravel/framework/src/Illuminate/Container/Container.php(939): Illuminate\\Container\\Container->build()
console-1        | #22 /app/vendor/laravel/framework/src/Illuminate/Foundation/Application.php(1086): Illuminate\\Container\\Container->resolve()
console-1        | #23 /app/vendor/laravel/framework/src/Illuminate/Container/Container.php(867): Illuminate\\Foundation\\Application->resolve()
console-1        | #24 /app/vendor/laravel/framework/src/Illuminate/Foundation/Application.php(1066): Illuminate\\Container\\Container->make()
console-1        | #25 /app/vendor/laravel/framework/src/Illuminate/Container/Container.php(1846): Illuminate\\Foundation\\Application->make()
console-1        | #26 /app/vendor/laravel/framework/src/Illuminate/Routing/RoutingServiceProvider.php(181): Illuminate\\Container\\Container->offsetGet()
console-1        | #27 /app/vendor/laravel/framework/src/Illuminate/Container/Container.php(1140): Illuminate\\Routing\\RoutingServiceProvider->{closure:Illuminate\\Routing\\RoutingServiceProvider::registerResponseFactory():180}()
console-1        | #28 /app/vendor/laravel/framework/src/Illuminate/Container/Container.php(939): Illuminate\\Container\\Container->build()
console-1        | #29 /app/vendor/laravel/framework/src/Illuminate/Foundation/Application.php(1086): Illuminate\\Container\\Container->resolve()
console-1        | #30 /app/vendor/laravel/framework/src/Illuminate/Container/Container.php(867): Illuminate\\Foundation\\Application->resolve()
console-1        | #31 /app/vendor/laravel/framework/src/Illuminate/Foundation/Application.php(1066): Illuminate\\Container\\Container->make()
console-1        | #32 /app/vendor/laravel/framework/src/Illuminate/Foundation/helpers.php(138): Illuminate\\Foundation\\Application->make()
console-1        | #33 /app/vendor/laravel/framework/src/Illuminate/Foundation/helpers.php(850): app()
console-1        | #34 /app/vendor/laravel/framework/src/Illuminate/Foundation/Exceptions/Handler.php(1042): response()
console-1        | #35 /app/vendor/laravel/framework/src/Illuminate/Foundation/Exceptions/Handler.php(961): Illuminate\\Foundation\\Exceptions\\Handler->renderHttpException()
console-1        | #36 /app/vendor/laravel/framework/src/Illuminate/Foundation/Exceptions/Handler.php(844): Illuminate\\Foundation\\Exceptions\\Handler->prepareResponse()
console-1        | #37 /app/vendor/laravel/framework/src/Illuminate/Foundation/Exceptions/Handler.php(731): Illuminate\\Foundation\\Exceptions\\Handler->renderExceptionResponse()
console-1        | #38 /app/vendor/laravel/framework/src/Illuminate/Foundation/Http/Kernel.php(572): Illuminate\\Foundation\\Exceptions\\Handler->render()
console-1        | #39 /app/vendor/laravel/framework/src/Illuminate/Foundation/Http/Kernel.php(148): Illuminate\\Foundation\\Http\\Kernel->renderException()
console-1        | #40 /app/vendor/laravel/framework/src/Illuminate/Foundation/Application.php(1228): Illuminate\\Foundation\\Http\\Kernel->handle()
console-1        | #41 /app/public/index.php(13): Illuminate\\Foundation\\Application->handleRequest()
console-1        | #42 {main}
console-1        | "} 
console-1        | [2026-10-05 03:28:38] production.ERROR: Unsupported cipher or incorrect key length. Supported ciphers are: aes-128-cbc, aes-256-cbc, aes-128-gcm, aes-256-gcm. {"exception":"[object] (RuntimeException(code: 0): Unsupported cipher or incorrect key length. Supported ciphers are: aes-128-cbc, aes-256-cbc, aes-128-gcm, aes-256-gcm. at /app/vendor/laravel/framework/src/Illuminate/Encryption/Encrypter.php:61)
console-1        | [stacktrace]
console-1        | #0 /app/vendor/laravel/framework/src/Illuminate/Encryption/EncryptionServiceProvider.php(32): Illuminate\\Encryption\\Encrypter->__construct()
console-1        | #1 /app/vendor/laravel/framework/src/Illuminate/Container/Container.php(1140): Illuminate\\Encryption\\EncryptionServiceProvider->{closure:Illuminate\\Encryption\\EncryptionServiceProvider::registerEncrypter():29}()
console-1        | #2 /app/vendor/laravel/framework/src/Illuminate/Container/Container.php(939): Illuminate\\Container\\Container->build()
console-1        | #3 /app/vendor/laravel/framework/src/Illuminate/Foundation/Application.php(1086): Illuminate\\Container\\Container->resolve()
console-1        | #4 /app/vendor/laravel/framework/src/Illuminate/Container/Container.php(867): Illuminate\\Foundation\\Application->resolve()
console-1        | #5 /app/vendor/laravel/framework/src/Illuminate/Foundation/Application.php(1066): Illuminate\\Container\\Container->make()
console-1        | #6 /app/vendor/laravel/framework/src/Illuminate/Container/Container.php(1846): Illuminate\\Foundation\\Application->make()
console-1        | #7 /app/vendor/laravel/framework/src/Illuminate/Session/SessionManager.php(219): Illuminate\\Container\\Container->offsetGet()
console-1        | #8 /app/vendor/laravel/framework/src/Illuminate/Session/SessionManager.php(199): Illuminate\\Session\\SessionManager->buildEncryptedSession()
console-1        | #9 /app/vendor/laravel/framework/src/Illuminate/Session/SessionManager.php(96): Illuminate\\Session\\SessionManager->buildSession()
console-1        | #10 /app/vendor/laravel/framework/src/Illuminate/Support/Manager.php(105): Illuminate\\Session\\SessionManager->createDatabaseDriver()
console-1        | #11 /app/vendor/laravel/framework/src/Illuminate/Support/Manager.php(82): Illuminate\\Support\\Manager->createDriver()
console-1        | #12 /app/vendor/laravel/framework/src/Illuminate/Session/SessionServiceProvider.php(52): Illuminate\\Support\\Manager->driver()
console-1        | #13 /app/vendor/laravel/framework/src/Illuminate/Container/Container.php(1140): Illuminate\\Session\\SessionServiceProvider->{closure:Illuminate\\Session\\SessionServiceProvider::registerSessionDriver():48}()
console-1        | #14 /app/vendor/laravel/framework/src/Illuminate/Container/Container.php(939): Illuminate\\Container\\Container->build()
console-1        | #15 /app/vendor/laravel/framework/src/Illuminate/Foundation/Application.php(1086): Illuminate\\Container\\Container->resolve()
console-1        | #16 /app/vendor/laravel/framework/src/Illuminate/Container/Container.php(867): Illuminate\\Foundation\\Application->resolve()
console-1        | #17 /app/vendor/laravel/framework/src/Illuminate/Foundation/Application.php(1066): Illuminate\\Container\\Container->make()
console-1        | #18 /app/vendor/laravel/framework/src/Illuminate/Container/Container.php(1846): Illuminate\\Foundation\\Application->make()
console-1        | #19 /app/vendor/laravel/framework/src/Illuminate/Routing/RoutingServiceProvider.php(121): Illuminate\\Container\\Container->offsetGet()
console-1        | #20 /app/vendor/laravel/framework/src/Illuminate/Container/Container.php(1140): Illuminate\\Routing\\RoutingServiceProvider->{closure:Illuminate\\Routing\\RoutingServiceProvider::registerRedirector():114}()
console-1        | #21 /app/vendor/laravel/framework/src/Illuminate/Container/Container.php(939): Illuminate\\Container\\Container->build()
console-1        | #22 /app/vendor/laravel/framework/src/Illuminate/Foundation/Application.php(1086): Illuminate\\Container\\Container->resolve()
console-1        | #23 /app/vendor/laravel/framework/src/Illuminate/Container/Container.php(867): Illuminate\\Foundation\\Application->resolve()
console-1        | #24 /app/vendor/laravel/framework/src/Illuminate/Foundation/Application.php(1066): Illuminate\\Container\\Container->make()
console-1        | #25 /app/vendor/laravel/framework/src/Illuminate/Container/Container.php(1846): Illuminate\\Foundation\\Application->make()
console-1        | #26 /app/vendor/laravel/framework/src/Illuminate/Routing/RoutingServiceProvider.php(181): Illuminate\\Container\\Container->offsetGet()
console-1        | #27 /app/vendor/laravel/framework/src/Illuminate/Container/Container.php(1140): Illuminate\\Routing\\RoutingServiceProvider->{closure:Illuminate\\Routing\\RoutingServiceProvider::registerResponseFactory():180}()
console-1        | #28 /app/vendor/laravel/framework/src/Illuminate/Container/Container.php(939): Illuminate\\Container\\Container->build()
console-1        | #29 /app/vendor/laravel/framework/src/Illuminate/Foundation/Application.php(1086): Illuminate\\Container\\Container->resolve()
console-1        | #30 /app/vendor/laravel/framework/src/Illuminate/Container/Container.php(867): Illuminate\\Foundation\\Application->resolve()
console-1        | #31 /app/vendor/laravel/framework/src/Illuminate/Foundation/Application.php(1066): Illuminate\\Container\\Container->make()
console-1        | #32 /app/vendor/laravel/framework/src/Illuminate/Foundation/helpers.php(138): Illuminate\\Foundation\\Application->make()
console-1        | #33 /app/vendor/laravel/framework/src/Illuminate/Foundation/helpers.php(850): app()
console-1        | #34 /app/vendor/laravel/framework/src/Illuminate/Foundation/Exceptions/Handler.php(1103): response()
console-1        | #35 /app/vendor/laravel/framework/src/Illuminate/Foundation/Exceptions/Handler.php(960): Illuminate\\Foundation\\Exceptions\\Handler->toIlluminateResponse()
console-1        | #36 /app/vendor/laravel/framework/src/Illuminate/Foundation/Exceptions/Handler.php(844): Illuminate\\Foundation\\Exceptions\\Handler->prepareResponse()
console-1        | #37 /app/vendor/laravel/framework/src/Illuminate/Foundation/Exceptions/Handler.php(731): Illuminate\\Foundation\\Exceptions\\Handler->renderExceptionResponse()
console-1        | #38 /app/vendor/laravel/framework/src/Illuminate/Foundation/Http/Kernel.php(572): Illuminate\\Foundation\\Exceptions\\Handler->render()
console-1        | #39 /app/vendor/laravel/framework/src/Illuminate/Foundation/Http/Kernel.php(148): Illuminate\\Foundation\\Http\\Kernel->renderException()
console-1        | #40 /app/vendor/laravel/framework/src/Illuminate/Foundation/Application.php(1228): Illuminate\\Foundation\\Http\\Kernel->handle()
console-1        | #41 /app/public/index.php(13): Illuminate\\Foundation\\Application->handleRequest()
console-1        | #42 {main}
console-1        | "} 
console-1        | [2026-10-05 03:28:38] production.ERROR: Unsupported cipher or incorrect key length. Supported ciphers are: aes-128-cbc, aes-256-cbc, aes-128-gcm, aes-256-gcm. {"exception":"[object] (RuntimeException(code: 0): Unsupported cipher or incorrect key length. Supported ciphers are: aes-128-cbc, aes-256-cbc, aes-128-gcm, aes-256-gcm. at /app/vendor/laravel/framework/src/Illuminate/Encryption/Encrypter.php:61)
console-1        | [stacktrace]
console-1        | #0 /app/vendor/laravel/framework/src/Illuminate/Encryption/EncryptionServiceProvider.php(32): Illuminate\\Encryption\\Encrypter->__construct()
console-1        | #1 /app/vendor/laravel/framework/src/Illuminate/Container/Container.php(1140): Illuminate\\Encryption\\EncryptionServiceProvider->{closure:Illuminate\\Encryption\\EncryptionServiceProvider::registerEncrypter():29}()
console-1        | #2 /app/vendor/laravel/framework/src/Illuminate/Container/Container.php(939): Illuminate\\Container\\Container->build()
console-1        | #3 /app/vendor/laravel/framework/src/Illuminate/Foundation/Application.php(1086): Illuminate\\Container\\Container->resolve()
console-1        | #4 /app/vendor/laravel/framework/src/Illuminate/Container/Container.php(867): Illuminate\\Foundation\\Application->resolve()
console-1        | #5 /app/vendor/laravel/framework/src/Illuminate/Foundation/Application.php(1066): Illuminate\\Container\\Container->make()
console-1        | #6 /app/vendor/laravel/framework/src/Illuminate/Container/Container.php(1846): Illuminate\\Foundation\\Application->make()
console-1        | #7 /app/vendor/laravel/framework/src/Illuminate/Session/SessionManager.php(219): Illuminate\\Container\\Container->offsetGet()
console-1        | #8 /app/vendor/laravel/framework/src/Illuminate/Session/SessionManager.php(199): Illuminate\\Session\\SessionManager->buildEncryptedSession()
console-1        | #9 /app/vendor/laravel/framework/src/Illuminate/Session/SessionManager.php(96): Illuminate\\Session\\SessionManager->buildSession()
console-1        | #10 /app/vendor/laravel/framework/src/Illuminate/Support/Manager.php(105): Illuminate\\Session\\SessionManager->createDatabaseDriver()
console-1        | #11 /app/vendor/laravel/framework/src/Illuminate/Support/Manager.php(82): Illuminate\\Support\\Manager->createDriver()
console-1        | #12 /app/vendor/laravel/framework/src/Illuminate/Session/SessionServiceProvider.php(52): Illuminate\\Support\\Manager->driver()
console-1        | #13 /app/vendor/laravel/framework/src/Illuminate/Container/Container.php(1140): Illuminate\\Session\\SessionServiceProvider->{closure:Illuminate\\Session\\SessionServiceProvider::registerSessionDriver():48}()
console-1        | #14 /app/vendor/laravel/framework/src/Illuminate/Container/Container.php(939): Illuminate\\Container\\Container->build()
console-1        | #15 /app/vendor/laravel/framework/src/Illuminate/Foundation/Application.php(1086): Illuminate\\Container\\Container->resolve()
console-1        | #16 /app/vendor/laravel/framework/src/Illuminate/Container/Container.php(867): Illuminate\\Foundation\\Application->resolve()
console-1        | #17 /app/vendor/laravel/framework/src/Illuminate/Foundation/Application.php(1066): Illuminate\\Container\\Container->make()
console-1        | #18 /app/vendor/laravel/framework/src/Illuminate/Container/Container.php(1846): Illuminate\\Foundation\\Application->make()
console-1        | #19 /app/vendor/laravel/framework/src/Illuminate/Routing/RoutingServiceProvider.php(121): Illuminate\\Container\\Container->offsetGet()
console-1        | #20 /app/vendor/laravel/framework/src/Illuminate/Container/Container.php(1140): Illuminate\\Routing\\RoutingServiceProvider->{closure:Illuminate\\Routing\\RoutingServiceProvider::registerRedirector():114}()
console-1        | #21 /app/vendor/laravel/framework/src/Illuminate/Container/Container.php(939): Illuminate\\Container\\Container->build()
console-1        | #22 /app/vendor/laravel/framework/src/Illuminate/Foundation/Application.php(1086): Illuminate\\Container\\Container->resolve()
console-1        | #23 /app/vendor/laravel/framework/src/Illuminate/Container/Container.php(867): Illuminate\\Foundation\\Application->resolve()
console-1        | #24 /app/vendor/laravel/framework/src/Illuminate/Foundation/Application.php(1066): Illuminate\\Container\\Container->make()
console-1        | #25 /app/vendor/laravel/framework/src/Illuminate/Container/Container.php(1846): Illuminate\\Foundation\\Application->make()
console-1        | #26 /app/vendor/laravel/framework/src/Illuminate/Routing/RoutingServiceProvider.php(181): Illuminate\\Container\\Container->offsetGet()
console-1        | #27 /app/vendor/laravel/framework/src/Illuminate/Container/Container.php(1140): Illuminate\\Routing\\RoutingServiceProvider->{closure:Illuminate\\Routing\\RoutingServiceProvider::registerResponseFactory():180}()
console-1        | #28 /app/vendor/laravel/framework/src/Illuminate/Container/Container.php(939): Illuminate\\Container\\Container->build()
console-1        | #29 /app/vendor/laravel/framework/src/Illuminate/Foundation/Application.php(1086): Illuminate\\Container\\Container->resolve()
console-1        | #30 /app/vendor/laravel/framework/src/Illuminate/Container/Container.php(867): Illuminate\\Foundation\\Application->resolve()
console-1        | #31 /app/vendor/laravel/framework/src/Illuminate/Foundation/Application.php(1066): Illuminate\\Container\\Container->make()
console-1        | #32 /app/vendor/laravel/framework/src/Illuminate/Foundation/helpers.php(138): Illuminate\\Foundation\\Application->make()
console-1        | #33 /app/vendor/laravel/framework/src/Illuminate/Foundation/helpers.php(850): app()
console-1        | #34 /app/vendor/laravel/framework/src/Illuminate/Foundation/Exceptions/Handler.php(1042): response()
console-1        | #35 /app/vendor/laravel/framework/src/Illuminate/Foundation/Exceptions/Handler.php(961): Illuminate\\Foundation\\Exceptions\\Handler->renderHttpException()
console-1        | #36 /app/vendor/laravel/framework/src/Illuminate/Foundation/Exceptions/Handler.php(844): Illuminate\\Foundation\\Exceptions\\Handler->prepareResponse()
console-1        | #37 /app/vendor/laravel/framework/src/Illuminate/Foundation/Exceptions/Handler.php(731): Illuminate\\Foundation\\Exceptions\\Handler->renderExceptionResponse()
console-1        | #38 /app/vendor/laravel/framework/src/Illuminate/Foundation/Bootstrap/HandleExceptions.php(228): Illuminate\\Foundation\\Exceptions\\Handler->render()
console-1        | #39 /app/vendor/laravel/framework/src/Illuminate/Foundation/Bootstrap/HandleExceptions.php(205): Illuminate\\Foundation\\Bootstrap\\HandleExceptions->renderHttpResponse()
console-1        | #40 /app/vendor/laravel/framework/src/Illuminate/Foundation/Bootstrap/HandleExceptions.php(265): Illuminate\\Foundation\\Bootstrap\\HandleExceptions->handleException()
console-1        | #41 [internal function]: Illuminate\\Foundation\\Bootstrap\\HandleExceptions->{closure:Illuminate\\Foundation\\Bootstrap\\HandleExceptions::forwardsTo():264}()
console-1        | #42 {main}
console-1        | "} 
console-1        | NOTICE: PHP message: PHP Fatal error:  Uncaught RuntimeException: Unsupported cipher or incorrect key length. Supported ciphers are: aes-128-cbc, aes-256-cbc, aes-128-gcm, aes-256-gcm. in /app/vendor/laravel/framework/src/Illuminate/Encryption/Encrypter.php:61
console-1        | Stack trace:
console-1        | #0 /app/vendor/laravel/framework/src/Illuminate/Encryption/EncryptionServiceProvider.php(32): Illuminate\Encryption\Encrypter->__construct()
console-1        | #1 /app/vendor/laravel/framework/src/Illuminate/Container/Container.php(1140): Illuminate\Encryption\EncryptionServiceProvider->{closure:Illuminate\Encryption\EncryptionServiceProvider::registerEncrypter():29}()
console-1        | #2 /app/vendor/laravel/framework/src/Illuminate/Container/Container.php(939): Illuminate\Container\Container->build()
console-1        | #3 /app/vendor/laravel/framework/src/Illuminate/Foundation/Application.php(1086): Illuminate\Container\Container->resolve()
console-1        | #4 /app/vendor/laravel/framework/src/Illuminate/Container/Container.php(867): Illuminate\Foundation\Application->resolve()
console-1        | #5 /app/vendor/laravel/framework/src/Illuminate/Foundation/Application.php(1066): Illuminate\Container\Container->make()
console-1        | #6 /app/vendor/laravel/framework/src/Illuminate/Container/Container.php(1846): Illuminate\Foundation\Application->make()
console-1        | #7 /app/vendor/laravel/framework/src/Illuminate/Session/SessionManager.php(219): Illuminate\Container\Container->offsetGet()
console-1        | #8 /app/vendor/laravel/framework/src/Illuminate/Session/SessionManager.php(199): Illuminate\Session\SessionManager->buildEncryptedSession()
console-1        | #9 /app/vendor/laravel/framework/src/Illuminate/Session/SessionManager.php(96): Illuminate\Session\SessionManager->buildSession()
console-1        | #10 /app/vendor/laravel/framework/src/Illuminate/Support/Manager.php(105): Illuminate\Session\SessionManager->createDatabaseDriver()
console-1        | #11 /app/vendor/laravel/framework/src/Illuminate/Support/Manager.php(82): Illuminate\Support\Manager->createDriver()
console-1        | #12 /app/vendor/laravel/framework/src/Illuminate/Session/SessionServiceProvider.php(52): Illuminate\Support\Manager->driver()
console-1        | #13 /app/vendor/laravel/framework/src/Illuminate/Container/Container.php(1140): Illuminate\Session\SessionServiceProvider->{closure:Illuminate\Session\SessionServiceProvider::registerSessionDriver():48}()
console-1        | #14 /app/vendor/laravel/framework/src/Illuminate/Container/Container.php(939): Illuminate\Container\Container->build()
console-1        | #15 /app/vendor/laravel/framework/src/Illuminate/Foundation/Application.php(1086): Illuminate\Container\Container->resolve()
console-1        | #16 /app/vendor/laravel/framework/src/Illuminate/Container/Container.php(867): Illuminate\Foundation\Application->resolve()
console-1        | #17 /app/vendor/laravel/framework/src/Illuminate/Foundation/Application.php(1066): Illuminate\Container\Container->make()
console-1        | #18 /app/vendor/laravel/framework/src/Illuminate/Container/Container.php(1846): Illuminate\Foundation\Application->make()
console-1        | #19 /app/vendor/laravel/framework/src/Illuminate/Routing/RoutingServiceProvider.php(121): Illuminate\Container\Container->offsetGet()
console-1        | #20 /app/vendor/laravel/framework/src/Illuminate/Container/Container.php(1140): Illuminate\Routing\RoutingServiceProvider->{closure:Illuminate\Routing\RoutingServiceProvider::registerRedirector():114}()
console-1        | #21 /app/vendor/laravel/framework/src/Illuminate/Container/Container.php(939): Illuminate\Container\Container->build()
console-1        | #22 /app/vendor/laravel/framework/src/Illuminate/Foundation/Application.php(1086): Illuminate\Container\Container->resolve()
console-1        | #23 /app/vendor/laravel/framework/src/Illuminate/Container/Container.php(867): Illuminate\Foundation\Application->resolve()
console-1        | #24 /app/vendor/laravel/framework/src/Illuminate/Foundation/Application.php(1066): Illuminate\Container\Container->make()
console-1        | #25 /app/vendor/laravel/framework/src/Illuminate/Container/Container.php(1846): Illuminate\Foundation\Application->make()
console-1        | #26 /app/vendor/laravel/framework/src/Illuminate/Routing/RoutingServiceProvider.php(181): Illuminate\Container\Container->offsetGet()
console-1        | #27 /app/vendor/laravel/framework/src/Illuminate/Container/Container.php(1140): Illuminate\Routing\RoutingServiceProvider->{closure:Illuminate\Routing\RoutingServiceProvider::registerResponseFactory():180}()
console-1        | #28 /app/vendor/laravel/framework/src/Illuminate/Container/Container.php(939): Illuminate\Container\Container->build()
console-1        | #29 /app/vendor/laravel/framework/src/Illuminate/Foundation/Application.php(1086): Illuminate\Container\Container->resolve()
console-1        | #30 /app/vendor/laravel/framework/src/Illuminate/Container/Container.php(867): Illuminate\Foundation\Application->resolve()
console-1        | #31 /app/vendor/laravel/framework/src/Illuminate/Foundation/Application.php(1066): Illuminate\Container\Container->make()
console-1        | #32 /app/vendor/laravel/framework/src/Illuminate/Foundation/helpers.php(138): Illuminate\Foundation\Application->make()
console-1        | #33 /app/vendor/laravel/framework/src/Illuminate/Foundation/helpers.php(850): app()
console-1        | #34 /app/vendor/laravel/framework/src/Illuminate/Foundation/Exceptions/Handler.php(1103): response()
console-1        | #35 /app/vendor/laravel/framework/src/Illuminate/Foundation/Exceptions/Handler.php(960): Illuminate\Foundation\Exceptions\Handler->toIlluminateResponse()
console-1        | #36 /app/vendor/laravel/framework/src/Illuminate/Foundation/Exceptions/Handler.php(844): Illuminate\Foundation\Exceptions\Handler->prepareResponse()
console-1        | #37 /app/vendor/laravel/framework/src/Illuminate/Foundation/Exceptions/Handler.php(731): Illuminate\Foundation\Exceptions\Handler->renderExceptionResponse()
console-1        | #38 /app/vendor/laravel/framework/src/Illuminate/Foundation/Bootstrap/HandleExceptions.php(228): Illuminate\Foundation\Exceptions\Handler->render()
console-1        | #39 /app/vendor/laravel/framework/src/Illuminate/Foundation/Bootstrap/HandleExceptions.php(205): Illuminate\Foundation\Bootstrap\HandleExceptions->renderHttpResponse()
console-1        | #40 /app/vendor/laravel/framework/src/Illuminate/Foundation/Bootstrap/HandleExceptions.php(265): Illuminate\Foundation\Bootstrap\HandleExceptions->handleException()
console-1        | #41 [internal function]: Illuminate\Foundation\Bootstrap\HandleExceptions->{closure:Illuminate\Foundation\Bootstrap\HandleExceptions::forwardsTo():264}()
console-1        | #42 {main}
console-1        |   thrown in /app/vendor/laravel/framework/src/Illuminate/Encryption/Encrypter.php on line 61
console-1        | 192.168.80.3 -  05/Oct/2026:03:28:38 +0000 "GET /index.php" 500
console-1        | [2026-10-05 03:28:38] production.ERROR: Uncaught RuntimeException: Unsupported cipher or incorrect key length. Supported ciphers are: aes-128-cbc, aes-256-cbc, aes-128-gcm, aes-256-gcm. in /app/vendor/laravel/framework/src/Illuminate/Encryption/Encrypter.php:61
console-1        | Stack trace:
console-1        | #0 /app/vendor/laravel/framework/src/Illuminate/Encryption/EncryptionServiceProvider.php(32): Illuminate\Encryption\Encrypter->__construct()
console-1        | #1 /app/vendor/laravel/framework/src/Illuminate/Container/Container.php(1140): Illuminate\Encryption\EncryptionServiceProvider->{closure:Illuminate\Encryption\EncryptionServiceProvider::registerEncrypter():29}()
console-1        | #2 /app/vendor/laravel/framework/src/Illuminate/Container/Container.php(939): Illuminate\Container\Container->build()
console-1        | #3 /app/vendor/laravel/framework/src/Illuminate/Foundation/Application.php(1086): Illuminate\Container\Container->resolve()
console-1        | #4 /app/vendor/laravel/framework/src/Illuminate/Container/Container.php(867): Illuminate\Foundation\Application->resolve()
console-1        | #5 /app/vendor/laravel/framework/src/Illuminate/Foundation/Application.php(1066): Illuminate\Container\Container->make()
console-1        | #6 /app/vendor/laravel/framework/src/Illuminate/Container/Container.php(1846): Illuminate\Foundation\Application->make()
console-1        | #7 /app/vendor/laravel/framework/src/Illuminate/Session/SessionManager.php(219): Illuminate\Container\Container->offsetGet()
console-1        | #8 /app/vendor/laravel/framework/src/Illuminate/Session/SessionManager.php(199): Illuminate\Session\SessionManager->buildEncryptedSession()
console-1        | #9 /app/vendor/laravel/framework/src/Illuminate/Session/SessionManager.php(96): Illuminate\Session\SessionManager->buildSession()
console-1        | #10 /app/vendor/laravel/framework/src/Illuminate/Support/Manager.php(105): Illuminate\Session\SessionManager->createDatabaseDriver()
console-1        | #11 /app/vendor/laravel/framework/src/Illuminate/Support/Manager.php(82): Illuminate\Support\Manager->createDriver()
console-1        | #12 /app/vendor/laravel/framework/src/Illuminate/Session/SessionServiceProvider.php(52): Illuminate\Support\Manager->driver()
console-1        | #13 /app/vendor/laravel/framework/src/Illuminate/Container/Container.php(1140): Illuminate\Session\SessionServiceProvider->{closure:Illuminate\Session\SessionServiceProvider::registerSessionDriver():48}()
console-1        | #14 /app/vendor/laravel/framework/src/Illuminate/Container/Container.php(939): Illuminate\Container\Container->build()
console-1        | #15 /app/vendor/laravel/framework/src/Illuminate/Foundation/Application.php(1086): Illuminate\Container\Container->resolve()
console-1        | #16 /app/vendor/laravel/framework/src/Illuminate/Container/Container.php(867): Illuminate\Foundation\Application->resolve()
console-1        | #17 /app/vendor/laravel/framework/src/Illuminate/Foundation/Application.php(1066): Illuminate\Container\Container->make()
console-1        | #18 /app/vendor/laravel/framework/src/Illuminate/Container/Container.php(1846): Illuminate\Foundation\Application->make()
console-1        | #19 /app/vendor/laravel/framework/src/Illuminate/Routing/RoutingServiceProvider.php(121): Illuminate\Container\Container->offsetGet()
console-1        | #20 /app/vendor/laravel/framework/src/Illuminate/Container/Container.php(1140): Illuminate\Routing\RoutingServiceProvider->{closure:Illuminate\Routing\RoutingServiceProvider::registerRedirector():114}()
console-1        | #21 /app/vendor/laravel/framework/src/Illuminate/Container/Container.php(939): Illuminate\Container\Container->build()
console-1        | #22 /app/vendor/laravel/framework/src/Illuminate/Foundation/Application.php(1086): Illuminate\Container\Container->resolve()
console-1        | #23 /app/vendor/laravel/framework/src/Illuminate/Container/Container.php(867): Illuminate\Foundation\Application->resolve()
console-1        | #24 /app/vendor/laravel/framework/src/Illuminate/Foundation/Application.php(1066): Illuminate\Container\Container->make()
console-1        | #25 /app/vendor/laravel/framework/src/Illuminate/Container/Container.php(1846): Illuminate\Foundation\Application->make()
console-1        | #26 /app/vendor/laravel/framework/src/Illuminate/Routing/RoutingServiceProvider.php(181): Illuminate\Container\Container->offsetGet()
console-1        | #27 /app/vendor/laravel/framework/src/Illuminate/Container/Container.php(1140): Illuminate\Routing\RoutingServiceProvider->{closure:Illuminate\Routing\RoutingServiceProvider::registerResponseFactory():180}()
console-1        | #28 /app/vendor/laravel/framework/src/Illuminate/Container/Container.php(939): Illuminate\Container\Container->build()
console-1        | #29 /app/vendor/laravel/framework/src/Illuminate/Foundation/Application.php(1086): Illuminate\Container\Container->resolve()
console-1        | #30 /app/vendor/laravel/framework/src/Illuminate/Container/Container.php(867): Illuminate\Foundation\Application->resolve()
console-1        | #31 /app/vendor/laravel/framework/src/Illuminate/Foundation/Application.php(1066): Illuminate\Container\Container->make()
console-1        | #32 /app/vendor/laravel/framework/src/Illuminate/Foundation/helpers.php(138): Illuminate\Foundation\Application->make()
console-1        | #33 /app/vendor/laravel/framework/src/Illuminate/Foundation/helpers.php(850): app()
console-1        | #34 /app/vendor/laravel/framework/src/Illuminate/Foundation/Exceptions/Handler.php(1103): response()
console-1        | #35 /app/vendor/laravel/framework/src/Illuminate/Foundation/Exceptions/Handler.php(960): Illuminate\Foundation\Exceptions\Handler->toIlluminateResponse()
console-1        | #36 /app/vendor/laravel/framework/src/Illuminate/Foundation/Exceptions/Handler.php(844): Illuminate\Foundation\Exceptions\Handler->prepareResponse()
console-1        | #37 /app/vendor/laravel/framework/src/Illuminate/Foundation/Exceptions/Handler.php(731): Illuminate\Foundation\Exceptions\Handler->renderExceptionResponse()
console-1        | #38 /app/vendor/laravel/framework/src/Illuminate/Foundation/Bootstrap/HandleExceptions.php(228): Illuminate\Foundation\Exceptions\Handler->render()
console-1        | #39 /app/vendor/laravel/framework/src/Illuminate/Foundation/Bootstrap/HandleExceptions.php(205): Illuminate\Foundation\Bootstrap\HandleExceptions->renderHttpResponse()
console-1        | #40 /app/vendor/laravel/framework/src/Illuminate/Foundation/Bootstrap/HandleExceptions.php(265): Illuminate\Foundation\Bootstrap\HandleExceptions->handleException()
console-1        | #41 [internal function]: Illuminate\Foundation\Bootstrap\HandleExceptions->{closure:Illuminate\Foundation\Bootstrap\HandleExceptions::forwardsTo():264}()
console-1        | #42 {main}
console-1        |   thrown {"exception":"[object] (Symfony\\Component\\ErrorHandler\\Error\\FatalError(code: 0): Uncaught RuntimeException: Unsupported cipher or incorrect key length. Supported ciphers are: aes-128-cbc, aes-256-cbc, aes-128-gcm, aes-256-gcm. in /app/vendor/laravel/framework/src/Illuminate/Encryption/Encrypter.php:61
console-1        | Stack trace:
console-1        | #0 /app/vendor/laravel/framework/src/Illuminate/Encryption/EncryptionServiceProvider.php(32): Illuminate\\Encryption\\Encrypter->__construct()
console-1        | #1 /app/vendor/laravel/framework/src/Illuminate/Container/Container.php(1140): Illuminate\\Encryption\\EncryptionServiceProvider->{closure:Illuminate\\Encryption\\EncryptionServiceProvider::registerEncrypter():29}()
console-1        | #2 /app/vendor/laravel/framework/src/Illuminate/Container/Container.php(939): Illuminate\\Container\\Container->build()
console-1        | #3 /app/vendor/laravel/framework/src/Illuminate/Foundation/Application.php(1086): Illuminate\\Container\\Container->resolve()
console-1        | #4 /app/vendor/laravel/framework/src/Illuminate/Container/Container.php(867): Illuminate\\Foundation\\Application->resolve()
console-1        | #5 /app/vendor/laravel/framework/src/Illuminate/Foundation/Application.php(1066): Illuminate\\Container\\Container->make()
console-1        | #6 /app/vendor/laravel/framework/src/Illuminate/Container/Container.php(1846): Illuminate\\Foundation\\Application->make()
console-1        | #7 /app/vendor/laravel/framework/src/Illuminate/Session/SessionManager.php(219): Illuminate\\Container\\Container->offsetGet()
console-1        | #8 /app/vendor/laravel/framework/src/Illuminate/Session/SessionManager.php(199): Illuminate\\Session\\SessionManager->buildEncryptedSession()
console-1        | #9 /app/vendor/laravel/framework/src/Illuminate/Session/SessionManager.php(96): Illuminate\\Session\\SessionManager->buildSession()
console-1        | #10 /app/vendor/laravel/framework/src/Illuminate/Support/Manager.php(105): Illuminate\\Session\\SessionManager->createDatabaseDriver()
console-1        | #11 /app/vendor/laravel/framework/src/Illuminate/Support/Manager.php(82): Illuminate\\Support\\Manager->createDriver()
console-1        | #12 /app/vendor/laravel/framework/src/Illuminate/Session/SessionServiceProvider.php(52): Illuminate\\Support\\Manager->driver()
console-1        | #13 /app/vendor/laravel/framework/src/Illuminate/Container/Container.php(1140): Illuminate\\Session\\SessionServiceProvider->{closure:Illuminate\\Session\\SessionServiceProvider::registerSessionDriver():48}()
console-1        | #14 /app/vendor/laravel/framework/src/Illuminate/Container/Container.php(939): Illuminate\\Container\\Container->build()
console-1        | #15 /app/vendor/laravel/framework/src/Illuminate/Foundation/Application.php(1086): Illuminate\\Container\\Container->resolve()
console-1        | #16 /app/vendor/laravel/framework/src/Illuminate/Container/Container.php(867): Illuminate\\Foundation\\Application->resolve()
console-1        | #17 /app/vendor/laravel/framework/src/Illuminate/Foundation/Application.php(1066): Illuminate\\Container\\Container->make()
console-1        | #18 /app/vendor/laravel/framework/src/Illuminate/Container/Container.php(1846): Illuminate\\Foundation\\Application->make()
console-1        | #19 /app/vendor/laravel/framework/src/Illuminate/Routing/RoutingServiceProvider.php(121): Illuminate\\Container\\Container->offsetGet()
console-1        | #20 /app/vendor/laravel/framework/src/Illuminate/Container/Container.php(1140): Illuminate\\Routing\\RoutingServiceProvider->{closure:Illuminate\\Routing\\RoutingServiceProvider::registerRedirector():114}()
console-1        | #21 /app/vendor/laravel/framework/src/Illuminate/Container/Container.php(939): Illuminate\\Container\\Container->build()
console-1        | #22 /app/vendor/laravel/framework/src/Illuminate/Foundation/Application.php(1086): Illuminate\\Container\\Container->resolve()
console-1        | #23 /app/vendor/laravel/framework/src/Illuminate/Container/Container.php(867): Illuminate\\Foundation\\Application->resolve()
console-1        | #24 /app/vendor/laravel/framework/src/Illuminate/Foundation/Application.php(1066): Illuminate\\Container\\Container->make()
console-1        | #25 /app/vendor/laravel/framework/src/Illuminate/Container/Container.php(1846): Illuminate\\Foundation\\Application->make()
console-1        | #26 /app/vendor/laravel/framework/src/Illuminate/Routing/RoutingServiceProvider.php(181): Illuminate\\Container\\Container->offsetGet()
console-1        | #27 /app/vendor/laravel/framework/src/Illuminate/Container/Container.php(1140): Illuminate\\Routing\\RoutingServiceProvider->{closure:Illuminate\\Routing\\RoutingServiceProvider::registerResponseFactory():180}()
console-1        | #28 /app/vendor/laravel/framework/src/Illuminate/Container/Container.php(939): Illuminate\\Container\\Container->build()
console-1        | #29 /app/vendor/laravel/framework/src/Illuminate/Foundation/Application.php(1086): Illuminate\\Container\\Container->resolve()
console-1        | #30 /app/vendor/laravel/framework/src/Illuminate/Container/Container.php(867): Illuminate\\Foundation\\Application->resolve()
console-1        | #31 /app/vendor/laravel/framework/src/Illuminate/Foundation/Application.php(1066): Illuminate\\Container\\Container->make()
console-1        | #32 /app/vendor/laravel/framework/src/Illuminate/Foundation/helpers.php(138): Illuminate\\Foundation\\Application->make()
console-1        | #33 /app/vendor/laravel/framework/src/Illuminate/Foundation/helpers.php(850): app()
console-1        | #34 /app/vendor/laravel/framework/src/Illuminate/Foundation/Exceptions/Handler.php(1103): response()
console-1        | #35 /app/vendor/laravel/framework/src/Illuminate/Foundation/Exceptions/Handler.php(960): Illuminate\\Foundation\\Exceptions\\Handler->toIlluminateResponse()
console-1        | #36 /app/vendor/laravel/framework/src/Illuminate/Foundation/Exceptions/Handler.php(844): Illuminate\\Foundation\\Exceptions\\Handler->prepareResponse()
console-1        | #37 /app/vendor/laravel/framework/src/Illuminate/Foundation/Exceptions/Handler.php(731): Illuminate\\Foundation\\Exceptions\\Handler->renderExceptionResponse()
console-1        | #38 /app/vendor/laravel/framework/src/Illuminate/Foundation/Bootstrap/HandleExceptions.php(228): Illuminate\\Foundation\\Exceptions\\Handler->render()
console-1        | #39 /app/vendor/laravel/framework/src/Illuminate/Foundation/Bootstrap/HandleExceptions.php(205): Illuminate\\Foundation\\Bootstrap\\HandleExceptions->renderHttpResponse()
console-1        | #40 /app/vendor/laravel/framework/src/Illuminate/Foundation/Bootstrap/HandleExceptions.php(265): Illuminate\\Foundation\\Bootstrap\\HandleExceptions->handleException()
console-1        | #41 [internal function]: Illuminate\\Foundation\\Bootstrap\\HandleExceptions->{closure:Illuminate\\Foundation\\Bootstrap\\HandleExceptions::forwardsTo():264}()
console-1        | #42 {main}
console-1        |   thrown at /app/vendor/laravel/framework/src/Illuminate/Encryption/Encrypter.php:61)
console-1        | [stacktrace]
console-1        | #0 {main}
console-1        | "} 
console-1        | [2026-10-05 03:28:38] production.ERROR: Unsupported cipher or incorrect key length. Supported ciphers are: aes-128-cbc, aes-256-cbc, aes-128-gcm, aes-256-gcm. {"exception":"[object] (RuntimeException(code: 0): Unsupported cipher or incorrect key length. Supported ciphers are: aes-128-cbc, aes-256-cbc, aes-128-gcm, aes-256-gcm. at /app/vendor/laravel/framework/src/Illuminate/Encryption/Encrypter.php:61)
console-1        | [stacktrace]
console-1        | #0 /app/vendor/laravel/framework/src/Illuminate/Encryption/EncryptionServiceProvider.php(32): Illuminate\\Encryption\\Encrypter->__construct()
console-1        | #1 /app/vendor/laravel/framework/src/Illuminate/Container/Container.php(1140): Illuminate\\Encryption\\EncryptionServiceProvider->{closure:Illuminate\\Encryption\\EncryptionServiceProvider::registerEncrypter():29}()
console-1        | #2 /app/vendor/laravel/framework/src/Illuminate/Container/Container.php(939): Illuminate\\Container\\Container->build()
console-1        | #3 /app/vendor/laravel/framework/src/Illuminate/Foundation/Application.php(1086): Illuminate\\Container\\Container->resolve()
console-1        | #4 /app/vendor/laravel/framework/src/Illuminate/Container/Container.php(867): Illuminate\\Foundation\\Application->resolve()
console-1        | #5 /app/vendor/laravel/framework/src/Illuminate/Foundation/Application.php(1066): Illuminate\\Container\\Container->make()
console-1        | #6 /app/vendor/laravel/framework/src/Illuminate/Container/Container.php(1846): Illuminate\\Foundation\\Application->make()
console-1        | #7 /app/vendor/laravel/framework/src/Illuminate/Session/SessionManager.php(219): Illuminate\\Container\\Container->offsetGet()
console-1        | #8 /app/vendor/laravel/framework/src/Illuminate/Session/SessionManager.php(199): Illuminate\\Session\\SessionManager->buildEncryptedSession()
console-1        | #9 /app/vendor/laravel/framework/src/Illuminate/Session/SessionManager.php(96): Illuminate\\Session\\SessionManager->buildSession()
console-1        | #10 /app/vendor/laravel/framework/src/Illuminate/Support/Manager.php(105): Illuminate\\Session\\SessionManager->createDatabaseDriver()
console-1        | #11 /app/vendor/laravel/framework/src/Illuminate/Support/Manager.php(82): Illuminate\\Support\\Manager->createDriver()
console-1        | #12 /app/vendor/laravel/framework/src/Illuminate/Session/SessionServiceProvider.php(52): Illuminate\\Support\\Manager->driver()
console-1        | #13 /app/vendor/laravel/framework/src/Illuminate/Container/Container.php(1140): Illuminate\\Session\\SessionServiceProvider->{closure:Illuminate\\Session\\SessionServiceProvider::registerSessionDriver():48}()
console-1        | #14 /app/vendor/laravel/framework/src/Illuminate/Container/Container.php(939): Illuminate\\Container\\Container->build()
console-1        | #15 /app/vendor/laravel/framework/src/Illuminate/Foundation/Application.php(1086): Illuminate\\Container\\Container->resolve()
console-1        | #16 /app/vendor/laravel/framework/src/Illuminate/Container/Container.php(867): Illuminate\\Foundation\\Application->resolve()
console-1        | #17 /app/vendor/laravel/framework/src/Illuminate/Foundation/Application.php(1066): Illuminate\\Container\\Container->make()
console-1        | #18 /app/vendor/laravel/framework/src/Illuminate/Container/Container.php(1846): Illuminate\\Foundation\\Application->make()
console-1        | #19 /app/vendor/laravel/framework/src/Illuminate/Routing/RoutingServiceProvider.php(121): Illuminate\\Container\\Container->offsetGet()
console-1        | #20 /app/vendor/laravel/framework/src/Illuminate/Container/Container.php(1140): Illuminate\\Routing\\RoutingServiceProvider->{closure:Illuminate\\Routing\\RoutingServiceProvider::registerRedirector():114}()
console-1        | #21 /app/vendor/laravel/framework/src/Illuminate/Container/Container.php(939): Illuminate\\Container\\Container->build()
console-1        | #22 /app/vendor/laravel/framework/src/Illuminate/Foundation/Application.php(1086): Illuminate\\Container\\Container->resolve()
console-1        | #23 /app/vendor/laravel/framework/src/Illuminate/Container/Container.php(867): Illuminate\\Foundation\\Application->resolve()
console-1        | #24 /app/vendor/laravel/framework/src/Illuminate/Foundation/Application.php(1066): Illuminate\\Container\\Container->make()
console-1        | #25 /app/vendor/laravel/framework/src/Illuminate/Container/Container.php(1846): Illuminate\\Foundation\\Application->make()
console-1        | #26 /app/vendor/laravel/framework/src/Illuminate/Routing/RoutingServiceProvider.php(181): Illuminate\\Container\\Container->offsetGet()
console-1        | #27 /app/vendor/laravel/framework/src/Illuminate/Container/Container.php(1140): Illuminate\\Routing\\RoutingServiceProvider->{closure:Illuminate\\Routing\\RoutingServiceProvider::registerResponseFactory():180}()
console-1        | #28 /app/vendor/laravel/framework/src/Illuminate/Container/Container.php(939): Illuminate\\Container\\Container->build()
console-1        | #29 /app/vendor/laravel/framework/src/Illuminate/Foundation/Application.php(1086): Illuminate\\Container\\Container->resolve()
console-1        | #30 /app/vendor/laravel/framework/src/Illuminate/Container/Container.php(867): Illuminate\\Foundation\\Application->resolve()
console-1        | #31 /app/vendor/laravel/framework/src/Illuminate/Foundation/Application.php(1066): Illuminate\\Container\\Container->make()
console-1        | #32 /app/vendor/laravel/framework/src/Illuminate/Foundation/helpers.php(138): Illuminate\\Foundation\\Application->make()
console-1        | #33 /app/vendor/laravel/framework/src/Illuminate/Foundation/helpers.php(850): app()
console-1        | #34 /app/vendor/laravel/framework/src/Illuminate/Foundation/Exceptions/Handler.php(1042): response()
console-1        | #35 /app/vendor/laravel/framework/src/Illuminate/Foundation/Exceptions/Handler.php(961): Illuminate\\Foundation\\Exceptions\\Handler->renderHttpException()
console-1        | #36 /app/vendor/laravel/framework/src/Illuminate/Foundation/Exceptions/Handler.php(844): Illuminate\\Foundation\\Exceptions\\Handler->prepareResponse()
console-1        | #37 /app/vendor/laravel/framework/src/Illuminate/Foundation/Exceptions/Handler.php(731): Illuminate\\Foundation\\Exceptions\\Handler->renderExceptionResponse()
console-1        | #38 /app/vendor/laravel/framework/src/Illuminate/Foundation/Bootstrap/HandleExceptions.php(228): Illuminate\\Foundation\\Exceptions\\Handler->render()
console-1        | #39 /app/vendor/laravel/framework/src/Illuminate/Foundation/Bootstrap/HandleExceptions.php(205): Illuminate\\Foundation\\Bootstrap\\HandleExceptions->renderHttpResponse()
console-1        | #40 /app/vendor/laravel/framework/src/Illuminate/Foundation/Bootstrap/HandleExceptions.php(241): Illuminate\\Foundation\\Bootstrap\\HandleExceptions->handleException()
console-1        | #41 /app/vendor/laravel/framework/src/Illuminate/Foundation/Bootstrap/HandleExceptions.php(265): Illuminate\\Foundation\\Bootstrap\\HandleExceptions->handleShutdown()
console-1        | #42 [internal function]: Illuminate\\Foundation\\Bootstrap\\HandleExceptions->{closure:Illuminate\\Foundation\\Bootstrap\\HandleExceptions::forwardsTo():264}()
console-1        | #43 {main}
console-1        | "} 
console-1        | NOTICE: PHP message: PHP Fatal error:  Uncaught RuntimeException: Unsupported cipher or incorrect key length. Supported ciphers are: aes-128-cbc, aes-256-cbc, aes-128-gcm, aes-256-gcm. in /app/vendor/laravel/framework/src/Illuminate/Encryption/Encrypter.php:61
console-1        | Stack trace:
console-1        | #0 /app/vendor/laravel/framework/src/Illuminate/Encryption/EncryptionServiceProvider.php(32): Illuminate\Encryption\Encrypter->__construct()
console-1        | #1 /app/vendor/laravel/framework/src/Illuminate/Container/Container.php(1140): Illuminate\Encryption\EncryptionServiceProvider->{closure:Illuminate\Encryption\EncryptionServiceProvider::registerEncrypter():29}()
console-1        | #2 /app/vendor/laravel/framework/src/Illuminate/Container/Container.php(939): Illuminate\Container\Container->build()
console-1        | #3 /app/vendor/laravel/framework/src/Illuminate/Foundation/Application.php(1086): Illuminate\Container\Container->resolve()
console-1        | #4 /app/vendor/laravel/framework/src/Illuminate/Container/Container.php(867): Illuminate\Foundation\Application->resolve()
console-1        | #5 /app/vendor/laravel/framework/src/Illuminate/Foundation/Application.php(1066): Illuminate\Container\Container->make()
console-1        | #6 /app/vendor/laravel/framework/src/Illuminate/Container/Container.php(1846): Illuminate\Foundation\Application->make()
console-1        | #7 /app/vendor/laravel/framework/src/Illuminate/Session/SessionManager.php(219): Illuminate\Container\Container->offsetGet()
console-1        | #8 /app/vendor/laravel/framework/src/Illuminate/Session/SessionManager.php(199): Illuminate\Session\SessionManager->buildEncryptedSession()
console-1        | #9 /app/vendor/laravel/framework/src/Illuminate/Session/SessionManager.php(96): Illuminate\Session\SessionManager->buildSession()
console-1        | #10 /app/vendor/laravel/framework/src/Illuminate/Support/Manager.php(105): Illuminate\Session\SessionManager->createDatabaseDriver()
console-1        | #11 /app/vendor/laravel/framework/src/Illuminate/Support/Manager.php(82): Illuminate\Support\Manager->createDriver()
console-1        | #12 /app/vendor/laravel/framework/src/Illuminate/Session/SessionServiceProvider.php(52): Illuminate\Support\Manager->driver()
console-1        | #13 /app/vendor/laravel/framework/src/Illuminate/Container/Container.php(1140): Illuminate\Session\SessionServiceProvider->{closure:Illuminate\Session\SessionServiceProvider::registerSessionDriver():48}()
console-1        | #14 /app/vendor/laravel/framework/src/Illuminate/Container/Container.php(939): Illuminate\Container\Container->build()
console-1        | #15 /app/vendor/laravel/framework/src/Illuminate/Foundation/Application.php(1086): Illuminate\Container\Container->resolve()
console-1        | #16 /app/vendor/laravel/framework/src/Illuminate/Container/Container.php(867): Illuminate\Foundation\Application->resolve()
console-1        | #17 /app/vendor/laravel/framework/src/Illuminate/Foundation/Application.php(1066): Illuminate\Container\Container->make()
console-1        | #18 /app/vendor/laravel/framework/src/Illuminate/Container/Container.php(1846): Illuminate\Foundation\Application->make()
console-1        | #19 /app/vendor/laravel/framework/src/Illuminate/Routing/RoutingServiceProvider.php(121): Illuminate\Container\Container->offsetGet()
console-1        | #20 /app/vendor/laravel/framework/src/Illuminate/Container/Container.php(1140): Illuminate\Routing\RoutingServiceProvider->{closure:Illuminate\Routing\RoutingServiceProvider::registerRedirector():114}()
console-1        | #21 /app/vendor/laravel/framework/src/Illuminate/Container/Container.php(939): Illuminate\Container\Container->build()
console-1        | #22 /app/vendor/laravel/framework/src/Illuminate/Foundation/Application.php(1086): Illuminate\Container\Container->resolve()
console-1        | #23 /app/vendor/laravel/framework/src/Illuminate/Container/Container.php(867): Illuminate\Foundation\Application->resolve()
console-1        | #24 /app/vendor/laravel/framework/src/Illuminate/Foundation/Application.php(1066): Illuminate\Container\Container->make()
console-1        | #25 /app/vendor/laravel/framework/src/Illuminate/Container/Container.php(1846): Illuminate\Foundation\Application->make()
console-1        | #26 /app/vendor/laravel/framework/src/Illuminate/Routing/RoutingServiceProvider.php(181): Illuminate\Container\Container->offsetGet()
console-1        | #27 /app/vendor/laravel/framework/src/Illuminate/Container/Container.php(1140): Illuminate\Routing\RoutingServiceProvider->{closure:Illuminate\Routing\RoutingServiceProvider::registerResponseFactory():180}()
console-1        | #28 /app/vendor/laravel/framework/src/Illuminate/Container/Container.php(939): Illuminate\Container\Container->build()
console-1        | #29 /app/vendor/laravel/framework/src/Illuminate/Foundation/Application.php(1086): Illuminate\Container\Container->resolve()
console-1        | #30 /app/vendor/laravel/framework/src/Illuminate/Container/Container.php(867): Illuminate\Foundation\Application->resolve()
console-1        | #31 /app/vendor/laravel/framework/src/Illuminate/Foundation/Application.php(1066): Illuminate\Container\Container->make()
console-1        | #32 /app/vendor/laravel/framework/src/Illuminate/Foundation/helpers.php(138): Illuminate\Foundation\Application->make()
console-1        | #33 /app/vendor/laravel/framework/src/Illuminate/Foundation/helpers.php(850): app()
console-1        | #34 /app/vendor/laravel/framework/src/Illuminate/Foundation/Exceptions/Handler.php(1103): response()
console-1        | #35 /app/vendor/laravel/framework/src/Illuminate/Foundation/Exceptions/Handler.php(960): Illuminate\Foundation\Exceptions\Handler->toIlluminateResponse()
console-1        | #36 /app/vendor/laravel/framework/src/Illuminate/Foundation/Exceptions/Handler.php(844): Illuminate\Foundation\Exceptions\Handler->prepareResponse()
console-1        | #37 /app/vendor/laravel/framework/src/Illuminate/Foundation/Exceptions/Handler.php(731): Illuminate\Foundation\Exceptions\Handler->renderExceptionResponse()
console-1        | #38 /app/vendor/laravel/framework/src/Illuminate/Foundation/Bootstrap/HandleExceptions.php(228): Illuminate\Foundation\Exceptions\Handler->render()
console-1        | #39 /app/vendor/laravel/framework/src/Illuminate/Foundation/Bootstrap/HandleExceptions.php(205): Illuminate\Foundation\Bootstrap\HandleExceptions->renderHttpResponse()
console-1        | #40 /app/vendor/laravel/framework/src/Illuminate/Foundation/Bootstrap/HandleExceptions.php(241): Illuminate\Foundation\Bootstrap\HandleExceptions->handleException()
console-1        | #41 /app/vendor/laravel/framework/src/Illuminate/Foundation/Bootstrap/HandleExceptions.php(265): Illuminate\Foundation\Bootstrap\HandleExceptions->handleShutdown()
console-1        | #42 [internal function]: Illuminate\Foundation\Bootstrap\HandleExceptions->{closure:Illuminate\Foundation\Bootstrap\HandleExceptions::forwardsTo():264}()
console-1        | #43 {main}
console-1        |   thrown in /app/vendor/laravel/framework/src/Illuminate/Encryption/Encrypter.php on line 61
console-1        | [05-Oct-2026 03:28:38] NOTICE: Finishing ...
console-1        | [05-Oct-2026 03:28:38] NOTICE: exiting, bye-bye!
console-1        | 
console-1        |    INFO  Configuration cached successfully.  
console-1        | 
console-1        | [05-Oct-2026 03:28:39] NOTICE: [pool www] 'user' directive is ignored when FPM is not running as root
console-1        | [05-Oct-2026 03:28:39] NOTICE: [pool www] 'group' directive is ignored when FPM is not running as root
console-1        | [05-Oct-2026 03:28:39] NOTICE: fpm is running, pid 7
console-1        | [05-Oct-2026 03:28:39] NOTICE: ready to handle connections
console-1        | 192.168.80.3 -  05/Oct/2026:03:28:40 +0000 "GET /index.php" 200
console-1        | 192.168.80.3 -  05/Oct/2026:03:28:40 +0000 "GET /index.php" 200
