{
    "apiVersion": "v1",
    "items": [
        {
            "apiVersion": "v1",
            "kind": "Pod",
            "metadata": {
                "annotations": {
                    "kubectl.kubernetes.io/default-container": "cilium-agent"
                },
                "creationTimestamp": "2026-10-05T00:10:48Z",
                "generateName": "cilium-",
                "generation": 1,
                "labels": {
                    "app.kubernetes.io/name": "cilium-agent",
                    "app.kubernetes.io/part-of": "cilium",
                    "controller-revision-hash": "84f9fdd7fd",
                    "helm.sh/chart": "cilium-1.20.2",
                    "k8s-app": "cilium",
                    "pod-template-generation": "1"
                },
                "name": "cilium-8vpt6",
                "namespace": "kube-system",
                "ownerReferences": [
                    {
                        "apiVersion": "apps/v1",
                        "blockOwnerDeletion": true,
                        "controller": true,
                        "kind": "DaemonSet",
                        "name": "cilium",
                        "uid": "98f0f4b0-b28e-4b27-9f95-99452a4fff04"
                    }
                ],
                "resourceVersion": "711",
                "uid": "aa0bb032-3f43-4df8-a72d-e11f29867560"
            },
            "spec": {
                "affinity": {
                    "nodeAffinity": {
                        "requiredDuringSchedulingIgnoredDuringExecution": {
                            "nodeSelectorTerms": [
                                {
                                    "matchFields": [
                                        {
                                            "key": "metadata.name",
                                            "operator": "In",
                                            "values": [
                                                "p01-5122e256fb49-d9bfefab-worker"
                                            ]
                                        }
                                    ]
                                }
                            ]
                        }
                    },
                    "podAntiAffinity": {
                        "requiredDuringSchedulingIgnoredDuringExecution": [
                            {
                                "labelSelector": {
                                    "matchLabels": {
                                        "k8s-app": "cilium"
                                    }
                                },
                                "topologyKey": "kubernetes.io/hostname"
                            }
                        ]
                    }
                },
                "automountServiceAccountToken": true,
                "containers": [
                    {
                        "args": [
                            "--config-dir=/tmp/cilium/config-map"
                        ],
                        "command": [
                            "cilium-agent"
                        ],
                        "env": [
                            {
                                "name": "K8S_NODE_NAME",
                                "valueFrom": {
                                    "fieldRef": {
                                        "apiVersion": "v1",
                                        "fieldPath": "spec.nodeName"
                                    }
                                }
                            },
                            {
                                "name": "CILIUM_K8S_NAMESPACE",
                                "valueFrom": {
                                    "fieldRef": {
                                        "apiVersion": "v1",
                                        "fieldPath": "metadata.namespace"
                                    }
                                }
                            },
                            {
                                "name": "CILIUM_CLUSTERMESH_CONFIG",
                                "value": "/var/lib/cilium/clustermesh/"
                            },
                            {
                                "name": "GOMEMLIMIT",
                                "valueFrom": {
                                    "resourceFieldRef": {
                                        "divisor": "1",
                                        "resource": "limits.memory"
                                    }
                                }
                            },
                            {
                                "name": "KUBE_CLIENT_BACKOFF_BASE",
                                "value": "1"
                            },
                            {
                                "name": "KUBE_CLIENT_BACKOFF_DURATION",
                                "value": "120"
                            }
                        ],
                        "image": "quay.io/cilium/cilium:v1.20.2@sha256:2939231d0d3e3ebddcd80fffa168b7ddcc78fdf0dc864d1c8c126ff523c54f01",
                        "imagePullPolicy": "IfNotPresent",
                        "lifecycle": {
                            "postStart": {
                                "exec": {
                                    "command": [
                                        "bash",
                                        "-c",
                                        "set -o errexit\nset -o pipefail\nset -o nounset\n\n# When running in AWS ENI mode, it's likely that 'aws-node' has\n# had a chance to install SNAT iptables rules. These can result\n# in dropped traffic, so we should attempt to remove them.\n# We do it using a 'postStart' hook since this may need to run\n# for nodes which might have already been init'ed but may still\n# have dangling rules. This is safe because there are no\n# dependencies on anything that is part of the startup script\n# itself, and can be safely run multiple times per node (e.g. in\n# case of a restart).\nif [[ \"$(iptables-save | grep -E -c 'AWS-SNAT-CHAIN|AWS-CONNMARK-CHAIN')\" != \"0\" ]];\nthen\n    echo 'Deleting iptables rules created by the AWS CNI VPC plugin'\n    iptables-save | grep -E -v 'AWS-SNAT-CHAIN|AWS-CONNMARK-CHAIN' | iptables-restore\nfi\necho 'Done!'\n"
                                    ]
                                }
                            },
                            "preStop": {
                                "exec": {
                                    "command": [
                                        "/cni-uninstall.sh"
                                    ]
                                }
                            }
                        },
                        "livenessProbe": {
                            "failureThreshold": 10,
                            "httpGet": {
                                "host": "127.0.0.1",
                                "httpHeaders": [
                                    {
                                        "name": "brief",
                                        "value": "true"
                                    },
                                    {
                                        "name": "require-k8s-connectivity",
                                        "value": "false"
                                    }
                                ],
                                "path": "/healthz",
                                "port": "health",
                                "scheme": "HTTP"
                            },
                            "periodSeconds": 30,
                            "successThreshold": 1,
                            "timeoutSeconds": 5
                        },
                        "name": "cilium-agent",
                        "ports": [
                            {
                                "containerPort": 9879,
                                "hostPort": 9879,
                                "name": "health",
                                "protocol": "TCP"
                            }
                        ],
                        "readinessProbe": {
                            "failureThreshold": 3,
                            "httpGet": {
                                "host": "127.0.0.1",
                                "httpHeaders": [
                                    {
                                        "name": "brief",
                                        "value": "true"
                                    }
                                ],
                                "path": "/healthz",
                                "port": "health",
                                "scheme": "HTTP"
                            },
                            "periodSeconds": 30,
                            "successThreshold": 1,
                            "timeoutSeconds": 5
                        },
                        "resources": {},
                        "securityContext": {
                            "capabilities": {
                                "add": [
                                    "CHOWN",
                                    "KILL",
                                    "NET_ADMIN",
                                    "NET_RAW",
                                    "IPC_LOCK",
                                    "SYS_MODULE",
                                    "SYS_ADMIN",
                                    "SYS_RESOURCE",
                                    "DAC_OVERRIDE",
                                    "FOWNER",
                                    "SETGID",
                                    "SETUID",
                                    "SYSLOG"
                                ],
                                "drop": [
                                    "ALL"
                                ]
                            },
                            "seLinuxOptions": {
                                "level": "s0",
                                "type": "spc_t"
                            }
                        },
                        "startupProbe": {
                            "failureThreshold": 300,
                            "httpGet": {
                                "host": "127.0.0.1",
                                "httpHeaders": [
                                    {
                                        "name": "brief",
                                        "value": "true"
                                    }
                                ],
                                "path": "/healthz",
                                "port": "health",
                                "scheme": "HTTP"
                            },
                            "initialDelaySeconds": 5,
                            "periodSeconds": 2,
                            "successThreshold": 1,
                            "timeoutSeconds": 1
                        },
                        "terminationMessagePath": "/dev/termination-log",
                        "terminationMessagePolicy": "FallbackToLogsOnError",
                        "volumeMounts": [
                            {
                                "mountPath": "/host/proc/sys/net",
                                "name": "host-proc-sys-net"
                            },
                            {
                                "mountPath": "/host/proc/sys/kernel",
                                "name": "host-proc-sys-kernel"
                            },
                            {
                                "mountPath": "/sys/fs/bpf",
                                "mountPropagation": "HostToContainer",
                                "name": "bpf-maps"
                            },
                            {
                                "mountPath": "/var/run/cilium",
                                "name": "cilium-run"
                            },
                            {
                                "mountPath": "/var/run/cilium/netns",
                                "mountPropagation": "HostToContainer",
                                "name": "cilium-netns"
                            },
                            {
                                "mountPath": "/host/etc/cni/net.d",
                                "name": "etc-cni-netd"
                            },
                            {
                                "mountPath": "/var/lib/cilium/clustermesh",
                                "name": "clustermesh-secrets",
                                "readOnly": true
                            },
                            {
                                "mountPath": "/lib/modules",
                                "name": "lib-modules",
                                "readOnly": true
                            },
                            {
                                "mountPath": "/run/xtables.lock",
                                "name": "xtables-lock"
                            },
                            {
                                "mountPath": "/tmp",
                                "name": "tmp"
                            },
                            {
                                "mountPath": "/var/run/secrets/kubernetes.io/serviceaccount",
                                "name": "kube-api-access-8z7s5",
                                "readOnly": true
                            }
                        ]
                    }
                ],
                "dnsPolicy": "ClusterFirst",
                "enableServiceLinks": true,
                "hostNetwork": true,
                "hostUsers": true,
                "initContainers": [
                    {
                        "command": [
                            "cilium-dbg",
                            "build-config",
                            "--k8s-api-server-urls="
                        ],
                        "env": [
                            {
                                "name": "K8S_NODE_NAME",
                                "valueFrom": {
                                    "fieldRef": {
                                        "apiVersion": "v1",
                                        "fieldPath": "spec.nodeName"
                                    }
                                }
                            },
                            {
                                "name": "CILIUM_K8S_NAMESPACE",
                                "valueFrom": {
                                    "fieldRef": {
                                        "apiVersion": "v1",
                                        "fieldPath": "metadata.namespace"
                                    }
                                }
                            }
                        ],
                        "image": "quay.io/cilium/cilium:v1.20.2@sha256:2939231d0d3e3ebddcd80fffa168b7ddcc78fdf0dc864d1c8c126ff523c54f01",
                        "imagePullPolicy": "IfNotPresent",
                        "name": "config",
                        "resources": {},
                        "securityContext": {
                            "capabilities": {
                                "add": [
                                    "NET_ADMIN"
                                ],
                                "drop": [
                                    "ALL"
                                ]
                            }
                        },
                        "terminationMessagePath": "/dev/termination-log",
                        "terminationMessagePolicy": "FallbackToLogsOnError",
                        "volumeMounts": [
                            {
                                "mountPath": "/tmp",
                                "name": "tmp"
                            },
                            {
                                "mountPath": "/var/run/secrets/kubernetes.io/serviceaccount",
                                "name": "kube-api-access-8z7s5",
                                "readOnly": true
                            }
                        ]
                    },
                    {
                        "command": [
                            "bash",
                            "-ec",
                            "cp /usr/bin/cilium-mount /hostbin/cilium-mount;\nnsenter --cgroup=/hostproc/1/ns/cgroup --mount=/hostproc/1/ns/mnt \"${BIN_PATH}/cilium-mount\" $CGROUP_ROOT;\nrm /hostbin/cilium-mount\n"
                        ],
                        "env": [
                            {
                                "name": "CGROUP_ROOT",
                                "value": "/run/cilium/cgroupv2"
                            },
                            {
                                "name": "BIN_PATH",
                                "value": "/opt/cni/bin"
                            }
                        ],
                        "image": "quay.io/cilium/cilium:v1.20.2@sha256:2939231d0d3e3ebddcd80fffa168b7ddcc78fdf0dc864d1c8c126ff523c54f01",
                        "imagePullPolicy": "IfNotPresent",
                        "name": "mount-cgroup",
                        "resources": {},
                        "securityContext": {
                            "capabilities": {
                                "add": [
                                    "SYS_ADMIN",
                                    "SYS_CHROOT",
                                    "SYS_PTRACE"
                                ],
                                "drop": [
                                    "ALL"
                                ]
                            },
                            "seLinuxOptions": {
                                "level": "s0",
                                "type": "spc_t"
                            }
                        },
                        "terminationMessagePath": "/dev/termination-log",
                        "terminationMessagePolicy": "FallbackToLogsOnError",
                        "volumeMounts": [
                            {
                                "mountPath": "/hostproc",
                                "name": "hostproc"
                            },
                            {
                                "mountPath": "/hostbin",
                                "name": "cni-path"
                            },
                            {
                                "mountPath": "/var/run/secrets/kubernetes.io/serviceaccount",
                                "name": "kube-api-access-8z7s5",
                                "readOnly": true
                            }
                        ]
                    },
                    {
                        "command": [
                            "bash",
                            "-ec",
                            "cp /usr/bin/cilium-sysctlfix /hostbin/cilium-sysctlfix;\nnsenter --mount=/hostproc/1/ns/mnt \"${BIN_PATH}/cilium-sysctlfix\";\nrm /hostbin/cilium-sysctlfix\n"
                        ],
                        "env": [
                            {
                                "name": "BIN_PATH",
                                "value": "/opt/cni/bin"
                            }
                        ],
                        "image": "quay.io/cilium/cilium:v1.20.2@sha256:2939231d0d3e3ebddcd80fffa168b7ddcc78fdf0dc864d1c8c126ff523c54f01",
                        "imagePullPolicy": "IfNotPresent",
                        "name": "apply-sysctl-overwrites",
                        "resources": {},
                        "securityContext": {
                            "capabilities": {
                                "add": [
                                    "SYS_ADMIN",
                                    "SYS_CHROOT",
                                    "SYS_PTRACE"
                                ],
                                "drop": [
                                    "ALL"
                                ]
                            },
                            "seLinuxOptions": {
                                "level": "s0",
                                "type": "spc_t"
                            }
                        },
                        "terminationMessagePath": "/dev/termination-log",
                        "terminationMessagePolicy": "FallbackToLogsOnError",
                        "volumeMounts": [
                            {
                                "mountPath": "/hostproc",
                                "name": "hostproc"
                            },
                            {
                                "mountPath": "/hostbin",
                                "name": "cni-path"
                            },
                            {
                                "mountPath": "/var/run/secrets/kubernetes.io/serviceaccount",
                                "name": "kube-api-access-8z7s5",
                                "readOnly": true
                            }
                        ]
                    },
                    {
                        "args": [
                            "mount | grep \"/sys/fs/bpf type bpf\" || mount -t bpf bpf /sys/fs/bpf"
                        ],
                        "command": [
                            "/bin/bash",
                            "-c",
                            "--"
                        ],
                        "image": "quay.io/cilium/cilium:v1.20.2@sha256:2939231d0d3e3ebddcd80fffa168b7ddcc78fdf0dc864d1c8c126ff523c54f01",
                        "imagePullPolicy": "IfNotPresent",
                        "name": "mount-bpf-fs",
                        "resources": {},
                        "securityContext": {
                            "privileged": true
                        },
                        "terminationMessagePath": "/dev/termination-log",
                        "terminationMessagePolicy": "FallbackToLogsOnError",
                        "volumeMounts": [
                            {
                                "mountPath": "/sys/fs/bpf",
                                "mountPropagation": "Bidirectional",
                                "name": "bpf-maps"
                            },
                            {
                                "mountPath": "/var/run/secrets/kubernetes.io/serviceaccount",
                                "name": "kube-api-access-8z7s5",
                                "readOnly": true
                            }
                        ]
                    },
                    {
                        "command": [
                            "/init-container.sh"
                        ],
                        "env": [
                            {
                                "name": "CILIUM_ALL_STATE",
                                "valueFrom": {
                                    "configMapKeyRef": {
                                        "key": "clean-cilium-state",
                                        "name": "cilium-config",
                                        "optional": true
                                    }
                                }
                            },
                            {
                                "name": "CILIUM_BPF_STATE",
                                "valueFrom": {
                                    "configMapKeyRef": {
                                        "key": "clean-cilium-bpf-state",
                                        "name": "cilium-config",
                                        "optional": true
                                    }
                                }
                            },
                            {
                                "name": "WRITE_CNI_CONF_WHEN_READY",
                                "valueFrom": {
                                    "configMapKeyRef": {
                                        "key": "write-cni-conf-when-ready",
                                        "name": "cilium-config",
                                        "optional": true
                                    }
                                }
                            }
                        ],
                        "image": "quay.io/cilium/cilium:v1.20.2@sha256:2939231d0d3e3ebddcd80fffa168b7ddcc78fdf0dc864d1c8c126ff523c54f01",
                        "imagePullPolicy": "IfNotPresent",
                        "name": "clean-cilium-state",
                        "resources": {},
                        "securityContext": {
                            "capabilities": {
                                "add": [
                                    "NET_ADMIN",
                                    "SYS_MODULE",
                                    "SYS_ADMIN",
                                    "SYS_RESOURCE"
                                ],
                                "drop": [
                                    "ALL"
                                ]
                            },
                            "seLinuxOptions": {
                                "level": "s0",
                                "type": "spc_t"
                            }
                        },
                        "terminationMessagePath": "/dev/termination-log",
                        "terminationMessagePolicy": "FallbackToLogsOnError",
                        "volumeMounts": [
                            {
                                "mountPath": "/sys/fs/bpf",
                                "name": "bpf-maps"
                            },
                            {
                                "mountPath": "/run/cilium/cgroupv2",
                                "mountPropagation": "HostToContainer",
                                "name": "cilium-cgroup"
                            },
                            {
                                "mountPath": "/var/run/cilium",
                                "name": "cilium-run"
                            },
                            {
                                "mountPath": "/var/run/secrets/kubernetes.io/serviceaccount",
                                "name": "kube-api-access-8z7s5",
                                "readOnly": true
                            }
                        ]
                    },
                    {
                        "command": [
                            "/install-plugin.sh"
                        ],
                        "image": "quay.io/cilium/cilium:v1.20.2@sha256:2939231d0d3e3ebddcd80fffa168b7ddcc78fdf0dc864d1c8c126ff523c54f01",
                        "imagePullPolicy": "IfNotPresent",
                        "name": "install-cni-binaries",
                        "resources": {
                            "limits": {
                                "cpu": "1",
                                "memory": "1Gi"
                            },
                            "requests": {
                                "cpu": "100m",
                                "memory": "10Mi"
                            }
                        },
                        "securityContext": {
                            "capabilities": {
                                "drop": [
                                    "ALL"
                                ]
                            },
                            "seLinuxOptions": {
                                "level": "s0",
                                "type": "spc_t"
                            }
                        },
                        "terminationMessagePath": "/dev/termination-log",
                        "terminationMessagePolicy": "FallbackToLogsOnError",
                        "volumeMounts": [
                            {
                                "mountPath": "/host/opt/cni/bin",
                                "name": "cni-path"
                            },
                            {
                                "mountPath": "/var/run/secrets/kubernetes.io/serviceaccount",
                                "name": "kube-api-access-8z7s5",
                                "readOnly": true
                            }
                        ]
                    }
                ],
                "nodeName": "p01-5122e256fb49-d9bfefab-worker",
                "nodeSelector": {
                    "kubernetes.io/os": "linux"
                },
                "preemptionPolicy": "PreemptLowerPriority",
                "priority": 2000001000,
                "priorityClassName": "system-node-critical",
                "restartPolicy": "Always",
                "schedulerName": "default-scheduler",
                "securityContext": {
                    "appArmorProfile": {
                        "type": "Unconfined"
                    },
                    "seccompProfile": {
                        "type": "Unconfined"
                    }
                },
                "serviceAccount": "cilium",
                "serviceAccountName": "cilium",
                "terminationGracePeriodSeconds": 1,
                "tolerations": [
                    {
                        "operator": "Exists"
                    },
                    {
                        "effect": "NoExecute",
                        "key": "node.kubernetes.io/not-ready",
                        "operator": "Exists"
                    },
                    {
                        "effect": "NoExecute",
                        "key": "node.kubernetes.io/unreachable",
                        "operator": "Exists"
                    },
                    {
                        "effect": "NoSchedule",
                        "key": "node.kubernetes.io/disk-pressure",
                        "operator": "Exists"
                    },
                    {
                        "effect": "NoSchedule",
                        "key": "node.kubernetes.io/memory-pressure",
                        "operator": "Exists"
                    },
                    {
                        "effect": "NoSchedule",
                        "key": "node.kubernetes.io/pid-pressure",
                        "operator": "Exists"
                    },
                    {
                        "effect": "NoSchedule",
                        "key": "node.kubernetes.io/unschedulable",
                        "operator": "Exists"
                    },
                    {
                        "effect": "NoSchedule",
                        "key": "node.kubernetes.io/network-unavailable",
                        "operator": "Exists"
                    }
                ],
                "volumes": [
                    {
                        "emptyDir": {},
                        "name": "tmp"
                    },
                    {
                        "hostPath": {
                            "path": "/var/run/cilium",
                            "type": "DirectoryOrCreate"
                        },
                        "name": "cilium-run"
                    },
                    {
                        "hostPath": {
                            "path": "/var/run/netns",
                            "type": "DirectoryOrCreate"
                        },
                        "name": "cilium-netns"
                    },
                    {
                        "hostPath": {
                            "path": "/sys/fs/bpf",
                            "type": "DirectoryOrCreate"
                        },
                        "name": "bpf-maps"
                    },
                    {
                        "hostPath": {
                            "path": "/proc",
                            "type": "Directory"
                        },
                        "name": "hostproc"
                    },
                    {
                        "hostPath": {
                            "path": "/run/cilium/cgroupv2",
                            "type": "DirectoryOrCreate"
                        },
                        "name": "cilium-cgroup"
                    },
                    {
                        "hostPath": {
                            "path": "/opt/cni/bin",
                            "type": "DirectoryOrCreate"
                        },
                        "name": "cni-path"
                    },
                    {
                        "hostPath": {
                            "path": "/etc/cni/net.d",
                            "type": "DirectoryOrCreate"
                        },
                        "name": "etc-cni-netd"
                    },
                    {
                        "hostPath": {
                            "path": "/lib/modules",
                            "type": ""
                        },
                        "name": "lib-modules"
                    },
                    {
                        "hostPath": {
                            "path": "/run/xtables.lock",
                            "type": "FileOrCreate"
                        },
                        "name": "xtables-lock"
                    },
                    {
                        "name": "clustermesh-secrets",
                        "projected": {
                            "defaultMode": 256,
                            "sources": [
                                {
                                    "secret": {
                                        "name": "cilium-clustermesh",
                                        "optional": true
                                    }
                                },
                                {
                                    "secret": {
                                        "items": [
                                            {
                                                "key": "tls.key",
                                                "path": "common-etcd-client.key"
                                            },
                                            {
                                                "key": "tls.crt",
                                                "path": "common-etcd-client.crt"
                                            },
                                            {
                                                "key": "ca.crt",
                                                "path": "common-etcd-client-ca.crt"
                                            }
                                        ],
                                        "name": "clustermesh-apiserver-remote-cert",
                                        "optional": true
                                    }
                                },
                                {
                                    "secret": {
                                        "items": [
                                            {
                                                "key": "tls.key",
                                                "path": "local-etcd-client.key"
                                            },
                                            {
                                                "key": "tls.crt",
                                                "path": "local-etcd-client.crt"
                                            },
                                            {
                                                "key": "ca.crt",
                                                "path": "local-etcd-client-ca.crt"
                                            }
                                        ],
                                        "name": "clustermesh-apiserver-local-cert",
                                        "optional": true
                                    }
                                }
                            ]
                        }
                    },
                    {
                        "hostPath": {
                            "path": "/proc/sys/net",
                            "type": "Directory"
                        },
                        "name": "host-proc-sys-net"
                    },
                    {
                        "hostPath": {
                            "path": "/proc/sys/kernel",
                            "type": "Directory"
                        },
                        "name": "host-proc-sys-kernel"
                    },
                    {
                        "name": "kube-api-access-8z7s5",
                        "projected": {
                            "defaultMode": 420,
                            "sources": [
                                {
                                    "serviceAccountToken": {
                                        "expirationSeconds": 3607,
                                        "path": "token"
                                    }
                                },
                                {
                                    "configMap": {
                                        "items": [
                                            {
                                                "key": "ca.crt",
                                                "path": "ca.crt"
                                            }
                                        ],
                                        "name": "kube-root-ca.crt"
                                    }
                                },
                                {
                                    "downwardAPI": {
                                        "items": [
                                            {
                                                "fieldRef": {
                                                    "apiVersion": "v1",
                                                    "fieldPath": "metadata.namespace"
                                                },
                                                "path": "namespace"
                                            }
                                        ]
                                    }
                                }
                            ]
                        }
                    }
                ]
            },
            "status": {
                "allocatedResources": {
                    "cpu": "100m",
                    "memory": "10Mi"
                },
                "conditions": [
                    {
                        "lastProbeTime": null,
                        "lastTransitionTime": "2026-10-05T00:10:48Z",
                        "observedGeneration": 1,
                        "status": "True",
                        "type": "PodReadyToStartContainers"
                    },
                    {
                        "lastProbeTime": null,
                        "lastTransitionTime": "2026-10-05T00:11:04Z",
                        "observedGeneration": 1,
                        "status": "True",
                        "type": "Initialized"
                    },
                    {
                        "lastProbeTime": null,
                        "lastTransitionTime": "2026-10-05T00:11:12Z",
                        "observedGeneration": 1,
                        "status": "True",
                        "type": "Ready"
                    },
                    {
                        "lastProbeTime": null,
                        "lastTransitionTime": "2026-10-05T00:11:12Z",
                        "observedGeneration": 1,
                        "status": "True",
                        "type": "ContainersReady"
                    },
                    {
                        "lastProbeTime": null,
                        "lastTransitionTime": "2026-10-05T00:10:48Z",
                        "observedGeneration": 1,
                        "status": "True",
                        "type": "PodScheduled"
                    }
                ],
                "containerStatuses": [
                    {
                        "containerID": "containerd://9f994d6f6880dba888970a3cc9727816df147381881e9e8393a68d4d04f39085",
                        "image": "sha256:e8a7b89d30c0711e31b5ee947e0493786824413ecda8349416155b39663570b3",
                        "imageID": "quay.io/cilium/cilium@sha256:2939231d0d3e3ebddcd80fffa168b7ddcc78fdf0dc864d1c8c126ff523c54f01",
                        "lastState": {},
                        "name": "cilium-agent",
                        "ready": true,
                        "resources": {},
                        "restartCount": 0,
                        "started": true,
                        "state": {
                            "running": {
                                "startedAt": "2026-10-05T00:11:04Z"
                            }
                        },
                        "user": {
                            "linux": {
                                "gid": 0,
                                "supplementalGroups": [
                                    0
                                ],
                                "uid": 0
                            }
                        },
                        "volumeMounts": [
                            {
                                "mountPath": "/host/proc/sys/net",
                                "name": "host-proc-sys-net"
                            },
                            {
                                "mountPath": "/host/proc/sys/kernel",
                                "name": "host-proc-sys-kernel"
                            },
                            {
                                "mountPath": "/sys/fs/bpf",
                                "name": "bpf-maps"
                            },
                            {
                                "mountPath": "/var/run/cilium",
                                "name": "cilium-run"
                            },
                            {
                                "mountPath": "/var/run/cilium/netns",
                                "name": "cilium-netns"
                            },
                            {
                                "mountPath": "/host/etc/cni/net.d",
                                "name": "etc-cni-netd"
                            },
                            {
                                "mountPath": "/var/lib/cilium/clustermesh",
                                "name": "clustermesh-secrets",
                                "readOnly": true,
                                "recursiveReadOnly": "Disabled"
                            },
                            {
                                "mountPath": "/lib/modules",
                                "name": "lib-modules",
                                "readOnly": true,
                                "recursiveReadOnly": "Disabled"
                            },
                            {
                                "mountPath": "/run/xtables.lock",
                                "name": "xtables-lock"
                            },
                            {
                                "mountPath": "/tmp",
                                "name": "tmp"
                            },
                            {
                                "mountPath": "/var/run/secrets/kubernetes.io/serviceaccount",
                                "name": "kube-api-access-8z7s5",
                                "readOnly": true,
                                "recursiveReadOnly": "Disabled"
                            }
                        ]
                    }
                ],
                "hostIP": "172.18.0.3",
                "hostIPs": [
                    {
                        "ip": "172.18.0.3"
                    }
                ],
                "initContainerStatuses": [
                    {
                        "containerID": "containerd://f7717a4ec463a27334948c393b95b4fd0556da8658fb70f6029b5792688cd54b",
                        "image": "sha256:e8a7b89d30c0711e31b5ee947e0493786824413ecda8349416155b39663570b3",
                        "imageID": "quay.io/cilium/cilium@sha256:2939231d0d3e3ebddcd80fffa168b7ddcc78fdf0dc864d1c8c126ff523c54f01",
                        "lastState": {},
                        "name": "config",
                        "ready": true,
                        "resources": {},
                        "restartCount": 0,
                        "started": false,
                        "state": {
                            "terminated": {
                                "containerID": "containerd://f7717a4ec463a27334948c393b95b4fd0556da8658fb70f6029b5792688cd54b",
                                "exitCode": 0,
                                "finishedAt": "2026-10-05T00:10:58Z",
                                "reason": "Completed",
                                "startedAt": "2026-10-05T00:10:58Z"
                            }
                        },
                        "user": {
                            "linux": {
                                "gid": 0,
                                "supplementalGroups": [
                                    0
                                ],
                                "uid": 0
                            }
                        },
                        "volumeMounts": [
                            {
                                "mountPath": "/tmp",
                                "name": "tmp"
                            },
                            {
                                "mountPath": "/var/run/secrets/kubernetes.io/serviceaccount",
                                "name": "kube-api-access-8z7s5",
                                "readOnly": true,
                                "recursiveReadOnly": "Disabled"
                            }
                        ]
                    },
                    {
                        "containerID": "containerd://92b8eae72b6844ad02b9d22bc5e09819660619bca48de501ead3bea7a5469417",
                        "image": "sha256:e8a7b89d30c0711e31b5ee947e0493786824413ecda8349416155b39663570b3",
                        "imageID": "quay.io/cilium/cilium@sha256:2939231d0d3e3ebddcd80fffa168b7ddcc78fdf0dc864d1c8c126ff523c54f01",
                        "lastState": {},
                        "name": "mount-cgroup",
                        "ready": true,
                        "resources": {},
                        "restartCount": 0,
                        "started": false,
                        "state": {
                            "terminated": {
                                "containerID": "containerd://92b8eae72b6844ad02b9d22bc5e09819660619bca48de501ead3bea7a5469417",
                                "exitCode": 0,
                                "finishedAt": "2026-10-05T00:10:59Z",
                                "reason": "Completed",
                                "startedAt": "2026-10-05T00:10:59Z"
                            }
                        },
                        "user": {
                            "linux": {
                                "gid": 0,
                                "supplementalGroups": [
                                    0
                                ],
                                "uid": 0
                            }
                        },
                        "volumeMounts": [
                            {
                                "mountPath": "/hostproc",
                                "name": "hostproc"
                            },
                            {
                                "mountPath": "/hostbin",
                                "name": "cni-path"
                            },
                            {
                                "mountPath": "/var/run/secrets/kubernetes.io/serviceaccount",
                                "name": "kube-api-access-8z7s5",
                                "readOnly": true,
                                "recursiveReadOnly": "Disabled"
                            }
                        ]
                    },
                    {
                        "containerID": "containerd://4f18e35655630910522a5c6a3dc5826eea16ddc038ce48a9572d261f1374d822",
                        "image": "sha256:e8a7b89d30c0711e31b5ee947e0493786824413ecda8349416155b39663570b3",
                        "imageID": "quay.io/cilium/cilium@sha256:2939231d0d3e3ebddcd80fffa168b7ddcc78fdf0dc864d1c8c126ff523c54f01",
                        "lastState": {},
                        "name": "apply-sysctl-overwrites",
                        "ready": true,
                        "resources": {},
                        "restartCount": 0,
                        "started": false,
                        "state": {
                            "terminated": {
                                "containerID": "containerd://4f18e35655630910522a5c6a3dc5826eea16ddc038ce48a9572d261f1374d822",
                                "exitCode": 0,
                                "finishedAt": "2026-10-05T00:11:00Z",
                                "reason": "Completed",
                                "startedAt": "2026-10-05T00:11:00Z"
                            }
                        },
                        "user": {
                            "linux": {
                                "gid": 0,
                                "supplementalGroups": [
                                    0
                                ],
                                "uid": 0
                            }
                        },
                        "volumeMounts": [
                            {
                                "mountPath": "/hostproc",
                                "name": "hostproc"
                            },
                            {
                                "mountPath": "/hostbin",
                                "name": "cni-path"
                            },
                            {
                                "mountPath": "/var/run/secrets/kubernetes.io/serviceaccount",
                                "name": "kube-api-access-8z7s5",
                                "readOnly": true,
                                "recursiveReadOnly": "Disabled"
                            }
                        ]
                    },
                    {
                        "containerID": "containerd://1bfb4cb0a2f147c96d0e3f5d524b11de4c36e90232bfd82abaa499b096fa5df0",
                        "image": "sha256:e8a7b89d30c0711e31b5ee947e0493786824413ecda8349416155b39663570b3",
                        "imageID": "quay.io/cilium/cilium@sha256:2939231d0d3e3ebddcd80fffa168b7ddcc78fdf0dc864d1c8c126ff523c54f01",
                        "lastState": {},
                        "name": "mount-bpf-fs",
                        "ready": true,
                        "resources": {},
                        "restartCount": 0,
                        "started": false,
                        "state": {
                            "terminated": {
                                "containerID": "containerd://1bfb4cb0a2f147c96d0e3f5d524b11de4c36e90232bfd82abaa499b096fa5df0",
                                "exitCode": 0,
                                "finishedAt": "2026-10-05T00:11:01Z",
                                "reason": "Completed",
                                "startedAt": "2026-10-05T00:11:01Z"
                            }
                        },
                        "user": {
                            "linux": {
                                "gid": 0,
                                "supplementalGroups": [
                                    0
                                ],
                                "uid": 0
                            }
                        },
                        "volumeMounts": [
                            {
                                "mountPath": "/sys/fs/bpf",
                                "name": "bpf-maps"
                            },
                            {
                                "mountPath": "/var/run/secrets/kubernetes.io/serviceaccount",
                                "name": "kube-api-access-8z7s5",
                                "readOnly": true,
                                "recursiveReadOnly": "Disabled"
                            }
                        ]
                    },
                    {
                        "containerID": "containerd://7053d15f9fe3554f6b5c0cd73ec11080579976d49c2519e63450d139c556ef56",
                        "image": "sha256:e8a7b89d30c0711e31b5ee947e0493786824413ecda8349416155b39663570b3",
                        "imageID": "quay.io/cilium/cilium@sha256:2939231d0d3e3ebddcd80fffa168b7ddcc78fdf0dc864d1c8c126ff523c54f01",
                        "lastState": {},
                        "name": "clean-cilium-state",
                        "ready": true,
                        "resources": {},
                        "restartCount": 0,
                        "started": false,
                        "state": {
                            "terminated": {
                                "containerID": "containerd://7053d15f9fe3554f6b5c0cd73ec11080579976d49c2519e63450d139c556ef56",
                                "exitCode": 0,
                                "finishedAt": "2026-10-05T00:11:02Z",
                                "reason": "Completed",
                                "startedAt": "2026-10-05T00:11:02Z"
                            }
                        },
                        "user": {
                            "linux": {
                                "gid": 0,
                                "supplementalGroups": [
                                    0
                                ],
                                "uid": 0
                            }
                        },
                        "volumeMounts": [
                            {
                                "mountPath": "/sys/fs/bpf",
                                "name": "bpf-maps"
                            },
                            {
                                "mountPath": "/run/cilium/cgroupv2",
                                "name": "cilium-cgroup"
                            },
                            {
                                "mountPath": "/var/run/cilium",
                                "name": "cilium-run"
                            },
                            {
                                "mountPath": "/var/run/secrets/kubernetes.io/serviceaccount",
                                "name": "kube-api-access-8z7s5",
                                "readOnly": true,
                                "recursiveReadOnly": "Disabled"
                            }
                        ]
                    },
                    {
                        "allocatedResources": {
                            "cpu": "100m",
                            "memory": "10Mi"
                        },
                        "containerID": "containerd://24e88b792b77379c4ef0a4030fcce9f4c506da50d11e63c965d3359a96333bd9",
                        "image": "sha256:e8a7b89d30c0711e31b5ee947e0493786824413ecda8349416155b39663570b3",
                        "imageID": "quay.io/cilium/cilium@sha256:2939231d0d3e3ebddcd80fffa168b7ddcc78fdf0dc864d1c8c126ff523c54f01",
                        "lastState": {},
                        "name": "install-cni-binaries",
                        "ready": true,
                        "resources": {
                            "limits": {
                                "cpu": "1",
                                "memory": "1Gi"
                            },
                            "requests": {
                                "cpu": "100m",
                                "memory": "10Mi"
                            }
                        },
                        "restartCount": 0,
                        "started": false,
                        "state": {
                            "terminated": {
                                "containerID": "containerd://24e88b792b77379c4ef0a4030fcce9f4c506da50d11e63c965d3359a96333bd9",
                                "exitCode": 0,
                                "finishedAt": "2026-10-05T00:11:03Z",
                                "reason": "Completed",
                                "startedAt": "2026-10-05T00:11:03Z"
                            }
                        },
                        "user": {
                            "linux": {
                                "gid": 0,
                                "supplementalGroups": [
                                    0
                                ],
                                "uid": 0
                            }
                        },
                        "volumeMounts": [
                            {
                                "mountPath": "/host/opt/cni/bin",
                                "name": "cni-path"
                            },
                            {
                                "mountPath": "/var/run/secrets/kubernetes.io/serviceaccount",
                                "name": "kube-api-access-8z7s5",
                                "readOnly": true,
                                "recursiveReadOnly": "Disabled"
                            }
                        ]
                    }
                ],
                "observedGeneration": 1,
                "phase": "Running",
                "podIP": "172.18.0.3",
                "podIPs": [
                    {
                        "ip": "172.18.0.3"
                    }
                ],
                "qosClass": "Burstable",
                "resources": {
                    "limits": {
                        "cpu": "1",
                        "memory": "1Gi"
                    },
                    "requests": {
                        "cpu": "79m",
                        "memory": "10Mi"
                    }
                },
                "startTime": "2026-10-05T00:10:48Z"
            }
        },
        {
            "apiVersion": "v1",
            "kind": "Pod",
            "metadata": {
                "annotations": {
                    "kubectl.kubernetes.io/default-container": "cilium-agent"
                },
                "creationTimestamp": "2026-10-05T00:10:48Z",
                "generateName": "cilium-",
                "generation": 1,
                "labels": {
                    "app.kubernetes.io/name": "cilium-agent",
                    "app.kubernetes.io/part-of": "cilium",
                    "controller-revision-hash": "84f9fdd7fd",
                    "helm.sh/chart": "cilium-1.20.2",
                    "k8s-app": "cilium",
                    "pod-template-generation": "1"
                },
                "name": "cilium-qx8hw",
                "namespace": "kube-system",
                "ownerReferences": [
                    {
                        "apiVersion": "apps/v1",
                        "blockOwnerDeletion": true,
                        "controller": true,
                        "kind": "DaemonSet",
                        "name": "cilium",
                        "uid": "98f0f4b0-b28e-4b27-9f95-99452a4fff04"
                    }
                ],
                "resourceVersion": "717",
                "uid": "c0188bd3-86d7-4478-b499-24f1602e5156"
            },
            "spec": {
                "affinity": {
                    "nodeAffinity": {
                        "requiredDuringSchedulingIgnoredDuringExecution": {
                            "nodeSelectorTerms": [
                                {
                                    "matchFields": [
                                        {
                                            "key": "metadata.name",
                                            "operator": "In",
                                            "values": [
                                                "p01-5122e256fb49-d9bfefab-control-plane"
                                            ]
                                        }
                                    ]
                                }
                            ]
                        }
                    },
                    "podAntiAffinity": {
                        "requiredDuringSchedulingIgnoredDuringExecution": [
                            {
                                "labelSelector": {
                                    "matchLabels": {
                                        "k8s-app": "cilium"
                                    }
                                },
                                "topologyKey": "kubernetes.io/hostname"
                            }
                        ]
                    }
                },
                "automountServiceAccountToken": true,
                "containers": [
                    {
                        "args": [
                            "--config-dir=/tmp/cilium/config-map"
                        ],
                        "command": [
                            "cilium-agent"
                        ],
                        "env": [
                            {
                                "name": "K8S_NODE_NAME",
                                "valueFrom": {
                                    "fieldRef": {
                                        "apiVersion": "v1",
                                        "fieldPath": "spec.nodeName"
                                    }
                                }
                            },
                            {
                                "name": "CILIUM_K8S_NAMESPACE",
                                "valueFrom": {
                                    "fieldRef": {
                                        "apiVersion": "v1",
                                        "fieldPath": "metadata.namespace"
                                    }
                                }
                            },
                            {
                                "name": "CILIUM_CLUSTERMESH_CONFIG",
                                "value": "/var/lib/cilium/clustermesh/"
                            },
                            {
                                "name": "GOMEMLIMIT",
                                "valueFrom": {
                                    "resourceFieldRef": {
                                        "divisor": "1",
                                        "resource": "limits.memory"
                                    }
                                }
                            },
                            {
                                "name": "KUBE_CLIENT_BACKOFF_BASE",
                                "value": "1"
                            },
                            {
                                "name": "KUBE_CLIENT_BACKOFF_DURATION",
                                "value": "120"
                            }
                        ],
                        "image": "quay.io/cilium/cilium:v1.20.2@sha256:2939231d0d3e3ebddcd80fffa168b7ddcc78fdf0dc864d1c8c126ff523c54f01",
                        "imagePullPolicy": "IfNotPresent",
                        "lifecycle": {
                            "postStart": {
                                "exec": {
                                    "command": [
                                        "bash",
                                        "-c",
                                        "set -o errexit\nset -o pipefail\nset -o nounset\n\n# When running in AWS ENI mode, it's likely that 'aws-node' has\n# had a chance to install SNAT iptables rules. These can result\n# in dropped traffic, so we should attempt to remove them.\n# We do it using a 'postStart' hook since this may need to run\n# for nodes which might have already been init'ed but may still\n# have dangling rules. This is safe because there are no\n# dependencies on anything that is part of the startup script\n# itself, and can be safely run multiple times per node (e.g. in\n# case of a restart).\nif [[ \"$(iptables-save | grep -E -c 'AWS-SNAT-CHAIN|AWS-CONNMARK-CHAIN')\" != \"0\" ]];\nthen\n    echo 'Deleting iptables rules created by the AWS CNI VPC plugin'\n    iptables-save | grep -E -v 'AWS-SNAT-CHAIN|AWS-CONNMARK-CHAIN' | iptables-restore\nfi\necho 'Done!'\n"
                                    ]
                                }
                            },
                            "preStop": {
                                "exec": {
                                    "command": [
                                        "/cni-uninstall.sh"
                                    ]
                                }
                            }
                        },
                        "livenessProbe": {
                            "failureThreshold": 10,
                            "httpGet": {
                                "host": "127.0.0.1",
                                "httpHeaders": [
                                    {
                                        "name": "brief",
                                        "value": "true"
                                    },
                                    {
                                        "name": "require-k8s-connectivity",
                                        "value": "false"
                                    }
                                ],
                                "path": "/healthz",
                                "port": "health",
                                "scheme": "HTTP"
                            },
                            "periodSeconds": 30,
                            "successThreshold": 1,
                            "timeoutSeconds": 5
                        },
                        "name": "cilium-agent",
                        "ports": [
                            {
                                "containerPort": 9879,
                                "hostPort": 9879,
                                "name": "health",
                                "protocol": "TCP"
                            }
                        ],
                        "readinessProbe": {
                            "failureThreshold": 3,
                            "httpGet": {
                                "host": "127.0.0.1",
                                "httpHeaders": [
                                    {
                                        "name": "brief",
                                        "value": "true"
                                    }
                                ],
                                "path": "/healthz",
                                "port": "health",
                                "scheme": "HTTP"
                            },
                            "periodSeconds": 30,
                            "successThreshold": 1,
                            "timeoutSeconds": 5
                        },
                        "resources": {},
                        "securityContext": {
                            "capabilities": {
                                "add": [
                                    "CHOWN",
                                    "KILL",
                                    "NET_ADMIN",
                                    "NET_RAW",
                                    "IPC_LOCK",
                                    "SYS_MODULE",
                                    "SYS_ADMIN",
                                    "SYS_RESOURCE",
                                    "DAC_OVERRIDE",
                                    "FOWNER",
                                    "SETGID",
                                    "SETUID",
                                    "SYSLOG"
                                ],
                                "drop": [
                                    "ALL"
                                ]
                            },
                            "seLinuxOptions": {
                                "level": "s0",
                                "type": "spc_t"
                            }
                        },
                        "startupProbe": {
                            "failureThreshold": 300,
                            "httpGet": {
                                "host": "127.0.0.1",
                                "httpHeaders": [
                                    {
                                        "name": "brief",
                                        "value": "true"
                                    }
                                ],
                                "path": "/healthz",
                                "port": "health",
                                "scheme": "HTTP"
                            },
                            "initialDelaySeconds": 5,
                            "periodSeconds": 2,
                            "successThreshold": 1,
                            "timeoutSeconds": 1
                        },
                        "terminationMessagePath": "/dev/termination-log",
                        "terminationMessagePolicy": "FallbackToLogsOnError",
                        "volumeMounts": [
                            {
                                "mountPath": "/host/proc/sys/net",
                                "name": "host-proc-sys-net"
                            },
                            {
                                "mountPath": "/host/proc/sys/kernel",
                                "name": "host-proc-sys-kernel"
                            },
                            {
                                "mountPath": "/sys/fs/bpf",
                                "mountPropagation": "HostToContainer",
                                "name": "bpf-maps"
                            },
                            {
                                "mountPath": "/var/run/cilium",
                                "name": "cilium-run"
                            },
                            {
                                "mountPath": "/var/run/cilium/netns",
                                "mountPropagation": "HostToContainer",
                                "name": "cilium-netns"
                            },
                            {
                                "mountPath": "/host/etc/cni/net.d",
                                "name": "etc-cni-netd"
                            },
                            {
                                "mountPath": "/var/lib/cilium/clustermesh",
                                "name": "clustermesh-secrets",
                                "readOnly": true
                            },
                            {
                                "mountPath": "/lib/modules",
                                "name": "lib-modules",
                                "readOnly": true
                            },
                            {
                                "mountPath": "/run/xtables.lock",
                                "name": "xtables-lock"
                            },
                            {
                                "mountPath": "/tmp",
                                "name": "tmp"
                            },
                            {
                                "mountPath": "/var/run/secrets/kubernetes.io/serviceaccount",
                                "name": "kube-api-access-shgtm",
                                "readOnly": true
                            }
                        ]
                    }
                ],
                "dnsPolicy": "ClusterFirst",
                "enableServiceLinks": true,
                "hostNetwork": true,
                "hostUsers": true,
                "initContainers": [
                    {
                        "command": [
                            "cilium-dbg",
                            "build-config",
                            "--k8s-api-server-urls="
                        ],
                        "env": [
                            {
                                "name": "K8S_NODE_NAME",
                                "valueFrom": {
                                    "fieldRef": {
                                        "apiVersion": "v1",
                                        "fieldPath": "spec.nodeName"
                                    }
                                }
                            },
                            {
                                "name": "CILIUM_K8S_NAMESPACE",
                                "valueFrom": {
                                    "fieldRef": {
                                        "apiVersion": "v1",
                                        "fieldPath": "metadata.namespace"
                                    }
                                }
                            }
                        ],
                        "image": "quay.io/cilium/cilium:v1.20.2@sha256:2939231d0d3e3ebddcd80fffa168b7ddcc78fdf0dc864d1c8c126ff523c54f01",
                        "imagePullPolicy": "IfNotPresent",
                        "name": "config",
                        "resources": {},
                        "securityContext": {
                            "capabilities": {
                                "add": [
                                    "NET_ADMIN"
                                ],
                                "drop": [
                                    "ALL"
                                ]
                            }
                        },
                        "terminationMessagePath": "/dev/termination-log",
                        "terminationMessagePolicy": "FallbackToLogsOnError",
                        "volumeMounts": [
                            {
                                "mountPath": "/tmp",
                                "name": "tmp"
                            },
                            {
                                "mountPath": "/var/run/secrets/kubernetes.io/serviceaccount",
                                "name": "kube-api-access-shgtm",
                                "readOnly": true
                            }
                        ]
                    },
                    {
                        "command": [
                            "bash",
                            "-ec",
                            "cp /usr/bin/cilium-mount /hostbin/cilium-mount;\nnsenter --cgroup=/hostproc/1/ns/cgroup --mount=/hostproc/1/ns/mnt \"${BIN_PATH}/cilium-mount\" $CGROUP_ROOT;\nrm /hostbin/cilium-mount\n"
                        ],
                        "env": [
                            {
                                "name": "CGROUP_ROOT",
                                "value": "/run/cilium/cgroupv2"
                            },
                            {
                                "name": "BIN_PATH",
                                "value": "/opt/cni/bin"
                            }
                        ],
                        "image": "quay.io/cilium/cilium:v1.20.2@sha256:2939231d0d3e3ebddcd80fffa168b7ddcc78fdf0dc864d1c8c126ff523c54f01",
                        "imagePullPolicy": "IfNotPresent",
                        "name": "mount-cgroup",
                        "resources": {},
                        "securityContext": {
                            "capabilities": {
                                "add": [
                                    "SYS_ADMIN",
                                    "SYS_CHROOT",
                                    "SYS_PTRACE"
                                ],
                                "drop": [
                                    "ALL"
                                ]
                            },
                            "seLinuxOptions": {
                                "level": "s0",
                                "type": "spc_t"
                            }
                        },
                        "terminationMessagePath": "/dev/termination-log",
                        "terminationMessagePolicy": "FallbackToLogsOnError",
                        "volumeMounts": [
                            {
                                "mountPath": "/hostproc",
                                "name": "hostproc"
                            },
                            {
                                "mountPath": "/hostbin",
                                "name": "cni-path"
                            },
                            {
                                "mountPath": "/var/run/secrets/kubernetes.io/serviceaccount",
                                "name": "kube-api-access-shgtm",
                                "readOnly": true
                            }
                        ]
                    },
                    {
                        "command": [
                            "bash",
                            "-ec",
                            "cp /usr/bin/cilium-sysctlfix /hostbin/cilium-sysctlfix;\nnsenter --mount=/hostproc/1/ns/mnt \"${BIN_PATH}/cilium-sysctlfix\";\nrm /hostbin/cilium-sysctlfix\n"
                        ],
                        "env": [
                            {
                                "name": "BIN_PATH",
                                "value": "/opt/cni/bin"
                            }
                        ],
                        "image": "quay.io/cilium/cilium:v1.20.2@sha256:2939231d0d3e3ebddcd80fffa168b7ddcc78fdf0dc864d1c8c126ff523c54f01",
                        "imagePullPolicy": "IfNotPresent",
                        "name": "apply-sysctl-overwrites",
                        "resources": {},
                        "securityContext": {
                            "capabilities": {
                                "add": [
                                    "SYS_ADMIN",
                                    "SYS_CHROOT",
                                    "SYS_PTRACE"
                                ],
                                "drop": [
                                    "ALL"
                                ]
                            },
                            "seLinuxOptions": {
                                "level": "s0",
                                "type": "spc_t"
                            }
                        },
                        "terminationMessagePath": "/dev/termination-log",
                        "terminationMessagePolicy": "FallbackToLogsOnError",
                        "volumeMounts": [
                            {
                                "mountPath": "/hostproc",
                                "name": "hostproc"
                            },
                            {
                                "mountPath": "/hostbin",
                                "name": "cni-path"
                            },
                            {
                                "mountPath": "/var/run/secrets/kubernetes.io/serviceaccount",
                                "name": "kube-api-access-shgtm",
                                "readOnly": true
                            }
                        ]
                    },
                    {
                        "args": [
                            "mount | grep \"/sys/fs/bpf type bpf\" || mount -t bpf bpf /sys/fs/bpf"
                        ],
                        "command": [
                            "/bin/bash",
                            "-c",
                            "--"
                        ],
                        "image": "quay.io/cilium/cilium:v1.20.2@sha256:2939231d0d3e3ebddcd80fffa168b7ddcc78fdf0dc864d1c8c126ff523c54f01",
                        "imagePullPolicy": "IfNotPresent",
                        "name": "mount-bpf-fs",
                        "resources": {},
                        "securityContext": {
                            "privileged": true
                        },
                        "terminationMessagePath": "/dev/termination-log",
                        "terminationMessagePolicy": "FallbackToLogsOnError",
                        "volumeMounts": [
                            {
                                "mountPath": "/sys/fs/bpf",
                                "mountPropagation": "Bidirectional",
                                "name": "bpf-maps"
                            },
                            {
                                "mountPath": "/var/run/secrets/kubernetes.io/serviceaccount",
                                "name": "kube-api-access-shgtm",
                                "readOnly": true
                            }
                        ]
                    },
                    {
                        "command": [
                            "/init-container.sh"
                        ],
                        "env": [
                            {
                                "name": "CILIUM_ALL_STATE",
                                "valueFrom": {
                                    "configMapKeyRef": {
                                        "key": "clean-cilium-state",
                                        "name": "cilium-config",
                                        "optional": true
                                    }
                                }
                            },
                            {
                                "name": "CILIUM_BPF_STATE",
                                "valueFrom": {
                                    "configMapKeyRef": {
                                        "key": "clean-cilium-bpf-state",
                                        "name": "cilium-config",
                                        "optional": true
                                    }
                                }
                            },
                            {
                                "name": "WRITE_CNI_CONF_WHEN_READY",
                                "valueFrom": {
                                    "configMapKeyRef": {
                                        "key": "write-cni-conf-when-ready",
                                        "name": "cilium-config",
                                        "optional": true
                                    }
                                }
                            }
                        ],
                        "image": "quay.io/cilium/cilium:v1.20.2@sha256:2939231d0d3e3ebddcd80fffa168b7ddcc78fdf0dc864d1c8c126ff523c54f01",
                        "imagePullPolicy": "IfNotPresent",
                        "name": "clean-cilium-state",
                        "resources": {},
                        "securityContext": {
                            "capabilities": {
                                "add": [
                                    "NET_ADMIN",
                                    "SYS_MODULE",
                                    "SYS_ADMIN",
                                    "SYS_RESOURCE"
                                ],
                                "drop": [
                                    "ALL"
                                ]
                            },
                            "seLinuxOptions": {
                                "level": "s0",
                                "type": "spc_t"
                            }
                        },
                        "terminationMessagePath": "/dev/termination-log",
                        "terminationMessagePolicy": "FallbackToLogsOnError",
                        "volumeMounts": [
                            {
                                "mountPath": "/sys/fs/bpf",
                                "name": "bpf-maps"
                            },
                            {
                                "mountPath": "/run/cilium/cgroupv2",
                                "mountPropagation": "HostToContainer",
                                "name": "cilium-cgroup"
                            },
                            {
                                "mountPath": "/var/run/cilium",
                                "name": "cilium-run"
                            },
                            {
                                "mountPath": "/var/run/secrets/kubernetes.io/serviceaccount",
                                "name": "kube-api-access-shgtm",
                                "readOnly": true
                            }
                        ]
                    },
                    {
                        "command": [
                            "/install-plugin.sh"
                        ],
                        "image": "quay.io/cilium/cilium:v1.20.2@sha256:2939231d0d3e3ebddcd80fffa168b7ddcc78fdf0dc864d1c8c126ff523c54f01",
                        "imagePullPolicy": "IfNotPresent",
                        "name": "install-cni-binaries",
                        "resources": {
                            "limits": {
                                "cpu": "1",
                                "memory": "1Gi"
                            },
                            "requests": {
                                "cpu": "100m",
                                "memory": "10Mi"
                            }
                        },
                        "securityContext": {
                            "capabilities": {
                                "drop": [
                                    "ALL"
                                ]
                            },
                            "seLinuxOptions": {
                                "level": "s0",
                                "type": "spc_t"
                            }
                        },
                        "terminationMessagePath": "/dev/termination-log",
                        "terminationMessagePolicy": "FallbackToLogsOnError",
                        "volumeMounts": [
                            {
                                "mountPath": "/host/opt/cni/bin",
                                "name": "cni-path"
                            },
                            {
                                "mountPath": "/var/run/secrets/kubernetes.io/serviceaccount",
                                "name": "kube-api-access-shgtm",
                                "readOnly": true
                            }
                        ]
                    }
                ],
                "nodeName": "p01-5122e256fb49-d9bfefab-control-plane",
                "nodeSelector": {
                    "kubernetes.io/os": "linux"
                },
                "preemptionPolicy": "PreemptLowerPriority",
                "priority": 2000001000,
                "priorityClassName": "system-node-critical",
                "restartPolicy": "Always",
                "schedulerName": "default-scheduler",
                "securityContext": {
                    "appArmorProfile": {
                        "type": "Unconfined"
                    },
                    "seccompProfile": {
                        "type": "Unconfined"
                    }
                },
                "serviceAccount": "cilium",
                "serviceAccountName": "cilium",
                "terminationGracePeriodSeconds": 1,
                "tolerations": [
                    {
                        "operator": "Exists"
                    },
                    {
                        "effect": "NoExecute",
                        "key": "node.kubernetes.io/not-ready",
                        "operator": "Exists"
                    },
                    {
                        "effect": "NoExecute",
                        "key": "node.kubernetes.io/unreachable",
                        "operator": "Exists"
                    },
                    {
                        "effect": "NoSchedule",
                        "key": "node.kubernetes.io/disk-pressure",
                        "operator": "Exists"
                    },
                    {
                        "effect": "NoSchedule",
                        "key": "node.kubernetes.io/memory-pressure",
                        "operator": "Exists"
                    },
                    {
                        "effect": "NoSchedule",
                        "key": "node.kubernetes.io/pid-pressure",
                        "operator": "Exists"
                    },
                    {
                        "effect": "NoSchedule",
                        "key": "node.kubernetes.io/unschedulable",
                        "operator": "Exists"
                    },
                    {
                        "effect": "NoSchedule",
                        "key": "node.kubernetes.io/network-unavailable",
                        "operator": "Exists"
                    }
                ],
                "volumes": [
                    {
                        "emptyDir": {},
                        "name": "tmp"
                    },
                    {
                        "hostPath": {
                            "path": "/var/run/cilium",
                            "type": "DirectoryOrCreate"
                        },
                        "name": "cilium-run"
                    },
                    {
                        "hostPath": {
                            "path": "/var/run/netns",
                            "type": "DirectoryOrCreate"
                        },
                        "name": "cilium-netns"
                    },
                    {
                        "hostPath": {
                            "path": "/sys/fs/bpf",
                            "type": "DirectoryOrCreate"
                        },
                        "name": "bpf-maps"
                    },
                    {
                        "hostPath": {
                            "path": "/proc",
                            "type": "Directory"
                        },
                        "name": "hostproc"
                    },
                    {
                        "hostPath": {
                            "path": "/run/cilium/cgroupv2",
                            "type": "DirectoryOrCreate"
                        },
                        "name": "cilium-cgroup"
                    },
                    {
                        "hostPath": {
                            "path": "/opt/cni/bin",
                            "type": "DirectoryOrCreate"
                        },
                        "name": "cni-path"
                    },
                    {
                        "hostPath": {
                            "path": "/etc/cni/net.d",
                            "type": "DirectoryOrCreate"
                        },
                        "name": "etc-cni-netd"
                    },
                    {
                        "hostPath": {
                            "path": "/lib/modules",
                            "type": ""
                        },
                        "name": "lib-modules"
                    },
                    {
                        "hostPath": {
                            "path": "/run/xtables.lock",
                            "type": "FileOrCreate"
                        },
                        "name": "xtables-lock"
                    },
                    {
                        "name": "clustermesh-secrets",
                        "projected": {
                            "defaultMode": 256,
                            "sources": [
                                {
                                    "secret": {
                                        "name": "cilium-clustermesh",
                                        "optional": true
                                    }
                                },
                                {
                                    "secret": {
                                        "items": [
                                            {
                                                "key": "tls.key",
                                                "path": "common-etcd-client.key"
                                            },
                                            {
                                                "key": "tls.crt",
                                                "path": "common-etcd-client.crt"
                                            },
                                            {
                                                "key": "ca.crt",
                                                "path": "common-etcd-client-ca.crt"
                                            }
                                        ],
                                        "name": "clustermesh-apiserver-remote-cert",
                                        "optional": true
                                    }
                                },
                                {
                                    "secret": {
                                        "items": [
                                            {
                                                "key": "tls.key",
                                                "path": "local-etcd-client.key"
                                            },
                                            {
                                                "key": "tls.crt",
                                                "path": "local-etcd-client.crt"
                                            },
                                            {
                                                "key": "ca.crt",
                                                "path": "local-etcd-client-ca.crt"
                                            }
                                        ],
                                        "name": "clustermesh-apiserver-local-cert",
                                        "optional": true
                                    }
                                }
                            ]
                        }
                    },
                    {
                        "hostPath": {
                            "path": "/proc/sys/net",
                            "type": "Directory"
                        },
                        "name": "host-proc-sys-net"
                    },
                    {
                        "hostPath": {
                            "path": "/proc/sys/kernel",
                            "type": "Directory"
                        },
                        "name": "host-proc-sys-kernel"
                    },
                    {
                        "name": "kube-api-access-shgtm",
                        "projected": {
                            "defaultMode": 420,
                            "sources": [
                                {
                                    "serviceAccountToken": {
                                        "expirationSeconds": 3607,
                                        "path": "token"
                                    }
                                },
                                {
                                    "configMap": {
                                        "items": [
                                            {
                                                "key": "ca.crt",
                                                "path": "ca.crt"
                                            }
                                        ],
                                        "name": "kube-root-ca.crt"
                                    }
                                },
                                {
                                    "downwardAPI": {
                                        "items": [
                                            {
                                                "fieldRef": {
                                                    "apiVersion": "v1",
                                                    "fieldPath": "metadata.namespace"
                                                },
                                                "path": "namespace"
                                            }
                                        ]
                                    }
                                }
                            ]
                        }
                    }
                ]
            },
            "status": {
                "allocatedResources": {
                    "cpu": "100m",
                    "memory": "10Mi"
                },
                "conditions": [
                    {
                        "lastProbeTime": null,
                        "lastTransitionTime": "2026-10-05T00:10:48Z",
                        "observedGeneration": 1,
                        "status": "True",
                        "type": "PodReadyToStartContainers"
                    },
                    {
                        "lastProbeTime": null,
                        "lastTransitionTime": "2026-10-05T00:11:04Z",
                        "observedGeneration": 1,
                        "status": "True",
                        "type": "Initialized"
                    },
                    {
                        "lastProbeTime": null,
                        "lastTransitionTime": "2026-10-05T00:11:12Z",
                        "observedGeneration": 1,
                        "status": "True",
                        "type": "Ready"
                    },
                    {
                        "lastProbeTime": null,
                        "lastTransitionTime": "2026-10-05T00:11:12Z",
                        "observedGeneration": 1,
                        "status": "True",
                        "type": "ContainersReady"
                    },
                    {
                        "lastProbeTime": null,
                        "lastTransitionTime": "2026-10-05T00:10:48Z",
                        "observedGeneration": 1,
                        "status": "True",
                        "type": "PodScheduled"
                    }
                ],
                "containerStatuses": [
                    {
                        "containerID": "containerd://ea3caa497b28bc1b5cb9b92d1b03a1ea3cd787ed61d33aa0b9103bbef2b71fc4",
                        "image": "sha256:e8a7b89d30c0711e31b5ee947e0493786824413ecda8349416155b39663570b3",
                        "imageID": "quay.io/cilium/cilium@sha256:2939231d0d3e3ebddcd80fffa168b7ddcc78fdf0dc864d1c8c126ff523c54f01",
                        "lastState": {},
                        "name": "cilium-agent",
                        "ready": true,
                        "resources": {},
                        "restartCount": 0,
                        "started": true,
                        "state": {
                            "running": {
                                "startedAt": "2026-10-05T00:11:04Z"
                            }
                        },
                        "user": {
                            "linux": {
                                "gid": 0,
                                "supplementalGroups": [
                                    0
                                ],
                                "uid": 0
                            }
                        },
                        "volumeMounts": [
                            {
                                "mountPath": "/host/proc/sys/net",
                                "name": "host-proc-sys-net"
                            },
                            {
                                "mountPath": "/host/proc/sys/kernel",
                                "name": "host-proc-sys-kernel"
                            },
                            {
                                "mountPath": "/sys/fs/bpf",
                                "name": "bpf-maps"
                            },
                            {
                                "mountPath": "/var/run/cilium",
                                "name": "cilium-run"
                            },
                            {
                                "mountPath": "/var/run/cilium/netns",
                                "name": "cilium-netns"
                            },
                            {
                                "mountPath": "/host/etc/cni/net.d",
                                "name": "etc-cni-netd"
                            },
                            {
                                "mountPath": "/var/lib/cilium/clustermesh",
                                "name": "clustermesh-secrets",
                                "readOnly": true,
                                "recursiveReadOnly": "Disabled"
                            },
                            {
                                "mountPath": "/lib/modules",
                                "name": "lib-modules",
                                "readOnly": true,
                                "recursiveReadOnly": "Disabled"
                            },
                            {
                                "mountPath": "/run/xtables.lock",
                                "name": "xtables-lock"
                            },
                            {
                                "mountPath": "/tmp",
                                "name": "tmp"
                            },
                            {
                                "mountPath": "/var/run/secrets/kubernetes.io/serviceaccount",
                                "name": "kube-api-access-shgtm",
                                "readOnly": true,
                                "recursiveReadOnly": "Disabled"
                            }
                        ]
                    }
                ],
                "hostIP": "172.18.0.2",
                "hostIPs": [
                    {
                        "ip": "172.18.0.2"
                    }
                ],
                "initContainerStatuses": [
                    {
                        "containerID": "containerd://55cfbeb9cf0d60ebc50756a968091a25f4b34915f0cd6043002b27fed1e0c787",
                        "image": "sha256:e8a7b89d30c0711e31b5ee947e0493786824413ecda8349416155b39663570b3",
                        "imageID": "quay.io/cilium/cilium@sha256:2939231d0d3e3ebddcd80fffa168b7ddcc78fdf0dc864d1c8c126ff523c54f01",
                        "lastState": {},
                        "name": "config",
                        "ready": true,
                        "resources": {},
                        "restartCount": 0,
                        "started": false,
                        "state": {
                            "terminated": {
                                "containerID": "containerd://55cfbeb9cf0d60ebc50756a968091a25f4b34915f0cd6043002b27fed1e0c787",
                                "exitCode": 0,
                                "finishedAt": "2026-10-05T00:10:56Z",
                                "reason": "Completed",
                                "startedAt": "2026-10-05T00:10:55Z"
                            }
                        },
                        "user": {
                            "linux": {
                                "gid": 0,
                                "supplementalGroups": [
                                    0
                                ],
                                "uid": 0
                            }
                        },
                        "volumeMounts": [
                            {
                                "mountPath": "/tmp",
                                "name": "tmp"
                            },
                            {
                                "mountPath": "/var/run/secrets/kubernetes.io/serviceaccount",
                                "name": "kube-api-access-shgtm",
                                "readOnly": true,
                                "recursiveReadOnly": "Disabled"
                            }
                        ]
                    },
                    {
                        "containerID": "containerd://74a59cede5b5a5d8a4aab083ccd4cff93d5269767c73f2e0f9836179f883ec3c",
                        "image": "sha256:e8a7b89d30c0711e31b5ee947e0493786824413ecda8349416155b39663570b3",
                        "imageID": "quay.io/cilium/cilium@sha256:2939231d0d3e3ebddcd80fffa168b7ddcc78fdf0dc864d1c8c126ff523c54f01",
                        "lastState": {},
                        "name": "mount-cgroup",
                        "ready": true,
                        "resources": {},
                        "restartCount": 0,
                        "started": false,
                        "state": {
                            "terminated": {
                                "containerID": "containerd://74a59cede5b5a5d8a4aab083ccd4cff93d5269767c73f2e0f9836179f883ec3c",
                                "exitCode": 0,
                                "finishedAt": "2026-10-05T00:10:59Z",
                                "reason": "Completed",
                                "startedAt": "2026-10-05T00:10:59Z"
                            }
                        },
                        "user": {
                            "linux": {
                                "gid": 0,
                                "supplementalGroups": [
                                    0
                                ],
                                "uid": 0
                            }
                        },
                        "volumeMounts": [
                            {
                                "mountPath": "/hostproc",
                                "name": "hostproc"
                            },
                            {
                                "mountPath": "/hostbin",
                                "name": "cni-path"
                            },
                            {
                                "mountPath": "/var/run/secrets/kubernetes.io/serviceaccount",
                                "name": "kube-api-access-shgtm",
                                "readOnly": true,
                                "recursiveReadOnly": "Disabled"
                            }
                        ]
                    },
                    {
                        "containerID": "containerd://5f21c47c3756b9f9399e558457621c6edbfd54fc9857b5dc5f899369af4c2491",
                        "image": "sha256:e8a7b89d30c0711e31b5ee947e0493786824413ecda8349416155b39663570b3",
                        "imageID": "quay.io/cilium/cilium@sha256:2939231d0d3e3ebddcd80fffa168b7ddcc78fdf0dc864d1c8c126ff523c54f01",
                        "lastState": {},
                        "name": "apply-sysctl-overwrites",
                        "ready": true,
                        "resources": {},
                        "restartCount": 0,
                        "started": false,
                        "state": {
                            "terminated": {
                                "containerID": "containerd://5f21c47c3756b9f9399e558457621c6edbfd54fc9857b5dc5f899369af4c2491",
                                "exitCode": 0,
                                "finishedAt": "2026-10-05T00:11:00Z",
                                "reason": "Completed",
                                "startedAt": "2026-10-05T00:11:00Z"
                            }
                        },
                        "user": {
                            "linux": {
                                "gid": 0,
                                "supplementalGroups": [
                                    0
                                ],
                                "uid": 0
                            }
                        },
                        "volumeMounts": [
                            {
                                "mountPath": "/hostproc",
                                "name": "hostproc"
                            },
                            {
                                "mountPath": "/hostbin",
                                "name": "cni-path"
                            },
                            {
                                "mountPath": "/var/run/secrets/kubernetes.io/serviceaccount",
                                "name": "kube-api-access-shgtm",
                                "readOnly": true,
                                "recursiveReadOnly": "Disabled"
                            }
                        ]
                    },
                    {
                        "containerID": "containerd://9380427aaea8eef896b86c45f4021b25deff97527caf310d7ca32a2872128212",
                        "image": "sha256:e8a7b89d30c0711e31b5ee947e0493786824413ecda8349416155b39663570b3",
                        "imageID": "quay.io/cilium/cilium@sha256:2939231d0d3e3ebddcd80fffa168b7ddcc78fdf0dc864d1c8c126ff523c54f01",
                        "lastState": {},
                        "name": "mount-bpf-fs",
                        "ready": true,
                        "resources": {},
                        "restartCount": 0,
                        "started": false,
                        "state": {
                            "terminated": {
                                "containerID": "containerd://9380427aaea8eef896b86c45f4021b25deff97527caf310d7ca32a2872128212",
                                "exitCode": 0,
                                "finishedAt": "2026-10-05T00:11:01Z",
                                "reason": "Completed",
                                "startedAt": "2026-10-05T00:11:01Z"
                            }
                        },
                        "user": {
                            "linux": {
                                "gid": 0,
                                "supplementalGroups": [
                                    0
                                ],
                                "uid": 0
                            }
                        },
                        "volumeMounts": [
                            {
                                "mountPath": "/sys/fs/bpf",
                                "name": "bpf-maps"
                            },
                            {
                                "mountPath": "/var/run/secrets/kubernetes.io/serviceaccount",
                                "name": "kube-api-access-shgtm",
                                "readOnly": true,
                                "recursiveReadOnly": "Disabled"
                            }
                        ]
                    },
                    {
                        "containerID": "containerd://0b2533fa38a205e5e8dfaf1fb7b10833815dd0bdbd2725e5aee1f2d1919393b0",
                        "image": "sha256:e8a7b89d30c0711e31b5ee947e0493786824413ecda8349416155b39663570b3",
                        "imageID": "quay.io/cilium/cilium@sha256:2939231d0d3e3ebddcd80fffa168b7ddcc78fdf0dc864d1c8c126ff523c54f01",
                        "lastState": {},
                        "name": "clean-cilium-state",
                        "ready": true,
                        "resources": {},
                        "restartCount": 0,
                        "started": false,
                        "state": {
                            "terminated": {
                                "containerID": "containerd://0b2533fa38a205e5e8dfaf1fb7b10833815dd0bdbd2725e5aee1f2d1919393b0",
                                "exitCode": 0,
                                "finishedAt": "2026-10-05T00:11:02Z",
                                "reason": "Completed",
                                "startedAt": "2026-10-05T00:11:02Z"
                            }
                        },
                        "user": {
                            "linux": {
                                "gid": 0,
                                "supplementalGroups": [
                                    0
                                ],
                                "uid": 0
                            }
                        },
                        "volumeMounts": [
                            {
                                "mountPath": "/sys/fs/bpf",
                                "name": "bpf-maps"
                            },
                            {
                                "mountPath": "/run/cilium/cgroupv2",
                                "name": "cilium-cgroup"
                            },
                            {
                                "mountPath": "/var/run/cilium",
                                "name": "cilium-run"
                            },
                            {
                                "mountPath": "/var/run/secrets/kubernetes.io/serviceaccount",
                                "name": "kube-api-access-shgtm",
                                "readOnly": true,
                                "recursiveReadOnly": "Disabled"
                            }
                        ]
                    },
                    {
                        "allocatedResources": {
                            "cpu": "100m",
                            "memory": "10Mi"
                        },
                        "containerID": "containerd://e0b875a779b0f2c8c35f27b0e09de520eec1079ee57081e27af4c0bb62330cef",
                        "image": "sha256:e8a7b89d30c0711e31b5ee947e0493786824413ecda8349416155b39663570b3",
                        "imageID": "quay.io/cilium/cilium@sha256:2939231d0d3e3ebddcd80fffa168b7ddcc78fdf0dc864d1c8c126ff523c54f01",
                        "lastState": {},
                        "name": "install-cni-binaries",
                        "ready": true,
                        "resources": {
                            "limits": {
                                "cpu": "1",
                                "memory": "1Gi"
                            },
                            "requests": {
                                "cpu": "100m",
                                "memory": "10Mi"
                            }
                        },
                        "restartCount": 0,
                        "started": false,
                        "state": {
                            "terminated": {
                                "containerID": "containerd://e0b875a779b0f2c8c35f27b0e09de520eec1079ee57081e27af4c0bb62330cef",
                                "exitCode": 0,
                                "finishedAt": "2026-10-05T00:11:03Z",
                                "reason": "Completed",
                                "startedAt": "2026-10-05T00:11:03Z"
                            }
                        },
                        "user": {
                            "linux": {
                                "gid": 0,
                                "supplementalGroups": [
                                    0
                                ],
                                "uid": 0
                            }
                        },
                        "volumeMounts": [
                            {
                                "mountPath": "/host/opt/cni/bin",
                                "name": "cni-path"
                            },
                            {
                                "mountPath": "/var/run/secrets/kubernetes.io/serviceaccount",
                                "name": "kube-api-access-shgtm",
                                "readOnly": true,
                                "recursiveReadOnly": "Disabled"
                            }
                        ]
                    }
                ],
                "observedGeneration": 1,
                "phase": "Running",
                "podIP": "172.18.0.2",
                "podIPs": [
                    {
                        "ip": "172.18.0.2"
                    }
                ],
                "qosClass": "Burstable",
                "resources": {
                    "limits": {
                        "cpu": "1",
                        "memory": "1Gi"
                    },
                    "requests": {
                        "cpu": "79m",
                        "memory": "10Mi"
                    }
                },
                "startTime": "2026-10-05T00:10:48Z"
            }
        }
    ],
    "kind": "List",
    "metadata": {
        "resourceVersion": ""
    }
}
