{
    "apiVersion": "v1",
    "items": [
        {
            "apiVersion": "v1",
            "kind": "Pod",
            "metadata": {
                "annotations": {
                    "kubectl.kubernetes.io/default-container": "cilium-agent"
                },
                "creationTimestamp": "2026-10-05T00:24:33Z",
                "generateName": "cilium-",
                "generation": 1,
                "labels": {
                    "app.kubernetes.io/name": "cilium-agent",
                    "app.kubernetes.io/part-of": "cilium",
                    "controller-revision-hash": "84f9fdd7fd",
                    "helm.sh/chart": "cilium-1.20.2",
                    "k8s-app": "cilium",
                    "pod-template-generation": "1"
                },
                "name": "cilium-768rl",
                "namespace": "kube-system",
                "ownerReferences": [
                    {
                        "apiVersion": "apps/v1",
                        "blockOwnerDeletion": true,
                        "controller": true,
                        "kind": "DaemonSet",
                        "name": "cilium",
                        "uid": "4f4f5fe6-7497-4796-be00-e46e20f864d4"
                    }
                ],
                "resourceVersion": "668",
                "uid": "fe332fb7-ee98-4b30-beb2-7f96597168a8"
            },
            "spec": {
                "affinity": {
                    "nodeAffinity": {
                        "requiredDuringSchedulingIgnoredDuringExecution": {
                            "nodeSelectorTerms": [
                                {
                                    "matchFields": [
                                        {
                                            "key": "metadata.name",
                                            "operator": "In",
                                            "values": [
                                                "p01-c9c202786437-601e9835-control-plane"
                                            ]
                                        }
                                    ]
                                }
                            ]
                        }
                    },
                    "podAntiAffinity": {
                        "requiredDuringSchedulingIgnoredDuringExecution": [
                            {
                                "labelSelector": {
                                    "matchLabels": {
                                        "k8s-app": "cilium"
                                    }
                                },
                                "topologyKey": "kubernetes.io/hostname"
                            }
                        ]
                    }
                },
                "automountServiceAccountToken": true,
                "containers": [
                    {
                        "args": [
                            "--config-dir=/tmp/cilium/config-map"
                        ],
                        "command": [
                            "cilium-agent"
                        ],
                        "env": [
                            {
                                "name": "K8S_NODE_NAME",
                                "valueFrom": {
                                    "fieldRef": {
                                        "apiVersion": "v1",
                                        "fieldPath": "spec.nodeName"
                                    }
                                }
                            },
                            {
                                "name": "CILIUM_K8S_NAMESPACE",
                                "valueFrom": {
                                    "fieldRef": {
                                        "apiVersion": "v1",
                                        "fieldPath": "metadata.namespace"
                                    }
                                }
                            },
                            {
                                "name": "CILIUM_CLUSTERMESH_CONFIG",
                                "value": "/var/lib/cilium/clustermesh/"
                            },
                            {
                                "name": "GOMEMLIMIT",
                                "valueFrom": {
                                    "resourceFieldRef": {
                                        "divisor": "1",
                                        "resource": "limits.memory"
                                    }
                                }
                            },
                            {
                                "name": "KUBE_CLIENT_BACKOFF_BASE",
                                "value": "1"
                            },
                            {
                                "name": "KUBE_CLIENT_BACKOFF_DURATION",
                                "value": "120"
                            }
                        ],
                        "image": "quay.io/cilium/cilium:v1.20.2@sha256:2939231d0d3e3ebddcd80fffa168b7ddcc78fdf0dc864d1c8c126ff523c54f01",
                        "imagePullPolicy": "IfNotPresent",
                        "lifecycle": {
                            "postStart": {
                                "exec": {
                                    "command": [
                                        "bash",
                                        "-c",
                                        "set -o errexit\nset -o pipefail\nset -o nounset\n\n# When running in AWS ENI mode, it's likely that 'aws-node' has\n# had a chance to install SNAT iptables rules. These can result\n# in dropped traffic, so we should attempt to remove them.\n# We do it using a 'postStart' hook since this may need to run\n# for nodes which might have already been init'ed but may still\n# have dangling rules. This is safe because there are no\n# dependencies on anything that is part of the startup script\n# itself, and can be safely run multiple times per node (e.g. in\n# case of a restart).\nif [[ \"$(iptables-save | grep -E -c 'AWS-SNAT-CHAIN|AWS-CONNMARK-CHAIN')\" != \"0\" ]];\nthen\n    echo 'Deleting iptables rules created by the AWS CNI VPC plugin'\n    iptables-save | grep -E -v 'AWS-SNAT-CHAIN|AWS-CONNMARK-CHAIN' | iptables-restore\nfi\necho 'Done!'\n"
                                    ]
                                }
                            },
                            "preStop": {
                                "exec": {
                                    "command": [
                                        "/cni-uninstall.sh"
                                    ]
                                }
                            }
                        },
                        "livenessProbe": {
                            "failureThreshold": 10,
                            "httpGet": {
                                "host": "127.0.0.1",
                                "httpHeaders": [
                                    {
                                        "name": "brief",
                                        "value": "true"
                                    },
                                    {
                                        "name": "require-k8s-connectivity",
                                        "value": "false"
                                    }
                                ],
                                "path": "/healthz",
                                "port": "health",
                                "scheme": "HTTP"
                            },
                            "periodSeconds": 30,
                            "successThreshold": 1,
                            "timeoutSeconds": 5
                        },
                        "name": "cilium-agent",
                        "ports": [
                            {
                                "containerPort": 9879,
                                "hostPort": 9879,
                                "name": "health",
                                "protocol": "TCP"
                            }
                        ],
                        "readinessProbe": {
                            "failureThreshold": 3,
                            "httpGet": {
                                "host": "127.0.0.1",
                                "httpHeaders": [
                                    {
                                        "name": "brief",
                                        "value": "true"
                                    }
                                ],
                                "path": "/healthz",
                                "port": "health",
                                "scheme": "HTTP"
                            },
                            "periodSeconds": 30,
                            "successThreshold": 1,
                            "timeoutSeconds": 5
                        },
                        "resources": {},
                        "securityContext": {
                            "capabilities": {
                                "add": [
                                    "CHOWN",
                                    "KILL",
                                    "NET_ADMIN",
                                    "NET_RAW",
                                    "IPC_LOCK",
                                    "SYS_MODULE",
                                    "SYS_ADMIN",
                                    "SYS_RESOURCE",
                                    "DAC_OVERRIDE",
                                    "FOWNER",
                                    "SETGID",
                                    "SETUID",
                                    "SYSLOG"
                                ],
                                "drop": [
                                    "ALL"
                                ]
                            },
                            "seLinuxOptions": {
                                "level": "s0",
                                "type": "spc_t"
                            }
                        },
                        "startupProbe": {
                            "failureThreshold": 300,
                            "httpGet": {
                                "host": "127.0.0.1",
                                "httpHeaders": [
                                    {
                                        "name": "brief",
                                        "value": "true"
                                    }
                                ],
                                "path": "/healthz",
                                "port": "health",
                                "scheme": "HTTP"
                            },
                            "initialDelaySeconds": 5,
                            "periodSeconds": 2,
                            "successThreshold": 1,
                            "timeoutSeconds": 1
                        },
                        "terminationMessagePath": "/dev/termination-log",
                        "terminationMessagePolicy": "FallbackToLogsOnError",
                        "volumeMounts": [
                            {
                                "mountPath": "/host/proc/sys/net",
                                "name": "host-proc-sys-net"
                            },
                            {
                                "mountPath": "/host/proc/sys/kernel",
                                "name": "host-proc-sys-kernel"
                            },
                            {
                                "mountPath": "/sys/fs/bpf",
                                "mountPropagation": "HostToContainer",
                                "name": "bpf-maps"
                            },
                            {
                                "mountPath": "/var/run/cilium",
                                "name": "cilium-run"
                            },
                            {
                                "mountPath": "/var/run/cilium/netns",
                                "mountPropagation": "HostToContainer",
                                "name": "cilium-netns"
                            },
                            {
                                "mountPath": "/host/etc/cni/net.d",
                                "name": "etc-cni-netd"
                            },
                            {
                                "mountPath": "/var/lib/cilium/clustermesh",
                                "name": "clustermesh-secrets",
                                "readOnly": true
                            },
                            {
                                "mountPath": "/lib/modules",
                                "name": "lib-modules",
                                "readOnly": true
                            },
                            {
                                "mountPath": "/run/xtables.lock",
                                "name": "xtables-lock"
                            },
                            {
                                "mountPath": "/tmp",
                                "name": "tmp"
                            },
                            {
                                "mountPath": "/var/run/secrets/kubernetes.io/serviceaccount",
                                "name": "kube-api-access-n95p6",
                                "readOnly": true
                            }
                        ]
                    }
                ],
                "dnsPolicy": "ClusterFirst",
                "enableServiceLinks": true,
                "hostNetwork": true,
                "hostUsers": true,
                "initContainers": [
                    {
                        "command": [
                            "cilium-dbg",
                            "build-config",
                            "--k8s-api-server-urls="
                        ],
                        "env": [
                            {
                                "name": "K8S_NODE_NAME",
                                "valueFrom": {
                                    "fieldRef": {
                                        "apiVersion": "v1",
                                        "fieldPath": "spec.nodeName"
                                    }
                                }
                            },
                            {
                                "name": "CILIUM_K8S_NAMESPACE",
                                "valueFrom": {
                                    "fieldRef": {
                                        "apiVersion": "v1",
                                        "fieldPath": "metadata.namespace"
                                    }
                                }
                            }
                        ],
                        "image": "quay.io/cilium/cilium:v1.20.2@sha256:2939231d0d3e3ebddcd80fffa168b7ddcc78fdf0dc864d1c8c126ff523c54f01",
                        "imagePullPolicy": "IfNotPresent",
                        "name": "config",
                        "resources": {},
                        "securityContext": {
                            "capabilities": {
                                "add": [
                                    "NET_ADMIN"
                                ],
                                "drop": [
                                    "ALL"
                                ]
                            }
                        },
                        "terminationMessagePath": "/dev/termination-log",
                        "terminationMessagePolicy": "FallbackToLogsOnError",
                        "volumeMounts": [
                            {
                                "mountPath": "/tmp",
                                "name": "tmp"
                            },
                            {
                                "mountPath": "/var/run/secrets/kubernetes.io/serviceaccount",
                                "name": "kube-api-access-n95p6",
                                "readOnly": true
                            }
                        ]
                    },
                    {
                        "command": [
                            "bash",
                            "-ec",
                            "cp /usr/bin/cilium-mount /hostbin/cilium-mount;\nnsenter --cgroup=/hostproc/1/ns/cgroup --mount=/hostproc/1/ns/mnt \"${BIN_PATH}/cilium-mount\" $CGROUP_ROOT;\nrm /hostbin/cilium-mount\n"
                        ],
                        "env": [
                            {
                                "name": "CGROUP_ROOT",
                                "value": "/run/cilium/cgroupv2"
                            },
                            {
                                "name": "BIN_PATH",
                                "value": "/opt/cni/bin"
                            }
                        ],
                        "image": "quay.io/cilium/cilium:v1.20.2@sha256:2939231d0d3e3ebddcd80fffa168b7ddcc78fdf0dc864d1c8c126ff523c54f01",
                        "imagePullPolicy": "IfNotPresent",
                        "name": "mount-cgroup",
                        "resources": {},
                        "securityContext": {
                            "capabilities": {
                                "add": [
                                    "SYS_ADMIN",
                                    "SYS_CHROOT",
                                    "SYS_PTRACE"
                                ],
                                "drop": [
                                    "ALL"
                                ]
                            },
                            "seLinuxOptions": {
                                "level": "s0",
                                "type": "spc_t"
                            }
                        },
                        "terminationMessagePath": "/dev/termination-log",
                        "terminationMessagePolicy": "FallbackToLogsOnError",
                        "volumeMounts": [
                            {
                                "mountPath": "/hostproc",
                                "name": "hostproc"
                            },
                            {
                                "mountPath": "/hostbin",
                                "name": "cni-path"
                            },
                            {
                                "mountPath": "/var/run/secrets/kubernetes.io/serviceaccount",
                                "name": "kube-api-access-n95p6",
                                "readOnly": true
                            }
                        ]
                    },
                    {
                        "command": [
                            "bash",
                            "-ec",
                            "cp /usr/bin/cilium-sysctlfix /hostbin/cilium-sysctlfix;\nnsenter --mount=/hostproc/1/ns/mnt \"${BIN_PATH}/cilium-sysctlfix\";\nrm /hostbin/cilium-sysctlfix\n"
                        ],
                        "env": [
                            {
                                "name": "BIN_PATH",
                                "value": "/opt/cni/bin"
                            }
                        ],
                        "image": "quay.io/cilium/cilium:v1.20.2@sha256:2939231d0d3e3ebddcd80fffa168b7ddcc78fdf0dc864d1c8c126ff523c54f01",
                        "imagePullPolicy": "IfNotPresent",
                        "name": "apply-sysctl-overwrites",
                        "resources": {},
                        "securityContext": {
                            "capabilities": {
                                "add": [
                                    "SYS_ADMIN",
                                    "SYS_CHROOT",
                                    "SYS_PTRACE"
                                ],
                                "drop": [
                                    "ALL"
                                ]
                            },
                            "seLinuxOptions": {
                                "level": "s0",
                                "type": "spc_t"
                            }
                        },
                        "terminationMessagePath": "/dev/termination-log",
                        "terminationMessagePolicy": "FallbackToLogsOnError",
                        "volumeMounts": [
                            {
                                "mountPath": "/hostproc",
                                "name": "hostproc"
                            },
                            {
                                "mountPath": "/hostbin",
                                "name": "cni-path"
                            },
                            {
                                "mountPath": "/var/run/secrets/kubernetes.io/serviceaccount",
                                "name": "kube-api-access-n95p6",
                                "readOnly": true
                            }
                        ]
                    },
                    {
                        "args": [
                            "mount | grep \"/sys/fs/bpf type bpf\" || mount -t bpf bpf /sys/fs/bpf"
                        ],
                        "command": [
                            "/bin/bash",
                            "-c",
                            "--"
                        ],
                        "image": "quay.io/cilium/cilium:v1.20.2@sha256:2939231d0d3e3ebddcd80fffa168b7ddcc78fdf0dc864d1c8c126ff523c54f01",
                        "imagePullPolicy": "IfNotPresent",
                        "name": "mount-bpf-fs",
                        "resources": {},
                        "securityContext": {
                            "privileged": true
                        },
                        "terminationMessagePath": "/dev/termination-log",
                        "terminationMessagePolicy": "FallbackToLogsOnError",
                        "volumeMounts": [
                            {
                                "mountPath": "/sys/fs/bpf",
                                "mountPropagation": "Bidirectional",
                                "name": "bpf-maps"
                            },
                            {
                                "mountPath": "/var/run/secrets/kubernetes.io/serviceaccount",
                                "name": "kube-api-access-n95p6",
                                "readOnly": true
                            }
                        ]
                    },
                    {
                        "command": [
                            "/init-container.sh"
                        ],
                        "env": [
                            {
                                "name": "CILIUM_ALL_STATE",
                                "valueFrom": {
                                    "configMapKeyRef": {
                                        "key": "clean-cilium-state",
                                        "name": "cilium-config",
                                        "optional": true
                                    }
                                }
                            },
                            {
                                "name": "CILIUM_BPF_STATE",
                                "valueFrom": {
                                    "configMapKeyRef": {
                                        "key": "clean-cilium-bpf-state",
                                        "name": "cilium-config",
                                        "optional": true
                                    }
                                }
                            },
                            {
                                "name": "WRITE_CNI_CONF_WHEN_READY",
                                "valueFrom": {
                                    "configMapKeyRef": {
                                        "key": "write-cni-conf-when-ready",
                                        "name": "cilium-config",
                                        "optional": true
                                    }
                                }
                            }
                        ],
                        "image": "quay.io/cilium/cilium:v1.20.2@sha256:2939231d0d3e3ebddcd80fffa168b7ddcc78fdf0dc864d1c8c126ff523c54f01",
                        "imagePullPolicy": "IfNotPresent",
                        "name": "clean-cilium-state",
                        "resources": {},
                        "securityContext": {
                            "capabilities": {
                                "add": [
                                    "NET_ADMIN",
                                    "SYS_MODULE",
                                    "SYS_ADMIN",
                                    "SYS_RESOURCE"
                                ],
                                "drop": [
                                    "ALL"
                                ]
                            },
                            "seLinuxOptions": {
                                "level": "s0",
                                "type": "spc_t"
                            }
                        },
                        "terminationMessagePath": "/dev/termination-log",
                        "terminationMessagePolicy": "FallbackToLogsOnError",
                        "volumeMounts": [
                            {
                                "mountPath": "/sys/fs/bpf",
                                "name": "bpf-maps"
                            },
                            {
                                "mountPath": "/run/cilium/cgroupv2",
                                "mountPropagation": "HostToContainer",
                                "name": "cilium-cgroup"
                            },
                            {
                                "mountPath": "/var/run/cilium",
                                "name": "cilium-run"
                            },
                            {
                                "mountPath": "/var/run/secrets/kubernetes.io/serviceaccount",
                                "name": "kube-api-access-n95p6",
                                "readOnly": true
                            }
                        ]
                    },
                    {
                        "command": [
                            "/install-plugin.sh"
                        ],
                        "image": "quay.io/cilium/cilium:v1.20.2@sha256:2939231d0d3e3ebddcd80fffa168b7ddcc78fdf0dc864d1c8c126ff523c54f01",
                        "imagePullPolicy": "IfNotPresent",
                        "name": "install-cni-binaries",
                        "resources": {
                            "limits": {
                                "cpu": "1",
                                "memory": "1Gi"
                            },
                            "requests": {
                                "cpu": "100m",
                                "memory": "10Mi"
                            }
                        },
                        "securityContext": {
                            "capabilities": {
                                "drop": [
                                    "ALL"
                                ]
                            },
                            "seLinuxOptions": {
                                "level": "s0",
                                "type": "spc_t"
                            }
                        },
                        "terminationMessagePath": "/dev/termination-log",
                        "terminationMessagePolicy": "FallbackToLogsOnError",
                        "volumeMounts": [
                            {
                                "mountPath": "/host/opt/cni/bin",
                                "name": "cni-path"
                            },
                            {
                                "mountPath": "/var/run/secrets/kubernetes.io/serviceaccount",
                                "name": "kube-api-access-n95p6",
                                "readOnly": true
                            }
                        ]
                    }
                ],
                "nodeName": "p01-c9c202786437-601e9835-control-plane",
                "nodeSelector": {
                    "kubernetes.io/os": "linux"
                },
                "preemptionPolicy": "PreemptLowerPriority",
                "priority": 2000001000,
                "priorityClassName": "system-node-critical",
                "restartPolicy": "Always",
                "schedulerName": "default-scheduler",
                "securityContext": {
                    "appArmorProfile": {
                        "type": "Unconfined"
                    },
                    "seccompProfile": {
                        "type": "Unconfined"
                    }
                },
                "serviceAccount": "cilium",
                "serviceAccountName": "cilium",
                "terminationGracePeriodSeconds": 1,
                "tolerations": [
                    {
                        "operator": "Exists"
                    },
                    {
                        "effect": "NoExecute",
                        "key": "node.kubernetes.io/not-ready",
                        "operator": "Exists"
                    },
                    {
                        "effect": "NoExecute",
                        "key": "node.kubernetes.io/unreachable",
                        "operator": "Exists"
                    },
                    {
                        "effect": "NoSchedule",
                        "key": "node.kubernetes.io/disk-pressure",
                        "operator": "Exists"
                    },
                    {
                        "effect": "NoSchedule",
                        "key": "node.kubernetes.io/memory-pressure",
                        "operator": "Exists"
                    },
                    {
                        "effect": "NoSchedule",
                        "key": "node.kubernetes.io/pid-pressure",
                        "operator": "Exists"
                    },
                    {
                        "effect": "NoSchedule",
                        "key": "node.kubernetes.io/unschedulable",
                        "operator": "Exists"
                    },
                    {
                        "effect": "NoSchedule",
                        "key": "node.kubernetes.io/network-unavailable",
                        "operator": "Exists"
                    }
                ],
                "volumes": [
                    {
                        "emptyDir": {},
                        "name": "tmp"
                    },
                    {
                        "hostPath": {
                            "path": "/var/run/cilium",
                            "type": "DirectoryOrCreate"
                        },
                        "name": "cilium-run"
                    },
                    {
                        "hostPath": {
                            "path": "/var/run/netns",
                            "type": "DirectoryOrCreate"
                        },
                        "name": "cilium-netns"
                    },
                    {
                        "hostPath": {
                            "path": "/sys/fs/bpf",
                            "type": "DirectoryOrCreate"
                        },
                        "name": "bpf-maps"
                    },
                    {
                        "hostPath": {
                            "path": "/proc",
                            "type": "Directory"
                        },
                        "name": "hostproc"
                    },
                    {
                        "hostPath": {
                            "path": "/run/cilium/cgroupv2",
                            "type": "DirectoryOrCreate"
                        },
                        "name": "cilium-cgroup"
                    },
                    {
                        "hostPath": {
                            "path": "/opt/cni/bin",
                            "type": "DirectoryOrCreate"
                        },
                        "name": "cni-path"
                    },
                    {
                        "hostPath": {
                            "path": "/etc/cni/net.d",
                            "type": "DirectoryOrCreate"
                        },
                        "name": "etc-cni-netd"
                    },
                    {
                        "hostPath": {
                            "path": "/lib/modules",
                            "type": ""
                        },
                        "name": "lib-modules"
                    },
                    {
                        "hostPath": {
                            "path": "/run/xtables.lock",
                            "type": "FileOrCreate"
                        },
                        "name": "xtables-lock"
                    },
                    {
                        "name": "clustermesh-secrets",
                        "projected": {
                            "defaultMode": 256,
                            "sources": [
                                {
                                    "secret": {
                                        "name": "cilium-clustermesh",
                                        "optional": true
                                    }
                                },
                                {
                                    "secret": {
                                        "items": [
                                            {
                                                "key": "tls.key",
                                                "path": "common-etcd-client.key"
                                            },
                                            {
                                                "key": "tls.crt",
                                                "path": "common-etcd-client.crt"
                                            },
                                            {
                                                "key": "ca.crt",
                                                "path": "common-etcd-client-ca.crt"
                                            }
                                        ],
                                        "name": "clustermesh-apiserver-remote-cert",
                                        "optional": true
                                    }
                                },
                                {
                                    "secret": {
                                        "items": [
                                            {
                                                "key": "tls.key",
                                                "path": "local-etcd-client.key"
                                            },
                                            {
                                                "key": "tls.crt",
                                                "path": "local-etcd-client.crt"
                                            },
                                            {
                                                "key": "ca.crt",
                                                "path": "local-etcd-client-ca.crt"
                                            }
                                        ],
                                        "name": "clustermesh-apiserver-local-cert",
                                        "optional": true
                                    }
                                }
                            ]
                        }
                    },
                    {
                        "hostPath": {
                            "path": "/proc/sys/net",
                            "type": "Directory"
                        },
                        "name": "host-proc-sys-net"
                    },
                    {
                        "hostPath": {
                            "path": "/proc/sys/kernel",
                            "type": "Directory"
                        },
                        "name": "host-proc-sys-kernel"
                    },
                    {
                        "name": "kube-api-access-n95p6",
                        "projected": {
                            "defaultMode": 420,
                            "sources": [
                                {
                                    "serviceAccountToken": {
                                        "expirationSeconds": 3607,
                                        "path": "token"
                                    }
                                },
                                {
                                    "configMap": {
                                        "items": [
                                            {
                                                "key": "ca.crt",
                                                "path": "ca.crt"
                                            }
                                        ],
                                        "name": "kube-root-ca.crt"
                                    }
                                },
                                {
                                    "downwardAPI": {
                                        "items": [
                                            {
                                                "fieldRef": {
                                                    "apiVersion": "v1",
                                                    "fieldPath": "metadata.namespace"
                                                },
                                                "path": "namespace"
                                            }
                                        ]
                                    }
                                }
                            ]
                        }
                    }
                ]
            },
            "status": {
                "allocatedResources": {
                    "cpu": "100m",
                    "memory": "10Mi"
                },
                "conditions": [
                    {
                        "lastProbeTime": null,
                        "lastTransitionTime": "2026-10-05T00:24:33Z",
                        "observedGeneration": 1,
                        "status": "True",
                        "type": "PodReadyToStartContainers"
                    },
                    {
                        "lastProbeTime": null,
                        "lastTransitionTime": "2026-10-05T00:24:55Z",
                        "observedGeneration": 1,
                        "status": "True",
                        "type": "Initialized"
                    },
                    {
                        "lastProbeTime": null,
                        "lastTransitionTime": "2026-10-05T00:25:01Z",
                        "observedGeneration": 1,
                        "status": "True",
                        "type": "Ready"
                    },
                    {
                        "lastProbeTime": null,
                        "lastTransitionTime": "2026-10-05T00:25:01Z",
                        "observedGeneration": 1,
                        "status": "True",
                        "type": "ContainersReady"
                    },
                    {
                        "lastProbeTime": null,
                        "lastTransitionTime": "2026-10-05T00:24:33Z",
                        "observedGeneration": 1,
                        "status": "True",
                        "type": "PodScheduled"
                    }
                ],
                "containerStatuses": [
                    {
                        "containerID": "containerd://043f1cad7739b15a6ab46a8b5dec954aeb098929c0de8c2486c098c3cde33dee",
                        "image": "sha256:e8a7b89d30c0711e31b5ee947e0493786824413ecda8349416155b39663570b3",
                        "imageID": "quay.io/cilium/cilium@sha256:2939231d0d3e3ebddcd80fffa168b7ddcc78fdf0dc864d1c8c126ff523c54f01",
                        "lastState": {},
                        "name": "cilium-agent",
                        "ready": true,
                        "resources": {},
                        "restartCount": 0,
                        "started": true,
                        "state": {
                            "running": {
                                "startedAt": "2026-10-05T00:24:55Z"
                            }
                        },
                        "user": {
                            "linux": {
                                "gid": 0,
                                "supplementalGroups": [
                                    0
                                ],
                                "uid": 0
                            }
                        },
                        "volumeMounts": [
                            {
                                "mountPath": "/host/proc/sys/net",
                                "name": "host-proc-sys-net"
                            },
                            {
                                "mountPath": "/host/proc/sys/kernel",
                                "name": "host-proc-sys-kernel"
                            },
                            {
                                "mountPath": "/sys/fs/bpf",
                                "name": "bpf-maps"
                            },
                            {
                                "mountPath": "/var/run/cilium",
                                "name": "cilium-run"
                            },
                            {
                                "mountPath": "/var/run/cilium/netns",
                                "name": "cilium-netns"
                            },
                            {
                                "mountPath": "/host/etc/cni/net.d",
                                "name": "etc-cni-netd"
                            },
                            {
                                "mountPath": "/var/lib/cilium/clustermesh",
                                "name": "clustermesh-secrets",
                                "readOnly": true,
                                "recursiveReadOnly": "Disabled"
                            },
                            {
                                "mountPath": "/lib/modules",
                                "name": "lib-modules",
                                "readOnly": true,
                                "recursiveReadOnly": "Disabled"
                            },
                            {
                                "mountPath": "/run/xtables.lock",
                                "name": "xtables-lock"
                            },
                            {
                                "mountPath": "/tmp",
                                "name": "tmp"
                            },
                            {
                                "mountPath": "/var/run/secrets/kubernetes.io/serviceaccount",
                                "name": "kube-api-access-n95p6",
                                "readOnly": true,
                                "recursiveReadOnly": "Disabled"
                            }
                        ]
                    }
                ],
                "hostIP": "172.18.0.3",
                "hostIPs": [
                    {
                        "ip": "172.18.0.3"
                    }
                ],
                "initContainerStatuses": [
                    {
                        "containerID": "containerd://e5e692248fd63a1d060b8388a28be04e5b41dc1209ca4904220ede1bd63dfdab",
                        "image": "sha256:e8a7b89d30c0711e31b5ee947e0493786824413ecda8349416155b39663570b3",
                        "imageID": "quay.io/cilium/cilium@sha256:2939231d0d3e3ebddcd80fffa168b7ddcc78fdf0dc864d1c8c126ff523c54f01",
                        "lastState": {},
                        "name": "config",
                        "ready": true,
                        "resources": {},
                        "restartCount": 0,
                        "started": false,
                        "state": {
                            "terminated": {
                                "containerID": "containerd://e5e692248fd63a1d060b8388a28be04e5b41dc1209ca4904220ede1bd63dfdab",
                                "exitCode": 0,
                                "finishedAt": "2026-10-05T00:24:40Z",
                                "reason": "Completed",
                                "startedAt": "2026-10-05T00:24:40Z"
                            }
                        },
                        "user": {
                            "linux": {
                                "gid": 0,
                                "supplementalGroups": [
                                    0
                                ],
                                "uid": 0
                            }
                        },
                        "volumeMounts": [
                            {
                                "mountPath": "/tmp",
                                "name": "tmp"
                            },
                            {
                                "mountPath": "/var/run/secrets/kubernetes.io/serviceaccount",
                                "name": "kube-api-access-n95p6",
                                "readOnly": true,
                                "recursiveReadOnly": "Disabled"
                            }
                        ]
                    },
                    {
                        "containerID": "containerd://0229df4c4f7100d466ce4f7e50f34e6228b18e4e907dfe2d24f3bf82bd7f51cb",
                        "image": "sha256:e8a7b89d30c0711e31b5ee947e0493786824413ecda8349416155b39663570b3",
                        "imageID": "quay.io/cilium/cilium@sha256:2939231d0d3e3ebddcd80fffa168b7ddcc78fdf0dc864d1c8c126ff523c54f01",
                        "lastState": {},
                        "name": "mount-cgroup",
                        "ready": true,
                        "resources": {},
                        "restartCount": 0,
                        "started": false,
                        "state": {
                            "terminated": {
                                "containerID": "containerd://0229df4c4f7100d466ce4f7e50f34e6228b18e4e907dfe2d24f3bf82bd7f51cb",
                                "exitCode": 0,
                                "finishedAt": "2026-10-05T00:24:50Z",
                                "reason": "Completed",
                                "startedAt": "2026-10-05T00:24:50Z"
                            }
                        },
                        "user": {
                            "linux": {
                                "gid": 0,
                                "supplementalGroups": [
                                    0
                                ],
                                "uid": 0
                            }
                        },
                        "volumeMounts": [
                            {
                                "mountPath": "/hostproc",
                                "name": "hostproc"
                            },
                            {
                                "mountPath": "/hostbin",
                                "name": "cni-path"
                            },
                            {
                                "mountPath": "/var/run/secrets/kubernetes.io/serviceaccount",
                                "name": "kube-api-access-n95p6",
                                "readOnly": true,
                                "recursiveReadOnly": "Disabled"
                            }
                        ]
                    },
                    {
                        "containerID": "containerd://9c2cc594357eb49b93fc87f1fdc54353318af776871969537642eda00472b63a",
                        "image": "sha256:e8a7b89d30c0711e31b5ee947e0493786824413ecda8349416155b39663570b3",
                        "imageID": "quay.io/cilium/cilium@sha256:2939231d0d3e3ebddcd80fffa168b7ddcc78fdf0dc864d1c8c126ff523c54f01",
                        "lastState": {},
                        "name": "apply-sysctl-overwrites",
                        "ready": true,
                        "resources": {},
                        "restartCount": 0,
                        "started": false,
                        "state": {
                            "terminated": {
                                "containerID": "containerd://9c2cc594357eb49b93fc87f1fdc54353318af776871969537642eda00472b63a",
                                "exitCode": 0,
                                "finishedAt": "2026-10-05T00:24:51Z",
                                "reason": "Completed",
                                "startedAt": "2026-10-05T00:24:51Z"
                            }
                        },
                        "user": {
                            "linux": {
                                "gid": 0,
                                "supplementalGroups": [
                                    0
                                ],
                                "uid": 0
                            }
                        },
                        "volumeMounts": [
                            {
                                "mountPath": "/hostproc",
                                "name": "hostproc"
                            },
                            {
                                "mountPath": "/hostbin",
                                "name": "cni-path"
                            },
                            {
                                "mountPath": "/var/run/secrets/kubernetes.io/serviceaccount",
                                "name": "kube-api-access-n95p6",
                                "readOnly": true,
                                "recursiveReadOnly": "Disabled"
                            }
                        ]
                    },
                    {
                        "containerID": "containerd://0267e83ddfe18a53b57b52b01b0917b36755cfd0ea1a15df27e7f4ecda52fba3",
                        "image": "sha256:e8a7b89d30c0711e31b5ee947e0493786824413ecda8349416155b39663570b3",
                        "imageID": "quay.io/cilium/cilium@sha256:2939231d0d3e3ebddcd80fffa168b7ddcc78fdf0dc864d1c8c126ff523c54f01",
                        "lastState": {},
                        "name": "mount-bpf-fs",
                        "ready": true,
                        "resources": {},
                        "restartCount": 0,
                        "started": false,
                        "state": {
                            "terminated": {
                                "containerID": "containerd://0267e83ddfe18a53b57b52b01b0917b36755cfd0ea1a15df27e7f4ecda52fba3",
                                "exitCode": 0,
                                "finishedAt": "2026-10-05T00:24:52Z",
                                "reason": "Completed",
                                "startedAt": "2026-10-05T00:24:52Z"
                            }
                        },
                        "user": {
                            "linux": {
                                "gid": 0,
                                "supplementalGroups": [
                                    0
                                ],
                                "uid": 0
                            }
                        },
                        "volumeMounts": [
                            {
                                "mountPath": "/sys/fs/bpf",
                                "name": "bpf-maps"
                            },
                            {
                                "mountPath": "/var/run/secrets/kubernetes.io/serviceaccount",
                                "name": "kube-api-access-n95p6",
                                "readOnly": true,
                                "recursiveReadOnly": "Disabled"
                            }
                        ]
                    },
                    {
                        "containerID": "containerd://82c8e1a2d5cc341484639fab2ea797438dcf1f28264c7618a5aa9851369be596",
                        "image": "sha256:e8a7b89d30c0711e31b5ee947e0493786824413ecda8349416155b39663570b3",
                        "imageID": "quay.io/cilium/cilium@sha256:2939231d0d3e3ebddcd80fffa168b7ddcc78fdf0dc864d1c8c126ff523c54f01",
                        "lastState": {},
                        "name": "clean-cilium-state",
                        "ready": true,
                        "resources": {},
                        "restartCount": 0,
                        "started": false,
                        "state": {
                            "terminated": {
                                "containerID": "containerd://82c8e1a2d5cc341484639fab2ea797438dcf1f28264c7618a5aa9851369be596",
                                "exitCode": 0,
                                "finishedAt": "2026-10-05T00:24:53Z",
                                "reason": "Completed",
                                "startedAt": "2026-10-05T00:24:53Z"
                            }
                        },
                        "user": {
                            "linux": {
                                "gid": 0,
                                "supplementalGroups": [
                                    0
                                ],
                                "uid": 0
                            }
                        },
                        "volumeMounts": [
                            {
                                "mountPath": "/sys/fs/bpf",
                                "name": "bpf-maps"
                            },
                            {
                                "mountPath": "/run/cilium/cgroupv2",
                                "name": "cilium-cgroup"
                            },
                            {
                                "mountPath": "/var/run/cilium",
                                "name": "cilium-run"
                            },
                            {
                                "mountPath": "/var/run/secrets/kubernetes.io/serviceaccount",
                                "name": "kube-api-access-n95p6",
                                "readOnly": true,
                                "recursiveReadOnly": "Disabled"
                            }
                        ]
                    },
                    {
                        "allocatedResources": {
                            "cpu": "100m",
                            "memory": "10Mi"
                        },
                        "containerID": "containerd://f436007aff9f1bcb297424f874f93f479add4c98c17de1ca0c0d7759d49f9b0e",
                        "image": "sha256:e8a7b89d30c0711e31b5ee947e0493786824413ecda8349416155b39663570b3",
                        "imageID": "quay.io/cilium/cilium@sha256:2939231d0d3e3ebddcd80fffa168b7ddcc78fdf0dc864d1c8c126ff523c54f01",
                        "lastState": {},
                        "name": "install-cni-binaries",
                        "ready": true,
                        "resources": {
                            "limits": {
                                "cpu": "1",
                                "memory": "1Gi"
                            },
                            "requests": {
                                "cpu": "100m",
                                "memory": "10Mi"
                            }
                        },
                        "restartCount": 0,
                        "started": false,
                        "state": {
                            "terminated": {
                                "containerID": "containerd://f436007aff9f1bcb297424f874f93f479add4c98c17de1ca0c0d7759d49f9b0e",
                                "exitCode": 0,
                                "finishedAt": "2026-10-05T00:24:54Z",
                                "reason": "Completed",
                                "startedAt": "2026-10-05T00:24:54Z"
                            }
                        },
                        "user": {
                            "linux": {
                                "gid": 0,
                                "supplementalGroups": [
                                    0
                                ],
                                "uid": 0
                            }
                        },
                        "volumeMounts": [
                            {
                                "mountPath": "/host/opt/cni/bin",
                                "name": "cni-path"
                            },
                            {
                                "mountPath": "/var/run/secrets/kubernetes.io/serviceaccount",
                                "name": "kube-api-access-n95p6",
                                "readOnly": true,
                                "recursiveReadOnly": "Disabled"
                            }
                        ]
                    }
                ],
                "observedGeneration": 1,
                "phase": "Running",
                "podIP": "172.18.0.3",
                "podIPs": [
                    {
                        "ip": "172.18.0.3"
                    }
                ],
                "qosClass": "Burstable",
                "resources": {
                    "limits": {
                        "cpu": "1",
                        "memory": "1Gi"
                    },
                    "requests": {
                        "cpu": "79m",
                        "memory": "10Mi"
                    }
                },
                "startTime": "2026-10-05T00:24:33Z"
            }
        },
        {
            "apiVersion": "v1",
            "kind": "Pod",
            "metadata": {
                "annotations": {
                    "kubectl.kubernetes.io/default-container": "cilium-agent"
                },
                "creationTimestamp": "2026-10-05T00:24:33Z",
                "generateName": "cilium-",
                "generation": 1,
                "labels": {
                    "app.kubernetes.io/name": "cilium-agent",
                    "app.kubernetes.io/part-of": "cilium",
                    "controller-revision-hash": "84f9fdd7fd",
                    "helm.sh/chart": "cilium-1.20.2",
                    "k8s-app": "cilium",
                    "pod-template-generation": "1"
                },
                "name": "cilium-d9j5m",
                "namespace": "kube-system",
                "ownerReferences": [
                    {
                        "apiVersion": "apps/v1",
                        "blockOwnerDeletion": true,
                        "controller": true,
                        "kind": "DaemonSet",
                        "name": "cilium",
                        "uid": "4f4f5fe6-7497-4796-be00-e46e20f864d4"
                    }
                ],
                "resourceVersion": "682",
                "uid": "9a7d7009-5791-45dd-9b29-e3b52c90a71a"
            },
            "spec": {
                "affinity": {
                    "nodeAffinity": {
                        "requiredDuringSchedulingIgnoredDuringExecution": {
                            "nodeSelectorTerms": [
                                {
                                    "matchFields": [
                                        {
                                            "key": "metadata.name",
                                            "operator": "In",
                                            "values": [
                                                "p01-c9c202786437-601e9835-worker"
                                            ]
                                        }
                                    ]
                                }
                            ]
                        }
                    },
                    "podAntiAffinity": {
                        "requiredDuringSchedulingIgnoredDuringExecution": [
                            {
                                "labelSelector": {
                                    "matchLabels": {
                                        "k8s-app": "cilium"
                                    }
                                },
                                "topologyKey": "kubernetes.io/hostname"
                            }
                        ]
                    }
                },
                "automountServiceAccountToken": true,
                "containers": [
                    {
                        "args": [
                            "--config-dir=/tmp/cilium/config-map"
                        ],
                        "command": [
                            "cilium-agent"
                        ],
                        "env": [
                            {
                                "name": "K8S_NODE_NAME",
                                "valueFrom": {
                                    "fieldRef": {
                                        "apiVersion": "v1",
                                        "fieldPath": "spec.nodeName"
                                    }
                                }
                            },
                            {
                                "name": "CILIUM_K8S_NAMESPACE",
                                "valueFrom": {
                                    "fieldRef": {
                                        "apiVersion": "v1",
                                        "fieldPath": "metadata.namespace"
                                    }
                                }
                            },
                            {
                                "name": "CILIUM_CLUSTERMESH_CONFIG",
                                "value": "/var/lib/cilium/clustermesh/"
                            },
                            {
                                "name": "GOMEMLIMIT",
                                "valueFrom": {
                                    "resourceFieldRef": {
                                        "divisor": "1",
                                        "resource": "limits.memory"
                                    }
                                }
                            },
                            {
                                "name": "KUBE_CLIENT_BACKOFF_BASE",
                                "value": "1"
                            },
                            {
                                "name": "KUBE_CLIENT_BACKOFF_DURATION",
                                "value": "120"
                            }
                        ],
                        "image": "quay.io/cilium/cilium:v1.20.2@sha256:2939231d0d3e3ebddcd80fffa168b7ddcc78fdf0dc864d1c8c126ff523c54f01",
                        "imagePullPolicy": "IfNotPresent",
                        "lifecycle": {
                            "postStart": {
                                "exec": {
                                    "command": [
                                        "bash",
                                        "-c",
                                        "set -o errexit\nset -o pipefail\nset -o nounset\n\n# When running in AWS ENI mode, it's likely that 'aws-node' has\n# had a chance to install SNAT iptables rules. These can result\n# in dropped traffic, so we should attempt to remove them.\n# We do it using a 'postStart' hook since this may need to run\n# for nodes which might have already been init'ed but may still\n# have dangling rules. This is safe because there are no\n# dependencies on anything that is part of the startup script\n# itself, and can be safely run multiple times per node (e.g. in\n# case of a restart).\nif [[ \"$(iptables-save | grep -E -c 'AWS-SNAT-CHAIN|AWS-CONNMARK-CHAIN')\" != \"0\" ]];\nthen\n    echo 'Deleting iptables rules created by the AWS CNI VPC plugin'\n    iptables-save | grep -E -v 'AWS-SNAT-CHAIN|AWS-CONNMARK-CHAIN' | iptables-restore\nfi\necho 'Done!'\n"
                                    ]
                                }
                            },
                            "preStop": {
                                "exec": {
                                    "command": [
                                        "/cni-uninstall.sh"
                                    ]
                                }
                            }
                        },
                        "livenessProbe": {
                            "failureThreshold": 10,
                            "httpGet": {
                                "host": "127.0.0.1",
                                "httpHeaders": [
                                    {
                                        "name": "brief",
                                        "value": "true"
                                    },
                                    {
                                        "name": "require-k8s-connectivity",
                                        "value": "false"
                                    }
                                ],
                                "path": "/healthz",
                                "port": "health",
                                "scheme": "HTTP"
                            },
                            "periodSeconds": 30,
                            "successThreshold": 1,
                            "timeoutSeconds": 5
                        },
                        "name": "cilium-agent",
                        "ports": [
                            {
                                "containerPort": 9879,
                                "hostPort": 9879,
                                "name": "health",
                                "protocol": "TCP"
                            }
                        ],
                        "readinessProbe": {
                            "failureThreshold": 3,
                            "httpGet": {
                                "host": "127.0.0.1",
                                "httpHeaders": [
                                    {
                                        "name": "brief",
                                        "value": "true"
                                    }
                                ],
                                "path": "/healthz",
                                "port": "health",
                                "scheme": "HTTP"
                            },
                            "periodSeconds": 30,
                            "successThreshold": 1,
                            "timeoutSeconds": 5
                        },
                        "resources": {},
                        "securityContext": {
                            "capabilities": {
                                "add": [
                                    "CHOWN",
                                    "KILL",
                                    "NET_ADMIN",
                                    "NET_RAW",
                                    "IPC_LOCK",
                                    "SYS_MODULE",
                                    "SYS_ADMIN",
                                    "SYS_RESOURCE",
                                    "DAC_OVERRIDE",
                                    "FOWNER",
                                    "SETGID",
                                    "SETUID",
                                    "SYSLOG"
                                ],
                                "drop": [
                                    "ALL"
                                ]
                            },
                            "seLinuxOptions": {
                                "level": "s0",
                                "type": "spc_t"
                            }
                        },
                        "startupProbe": {
                            "failureThreshold": 300,
                            "httpGet": {
                                "host": "127.0.0.1",
                                "httpHeaders": [
                                    {
                                        "name": "brief",
                                        "value": "true"
                                    }
                                ],
                                "path": "/healthz",
                                "port": "health",
                                "scheme": "HTTP"
                            },
                            "initialDelaySeconds": 5,
                            "periodSeconds": 2,
                            "successThreshold": 1,
                            "timeoutSeconds": 1
                        },
                        "terminationMessagePath": "/dev/termination-log",
                        "terminationMessagePolicy": "FallbackToLogsOnError",
                        "volumeMounts": [
                            {
                                "mountPath": "/host/proc/sys/net",
                                "name": "host-proc-sys-net"
                            },
                            {
                                "mountPath": "/host/proc/sys/kernel",
                                "name": "host-proc-sys-kernel"
                            },
                            {
                                "mountPath": "/sys/fs/bpf",
                                "mountPropagation": "HostToContainer",
                                "name": "bpf-maps"
                            },
                            {
                                "mountPath": "/var/run/cilium",
                                "name": "cilium-run"
                            },
                            {
                                "mountPath": "/var/run/cilium/netns",
                                "mountPropagation": "HostToContainer",
                                "name": "cilium-netns"
                            },
                            {
                                "mountPath": "/host/etc/cni/net.d",
                                "name": "etc-cni-netd"
                            },
                            {
                                "mountPath": "/var/lib/cilium/clustermesh",
                                "name": "clustermesh-secrets",
                                "readOnly": true
                            },
                            {
                                "mountPath": "/lib/modules",
                                "name": "lib-modules",
                                "readOnly": true
                            },
                            {
                                "mountPath": "/run/xtables.lock",
                                "name": "xtables-lock"
                            },
                            {
                                "mountPath": "/tmp",
                                "name": "tmp"
                            },
                            {
                                "mountPath": "/var/run/secrets/kubernetes.io/serviceaccount",
                                "name": "kube-api-access-6b2f7",
                                "readOnly": true
                            }
                        ]
                    }
                ],
                "dnsPolicy": "ClusterFirst",
                "enableServiceLinks": true,
                "hostNetwork": true,
                "hostUsers": true,
                "initContainers": [
                    {
                        "command": [
                            "cilium-dbg",
                            "build-config",
                            "--k8s-api-server-urls="
                        ],
                        "env": [
                            {
                                "name": "K8S_NODE_NAME",
                                "valueFrom": {
                                    "fieldRef": {
                                        "apiVersion": "v1",
                                        "fieldPath": "spec.nodeName"
                                    }
                                }
                            },
                            {
                                "name": "CILIUM_K8S_NAMESPACE",
                                "valueFrom": {
                                    "fieldRef": {
                                        "apiVersion": "v1",
                                        "fieldPath": "metadata.namespace"
                                    }
                                }
                            }
                        ],
                        "image": "quay.io/cilium/cilium:v1.20.2@sha256:2939231d0d3e3ebddcd80fffa168b7ddcc78fdf0dc864d1c8c126ff523c54f01",
                        "imagePullPolicy": "IfNotPresent",
                        "name": "config",
                        "resources": {},
                        "securityContext": {
                            "capabilities": {
                                "add": [
                                    "NET_ADMIN"
                                ],
                                "drop": [
                                    "ALL"
                                ]
                            }
                        },
                        "terminationMessagePath": "/dev/termination-log",
                        "terminationMessagePolicy": "FallbackToLogsOnError",
                        "volumeMounts": [
                            {
                                "mountPath": "/tmp",
                                "name": "tmp"
                            },
                            {
                                "mountPath": "/var/run/secrets/kubernetes.io/serviceaccount",
                                "name": "kube-api-access-6b2f7",
                                "readOnly": true
                            }
                        ]
                    },
                    {
                        "command": [
                            "bash",
                            "-ec",
                            "cp /usr/bin/cilium-mount /hostbin/cilium-mount;\nnsenter --cgroup=/hostproc/1/ns/cgroup --mount=/hostproc/1/ns/mnt \"${BIN_PATH}/cilium-mount\" $CGROUP_ROOT;\nrm /hostbin/cilium-mount\n"
                        ],
                        "env": [
                            {
                                "name": "CGROUP_ROOT",
                                "value": "/run/cilium/cgroupv2"
                            },
                            {
                                "name": "BIN_PATH",
                                "value": "/opt/cni/bin"
                            }
                        ],
                        "image": "quay.io/cilium/cilium:v1.20.2@sha256:2939231d0d3e3ebddcd80fffa168b7ddcc78fdf0dc864d1c8c126ff523c54f01",
                        "imagePullPolicy": "IfNotPresent",
                        "name": "mount-cgroup",
                        "resources": {},
                        "securityContext": {
                            "capabilities": {
                                "add": [
                                    "SYS_ADMIN",
                                    "SYS_CHROOT",
                                    "SYS_PTRACE"
                                ],
                                "drop": [
                                    "ALL"
                                ]
                            },
                            "seLinuxOptions": {
                                "level": "s0",
                                "type": "spc_t"
                            }
                        },
                        "terminationMessagePath": "/dev/termination-log",
                        "terminationMessagePolicy": "FallbackToLogsOnError",
                        "volumeMounts": [
                            {
                                "mountPath": "/hostproc",
                                "name": "hostproc"
                            },
                            {
                                "mountPath": "/hostbin",
                                "name": "cni-path"
                            },
                            {
                                "mountPath": "/var/run/secrets/kubernetes.io/serviceaccount",
                                "name": "kube-api-access-6b2f7",
                                "readOnly": true
                            }
                        ]
                    },
                    {
                        "command": [
                            "bash",
                            "-ec",
                            "cp /usr/bin/cilium-sysctlfix /hostbin/cilium-sysctlfix;\nnsenter --mount=/hostproc/1/ns/mnt \"${BIN_PATH}/cilium-sysctlfix\";\nrm /hostbin/cilium-sysctlfix\n"
                        ],
                        "env": [
                            {
                                "name": "BIN_PATH",
                                "value": "/opt/cni/bin"
                            }
                        ],
                        "image": "quay.io/cilium/cilium:v1.20.2@sha256:2939231d0d3e3ebddcd80fffa168b7ddcc78fdf0dc864d1c8c126ff523c54f01",
                        "imagePullPolicy": "IfNotPresent",
                        "name": "apply-sysctl-overwrites",
                        "resources": {},
                        "securityContext": {
                            "capabilities": {
                                "add": [
                                    "SYS_ADMIN",
                                    "SYS_CHROOT",
                                    "SYS_PTRACE"
                                ],
                                "drop": [
                                    "ALL"
                                ]
                            },
                            "seLinuxOptions": {
                                "level": "s0",
                                "type": "spc_t"
                            }
                        },
                        "terminationMessagePath": "/dev/termination-log",
                        "terminationMessagePolicy": "FallbackToLogsOnError",
                        "volumeMounts": [
                            {
                                "mountPath": "/hostproc",
                                "name": "hostproc"
                            },
                            {
                                "mountPath": "/hostbin",
                                "name": "cni-path"
                            },
                            {
                                "mountPath": "/var/run/secrets/kubernetes.io/serviceaccount",
                                "name": "kube-api-access-6b2f7",
                                "readOnly": true
                            }
                        ]
                    },
                    {
                        "args": [
                            "mount | grep \"/sys/fs/bpf type bpf\" || mount -t bpf bpf /sys/fs/bpf"
                        ],
                        "command": [
                            "/bin/bash",
                            "-c",
                            "--"
                        ],
                        "image": "quay.io/cilium/cilium:v1.20.2@sha256:2939231d0d3e3ebddcd80fffa168b7ddcc78fdf0dc864d1c8c126ff523c54f01",
                        "imagePullPolicy": "IfNotPresent",
                        "name": "mount-bpf-fs",
                        "resources": {},
                        "securityContext": {
                            "privileged": true
                        },
                        "terminationMessagePath": "/dev/termination-log",
                        "terminationMessagePolicy": "FallbackToLogsOnError",
                        "volumeMounts": [
                            {
                                "mountPath": "/sys/fs/bpf",
                                "mountPropagation": "Bidirectional",
                                "name": "bpf-maps"
                            },
                            {
                                "mountPath": "/var/run/secrets/kubernetes.io/serviceaccount",
                                "name": "kube-api-access-6b2f7",
                                "readOnly": true
                            }
                        ]
                    },
                    {
                        "command": [
                            "/init-container.sh"
                        ],
                        "env": [
                            {
                                "name": "CILIUM_ALL_STATE",
                                "valueFrom": {
                                    "configMapKeyRef": {
                                        "key": "clean-cilium-state",
                                        "name": "cilium-config",
                                        "optional": true
                                    }
                                }
                            },
                            {
                                "name": "CILIUM_BPF_STATE",
                                "valueFrom": {
                                    "configMapKeyRef": {
                                        "key": "clean-cilium-bpf-state",
                                        "name": "cilium-config",
                                        "optional": true
                                    }
                                }
                            },
                            {
                                "name": "WRITE_CNI_CONF_WHEN_READY",
                                "valueFrom": {
                                    "configMapKeyRef": {
                                        "key": "write-cni-conf-when-ready",
                                        "name": "cilium-config",
                                        "optional": true
                                    }
                                }
                            }
                        ],
                        "image": "quay.io/cilium/cilium:v1.20.2@sha256:2939231d0d3e3ebddcd80fffa168b7ddcc78fdf0dc864d1c8c126ff523c54f01",
                        "imagePullPolicy": "IfNotPresent",
                        "name": "clean-cilium-state",
                        "resources": {},
                        "securityContext": {
                            "capabilities": {
                                "add": [
                                    "NET_ADMIN",
                                    "SYS_MODULE",
                                    "SYS_ADMIN",
                                    "SYS_RESOURCE"
                                ],
                                "drop": [
                                    "ALL"
                                ]
                            },
                            "seLinuxOptions": {
                                "level": "s0",
                                "type": "spc_t"
                            }
                        },
                        "terminationMessagePath": "/dev/termination-log",
                        "terminationMessagePolicy": "FallbackToLogsOnError",
                        "volumeMounts": [
                            {
                                "mountPath": "/sys/fs/bpf",
                                "name": "bpf-maps"
                            },
                            {
                                "mountPath": "/run/cilium/cgroupv2",
                                "mountPropagation": "HostToContainer",
                                "name": "cilium-cgroup"
                            },
                            {
                                "mountPath": "/var/run/cilium",
                                "name": "cilium-run"
                            },
                            {
                                "mountPath": "/var/run/secrets/kubernetes.io/serviceaccount",
                                "name": "kube-api-access-6b2f7",
                                "readOnly": true
                            }
                        ]
                    },
                    {
                        "command": [
                            "/install-plugin.sh"
                        ],
                        "image": "quay.io/cilium/cilium:v1.20.2@sha256:2939231d0d3e3ebddcd80fffa168b7ddcc78fdf0dc864d1c8c126ff523c54f01",
                        "imagePullPolicy": "IfNotPresent",
                        "name": "install-cni-binaries",
                        "resources": {
                            "limits": {
                                "cpu": "1",
                                "memory": "1Gi"
                            },
                            "requests": {
                                "cpu": "100m",
                                "memory": "10Mi"
                            }
                        },
                        "securityContext": {
                            "capabilities": {
                                "drop": [
                                    "ALL"
                                ]
                            },
                            "seLinuxOptions": {
                                "level": "s0",
                                "type": "spc_t"
                            }
                        },
                        "terminationMessagePath": "/dev/termination-log",
                        "terminationMessagePolicy": "FallbackToLogsOnError",
                        "volumeMounts": [
                            {
                                "mountPath": "/host/opt/cni/bin",
                                "name": "cni-path"
                            },
                            {
                                "mountPath": "/var/run/secrets/kubernetes.io/serviceaccount",
                                "name": "kube-api-access-6b2f7",
                                "readOnly": true
                            }
                        ]
                    }
                ],
                "nodeName": "p01-c9c202786437-601e9835-worker",
                "nodeSelector": {
                    "kubernetes.io/os": "linux"
                },
                "preemptionPolicy": "PreemptLowerPriority",
                "priority": 2000001000,
                "priorityClassName": "system-node-critical",
                "restartPolicy": "Always",
                "schedulerName": "default-scheduler",
                "securityContext": {
                    "appArmorProfile": {
                        "type": "Unconfined"
                    },
                    "seccompProfile": {
                        "type": "Unconfined"
                    }
                },
                "serviceAccount": "cilium",
                "serviceAccountName": "cilium",
                "terminationGracePeriodSeconds": 1,
                "tolerations": [
                    {
                        "operator": "Exists"
                    },
                    {
                        "effect": "NoExecute",
                        "key": "node.kubernetes.io/not-ready",
                        "operator": "Exists"
                    },
                    {
                        "effect": "NoExecute",
                        "key": "node.kubernetes.io/unreachable",
                        "operator": "Exists"
                    },
                    {
                        "effect": "NoSchedule",
                        "key": "node.kubernetes.io/disk-pressure",
                        "operator": "Exists"
                    },
                    {
                        "effect": "NoSchedule",
                        "key": "node.kubernetes.io/memory-pressure",
                        "operator": "Exists"
                    },
                    {
                        "effect": "NoSchedule",
                        "key": "node.kubernetes.io/pid-pressure",
                        "operator": "Exists"
                    },
                    {
                        "effect": "NoSchedule",
                        "key": "node.kubernetes.io/unschedulable",
                        "operator": "Exists"
                    },
                    {
                        "effect": "NoSchedule",
                        "key": "node.kubernetes.io/network-unavailable",
                        "operator": "Exists"
                    }
                ],
                "volumes": [
                    {
                        "emptyDir": {},
                        "name": "tmp"
                    },
                    {
                        "hostPath": {
                            "path": "/var/run/cilium",
                            "type": "DirectoryOrCreate"
                        },
                        "name": "cilium-run"
                    },
                    {
                        "hostPath": {
                            "path": "/var/run/netns",
                            "type": "DirectoryOrCreate"
                        },
                        "name": "cilium-netns"
                    },
                    {
                        "hostPath": {
                            "path": "/sys/fs/bpf",
                            "type": "DirectoryOrCreate"
                        },
                        "name": "bpf-maps"
                    },
                    {
                        "hostPath": {
                            "path": "/proc",
                            "type": "Directory"
                        },
                        "name": "hostproc"
                    },
                    {
                        "hostPath": {
                            "path": "/run/cilium/cgroupv2",
                            "type": "DirectoryOrCreate"
                        },
                        "name": "cilium-cgroup"
                    },
                    {
                        "hostPath": {
                            "path": "/opt/cni/bin",
                            "type": "DirectoryOrCreate"
                        },
                        "name": "cni-path"
                    },
                    {
                        "hostPath": {
                            "path": "/etc/cni/net.d",
                            "type": "DirectoryOrCreate"
                        },
                        "name": "etc-cni-netd"
                    },
                    {
                        "hostPath": {
                            "path": "/lib/modules",
                            "type": ""
                        },
                        "name": "lib-modules"
                    },
                    {
                        "hostPath": {
                            "path": "/run/xtables.lock",
                            "type": "FileOrCreate"
                        },
                        "name": "xtables-lock"
                    },
                    {
                        "name": "clustermesh-secrets",
                        "projected": {
                            "defaultMode": 256,
                            "sources": [
                                {
                                    "secret": {
                                        "name": "cilium-clustermesh",
                                        "optional": true
                                    }
                                },
                                {
                                    "secret": {
                                        "items": [
                                            {
                                                "key": "tls.key",
                                                "path": "common-etcd-client.key"
                                            },
                                            {
                                                "key": "tls.crt",
                                                "path": "common-etcd-client.crt"
                                            },
                                            {
                                                "key": "ca.crt",
                                                "path": "common-etcd-client-ca.crt"
                                            }
                                        ],
                                        "name": "clustermesh-apiserver-remote-cert",
                                        "optional": true
                                    }
                                },
                                {
                                    "secret": {
                                        "items": [
                                            {
                                                "key": "tls.key",
                                                "path": "local-etcd-client.key"
                                            },
                                            {
                                                "key": "tls.crt",
                                                "path": "local-etcd-client.crt"
                                            },
                                            {
                                                "key": "ca.crt",
                                                "path": "local-etcd-client-ca.crt"
                                            }
                                        ],
                                        "name": "clustermesh-apiserver-local-cert",
                                        "optional": true
                                    }
                                }
                            ]
                        }
                    },
                    {
                        "hostPath": {
                            "path": "/proc/sys/net",
                            "type": "Directory"
                        },
                        "name": "host-proc-sys-net"
                    },
                    {
                        "hostPath": {
                            "path": "/proc/sys/kernel",
                            "type": "Directory"
                        },
                        "name": "host-proc-sys-kernel"
                    },
                    {
                        "name": "kube-api-access-6b2f7",
                        "projected": {
                            "defaultMode": 420,
                            "sources": [
                                {
                                    "serviceAccountToken": {
                                        "expirationSeconds": 3607,
                                        "path": "token"
                                    }
                                },
                                {
                                    "configMap": {
                                        "items": [
                                            {
                                                "key": "ca.crt",
                                                "path": "ca.crt"
                                            }
                                        ],
                                        "name": "kube-root-ca.crt"
                                    }
                                },
                                {
                                    "downwardAPI": {
                                        "items": [
                                            {
                                                "fieldRef": {
                                                    "apiVersion": "v1",
                                                    "fieldPath": "metadata.namespace"
                                                },
                                                "path": "namespace"
                                            }
                                        ]
                                    }
                                }
                            ]
                        }
                    }
                ]
            },
            "status": {
                "allocatedResources": {
                    "cpu": "100m",
                    "memory": "10Mi"
                },
                "conditions": [
                    {
                        "lastProbeTime": null,
                        "lastTransitionTime": "2026-10-05T00:24:33Z",
                        "observedGeneration": 1,
                        "status": "True",
                        "type": "PodReadyToStartContainers"
                    },
                    {
                        "lastProbeTime": null,
                        "lastTransitionTime": "2026-10-05T00:24:55Z",
                        "observedGeneration": 1,
                        "status": "True",
                        "type": "Initialized"
                    },
                    {
                        "lastProbeTime": null,
                        "lastTransitionTime": "2026-10-05T00:25:01Z",
                        "observedGeneration": 1,
                        "status": "True",
                        "type": "Ready"
                    },
                    {
                        "lastProbeTime": null,
                        "lastTransitionTime": "2026-10-05T00:25:01Z",
                        "observedGeneration": 1,
                        "status": "True",
                        "type": "ContainersReady"
                    },
                    {
                        "lastProbeTime": null,
                        "lastTransitionTime": "2026-10-05T00:24:33Z",
                        "observedGeneration": 1,
                        "status": "True",
                        "type": "PodScheduled"
                    }
                ],
                "containerStatuses": [
                    {
                        "containerID": "containerd://f3a84234a8311d0f6978eff3a7b5668bcd01086a45befb89d416190f6727c587",
                        "image": "sha256:e8a7b89d30c0711e31b5ee947e0493786824413ecda8349416155b39663570b3",
                        "imageID": "quay.io/cilium/cilium@sha256:2939231d0d3e3ebddcd80fffa168b7ddcc78fdf0dc864d1c8c126ff523c54f01",
                        "lastState": {},
                        "name": "cilium-agent",
                        "ready": true,
                        "resources": {},
                        "restartCount": 0,
                        "started": true,
                        "state": {
                            "running": {
                                "startedAt": "2026-10-05T00:24:55Z"
                            }
                        },
                        "user": {
                            "linux": {
                                "gid": 0,
                                "supplementalGroups": [
                                    0
                                ],
                                "uid": 0
                            }
                        },
                        "volumeMounts": [
                            {
                                "mountPath": "/host/proc/sys/net",
                                "name": "host-proc-sys-net"
                            },
                            {
                                "mountPath": "/host/proc/sys/kernel",
                                "name": "host-proc-sys-kernel"
                            },
                            {
                                "mountPath": "/sys/fs/bpf",
                                "name": "bpf-maps"
                            },
                            {
                                "mountPath": "/var/run/cilium",
                                "name": "cilium-run"
                            },
                            {
                                "mountPath": "/var/run/cilium/netns",
                                "name": "cilium-netns"
                            },
                            {
                                "mountPath": "/host/etc/cni/net.d",
                                "name": "etc-cni-netd"
                            },
                            {
                                "mountPath": "/var/lib/cilium/clustermesh",
                                "name": "clustermesh-secrets",
                                "readOnly": true,
                                "recursiveReadOnly": "Disabled"
                            },
                            {
                                "mountPath": "/lib/modules",
                                "name": "lib-modules",
                                "readOnly": true,
                                "recursiveReadOnly": "Disabled"
                            },
                            {
                                "mountPath": "/run/xtables.lock",
                                "name": "xtables-lock"
                            },
                            {
                                "mountPath": "/tmp",
                                "name": "tmp"
                            },
                            {
                                "mountPath": "/var/run/secrets/kubernetes.io/serviceaccount",
                                "name": "kube-api-access-6b2f7",
                                "readOnly": true,
                                "recursiveReadOnly": "Disabled"
                            }
                        ]
                    }
                ],
                "hostIP": "172.18.0.2",
                "hostIPs": [
                    {
                        "ip": "172.18.0.2"
                    }
                ],
                "initContainerStatuses": [
                    {
                        "containerID": "containerd://92aff71cc12aa1a27e58b0f956712069b77670f492bfc2557cf75bdab56022c6",
                        "image": "sha256:e8a7b89d30c0711e31b5ee947e0493786824413ecda8349416155b39663570b3",
                        "imageID": "quay.io/cilium/cilium@sha256:2939231d0d3e3ebddcd80fffa168b7ddcc78fdf0dc864d1c8c126ff523c54f01",
                        "lastState": {},
                        "name": "config",
                        "ready": true,
                        "resources": {},
                        "restartCount": 0,
                        "started": false,
                        "state": {
                            "terminated": {
                                "containerID": "containerd://92aff71cc12aa1a27e58b0f956712069b77670f492bfc2557cf75bdab56022c6",
                                "exitCode": 0,
                                "finishedAt": "2026-10-05T00:24:45Z",
                                "reason": "Completed",
                                "startedAt": "2026-10-05T00:24:44Z"
                            }
                        },
                        "user": {
                            "linux": {
                                "gid": 0,
                                "supplementalGroups": [
                                    0
                                ],
                                "uid": 0
                            }
                        },
                        "volumeMounts": [
                            {
                                "mountPath": "/tmp",
                                "name": "tmp"
                            },
                            {
                                "mountPath": "/var/run/secrets/kubernetes.io/serviceaccount",
                                "name": "kube-api-access-6b2f7",
                                "readOnly": true,
                                "recursiveReadOnly": "Disabled"
                            }
                        ]
                    },
                    {
                        "containerID": "containerd://1e559ad801da069ab018368039dd7f1f0de5531a31539030db1d1144e5b633e0",
                        "image": "sha256:e8a7b89d30c0711e31b5ee947e0493786824413ecda8349416155b39663570b3",
                        "imageID": "quay.io/cilium/cilium@sha256:2939231d0d3e3ebddcd80fffa168b7ddcc78fdf0dc864d1c8c126ff523c54f01",
                        "lastState": {},
                        "name": "mount-cgroup",
                        "ready": true,
                        "resources": {},
                        "restartCount": 0,
                        "started": false,
                        "state": {
                            "terminated": {
                                "containerID": "containerd://1e559ad801da069ab018368039dd7f1f0de5531a31539030db1d1144e5b633e0",
                                "exitCode": 0,
                                "finishedAt": "2026-10-05T00:24:50Z",
                                "reason": "Completed",
                                "startedAt": "2026-10-05T00:24:50Z"
                            }
                        },
                        "user": {
                            "linux": {
                                "gid": 0,
                                "supplementalGroups": [
                                    0
                                ],
                                "uid": 0
                            }
                        },
                        "volumeMounts": [
                            {
                                "mountPath": "/hostproc",
                                "name": "hostproc"
                            },
                            {
                                "mountPath": "/hostbin",
                                "name": "cni-path"
                            },
                            {
                                "mountPath": "/var/run/secrets/kubernetes.io/serviceaccount",
                                "name": "kube-api-access-6b2f7",
                                "readOnly": true,
                                "recursiveReadOnly": "Disabled"
                            }
                        ]
                    },
                    {
                        "containerID": "containerd://3fc556b2b3c2283cfb8c9fc72495df056fff23d6d0534a45311642405001e578",
                        "image": "sha256:e8a7b89d30c0711e31b5ee947e0493786824413ecda8349416155b39663570b3",
                        "imageID": "quay.io/cilium/cilium@sha256:2939231d0d3e3ebddcd80fffa168b7ddcc78fdf0dc864d1c8c126ff523c54f01",
                        "lastState": {},
                        "name": "apply-sysctl-overwrites",
                        "ready": true,
                        "resources": {},
                        "restartCount": 0,
                        "started": false,
                        "state": {
                            "terminated": {
                                "containerID": "containerd://3fc556b2b3c2283cfb8c9fc72495df056fff23d6d0534a45311642405001e578",
                                "exitCode": 0,
                                "finishedAt": "2026-10-05T00:24:51Z",
                                "reason": "Completed",
                                "startedAt": "2026-10-05T00:24:51Z"
                            }
                        },
                        "user": {
                            "linux": {
                                "gid": 0,
                                "supplementalGroups": [
                                    0
                                ],
                                "uid": 0
                            }
                        },
                        "volumeMounts": [
                            {
                                "mountPath": "/hostproc",
                                "name": "hostproc"
                            },
                            {
                                "mountPath": "/hostbin",
                                "name": "cni-path"
                            },
                            {
                                "mountPath": "/var/run/secrets/kubernetes.io/serviceaccount",
                                "name": "kube-api-access-6b2f7",
                                "readOnly": true,
                                "recursiveReadOnly": "Disabled"
                            }
                        ]
                    },
                    {
                        "containerID": "containerd://34f2239d249bdf99ba378af76dbf8f31d6d7033b85fa0209350aac66e17937aa",
                        "image": "sha256:e8a7b89d30c0711e31b5ee947e0493786824413ecda8349416155b39663570b3",
                        "imageID": "quay.io/cilium/cilium@sha256:2939231d0d3e3ebddcd80fffa168b7ddcc78fdf0dc864d1c8c126ff523c54f01",
                        "lastState": {},
                        "name": "mount-bpf-fs",
                        "ready": true,
                        "resources": {},
                        "restartCount": 0,
                        "started": false,
                        "state": {
                            "terminated": {
                                "containerID": "containerd://34f2239d249bdf99ba378af76dbf8f31d6d7033b85fa0209350aac66e17937aa",
                                "exitCode": 0,
                                "finishedAt": "2026-10-05T00:24:52Z",
                                "reason": "Completed",
                                "startedAt": "2026-10-05T00:24:52Z"
                            }
                        },
                        "user": {
                            "linux": {
                                "gid": 0,
                                "supplementalGroups": [
                                    0
                                ],
                                "uid": 0
                            }
                        },
                        "volumeMounts": [
                            {
                                "mountPath": "/sys/fs/bpf",
                                "name": "bpf-maps"
                            },
                            {
                                "mountPath": "/var/run/secrets/kubernetes.io/serviceaccount",
                                "name": "kube-api-access-6b2f7",
                                "readOnly": true,
                                "recursiveReadOnly": "Disabled"
                            }
                        ]
                    },
                    {
                        "containerID": "containerd://6ab8ff890b27544f12e7543fd3e4c1695f355588e5b8db252e0fcfb0405b634b",
                        "image": "sha256:e8a7b89d30c0711e31b5ee947e0493786824413ecda8349416155b39663570b3",
                        "imageID": "quay.io/cilium/cilium@sha256:2939231d0d3e3ebddcd80fffa168b7ddcc78fdf0dc864d1c8c126ff523c54f01",
                        "lastState": {},
                        "name": "clean-cilium-state",
                        "ready": true,
                        "resources": {},
                        "restartCount": 0,
                        "started": false,
                        "state": {
                            "terminated": {
                                "containerID": "containerd://6ab8ff890b27544f12e7543fd3e4c1695f355588e5b8db252e0fcfb0405b634b",
                                "exitCode": 0,
                                "finishedAt": "2026-10-05T00:24:53Z",
                                "reason": "Completed",
                                "startedAt": "2026-10-05T00:24:53Z"
                            }
                        },
                        "user": {
                            "linux": {
                                "gid": 0,
                                "supplementalGroups": [
                                    0
                                ],
                                "uid": 0
                            }
                        },
                        "volumeMounts": [
                            {
                                "mountPath": "/sys/fs/bpf",
                                "name": "bpf-maps"
                            },
                            {
                                "mountPath": "/run/cilium/cgroupv2",
                                "name": "cilium-cgroup"
                            },
                            {
                                "mountPath": "/var/run/cilium",
                                "name": "cilium-run"
                            },
                            {
                                "mountPath": "/var/run/secrets/kubernetes.io/serviceaccount",
                                "name": "kube-api-access-6b2f7",
                                "readOnly": true,
                                "recursiveReadOnly": "Disabled"
                            }
                        ]
                    },
                    {
                        "allocatedResources": {
                            "cpu": "100m",
                            "memory": "10Mi"
                        },
                        "containerID": "containerd://abc565eff5c3e6e6510b6f596932456f040f859e77142190c54c5bd15b30e79f",
                        "image": "sha256:e8a7b89d30c0711e31b5ee947e0493786824413ecda8349416155b39663570b3",
                        "imageID": "quay.io/cilium/cilium@sha256:2939231d0d3e3ebddcd80fffa168b7ddcc78fdf0dc864d1c8c126ff523c54f01",
                        "lastState": {},
                        "name": "install-cni-binaries",
                        "ready": true,
                        "resources": {
                            "limits": {
                                "cpu": "1",
                                "memory": "1Gi"
                            },
                            "requests": {
                                "cpu": "100m",
                                "memory": "10Mi"
                            }
                        },
                        "restartCount": 0,
                        "started": false,
                        "state": {
                            "terminated": {
                                "containerID": "containerd://abc565eff5c3e6e6510b6f596932456f040f859e77142190c54c5bd15b30e79f",
                                "exitCode": 0,
                                "finishedAt": "2026-10-05T00:24:54Z",
                                "reason": "Completed",
                                "startedAt": "2026-10-05T00:24:54Z"
                            }
                        },
                        "user": {
                            "linux": {
                                "gid": 0,
                                "supplementalGroups": [
                                    0
                                ],
                                "uid": 0
                            }
                        },
                        "volumeMounts": [
                            {
                                "mountPath": "/host/opt/cni/bin",
                                "name": "cni-path"
                            },
                            {
                                "mountPath": "/var/run/secrets/kubernetes.io/serviceaccount",
                                "name": "kube-api-access-6b2f7",
                                "readOnly": true,
                                "recursiveReadOnly": "Disabled"
                            }
                        ]
                    }
                ],
                "observedGeneration": 1,
                "phase": "Running",
                "podIP": "172.18.0.2",
                "podIPs": [
                    {
                        "ip": "172.18.0.2"
                    }
                ],
                "qosClass": "Burstable",
                "resources": {
                    "limits": {
                        "cpu": "1",
                        "memory": "1Gi"
                    },
                    "requests": {
                        "cpu": "79m",
                        "memory": "10Mi"
                    }
                },
                "startTime": "2026-10-05T00:24:33Z"
            }
        }
    ],
    "kind": "List",
    "metadata": {
        "resourceVersion": ""
    }
}
