{
    "apiVersion": "v1",
    "items": [
        {
            "apiVersion": "v1",
            "kind": "Pod",
            "metadata": {
                "creationTimestamp": "2026-10-05T00:26:42Z",
                "generateName": "assurance-7b89dd9446-",
                "generation": 1,
                "labels": {
                    "app.kubernetes.io/part-of": "p01-foundation",
                    "p01.role": "app",
                    "p01.service": "assurance",
                    "pod-template-hash": "7b89dd9446"
                },
                "name": "assurance-7b89dd9446-zrstv",
                "namespace": "p01-c9c202786437-601e9835",
                "ownerReferences": [
                    {
                        "apiVersion": "apps/v1",
                        "blockOwnerDeletion": true,
                        "controller": true,
                        "kind": "ReplicaSet",
                        "name": "assurance-7b89dd9446",
                        "uid": "d435e8e2-c0db-4684-974c-9d5960a83f76"
                    }
                ],
                "resourceVersion": "2288",
                "uid": "bf4fa00f-19ab-4916-8339-9ff25faeb923"
            },
            "spec": {
                "automountServiceAccountToken": false,
                "containers": [
                    {
                        "args": [
                            "sh",
                            "-ec",
                            "php artisan config:cache \u0026\u0026 exec php-fpm -F"
                        ],
                        "env": [
                            {
                                "name": "APP_DEBUG",
                                "value": "false"
                            },
                            {
                                "name": "APP_ENV",
                                "value": "production"
                            },
                            {
                                "name": "APP_KEY_FILE",
                                "value": "/run/secrets/app-key"
                            },
                            {
                                "name": "DB_DATABASE",
                                "value": "assurance"
                            },
                            {
                                "name": "DB_HOST",
                                "value": "postgres"
                            },
                            {
                                "name": "DB_PASSWORD_FILE",
                                "value": "/run/secrets/db-password"
                            },
                            {
                                "name": "DB_PORT",
                                "value": "5432"
                            },
                            {
                                "name": "DB_SSLMODE",
                                "value": "verify-full"
                            },
                            {
                                "name": "DB_SSLROOTCERT",
                                "value": "/run/secrets/ca.crt"
                            },
                            {
                                "name": "DB_USERNAME",
                                "value": "assurance_runtime"
                            },
                            {
                                "name": "HEALTH_TOKEN_FILE",
                                "value": "/run/secrets/health-token"
                            }
                        ],
                        "image": "p01.local/assurance:sha256-14df9aa61fc7e9ea20f3fe9747268cb8e8b5ef8a2b4d03408a510ebf80f899df",
                        "imagePullPolicy": "Never",
                        "livenessProbe": {
                            "failureThreshold": 3,
                            "periodSeconds": 10,
                            "successThreshold": 1,
                            "tcpSocket": {
                                "port": 9000
                            },
                            "timeoutSeconds": 2
                        },
                        "name": "assurance",
                        "readinessProbe": {
                            "exec": {
                                "command": [
                                    "php",
                                    "-r",
                                    "try { require '/app/vendor/autoload.php'; $app = require '/app/bootstrap/app.php';\n$app-\u003emake(Illuminate\\Contracts\\Console\\Kernel::class)-\u003ebootstrap();\n$token = trim((string) file_get_contents('/run/secrets/health-token'));\n$status = $app-\u003emake(App\\Application\\Foundation\\Actions\\InspectDependencies::class)-\u003ehandle($token);\nexit($status === App\\Application\\Foundation\\Data\\DependencyStatus::Ready ? 0 : 1);\n} catch (Throwable) { exit(1); }"
                                ]
                            },
                            "failureThreshold": 1,
                            "periodSeconds": 10,
                            "successThreshold": 1,
                            "timeoutSeconds": 8
                        },
                        "resources": {
                            "limits": {
                                "cpu": "1",
                                "memory": "512Mi"
                            },
                            "requests": {
                                "cpu": "25m",
                                "memory": "64Mi"
                            }
                        },
                        "securityContext": {
                            "allowPrivilegeEscalation": false,
                            "capabilities": {
                                "drop": [
                                    "ALL"
                                ]
                            },
                            "readOnlyRootFilesystem": true,
                            "runAsGroup": 10001,
                            "runAsNonRoot": true,
                            "runAsUser": 10001
                        },
                        "startupProbe": {
                            "failureThreshold": 60,
                            "periodSeconds": 2,
                            "successThreshold": 1,
                            "tcpSocket": {
                                "port": 9000
                            },
                            "timeoutSeconds": 1
                        },
                        "terminationMessagePath": "/dev/termination-log",
                        "terminationMessagePolicy": "File",
                        "volumeMounts": [
                            {
                                "mountPath": "/run/secrets",
                                "name": "secrets",
                                "readOnly": true
                            },
                            {
                                "mountPath": "/tmp",
                                "name": "tmp"
                            },
                            {
                                "mountPath": "/app/storage",
                                "name": "storage"
                            },
                            {
                                "mountPath": "/app/bootstrap/cache",
                                "name": "config-cache"
                            }
                        ]
                    }
                ],
                "dnsPolicy": "ClusterFirst",
                "enableServiceLinks": false,
                "nodeName": "p01-c9c202786437-601e9835-worker",
                "preemptionPolicy": "PreemptLowerPriority",
                "priority": 0,
                "restartPolicy": "Always",
                "schedulerName": "default-scheduler",
                "securityContext": {
                    "fsGroup": 10001,
                    "runAsGroup": 10001,
                    "runAsNonRoot": true,
                    "runAsUser": 10001,
                    "seccompProfile": {
                        "type": "RuntimeDefault"
                    }
                },
                "serviceAccount": "assurance",
                "serviceAccountName": "assurance",
                "terminationGracePeriodSeconds": 30,
                "tolerations": [
                    {
                        "effect": "NoExecute",
                        "key": "node.kubernetes.io/not-ready",
                        "operator": "Exists",
                        "tolerationSeconds": 300
                    },
                    {
                        "effect": "NoExecute",
                        "key": "node.kubernetes.io/unreachable",
                        "operator": "Exists",
                        "tolerationSeconds": 300
                    }
                ],
                "volumes": [
                    {
                        "name": "secrets",
                        "secret": {
                            "defaultMode": 292,
                            "secretName": "assurance-runtime"
                        }
                    },
                    {
                        "emptyDir": {
                            "medium": "Memory",
                            "sizeLimit": "32Mi"
                        },
                        "name": "tmp"
                    },
                    {
                        "emptyDir": {
                            "medium": "Memory",
                            "sizeLimit": "32Mi"
                        },
                        "name": "storage"
                    },
                    {
                        "emptyDir": {
                            "medium": "Memory",
                            "sizeLimit": "16Mi"
                        },
                        "name": "config-cache"
                    }
                ]
            },
            "status": {
                "allocatedResources": {
                    "cpu": "25m",
                    "memory": "64Mi"
                },
                "conditions": [
                    {
                        "lastProbeTime": null,
                        "lastTransitionTime": "2026-10-05T00:26:44Z",
                        "observedGeneration": 1,
                        "status": "True",
                        "type": "PodReadyToStartContainers"
                    },
                    {
                        "lastProbeTime": null,
                        "lastTransitionTime": "2026-10-05T00:26:42Z",
                        "observedGeneration": 1,
                        "status": "True",
                        "type": "Initialized"
                    },
                    {
                        "lastProbeTime": null,
                        "lastTransitionTime": "2026-10-05T00:29:21Z",
                        "observedGeneration": 1,
                        "status": "True",
                        "type": "Ready"
                    },
                    {
                        "lastProbeTime": null,
                        "lastTransitionTime": "2026-10-05T00:29:21Z",
                        "observedGeneration": 1,
                        "status": "True",
                        "type": "ContainersReady"
                    },
                    {
                        "lastProbeTime": null,
                        "lastTransitionTime": "2026-10-05T00:26:42Z",
                        "observedGeneration": 1,
                        "status": "True",
                        "type": "PodScheduled"
                    }
                ],
                "containerStatuses": [
                    {
                        "allocatedResources": {
                            "cpu": "25m",
                            "memory": "64Mi"
                        },
                        "containerID": "containerd://8d1a67a7a5b9751ca2b0ab041cad52bf465040b6083a5a2f4ad40bf56a3a8554",
                        "image": "p01.local/assurance:sha256-14df9aa61fc7e9ea20f3fe9747268cb8e8b5ef8a2b4d03408a510ebf80f899df",
                        "imageID": "docker.io/library/import-2026-10-05@sha256:8a5eef21c585d417e043251fc48b8c12346b48e964890a957f6110a9f9cc3818",
                        "lastState": {},
                        "name": "assurance",
                        "ready": true,
                        "resources": {
                            "limits": {
                                "cpu": "1",
                                "memory": "512Mi"
                            },
                            "requests": {
                                "cpu": "25m",
                                "memory": "64Mi"
                            }
                        },
                        "restartCount": 0,
                        "started": true,
                        "state": {
                            "running": {
                                "startedAt": "2026-10-05T00:26:44Z"
                            }
                        },
                        "user": {
                            "linux": {
                                "gid": 10001,
                                "supplementalGroups": [
                                    10001
                                ],
                                "uid": 10001
                            }
                        },
                        "volumeMounts": [
                            {
                                "mountPath": "/run/secrets",
                                "name": "secrets",
                                "readOnly": true,
                                "recursiveReadOnly": "Disabled"
                            },
                            {
                                "mountPath": "/tmp",
                                "name": "tmp"
                            },
                            {
                                "mountPath": "/app/storage",
                                "name": "storage"
                            },
                            {
                                "mountPath": "/app/bootstrap/cache",
                                "name": "config-cache"
                            }
                        ]
                    }
                ],
                "hostIP": "172.18.0.2",
                "hostIPs": [
                    {
                        "ip": "172.18.0.2"
                    }
                ],
                "observedGeneration": 1,
                "phase": "Running",
                "podIP": "10.244.1.205",
                "podIPs": [
                    {
                        "ip": "10.244.1.205"
                    }
                ],
                "qosClass": "Burstable",
                "resources": {
                    "limits": {
                        "cpu": "1",
                        "memory": "512Mi"
                    },
                    "requests": {
                        "memory": "64Mi"
                    }
                },
                "startTime": "2026-10-05T00:26:42Z"
            }
        },
        {
            "apiVersion": "v1",
            "kind": "Pod",
            "metadata": {
                "creationTimestamp": "2026-10-05T00:26:55Z",
                "generateName": "assurance-migrator-",
                "generation": 1,
                "labels": {
                    "app.kubernetes.io/part-of": "p01-foundation",
                    "batch.kubernetes.io/controller-uid": "f862be94-2aec-4234-8628-cb6cfd8044df",
                    "batch.kubernetes.io/job-name": "assurance-migrator",
                    "controller-uid": "f862be94-2aec-4234-8628-cb6cfd8044df",
                    "job-name": "assurance-migrator",
                    "p01.role": "migrator",
                    "p01.service": "assurance"
                },
                "name": "assurance-migrator-8mpth",
                "namespace": "p01-c9c202786437-601e9835",
                "ownerReferences": [
                    {
                        "apiVersion": "batch/v1",
                        "blockOwnerDeletion": true,
                        "controller": true,
                        "kind": "Job",
                        "name": "assurance-migrator",
                        "uid": "f862be94-2aec-4234-8628-cb6cfd8044df"
                    }
                ],
                "resourceVersion": "1693",
                "uid": "d90153c5-1f70-4825-908f-2947da43f8d7"
            },
            "spec": {
                "automountServiceAccountToken": false,
                "containers": [
                    {
                        "command": [
                            "/bin/sh",
                            "-ec",
                            "export PGPASSWORD=\"$(cat /run/secrets/db-password)\"; exec psql -X --quiet --set=ON_ERROR_STOP=1 --set=owner=assurance_owner --set=runtime=assurance_runtime \"host=postgres port=5432 dbname=assurance user=assurance_migrator sslmode=verify-full sslrootcert=/run/secrets/ca.crt connect_timeout=3\" --file=/opt/foundation/migrate.sql"
                        ],
                        "image": "p01.local/postgres:manifest-sha256-9e73daeb439141c2b11eea2463f5f1a3b269fd90d897b41cddb7cb440f21aa5d",
                        "imagePullPolicy": "Never",
                        "name": "migrate",
                        "resources": {
                            "limits": {
                                "cpu": "1",
                                "memory": "256Mi"
                            },
                            "requests": {
                                "cpu": "25m",
                                "memory": "64Mi"
                            }
                        },
                        "securityContext": {
                            "allowPrivilegeEscalation": false,
                            "capabilities": {
                                "drop": [
                                    "ALL"
                                ]
                            },
                            "readOnlyRootFilesystem": true,
                            "runAsGroup": 10001,
                            "runAsNonRoot": true,
                            "runAsUser": 10001
                        },
                        "terminationMessagePath": "/dev/termination-log",
                        "terminationMessagePolicy": "File",
                        "volumeMounts": [
                            {
                                "mountPath": "/run/secrets",
                                "name": "secrets",
                                "readOnly": true
                            },
                            {
                                "mountPath": "/opt/foundation/migrate.sql",
                                "name": "migration",
                                "readOnly": true,
                                "subPath": "migrate.sql"
                            }
                        ]
                    }
                ],
                "dnsPolicy": "ClusterFirst",
                "enableServiceLinks": false,
                "nodeName": "p01-c9c202786437-601e9835-worker",
                "preemptionPolicy": "PreemptLowerPriority",
                "priority": 0,
                "restartPolicy": "Never",
                "schedulerName": "default-scheduler",
                "securityContext": {
                    "fsGroup": 10001,
                    "runAsGroup": 10001,
                    "runAsNonRoot": true,
                    "runAsUser": 10001,
                    "seccompProfile": {
                        "type": "RuntimeDefault"
                    }
                },
                "serviceAccount": "assurance-migrator",
                "serviceAccountName": "assurance-migrator",
                "terminationGracePeriodSeconds": 30,
                "tolerations": [
                    {
                        "effect": "NoExecute",
                        "key": "node.kubernetes.io/not-ready",
                        "operator": "Exists",
                        "tolerationSeconds": 300
                    },
                    {
                        "effect": "NoExecute",
                        "key": "node.kubernetes.io/unreachable",
                        "operator": "Exists",
                        "tolerationSeconds": 300
                    }
                ],
                "volumes": [
                    {
                        "name": "secrets",
                        "secret": {
                            "defaultMode": 292,
                            "secretName": "assurance-migration"
                        }
                    },
                    {
                        "configMap": {
                            "defaultMode": 420,
                            "name": "postgres-scripts"
                        },
                        "name": "migration"
                    }
                ]
            },
            "status": {
                "allocatedResources": {
                    "cpu": "25m",
                    "memory": "64Mi"
                },
                "conditions": [
                    {
                        "lastProbeTime": null,
                        "lastTransitionTime": "2026-10-05T00:26:58Z",
                        "observedGeneration": 1,
                        "status": "False",
                        "type": "PodReadyToStartContainers"
                    },
                    {
                        "lastProbeTime": null,
                        "lastTransitionTime": "2026-10-05T00:26:55Z",
                        "observedGeneration": 1,
                        "reason": "PodCompleted",
                        "status": "True",
                        "type": "Initialized"
                    },
                    {
                        "lastProbeTime": null,
                        "lastTransitionTime": "2026-10-05T00:26:56Z",
                        "observedGeneration": 1,
                        "reason": "PodCompleted",
                        "status": "False",
                        "type": "Ready"
                    },
                    {
                        "lastProbeTime": null,
                        "lastTransitionTime": "2026-10-05T00:26:56Z",
                        "observedGeneration": 1,
                        "reason": "PodCompleted",
                        "status": "False",
                        "type": "ContainersReady"
                    },
                    {
                        "lastProbeTime": null,
                        "lastTransitionTime": "2026-10-05T00:26:55Z",
                        "observedGeneration": 1,
                        "status": "True",
                        "type": "PodScheduled"
                    }
                ],
                "containerStatuses": [
                    {
                        "allocatedResources": {
                            "cpu": "25m",
                            "memory": "64Mi"
                        },
                        "containerID": "containerd://3c74f3feb07c91a417f1c9d02a4cb27deaa54c2de36ff56d5090340dcdfbc203",
                        "image": "p01.local/postgres:manifest-sha256-9e73daeb439141c2b11eea2463f5f1a3b269fd90d897b41cddb7cb440f21aa5d",
                        "imageID": "docker.io/library/import-2026-10-05@sha256:a73366f9c26d0167be14b0a23ba05e7d044534d10215b1017fe8b34946867e8c",
                        "lastState": {},
                        "name": "migrate",
                        "ready": false,
                        "resources": {
                            "limits": {
                                "cpu": "1",
                                "memory": "256Mi"
                            },
                            "requests": {
                                "cpu": "25m",
                                "memory": "64Mi"
                            }
                        },
                        "restartCount": 0,
                        "started": false,
                        "state": {
                            "terminated": {
                                "containerID": "containerd://3c74f3feb07c91a417f1c9d02a4cb27deaa54c2de36ff56d5090340dcdfbc203",
                                "exitCode": 0,
                                "finishedAt": "2026-10-05T00:26:56Z",
                                "reason": "Completed",
                                "startedAt": "2026-10-05T00:26:56Z"
                            }
                        },
                        "user": {
                            "linux": {
                                "gid": 10001,
                                "supplementalGroups": [
                                    10001
                                ],
                                "uid": 10001
                            }
                        },
                        "volumeMounts": [
                            {
                                "mountPath": "/run/secrets",
                                "name": "secrets",
                                "readOnly": true,
                                "recursiveReadOnly": "Disabled"
                            },
                            {
                                "mountPath": "/opt/foundation/migrate.sql",
                                "name": "migration",
                                "readOnly": true,
                                "recursiveReadOnly": "Disabled"
                            }
                        ]
                    }
                ],
                "hostIP": "172.18.0.2",
                "hostIPs": [
                    {
                        "ip": "172.18.0.2"
                    }
                ],
                "observedGeneration": 1,
                "phase": "Succeeded",
                "podIP": "10.244.1.227",
                "podIPs": [
                    {
                        "ip": "10.244.1.227"
                    }
                ],
                "qosClass": "Burstable",
                "resources": {
                    "limits": {
                        "cpu": "1",
                        "memory": "256Mi"
                    },
                    "requests": {
                        "memory": "64Mi"
                    }
                },
                "startTime": "2026-10-05T00:26:55Z"
            }
        },
        {
            "apiVersion": "v1",
            "kind": "Pod",
            "metadata": {
                "creationTimestamp": "2026-10-05T00:27:02Z",
                "generateName": "assurance-probe-79d9877b7c-",
                "generation": 1,
                "labels": {
                    "app.kubernetes.io/part-of": "p01-foundation",
                    "p01.role": "probe",
                    "p01.service": "assurance",
                    "pod-template-hash": "79d9877b7c"
                },
                "name": "assurance-probe-79d9877b7c-5f22f",
                "namespace": "p01-c9c202786437-601e9835",
                "ownerReferences": [
                    {
                        "apiVersion": "apps/v1",
                        "blockOwnerDeletion": true,
                        "controller": true,
                        "kind": "ReplicaSet",
                        "name": "assurance-probe-79d9877b7c",
                        "uid": "cb6d4c4e-5a01-4b82-b2f4-fc67ff508581"
                    }
                ],
                "resourceVersion": "2036",
                "uid": "395f0e3b-1da0-4b5b-8c92-935eaba07130"
            },
            "spec": {
                "automountServiceAccountToken": false,
                "containers": [
                    {
                        "command": [
                            "/opt/venv/bin/python",
                            "-I",
                            "-c",
                            "import time; time.sleep(2400)"
                        ],
                        "image": "p01.local/planning:sha256-52274917612cd7b22ea729c339292a2602bf2445241efaa2c90079a8f2527f7e",
                        "imagePullPolicy": "Never",
                        "name": "probe",
                        "resources": {
                            "limits": {
                                "cpu": "250m",
                                "memory": "128Mi"
                            },
                            "requests": {
                                "cpu": "10m",
                                "memory": "32Mi"
                            }
                        },
                        "securityContext": {
                            "allowPrivilegeEscalation": false,
                            "capabilities": {
                                "drop": [
                                    "ALL"
                                ]
                            },
                            "readOnlyRootFilesystem": true
                        },
                        "terminationMessagePath": "/dev/termination-log",
                        "terminationMessagePolicy": "File",
                        "volumeMounts": [
                            {
                                "mountPath": "/run/secrets",
                                "name": "health",
                                "readOnly": true
                            }
                        ]
                    }
                ],
                "dnsPolicy": "ClusterFirst",
                "enableServiceLinks": false,
                "nodeName": "p01-c9c202786437-601e9835-worker",
                "preemptionPolicy": "PreemptLowerPriority",
                "priority": 0,
                "restartPolicy": "Always",
                "schedulerName": "default-scheduler",
                "securityContext": {
                    "runAsGroup": 10001,
                    "runAsNonRoot": true,
                    "runAsUser": 10001,
                    "seccompProfile": {
                        "type": "RuntimeDefault"
                    }
                },
                "serviceAccount": "assurance-probe",
                "serviceAccountName": "assurance-probe",
                "terminationGracePeriodSeconds": 30,
                "tolerations": [
                    {
                        "effect": "NoExecute",
                        "key": "node.kubernetes.io/not-ready",
                        "operator": "Exists",
                        "tolerationSeconds": 300
                    },
                    {
                        "effect": "NoExecute",
                        "key": "node.kubernetes.io/unreachable",
                        "operator": "Exists",
                        "tolerationSeconds": 300
                    }
                ],
                "volumes": [
                    {
                        "name": "health",
                        "secret": {
                            "defaultMode": 292,
                            "items": [
                                {
                                    "key": "ca.crt",
                                    "path": "ca.crt"
                                },
                                {
                                    "key": "health-token",
                                    "path": "health-token"
                                }
                            ],
                            "secretName": "assurance-runtime"
                        }
                    }
                ]
            },
            "status": {
                "allocatedResources": {
                    "cpu": "10m",
                    "memory": "32Mi"
                },
                "conditions": [
                    {
                        "lastProbeTime": null,
                        "lastTransitionTime": "2026-10-05T00:27:03Z",
                        "observedGeneration": 1,
                        "status": "True",
                        "type": "PodReadyToStartContainers"
                    },
                    {
                        "lastProbeTime": null,
                        "lastTransitionTime": "2026-10-05T00:27:02Z",
                        "observedGeneration": 1,
                        "status": "True",
                        "type": "Initialized"
                    },
                    {
                        "lastProbeTime": null,
                        "lastTransitionTime": "2026-10-05T00:27:03Z",
                        "observedGeneration": 1,
                        "status": "True",
                        "type": "Ready"
                    },
                    {
                        "lastProbeTime": null,
                        "lastTransitionTime": "2026-10-05T00:27:03Z",
                        "observedGeneration": 1,
                        "status": "True",
                        "type": "ContainersReady"
                    },
                    {
                        "lastProbeTime": null,
                        "lastTransitionTime": "2026-10-05T00:27:02Z",
                        "observedGeneration": 1,
                        "status": "True",
                        "type": "PodScheduled"
                    }
                ],
                "containerStatuses": [
                    {
                        "allocatedResources": {
                            "cpu": "10m",
                            "memory": "32Mi"
                        },
                        "containerID": "containerd://0ac46bff949f05693219719f5a51adef38a793a6fee535155f4a7beba5683ebe",
                        "image": "p01.local/planning:sha256-52274917612cd7b22ea729c339292a2602bf2445241efaa2c90079a8f2527f7e",
                        "imageID": "docker.io/library/import-2026-10-05@sha256:ed595de7122dc595d5feec7f1cc1a0c578e89d55f02ff5b232126bc583bf5d1d",
                        "lastState": {},
                        "name": "probe",
                        "ready": true,
                        "resources": {
                            "limits": {
                                "cpu": "250m",
                                "memory": "128Mi"
                            },
                            "requests": {
                                "cpu": "10m",
                                "memory": "32Mi"
                            }
                        },
                        "restartCount": 0,
                        "started": true,
                        "state": {
                            "running": {
                                "startedAt": "2026-10-05T00:27:03Z"
                            }
                        },
                        "user": {
                            "linux": {
                                "gid": 10001,
                                "supplementalGroups": [
                                    10001
                                ],
                                "uid": 10001
                            }
                        },
                        "volumeMounts": [
                            {
                                "mountPath": "/run/secrets",
                                "name": "health",
                                "readOnly": true,
                                "recursiveReadOnly": "Disabled"
                            }
                        ]
                    }
                ],
                "hostIP": "172.18.0.2",
                "hostIPs": [
                    {
                        "ip": "172.18.0.2"
                    }
                ],
                "observedGeneration": 1,
                "phase": "Running",
                "podIP": "10.244.1.184",
                "podIPs": [
                    {
                        "ip": "10.244.1.184"
                    }
                ],
                "qosClass": "Burstable",
                "resources": {
                    "limits": {
                        "cpu": "250m",
                        "memory": "128Mi"
                    },
                    "requests": {
                        "memory": "32Mi"
                    }
                },
                "startTime": "2026-10-05T00:27:02Z"
            }
        },
        {
            "apiVersion": "v1",
            "kind": "Pod",
            "metadata": {
                "creationTimestamp": "2026-10-05T00:26:42Z",
                "generateName": "assurance-proxy-749fffdbc-",
                "generation": 1,
                "labels": {
                    "app.kubernetes.io/part-of": "p01-foundation",
                    "p01.role": "proxy",
                    "p01.service": "assurance",
                    "pod-template-hash": "749fffdbc"
                },
                "name": "assurance-proxy-749fffdbc-lhh49",
                "namespace": "p01-c9c202786437-601e9835",
                "ownerReferences": [
                    {
                        "apiVersion": "apps/v1",
                        "blockOwnerDeletion": true,
                        "controller": true,
                        "kind": "ReplicaSet",
                        "name": "assurance-proxy-749fffdbc",
                        "uid": "0fedf942-742d-4308-b08b-1aa4dec1f6bf"
                    }
                ],
                "resourceVersion": "2014",
                "uid": "172f1bc2-0fa7-48d0-92e9-a2a16ed573dd"
            },
            "spec": {
                "automountServiceAccountToken": false,
                "containers": [
                    {
                        "args": [
                            "-g",
                            "daemon off;"
                        ],
                        "command": [
                            "/usr/sbin/nginx"
                        ],
                        "image": "p01.local/nginx:manifest-sha256-3d2f995522ddb52c3a4eb8008b8fa26f184f7146851df1da831f88885ac40aae",
                        "imagePullPolicy": "Never",
                        "livenessProbe": {
                            "failureThreshold": 3,
                            "periodSeconds": 10,
                            "successThreshold": 1,
                            "tcpSocket": {
                                "port": 8443
                            },
                            "timeoutSeconds": 2
                        },
                        "name": "assurance-proxy",
                        "readinessProbe": {
                            "failureThreshold": 3,
                            "periodSeconds": 5,
                            "successThreshold": 1,
                            "tcpSocket": {
                                "port": 8443
                            },
                            "timeoutSeconds": 2
                        },
                        "resources": {
                            "limits": {
                                "cpu": "1",
                                "memory": "128Mi"
                            },
                            "requests": {
                                "cpu": "25m",
                                "memory": "64Mi"
                            }
                        },
                        "securityContext": {
                            "allowPrivilegeEscalation": false,
                            "capabilities": {
                                "drop": [
                                    "ALL"
                                ]
                            },
                            "readOnlyRootFilesystem": true,
                            "runAsGroup": 10001,
                            "runAsNonRoot": true,
                            "runAsUser": 10001
                        },
                        "terminationMessagePath": "/dev/termination-log",
                        "terminationMessagePolicy": "File",
                        "volumeMounts": [
                            {
                                "mountPath": "/run/secrets",
                                "name": "secrets",
                                "readOnly": true
                            },
                            {
                                "mountPath": "/tmp",
                                "name": "tmp"
                            },
                            {
                                "mountPath": "/etc/nginx/nginx.conf",
                                "name": "config",
                                "readOnly": true,
                                "subPath": "nginx.conf"
                            },
                            {
                                "mountPath": "/srv/public",
                                "name": "public",
                                "readOnly": true
                            }
                        ]
                    }
                ],
                "dnsPolicy": "ClusterFirst",
                "enableServiceLinks": false,
                "initContainers": [
                    {
                        "command": [
                            "/bin/sh",
                            "-ec",
                            "cp -R /app/public/. /srv/public/"
                        ],
                        "image": "p01.local/assurance:sha256-14df9aa61fc7e9ea20f3fe9747268cb8e8b5ef8a2b4d03408a510ebf80f899df",
                        "imagePullPolicy": "Never",
                        "name": "copy-public-assets",
                        "resources": {
                            "limits": {
                                "cpu": "1",
                                "memory": "256Mi"
                            },
                            "requests": {
                                "cpu": "25m",
                                "memory": "64Mi"
                            }
                        },
                        "securityContext": {
                            "allowPrivilegeEscalation": false,
                            "capabilities": {
                                "drop": [
                                    "ALL"
                                ]
                            },
                            "readOnlyRootFilesystem": true,
                            "runAsGroup": 10001,
                            "runAsNonRoot": true,
                            "runAsUser": 10001
                        },
                        "terminationMessagePath": "/dev/termination-log",
                        "terminationMessagePolicy": "File",
                        "volumeMounts": [
                            {
                                "mountPath": "/srv/public",
                                "name": "public"
                            }
                        ]
                    }
                ],
                "nodeName": "p01-c9c202786437-601e9835-worker",
                "preemptionPolicy": "PreemptLowerPriority",
                "priority": 0,
                "restartPolicy": "Always",
                "schedulerName": "default-scheduler",
                "securityContext": {
                    "fsGroup": 10001,
                    "runAsGroup": 10001,
                    "runAsNonRoot": true,
                    "runAsUser": 10001,
                    "seccompProfile": {
                        "type": "RuntimeDefault"
                    }
                },
                "serviceAccount": "assurance-proxy",
                "serviceAccountName": "assurance-proxy",
                "terminationGracePeriodSeconds": 30,
                "tolerations": [
                    {
                        "effect": "NoExecute",
                        "key": "node.kubernetes.io/not-ready",
                        "operator": "Exists",
                        "tolerationSeconds": 300
                    },
                    {
                        "effect": "NoExecute",
                        "key": "node.kubernetes.io/unreachable",
                        "operator": "Exists",
                        "tolerationSeconds": 300
                    }
                ],
                "volumes": [
                    {
                        "name": "secrets",
                        "secret": {
                            "defaultMode": 292,
                            "secretName": "assurance-tls"
                        }
                    },
                    {
                        "emptyDir": {
                            "medium": "Memory",
                            "sizeLimit": "32Mi"
                        },
                        "name": "tmp"
                    },
                    {
                        "configMap": {
                            "defaultMode": 420,
                            "name": "assurance-proxy"
                        },
                        "name": "config"
                    },
                    {
                        "emptyDir": {
                            "sizeLimit": "64Mi"
                        },
                        "name": "public"
                    }
                ]
            },
            "status": {
                "allocatedResources": {
                    "cpu": "25m",
                    "memory": "64Mi"
                },
                "conditions": [
                    {
                        "lastProbeTime": null,
                        "lastTransitionTime": "2026-10-05T00:26:43Z",
                        "observedGeneration": 1,
                        "status": "True",
                        "type": "PodReadyToStartContainers"
                    },
                    {
                        "lastProbeTime": null,
                        "lastTransitionTime": "2026-10-05T00:26:47Z",
                        "observedGeneration": 1,
                        "status": "True",
                        "type": "Initialized"
                    },
                    {
                        "lastProbeTime": null,
                        "lastTransitionTime": "2026-10-05T00:26:48Z",
                        "observedGeneration": 1,
                        "status": "True",
                        "type": "Ready"
                    },
                    {
                        "lastProbeTime": null,
                        "lastTransitionTime": "2026-10-05T00:26:48Z",
                        "observedGeneration": 1,
                        "status": "True",
                        "type": "ContainersReady"
                    },
                    {
                        "lastProbeTime": null,
                        "lastTransitionTime": "2026-10-05T00:26:42Z",
                        "observedGeneration": 1,
                        "status": "True",
                        "type": "PodScheduled"
                    }
                ],
                "containerStatuses": [
                    {
                        "allocatedResources": {
                            "cpu": "25m",
                            "memory": "64Mi"
                        },
                        "containerID": "containerd://924d1ff3c87619b95f3b99bc1fda9152e58eb91d14f9b59f6cf3123134d93b8a",
                        "image": "p01.local/nginx:manifest-sha256-3d2f995522ddb52c3a4eb8008b8fa26f184f7146851df1da831f88885ac40aae",
                        "imageID": "docker.io/library/import-2026-10-05@sha256:5c7e4ac215c73965ec024805e7feb2f942e4570d89003814734678eb756ea3de",
                        "lastState": {},
                        "name": "assurance-proxy",
                        "ready": true,
                        "resources": {
                            "limits": {
                                "cpu": "1",
                                "memory": "128Mi"
                            },
                            "requests": {
                                "cpu": "25m",
                                "memory": "64Mi"
                            }
                        },
                        "restartCount": 0,
                        "started": true,
                        "state": {
                            "running": {
                                "startedAt": "2026-10-05T00:26:48Z"
                            }
                        },
                        "user": {
                            "linux": {
                                "gid": 10001,
                                "supplementalGroups": [
                                    10001
                                ],
                                "uid": 10001
                            }
                        },
                        "volumeMounts": [
                            {
                                "mountPath": "/run/secrets",
                                "name": "secrets",
                                "readOnly": true,
                                "recursiveReadOnly": "Disabled"
                            },
                            {
                                "mountPath": "/tmp",
                                "name": "tmp"
                            },
                            {
                                "mountPath": "/etc/nginx/nginx.conf",
                                "name": "config",
                                "readOnly": true,
                                "recursiveReadOnly": "Disabled"
                            },
                            {
                                "mountPath": "/srv/public",
                                "name": "public",
                                "readOnly": true,
                                "recursiveReadOnly": "Disabled"
                            }
                        ]
                    }
                ],
                "hostIP": "172.18.0.2",
                "hostIPs": [
                    {
                        "ip": "172.18.0.2"
                    }
                ],
                "initContainerStatuses": [
                    {
                        "allocatedResources": {
                            "cpu": "25m",
                            "memory": "64Mi"
                        },
                        "containerID": "containerd://07126a4ddf958abf0163daa708c67e8ac8b83d961491a6b5b4865d2f58dd4ef4",
                        "image": "p01.local/assurance:sha256-14df9aa61fc7e9ea20f3fe9747268cb8e8b5ef8a2b4d03408a510ebf80f899df",
                        "imageID": "docker.io/library/import-2026-10-05@sha256:8a5eef21c585d417e043251fc48b8c12346b48e964890a957f6110a9f9cc3818",
                        "lastState": {},
                        "name": "copy-public-assets",
                        "ready": true,
                        "resources": {
                            "limits": {
                                "cpu": "1",
                                "memory": "256Mi"
                            },
                            "requests": {
                                "cpu": "25m",
                                "memory": "64Mi"
                            }
                        },
                        "restartCount": 0,
                        "started": false,
                        "state": {
                            "terminated": {
                                "containerID": "containerd://07126a4ddf958abf0163daa708c67e8ac8b83d961491a6b5b4865d2f58dd4ef4",
                                "exitCode": 0,
                                "finishedAt": "2026-10-05T00:26:44Z",
                                "reason": "Completed",
                                "startedAt": "2026-10-05T00:26:44Z"
                            }
                        },
                        "user": {
                            "linux": {
                                "gid": 10001,
                                "supplementalGroups": [
                                    10001
                                ],
                                "uid": 10001
                            }
                        },
                        "volumeMounts": [
                            {
                                "mountPath": "/srv/public",
                                "name": "public"
                            }
                        ]
                    }
                ],
                "observedGeneration": 1,
                "phase": "Running",
                "podIP": "10.244.1.38",
                "podIPs": [
                    {
                        "ip": "10.244.1.38"
                    }
                ],
                "qosClass": "Burstable",
                "resources": {
                    "limits": {
                        "cpu": "1",
                        "memory": "256Mi"
                    },
                    "requests": {
                        "memory": "64Mi"
                    }
                },
                "startTime": "2026-10-05T00:26:42Z"
            }
        },
        {
            "apiVersion": "v1",
            "kind": "Pod",
            "metadata": {
                "creationTimestamp": "2026-10-05T00:26:42Z",
                "generateName": "catalogue-6fc6d5fc6c-",
                "generation": 1,
                "labels": {
                    "app.kubernetes.io/part-of": "p01-foundation",
                    "p01.role": "app",
                    "p01.service": "catalogue",
                    "pod-template-hash": "6fc6d5fc6c"
                },
                "name": "catalogue-6fc6d5fc6c-8qnfg",
                "namespace": "p01-c9c202786437-601e9835",
                "ownerReferences": [
                    {
                        "apiVersion": "apps/v1",
                        "blockOwnerDeletion": true,
                        "controller": true,
                        "kind": "ReplicaSet",
                        "name": "catalogue-6fc6d5fc6c",
                        "uid": "40e823c5-338a-4e8c-b668-ce646dae98a2"
                    }
                ],
                "resourceVersion": "2270",
                "uid": "3128aff4-5594-4d4e-b02d-8702800dbd1d"
            },
            "spec": {
                "automountServiceAccountToken": false,
                "containers": [
                    {
                        "args": [
                            "sh",
                            "-ec",
                            "php artisan config:cache \u0026\u0026 exec php-fpm -F"
                        ],
                        "env": [
                            {
                                "name": "APP_DEBUG",
                                "value": "false"
                            },
                            {
                                "name": "APP_ENV",
                                "value": "production"
                            },
                            {
                                "name": "APP_KEY_FILE",
                                "value": "/run/secrets/app-key"
                            },
                            {
                                "name": "DB_DATABASE",
                                "value": "catalogue"
                            },
                            {
                                "name": "DB_HOST",
                                "value": "postgres"
                            },
                            {
                                "name": "DB_PASSWORD_FILE",
                                "value": "/run/secrets/db-password"
                            },
                            {
                                "name": "DB_PORT",
                                "value": "5432"
                            },
                            {
                                "name": "DB_SSLMODE",
                                "value": "verify-full"
                            },
                            {
                                "name": "DB_SSLROOTCERT",
                                "value": "/run/secrets/ca.crt"
                            },
                            {
                                "name": "DB_USERNAME",
                                "value": "catalogue_runtime"
                            },
                            {
                                "name": "HEALTH_TOKEN_FILE",
                                "value": "/run/secrets/health-token"
                            }
                        ],
                        "image": "p01.local/catalogue:sha256-f0771c22d75c568ac3a92a3ba2a0c829e0f6bf0b2a0262f5f8a32da1e25c1da4",
                        "imagePullPolicy": "Never",
                        "livenessProbe": {
                            "failureThreshold": 3,
                            "periodSeconds": 10,
                            "successThreshold": 1,
                            "tcpSocket": {
                                "port": 9000
                            },
                            "timeoutSeconds": 2
                        },
                        "name": "catalogue",
                        "readinessProbe": {
                            "exec": {
                                "command": [
                                    "php",
                                    "-r",
                                    "try { require '/app/vendor/autoload.php'; $app = require '/app/bootstrap/app.php';\n$app-\u003emake(Illuminate\\Contracts\\Console\\Kernel::class)-\u003ebootstrap();\n$token = trim((string) file_get_contents('/run/secrets/health-token'));\n$status = $app-\u003emake(App\\Application\\Foundation\\Actions\\InspectDependencies::class)-\u003ehandle($token);\nexit($status === App\\Application\\Foundation\\Data\\DependencyStatus::Ready ? 0 : 1);\n} catch (Throwable) { exit(1); }"
                                ]
                            },
                            "failureThreshold": 1,
                            "periodSeconds": 10,
                            "successThreshold": 1,
                            "timeoutSeconds": 8
                        },
                        "resources": {
                            "limits": {
                                "cpu": "1",
                                "memory": "512Mi"
                            },
                            "requests": {
                                "cpu": "25m",
                                "memory": "64Mi"
                            }
                        },
                        "securityContext": {
                            "allowPrivilegeEscalation": false,
                            "capabilities": {
                                "drop": [
                                    "ALL"
                                ]
                            },
                            "readOnlyRootFilesystem": true,
                            "runAsGroup": 10001,
                            "runAsNonRoot": true,
                            "runAsUser": 10001
                        },
                        "startupProbe": {
                            "failureThreshold": 60,
                            "periodSeconds": 2,
                            "successThreshold": 1,
                            "tcpSocket": {
                                "port": 9000
                            },
                            "timeoutSeconds": 1
                        },
                        "terminationMessagePath": "/dev/termination-log",
                        "terminationMessagePolicy": "File",
                        "volumeMounts": [
                            {
                                "mountPath": "/run/secrets",
                                "name": "secrets",
                                "readOnly": true
                            },
                            {
                                "mountPath": "/tmp",
                                "name": "tmp"
                            },
                            {
                                "mountPath": "/app/storage",
                                "name": "storage"
                            },
                            {
                                "mountPath": "/app/bootstrap/cache",
                                "name": "config-cache"
                            }
                        ]
                    }
                ],
                "dnsPolicy": "ClusterFirst",
                "enableServiceLinks": false,
                "nodeName": "p01-c9c202786437-601e9835-worker",
                "preemptionPolicy": "PreemptLowerPriority",
                "priority": 0,
                "restartPolicy": "Always",
                "schedulerName": "default-scheduler",
                "securityContext": {
                    "fsGroup": 10001,
                    "runAsGroup": 10001,
                    "runAsNonRoot": true,
                    "runAsUser": 10001,
                    "seccompProfile": {
                        "type": "RuntimeDefault"
                    }
                },
                "serviceAccount": "catalogue",
                "serviceAccountName": "catalogue",
                "terminationGracePeriodSeconds": 30,
                "tolerations": [
                    {
                        "effect": "NoExecute",
                        "key": "node.kubernetes.io/not-ready",
                        "operator": "Exists",
                        "tolerationSeconds": 300
                    },
                    {
                        "effect": "NoExecute",
                        "key": "node.kubernetes.io/unreachable",
                        "operator": "Exists",
                        "tolerationSeconds": 300
                    }
                ],
                "volumes": [
                    {
                        "name": "secrets",
                        "secret": {
                            "defaultMode": 292,
                            "secretName": "catalogue-runtime"
                        }
                    },
                    {
                        "emptyDir": {
                            "medium": "Memory",
                            "sizeLimit": "32Mi"
                        },
                        "name": "tmp"
                    },
                    {
                        "emptyDir": {
                            "medium": "Memory",
                            "sizeLimit": "32Mi"
                        },
                        "name": "storage"
                    },
                    {
                        "emptyDir": {
                            "medium": "Memory",
                            "sizeLimit": "16Mi"
                        },
                        "name": "config-cache"
                    }
                ]
            },
            "status": {
                "allocatedResources": {
                    "cpu": "25m",
                    "memory": "64Mi"
                },
                "conditions": [
                    {
                        "lastProbeTime": null,
                        "lastTransitionTime": "2026-10-05T00:26:43Z",
                        "observedGeneration": 1,
                        "status": "True",
                        "type": "PodReadyToStartContainers"
                    },
                    {
                        "lastProbeTime": null,
                        "lastTransitionTime": "2026-10-05T00:26:42Z",
                        "observedGeneration": 1,
                        "status": "True",
                        "type": "Initialized"
                    },
                    {
                        "lastProbeTime": null,
                        "lastTransitionTime": "2026-10-05T00:29:19Z",
                        "observedGeneration": 1,
                        "status": "True",
                        "type": "Ready"
                    },
                    {
                        "lastProbeTime": null,
                        "lastTransitionTime": "2026-10-05T00:29:19Z",
                        "observedGeneration": 1,
                        "status": "True",
                        "type": "ContainersReady"
                    },
                    {
                        "lastProbeTime": null,
                        "lastTransitionTime": "2026-10-05T00:26:42Z",
                        "observedGeneration": 1,
                        "status": "True",
                        "type": "PodScheduled"
                    }
                ],
                "containerStatuses": [
                    {
                        "allocatedResources": {
                            "cpu": "25m",
                            "memory": "64Mi"
                        },
                        "containerID": "containerd://bdf37edc11cb2d4f5930a6677a2921ab6e1249bc49fa6516a407b0096e9bcbb1",
                        "image": "p01.local/catalogue:sha256-f0771c22d75c568ac3a92a3ba2a0c829e0f6bf0b2a0262f5f8a32da1e25c1da4",
                        "imageID": "docker.io/library/import-2026-10-05@sha256:e4e34b59e129b27d96d8d59151e03c190885461d9092eea9f689ecbba3bbabf7",
                        "lastState": {},
                        "name": "catalogue",
                        "ready": true,
                        "resources": {
                            "limits": {
                                "cpu": "1",
                                "memory": "512Mi"
                            },
                            "requests": {
                                "cpu": "25m",
                                "memory": "64Mi"
                            }
                        },
                        "restartCount": 0,
                        "started": true,
                        "state": {
                            "running": {
                                "startedAt": "2026-10-05T00:26:43Z"
                            }
                        },
                        "user": {
                            "linux": {
                                "gid": 10001,
                                "supplementalGroups": [
                                    10001
                                ],
                                "uid": 10001
                            }
                        },
                        "volumeMounts": [
                            {
                                "mountPath": "/run/secrets",
                                "name": "secrets",
                                "readOnly": true,
                                "recursiveReadOnly": "Disabled"
                            },
                            {
                                "mountPath": "/tmp",
                                "name": "tmp"
                            },
                            {
                                "mountPath": "/app/storage",
                                "name": "storage"
                            },
                            {
                                "mountPath": "/app/bootstrap/cache",
                                "name": "config-cache"
                            }
                        ]
                    }
                ],
                "hostIP": "172.18.0.2",
                "hostIPs": [
                    {
                        "ip": "172.18.0.2"
                    }
                ],
                "observedGeneration": 1,
                "phase": "Running",
                "podIP": "10.244.1.58",
                "podIPs": [
                    {
                        "ip": "10.244.1.58"
                    }
                ],
                "qosClass": "Burstable",
                "resources": {
                    "limits": {
                        "cpu": "1",
                        "memory": "512Mi"
                    },
                    "requests": {
                        "memory": "64Mi"
                    }
                },
                "startTime": "2026-10-05T00:26:42Z"
            }
        },
        {
            "apiVersion": "v1",
            "kind": "Pod",
            "metadata": {
                "creationTimestamp": "2026-10-05T00:26:55Z",
                "generateName": "catalogue-migrator-",
                "generation": 1,
                "labels": {
                    "app.kubernetes.io/part-of": "p01-foundation",
                    "batch.kubernetes.io/controller-uid": "174cfa53-5d1d-497e-a36c-ff8a2040d091",
                    "batch.kubernetes.io/job-name": "catalogue-migrator",
                    "controller-uid": "174cfa53-5d1d-497e-a36c-ff8a2040d091",
                    "job-name": "catalogue-migrator",
                    "p01.role": "migrator",
                    "p01.service": "catalogue"
                },
                "name": "catalogue-migrator-d2hmn",
                "namespace": "p01-c9c202786437-601e9835",
                "ownerReferences": [
                    {
                        "apiVersion": "batch/v1",
                        "blockOwnerDeletion": true,
                        "controller": true,
                        "kind": "Job",
                        "name": "catalogue-migrator",
                        "uid": "174cfa53-5d1d-497e-a36c-ff8a2040d091"
                    }
                ],
                "resourceVersion": "1681",
                "uid": "d14c0568-c33f-4e28-9dd0-7b8898be6fa7"
            },
            "spec": {
                "automountServiceAccountToken": false,
                "containers": [
                    {
                        "command": [
                            "/bin/sh",
                            "-ec",
                            "export PGPASSWORD=\"$(cat /run/secrets/db-password)\"; exec psql -X --quiet --set=ON_ERROR_STOP=1 --set=owner=catalogue_owner --set=runtime=catalogue_runtime \"host=postgres port=5432 dbname=catalogue user=catalogue_migrator sslmode=verify-full sslrootcert=/run/secrets/ca.crt connect_timeout=3\" --file=/opt/foundation/migrate.sql"
                        ],
                        "image": "p01.local/postgres:manifest-sha256-9e73daeb439141c2b11eea2463f5f1a3b269fd90d897b41cddb7cb440f21aa5d",
                        "imagePullPolicy": "Never",
                        "name": "migrate",
                        "resources": {
                            "limits": {
                                "cpu": "1",
                                "memory": "256Mi"
                            },
                            "requests": {
                                "cpu": "25m",
                                "memory": "64Mi"
                            }
                        },
                        "securityContext": {
                            "allowPrivilegeEscalation": false,
                            "capabilities": {
                                "drop": [
                                    "ALL"
                                ]
                            },
                            "readOnlyRootFilesystem": true,
                            "runAsGroup": 10001,
                            "runAsNonRoot": true,
                            "runAsUser": 10001
                        },
                        "terminationMessagePath": "/dev/termination-log",
                        "terminationMessagePolicy": "File",
                        "volumeMounts": [
                            {
                                "mountPath": "/run/secrets",
                                "name": "secrets",
                                "readOnly": true
                            },
                            {
                                "mountPath": "/opt/foundation/migrate.sql",
                                "name": "migration",
                                "readOnly": true,
                                "subPath": "migrate.sql"
                            }
                        ]
                    }
                ],
                "dnsPolicy": "ClusterFirst",
                "enableServiceLinks": false,
                "nodeName": "p01-c9c202786437-601e9835-worker",
                "preemptionPolicy": "PreemptLowerPriority",
                "priority": 0,
                "restartPolicy": "Never",
                "schedulerName": "default-scheduler",
                "securityContext": {
                    "fsGroup": 10001,
                    "runAsGroup": 10001,
                    "runAsNonRoot": true,
                    "runAsUser": 10001,
                    "seccompProfile": {
                        "type": "RuntimeDefault"
                    }
                },
                "serviceAccount": "catalogue-migrator",
                "serviceAccountName": "catalogue-migrator",
                "terminationGracePeriodSeconds": 30,
                "tolerations": [
                    {
                        "effect": "NoExecute",
                        "key": "node.kubernetes.io/not-ready",
                        "operator": "Exists",
                        "tolerationSeconds": 300
                    },
                    {
                        "effect": "NoExecute",
                        "key": "node.kubernetes.io/unreachable",
                        "operator": "Exists",
                        "tolerationSeconds": 300
                    }
                ],
                "volumes": [
                    {
                        "name": "secrets",
                        "secret": {
                            "defaultMode": 292,
                            "secretName": "catalogue-migration"
                        }
                    },
                    {
                        "configMap": {
                            "defaultMode": 420,
                            "name": "postgres-scripts"
                        },
                        "name": "migration"
                    }
                ]
            },
            "status": {
                "allocatedResources": {
                    "cpu": "25m",
                    "memory": "64Mi"
                },
                "conditions": [
                    {
                        "lastProbeTime": null,
                        "lastTransitionTime": "2026-10-05T00:26:58Z",
                        "observedGeneration": 1,
                        "status": "False",
                        "type": "PodReadyToStartContainers"
                    },
                    {
                        "lastProbeTime": null,
                        "lastTransitionTime": "2026-10-05T00:26:55Z",
                        "observedGeneration": 1,
                        "reason": "PodCompleted",
                        "status": "True",
                        "type": "Initialized"
                    },
                    {
                        "lastProbeTime": null,
                        "lastTransitionTime": "2026-10-05T00:26:56Z",
                        "observedGeneration": 1,
                        "reason": "PodCompleted",
                        "status": "False",
                        "type": "Ready"
                    },
                    {
                        "lastProbeTime": null,
                        "lastTransitionTime": "2026-10-05T00:26:56Z",
                        "observedGeneration": 1,
                        "reason": "PodCompleted",
                        "status": "False",
                        "type": "ContainersReady"
                    },
                    {
                        "lastProbeTime": null,
                        "lastTransitionTime": "2026-10-05T00:26:55Z",
                        "observedGeneration": 1,
                        "status": "True",
                        "type": "PodScheduled"
                    }
                ],
                "containerStatuses": [
                    {
                        "allocatedResources": {
                            "cpu": "25m",
                            "memory": "64Mi"
                        },
                        "containerID": "containerd://8ecc1d6ed6f74bb2bec66b7287e02cfe84450900fa9d7e15920d3189df63c788",
                        "image": "p01.local/postgres:manifest-sha256-9e73daeb439141c2b11eea2463f5f1a3b269fd90d897b41cddb7cb440f21aa5d",
                        "imageID": "docker.io/library/import-2026-10-05@sha256:a73366f9c26d0167be14b0a23ba05e7d044534d10215b1017fe8b34946867e8c",
                        "lastState": {},
                        "name": "migrate",
                        "ready": false,
                        "resources": {
                            "limits": {
                                "cpu": "1",
                                "memory": "256Mi"
                            },
                            "requests": {
                                "cpu": "25m",
                                "memory": "64Mi"
                            }
                        },
                        "restartCount": 0,
                        "started": false,
                        "state": {
                            "terminated": {
                                "containerID": "containerd://8ecc1d6ed6f74bb2bec66b7287e02cfe84450900fa9d7e15920d3189df63c788",
                                "exitCode": 0,
                                "finishedAt": "2026-10-05T00:26:56Z",
                                "reason": "Completed",
                                "startedAt": "2026-10-05T00:26:56Z"
                            }
                        },
                        "user": {
                            "linux": {
                                "gid": 10001,
                                "supplementalGroups": [
                                    10001
                                ],
                                "uid": 10001
                            }
                        },
                        "volumeMounts": [
                            {
                                "mountPath": "/run/secrets",
                                "name": "secrets",
                                "readOnly": true,
                                "recursiveReadOnly": "Disabled"
                            },
                            {
                                "mountPath": "/opt/foundation/migrate.sql",
                                "name": "migration",
                                "readOnly": true,
                                "recursiveReadOnly": "Disabled"
                            }
                        ]
                    }
                ],
                "hostIP": "172.18.0.2",
                "hostIPs": [
                    {
                        "ip": "172.18.0.2"
                    }
                ],
                "observedGeneration": 1,
                "phase": "Succeeded",
                "podIP": "10.244.1.111",
                "podIPs": [
                    {
                        "ip": "10.244.1.111"
                    }
                ],
                "qosClass": "Burstable",
                "resources": {
                    "limits": {
                        "cpu": "1",
                        "memory": "256Mi"
                    },
                    "requests": {
                        "memory": "64Mi"
                    }
                },
                "startTime": "2026-10-05T00:26:55Z"
            }
        },
        {
            "apiVersion": "v1",
            "kind": "Pod",
            "metadata": {
                "creationTimestamp": "2026-10-05T00:27:02Z",
                "generateName": "catalogue-probe-5d5f58f8c7-",
                "generation": 1,
                "labels": {
                    "app.kubernetes.io/part-of": "p01-foundation",
                    "p01.role": "probe",
                    "p01.service": "catalogue",
                    "pod-template-hash": "5d5f58f8c7"
                },
                "name": "catalogue-probe-5d5f58f8c7-2gnsr",
                "namespace": "p01-c9c202786437-601e9835",
                "ownerReferences": [
                    {
                        "apiVersion": "apps/v1",
                        "blockOwnerDeletion": true,
                        "controller": true,
                        "kind": "ReplicaSet",
                        "name": "catalogue-probe-5d5f58f8c7",
                        "uid": "75f64acb-252d-4c3a-93d4-64d0c560f0ac"
                    }
                ],
                "resourceVersion": "2009",
                "uid": "e4425792-baf9-4e57-8cb4-bb00dfb601be"
            },
            "spec": {
                "automountServiceAccountToken": false,
                "containers": [
                    {
                        "command": [
                            "/opt/venv/bin/python",
                            "-I",
                            "-c",
                            "import time; time.sleep(2400)"
                        ],
                        "image": "p01.local/planning:sha256-52274917612cd7b22ea729c339292a2602bf2445241efaa2c90079a8f2527f7e",
                        "imagePullPolicy": "Never",
                        "name": "probe",
                        "resources": {
                            "limits": {
                                "cpu": "250m",
                                "memory": "128Mi"
                            },
                            "requests": {
                                "cpu": "10m",
                                "memory": "32Mi"
                            }
                        },
                        "securityContext": {
                            "allowPrivilegeEscalation": false,
                            "capabilities": {
                                "drop": [
                                    "ALL"
                                ]
                            },
                            "readOnlyRootFilesystem": true
                        },
                        "terminationMessagePath": "/dev/termination-log",
                        "terminationMessagePolicy": "File",
                        "volumeMounts": [
                            {
                                "mountPath": "/run/secrets",
                                "name": "health",
                                "readOnly": true
                            }
                        ]
                    }
                ],
                "dnsPolicy": "ClusterFirst",
                "enableServiceLinks": false,
                "nodeName": "p01-c9c202786437-601e9835-worker",
                "preemptionPolicy": "PreemptLowerPriority",
                "priority": 0,
                "restartPolicy": "Always",
                "schedulerName": "default-scheduler",
                "securityContext": {
                    "runAsGroup": 10001,
                    "runAsNonRoot": true,
                    "runAsUser": 10001,
                    "seccompProfile": {
                        "type": "RuntimeDefault"
                    }
                },
                "serviceAccount": "catalogue-probe",
                "serviceAccountName": "catalogue-probe",
                "terminationGracePeriodSeconds": 30,
                "tolerations": [
                    {
                        "effect": "NoExecute",
                        "key": "node.kubernetes.io/not-ready",
                        "operator": "Exists",
                        "tolerationSeconds": 300
                    },
                    {
                        "effect": "NoExecute",
                        "key": "node.kubernetes.io/unreachable",
                        "operator": "Exists",
                        "tolerationSeconds": 300
                    }
                ],
                "volumes": [
                    {
                        "name": "health",
                        "secret": {
                            "defaultMode": 292,
                            "items": [
                                {
                                    "key": "ca.crt",
                                    "path": "ca.crt"
                                },
                                {
                                    "key": "health-token",
                                    "path": "health-token"
                                }
                            ],
                            "secretName": "catalogue-runtime"
                        }
                    }
                ]
            },
            "status": {
                "allocatedResources": {
                    "cpu": "10m",
                    "memory": "32Mi"
                },
                "conditions": [
                    {
                        "lastProbeTime": null,
                        "lastTransitionTime": "2026-10-05T00:27:03Z",
                        "observedGeneration": 1,
                        "status": "True",
                        "type": "PodReadyToStartContainers"
                    },
                    {
                        "lastProbeTime": null,
                        "lastTransitionTime": "2026-10-05T00:27:02Z",
                        "observedGeneration": 1,
                        "status": "True",
                        "type": "Initialized"
                    },
                    {
                        "lastProbeTime": null,
                        "lastTransitionTime": "2026-10-05T00:27:03Z",
                        "observedGeneration": 1,
                        "status": "True",
                        "type": "Ready"
                    },
                    {
                        "lastProbeTime": null,
                        "lastTransitionTime": "2026-10-05T00:27:03Z",
                        "observedGeneration": 1,
                        "status": "True",
                        "type": "ContainersReady"
                    },
                    {
                        "lastProbeTime": null,
                        "lastTransitionTime": "2026-10-05T00:27:02Z",
                        "observedGeneration": 1,
                        "status": "True",
                        "type": "PodScheduled"
                    }
                ],
                "containerStatuses": [
                    {
                        "allocatedResources": {
                            "cpu": "10m",
                            "memory": "32Mi"
                        },
                        "containerID": "containerd://a03573a0a8a493dd58e90729fc44b3bbdb0ec76fa494fd22cbb1cd121e69195f",
                        "image": "p01.local/planning:sha256-52274917612cd7b22ea729c339292a2602bf2445241efaa2c90079a8f2527f7e",
                        "imageID": "docker.io/library/import-2026-10-05@sha256:ed595de7122dc595d5feec7f1cc1a0c578e89d55f02ff5b232126bc583bf5d1d",
                        "lastState": {},
                        "name": "probe",
                        "ready": true,
                        "resources": {
                            "limits": {
                                "cpu": "250m",
                                "memory": "128Mi"
                            },
                            "requests": {
                                "cpu": "10m",
                                "memory": "32Mi"
                            }
                        },
                        "restartCount": 0,
                        "started": true,
                        "state": {
                            "running": {
                                "startedAt": "2026-10-05T00:27:03Z"
                            }
                        },
                        "user": {
                            "linux": {
                                "gid": 10001,
                                "supplementalGroups": [
                                    10001
                                ],
                                "uid": 10001
                            }
                        },
                        "volumeMounts": [
                            {
                                "mountPath": "/run/secrets",
                                "name": "health",
                                "readOnly": true,
                                "recursiveReadOnly": "Disabled"
                            }
                        ]
                    }
                ],
                "hostIP": "172.18.0.2",
                "hostIPs": [
                    {
                        "ip": "172.18.0.2"
                    }
                ],
                "observedGeneration": 1,
                "phase": "Running",
                "podIP": "10.244.1.174",
                "podIPs": [
                    {
                        "ip": "10.244.1.174"
                    }
                ],
                "qosClass": "Burstable",
                "resources": {
                    "limits": {
                        "cpu": "250m",
                        "memory": "128Mi"
                    },
                    "requests": {
                        "memory": "32Mi"
                    }
                },
                "startTime": "2026-10-05T00:27:02Z"
            }
        },
        {
            "apiVersion": "v1",
            "kind": "Pod",
            "metadata": {
                "creationTimestamp": "2026-10-05T00:26:42Z",
                "generateName": "catalogue-proxy-65774d746-",
                "generation": 1,
                "labels": {
                    "app.kubernetes.io/part-of": "p01-foundation",
                    "p01.role": "proxy",
                    "p01.service": "catalogue",
                    "pod-template-hash": "65774d746"
                },
                "name": "catalogue-proxy-65774d746-btmtf",
                "namespace": "p01-c9c202786437-601e9835",
                "ownerReferences": [
                    {
                        "apiVersion": "apps/v1",
                        "blockOwnerDeletion": true,
                        "controller": true,
                        "kind": "ReplicaSet",
                        "name": "catalogue-proxy-65774d746",
                        "uid": "44a75dde-edf5-4398-a8d8-96b0fea79a3e"
                    }
                ],
                "resourceVersion": "2022",
                "uid": "2725a1bf-733f-4b02-9711-368d27e56d82"
            },
            "spec": {
                "automountServiceAccountToken": false,
                "containers": [
                    {
                        "args": [
                            "-g",
                            "daemon off;"
                        ],
                        "command": [
                            "/usr/sbin/nginx"
                        ],
                        "image": "p01.local/nginx:manifest-sha256-3d2f995522ddb52c3a4eb8008b8fa26f184f7146851df1da831f88885ac40aae",
                        "imagePullPolicy": "Never",
                        "livenessProbe": {
                            "failureThreshold": 3,
                            "periodSeconds": 10,
                            "successThreshold": 1,
                            "tcpSocket": {
                                "port": 8443
                            },
                            "timeoutSeconds": 2
                        },
                        "name": "catalogue-proxy",
                        "readinessProbe": {
                            "failureThreshold": 3,
                            "periodSeconds": 5,
                            "successThreshold": 1,
                            "tcpSocket": {
                                "port": 8443
                            },
                            "timeoutSeconds": 2
                        },
                        "resources": {
                            "limits": {
                                "cpu": "1",
                                "memory": "128Mi"
                            },
                            "requests": {
                                "cpu": "25m",
                                "memory": "64Mi"
                            }
                        },
                        "securityContext": {
                            "allowPrivilegeEscalation": false,
                            "capabilities": {
                                "drop": [
                                    "ALL"
                                ]
                            },
                            "readOnlyRootFilesystem": true,
                            "runAsGroup": 10001,
                            "runAsNonRoot": true,
                            "runAsUser": 10001
                        },
                        "terminationMessagePath": "/dev/termination-log",
                        "terminationMessagePolicy": "File",
                        "volumeMounts": [
                            {
                                "mountPath": "/run/secrets",
                                "name": "secrets",
                                "readOnly": true
                            },
                            {
                                "mountPath": "/tmp",
                                "name": "tmp"
                            },
                            {
                                "mountPath": "/etc/nginx/nginx.conf",
                                "name": "config",
                                "readOnly": true,
                                "subPath": "nginx.conf"
                            },
                            {
                                "mountPath": "/srv/public",
                                "name": "public",
                                "readOnly": true
                            }
                        ]
                    }
                ],
                "dnsPolicy": "ClusterFirst",
                "enableServiceLinks": false,
                "initContainers": [
                    {
                        "command": [
                            "/bin/sh",
                            "-ec",
                            "cp -R /app/public/. /srv/public/"
                        ],
                        "image": "p01.local/catalogue:sha256-f0771c22d75c568ac3a92a3ba2a0c829e0f6bf0b2a0262f5f8a32da1e25c1da4",
                        "imagePullPolicy": "Never",
                        "name": "copy-public-assets",
                        "resources": {
                            "limits": {
                                "cpu": "1",
                                "memory": "256Mi"
                            },
                            "requests": {
                                "cpu": "25m",
                                "memory": "64Mi"
                            }
                        },
                        "securityContext": {
                            "allowPrivilegeEscalation": false,
                            "capabilities": {
                                "drop": [
                                    "ALL"
                                ]
                            },
                            "readOnlyRootFilesystem": true,
                            "runAsGroup": 10001,
                            "runAsNonRoot": true,
                            "runAsUser": 10001
                        },
                        "terminationMessagePath": "/dev/termination-log",
                        "terminationMessagePolicy": "File",
                        "volumeMounts": [
                            {
                                "mountPath": "/srv/public",
                                "name": "public"
                            }
                        ]
                    }
                ],
                "nodeName": "p01-c9c202786437-601e9835-worker",
                "preemptionPolicy": "PreemptLowerPriority",
                "priority": 0,
                "restartPolicy": "Always",
                "schedulerName": "default-scheduler",
                "securityContext": {
                    "fsGroup": 10001,
                    "runAsGroup": 10001,
                    "runAsNonRoot": true,
                    "runAsUser": 10001,
                    "seccompProfile": {
                        "type": "RuntimeDefault"
                    }
                },
                "serviceAccount": "catalogue-proxy",
                "serviceAccountName": "catalogue-proxy",
                "terminationGracePeriodSeconds": 30,
                "tolerations": [
                    {
                        "effect": "NoExecute",
                        "key": "node.kubernetes.io/not-ready",
                        "operator": "Exists",
                        "tolerationSeconds": 300
                    },
                    {
                        "effect": "NoExecute",
                        "key": "node.kubernetes.io/unreachable",
                        "operator": "Exists",
                        "tolerationSeconds": 300
                    }
                ],
                "volumes": [
                    {
                        "name": "secrets",
                        "secret": {
                            "defaultMode": 292,
                            "secretName": "catalogue-tls"
                        }
                    },
                    {
                        "emptyDir": {
                            "medium": "Memory",
                            "sizeLimit": "32Mi"
                        },
                        "name": "tmp"
                    },
                    {
                        "configMap": {
                            "defaultMode": 420,
                            "name": "catalogue-proxy"
                        },
                        "name": "config"
                    },
                    {
                        "emptyDir": {
                            "sizeLimit": "64Mi"
                        },
                        "name": "public"
                    }
                ]
            },
            "status": {
                "allocatedResources": {
                    "cpu": "25m",
                    "memory": "64Mi"
                },
                "conditions": [
                    {
                        "lastProbeTime": null,
                        "lastTransitionTime": "2026-10-05T00:26:43Z",
                        "observedGeneration": 1,
                        "status": "True",
                        "type": "PodReadyToStartContainers"
                    },
                    {
                        "lastProbeTime": null,
                        "lastTransitionTime": "2026-10-05T00:26:47Z",
                        "observedGeneration": 1,
                        "status": "True",
                        "type": "Initialized"
                    },
                    {
                        "lastProbeTime": null,
                        "lastTransitionTime": "2026-10-05T00:26:48Z",
                        "observedGeneration": 1,
                        "status": "True",
                        "type": "Ready"
                    },
                    {
                        "lastProbeTime": null,
                        "lastTransitionTime": "2026-10-05T00:26:48Z",
                        "observedGeneration": 1,
                        "status": "True",
                        "type": "ContainersReady"
                    },
                    {
                        "lastProbeTime": null,
                        "lastTransitionTime": "2026-10-05T00:26:42Z",
                        "observedGeneration": 1,
                        "status": "True",
                        "type": "PodScheduled"
                    }
                ],
                "containerStatuses": [
                    {
                        "allocatedResources": {
                            "cpu": "25m",
                            "memory": "64Mi"
                        },
                        "containerID": "containerd://4553b91361298021d644468405e5d7a2cd3f1b2d8898acf9c0ce013dc88b57be",
                        "image": "p01.local/nginx:manifest-sha256-3d2f995522ddb52c3a4eb8008b8fa26f184f7146851df1da831f88885ac40aae",
                        "imageID": "docker.io/library/import-2026-10-05@sha256:5c7e4ac215c73965ec024805e7feb2f942e4570d89003814734678eb756ea3de",
                        "lastState": {},
                        "name": "catalogue-proxy",
                        "ready": true,
                        "resources": {
                            "limits": {
                                "cpu": "1",
                                "memory": "128Mi"
                            },
                            "requests": {
                                "cpu": "25m",
                                "memory": "64Mi"
                            }
                        },
                        "restartCount": 0,
                        "started": true,
                        "state": {
                            "running": {
                                "startedAt": "2026-10-05T00:26:48Z"
                            }
                        },
                        "user": {
                            "linux": {
                                "gid": 10001,
                                "supplementalGroups": [
                                    10001
                                ],
                                "uid": 10001
                            }
                        },
                        "volumeMounts": [
                            {
                                "mountPath": "/run/secrets",
                                "name": "secrets",
                                "readOnly": true,
                                "recursiveReadOnly": "Disabled"
                            },
                            {
                                "mountPath": "/tmp",
                                "name": "tmp"
                            },
                            {
                                "mountPath": "/etc/nginx/nginx.conf",
                                "name": "config",
                                "readOnly": true,
                                "recursiveReadOnly": "Disabled"
                            },
                            {
                                "mountPath": "/srv/public",
                                "name": "public",
                                "readOnly": true,
                                "recursiveReadOnly": "Disabled"
                            }
                        ]
                    }
                ],
                "hostIP": "172.18.0.2",
                "hostIPs": [
                    {
                        "ip": "172.18.0.2"
                    }
                ],
                "initContainerStatuses": [
                    {
                        "allocatedResources": {
                            "cpu": "25m",
                            "memory": "64Mi"
                        },
                        "containerID": "containerd://a41a2540308ecdd2ee2a8c174c20d7d7aaa5093b35eecad0a16eecfed99bf2a9",
                        "image": "p01.local/catalogue:sha256-f0771c22d75c568ac3a92a3ba2a0c829e0f6bf0b2a0262f5f8a32da1e25c1da4",
                        "imageID": "docker.io/library/import-2026-10-05@sha256:e4e34b59e129b27d96d8d59151e03c190885461d9092eea9f689ecbba3bbabf7",
                        "lastState": {},
                        "name": "copy-public-assets",
                        "ready": true,
                        "resources": {
                            "limits": {
                                "cpu": "1",
                                "memory": "256Mi"
                            },
                            "requests": {
                                "cpu": "25m",
                                "memory": "64Mi"
                            }
                        },
                        "restartCount": 0,
                        "started": false,
                        "state": {
                            "terminated": {
                                "containerID": "containerd://a41a2540308ecdd2ee2a8c174c20d7d7aaa5093b35eecad0a16eecfed99bf2a9",
                                "exitCode": 0,
                                "finishedAt": "2026-10-05T00:26:43Z",
                                "reason": "Completed",
                                "startedAt": "2026-10-05T00:26:43Z"
                            }
                        },
                        "user": {
                            "linux": {
                                "gid": 10001,
                                "supplementalGroups": [
                                    10001
                                ],
                                "uid": 10001
                            }
                        },
                        "volumeMounts": [
                            {
                                "mountPath": "/srv/public",
                                "name": "public"
                            }
                        ]
                    }
                ],
                "observedGeneration": 1,
                "phase": "Running",
                "podIP": "10.244.1.130",
                "podIPs": [
                    {
                        "ip": "10.244.1.130"
                    }
                ],
                "qosClass": "Burstable",
                "resources": {
                    "limits": {
                        "cpu": "1",
                        "memory": "256Mi"
                    },
                    "requests": {
                        "memory": "64Mi"
                    }
                },
                "startTime": "2026-10-05T00:26:42Z"
            }
        },
        {
            "apiVersion": "v1",
            "kind": "Pod",
            "metadata": {
                "creationTimestamp": "2026-10-05T00:26:42Z",
                "generateName": "console-7869f69c6b-",
                "generation": 1,
                "labels": {
                    "app.kubernetes.io/part-of": "p01-foundation",
                    "p01.role": "app",
                    "p01.service": "console",
                    "pod-template-hash": "7869f69c6b"
                },
                "name": "console-7869f69c6b-w28d8",
                "namespace": "p01-c9c202786437-601e9835",
                "ownerReferences": [
                    {
                        "apiVersion": "apps/v1",
                        "blockOwnerDeletion": true,
                        "controller": true,
                        "kind": "ReplicaSet",
                        "name": "console-7869f69c6b",
                        "uid": "fea559af-dab6-44e7-a20b-e4e73897609e"
                    }
                ],
                "resourceVersion": "2275",
                "uid": "ce356df6-af1d-4cad-8f19-a4f9cf395b6b"
            },
            "spec": {
                "automountServiceAccountToken": false,
                "containers": [
                    {
                        "args": [
                            "sh",
                            "-ec",
                            "php artisan config:cache \u0026\u0026 exec php-fpm -F"
                        ],
                        "env": [
                            {
                                "name": "APP_DEBUG",
                                "value": "false"
                            },
                            {
                                "name": "APP_ENV",
                                "value": "production"
                            },
                            {
                                "name": "APP_KEY_FILE",
                                "value": "/run/secrets/app-key"
                            },
                            {
                                "name": "DB_DATABASE",
                                "value": "console"
                            },
                            {
                                "name": "DB_HOST",
                                "value": "postgres"
                            },
                            {
                                "name": "DB_PASSWORD_FILE",
                                "value": "/run/secrets/db-password"
                            },
                            {
                                "name": "DB_PORT",
                                "value": "5432"
                            },
                            {
                                "name": "DB_SSLMODE",
                                "value": "verify-full"
                            },
                            {
                                "name": "DB_SSLROOTCERT",
                                "value": "/run/secrets/ca.crt"
                            },
                            {
                                "name": "DB_USERNAME",
                                "value": "console_runtime"
                            },
                            {
                                "name": "HEALTH_TOKEN_FILE",
                                "value": "/run/secrets/health-token"
                            }
                        ],
                        "image": "p01.local/console:sha256-93bc5073567244b496cf4604cd7e231e157022bcfd9c7844c86456f9f7de19bb",
                        "imagePullPolicy": "Never",
                        "livenessProbe": {
                            "failureThreshold": 3,
                            "periodSeconds": 10,
                            "successThreshold": 1,
                            "tcpSocket": {
                                "port": 9000
                            },
                            "timeoutSeconds": 2
                        },
                        "name": "console",
                        "readinessProbe": {
                            "exec": {
                                "command": [
                                    "php",
                                    "-r",
                                    "try { require '/app/vendor/autoload.php'; $app = require '/app/bootstrap/app.php';\n$app-\u003emake(Illuminate\\Contracts\\Console\\Kernel::class)-\u003ebootstrap();\n$token = trim((string) file_get_contents('/run/secrets/health-token'));\n$status = $app-\u003emake(App\\Application\\Foundation\\Actions\\InspectDependencies::class)-\u003ehandle($token);\nexit($status === App\\Application\\Foundation\\Data\\DependencyStatus::Ready ? 0 : 1);\n} catch (Throwable) { exit(1); }"
                                ]
                            },
                            "failureThreshold": 1,
                            "periodSeconds": 10,
                            "successThreshold": 1,
                            "timeoutSeconds": 8
                        },
                        "resources": {
                            "limits": {
                                "cpu": "1",
                                "memory": "512Mi"
                            },
                            "requests": {
                                "cpu": "25m",
                                "memory": "64Mi"
                            }
                        },
                        "securityContext": {
                            "allowPrivilegeEscalation": false,
                            "capabilities": {
                                "drop": [
                                    "ALL"
                                ]
                            },
                            "readOnlyRootFilesystem": true,
                            "runAsGroup": 10001,
                            "runAsNonRoot": true,
                            "runAsUser": 10001
                        },
                        "startupProbe": {
                            "failureThreshold": 60,
                            "periodSeconds": 2,
                            "successThreshold": 1,
                            "tcpSocket": {
                                "port": 9000
                            },
                            "timeoutSeconds": 1
                        },
                        "terminationMessagePath": "/dev/termination-log",
                        "terminationMessagePolicy": "File",
                        "volumeMounts": [
                            {
                                "mountPath": "/run/secrets",
                                "name": "secrets",
                                "readOnly": true
                            },
                            {
                                "mountPath": "/tmp",
                                "name": "tmp"
                            },
                            {
                                "mountPath": "/app/storage",
                                "name": "storage"
                            },
                            {
                                "mountPath": "/app/bootstrap/cache",
                                "name": "config-cache"
                            }
                        ]
                    }
                ],
                "dnsPolicy": "ClusterFirst",
                "enableServiceLinks": false,
                "nodeName": "p01-c9c202786437-601e9835-worker",
                "preemptionPolicy": "PreemptLowerPriority",
                "priority": 0,
                "restartPolicy": "Always",
                "schedulerName": "default-scheduler",
                "securityContext": {
                    "fsGroup": 10001,
                    "runAsGroup": 10001,
                    "runAsNonRoot": true,
                    "runAsUser": 10001,
                    "seccompProfile": {
                        "type": "RuntimeDefault"
                    }
                },
                "serviceAccount": "console",
                "serviceAccountName": "console",
                "terminationGracePeriodSeconds": 30,
                "tolerations": [
                    {
                        "effect": "NoExecute",
                        "key": "node.kubernetes.io/not-ready",
                        "operator": "Exists",
                        "tolerationSeconds": 300
                    },
                    {
                        "effect": "NoExecute",
                        "key": "node.kubernetes.io/unreachable",
                        "operator": "Exists",
                        "tolerationSeconds": 300
                    }
                ],
                "volumes": [
                    {
                        "name": "secrets",
                        "secret": {
                            "defaultMode": 292,
                            "secretName": "console-runtime"
                        }
                    },
                    {
                        "emptyDir": {
                            "medium": "Memory",
                            "sizeLimit": "32Mi"
                        },
                        "name": "tmp"
                    },
                    {
                        "emptyDir": {
                            "medium": "Memory",
                            "sizeLimit": "32Mi"
                        },
                        "name": "storage"
                    },
                    {
                        "emptyDir": {
                            "medium": "Memory",
                            "sizeLimit": "16Mi"
                        },
                        "name": "config-cache"
                    }
                ]
            },
            "status": {
                "allocatedResources": {
                    "cpu": "25m",
                    "memory": "64Mi"
                },
                "conditions": [
                    {
                        "lastProbeTime": null,
                        "lastTransitionTime": "2026-10-05T00:26:42Z",
                        "observedGeneration": 1,
                        "status": "True",
                        "type": "PodReadyToStartContainers"
                    },
                    {
                        "lastProbeTime": null,
                        "lastTransitionTime": "2026-10-05T00:26:42Z",
                        "observedGeneration": 1,
                        "status": "True",
                        "type": "Initialized"
                    },
                    {
                        "lastProbeTime": null,
                        "lastTransitionTime": "2026-10-05T00:29:19Z",
                        "observedGeneration": 1,
                        "status": "True",
                        "type": "Ready"
                    },
                    {
                        "lastProbeTime": null,
                        "lastTransitionTime": "2026-10-05T00:29:19Z",
                        "observedGeneration": 1,
                        "status": "True",
                        "type": "ContainersReady"
                    },
                    {
                        "lastProbeTime": null,
                        "lastTransitionTime": "2026-10-05T00:26:42Z",
                        "observedGeneration": 1,
                        "status": "True",
                        "type": "PodScheduled"
                    }
                ],
                "containerStatuses": [
                    {
                        "allocatedResources": {
                            "cpu": "25m",
                            "memory": "64Mi"
                        },
                        "containerID": "containerd://dd82f5e5911f3eb116e7dae05dac2a1af65a19708a04884aa0fe7e4c4de37b38",
                        "image": "p01.local/console:sha256-93bc5073567244b496cf4604cd7e231e157022bcfd9c7844c86456f9f7de19bb",
                        "imageID": "docker.io/library/import-2026-10-05@sha256:4b5ff5d6cbbf89c157dbc16c3d0c6dda3a01040294b57f41e2bc38fe89f2b48a",
                        "lastState": {},
                        "name": "console",
                        "ready": true,
                        "resources": {
                            "limits": {
                                "cpu": "1",
                                "memory": "512Mi"
                            },
                            "requests": {
                                "cpu": "25m",
                                "memory": "64Mi"
                            }
                        },
                        "restartCount": 0,
                        "started": true,
                        "state": {
                            "running": {
                                "startedAt": "2026-10-05T00:26:43Z"
                            }
                        },
                        "user": {
                            "linux": {
                                "gid": 10001,
                                "supplementalGroups": [
                                    10001
                                ],
                                "uid": 10001
                            }
                        },
                        "volumeMounts": [
                            {
                                "mountPath": "/run/secrets",
                                "name": "secrets",
                                "readOnly": true,
                                "recursiveReadOnly": "Disabled"
                            },
                            {
                                "mountPath": "/tmp",
                                "name": "tmp"
                            },
                            {
                                "mountPath": "/app/storage",
                                "name": "storage"
                            },
                            {
                                "mountPath": "/app/bootstrap/cache",
                                "name": "config-cache"
                            }
                        ]
                    }
                ],
                "hostIP": "172.18.0.2",
                "hostIPs": [
                    {
                        "ip": "172.18.0.2"
                    }
                ],
                "observedGeneration": 1,
                "phase": "Running",
                "podIP": "10.244.1.98",
                "podIPs": [
                    {
                        "ip": "10.244.1.98"
                    }
                ],
                "qosClass": "Burstable",
                "resources": {
                    "limits": {
                        "cpu": "1",
                        "memory": "512Mi"
                    },
                    "requests": {
                        "memory": "64Mi"
                    }
                },
                "startTime": "2026-10-05T00:26:42Z"
            }
        },
        {
            "apiVersion": "v1",
            "kind": "Pod",
            "metadata": {
                "creationTimestamp": "2026-10-05T00:26:55Z",
                "generateName": "console-migrator-",
                "generation": 1,
                "labels": {
                    "app.kubernetes.io/part-of": "p01-foundation",
                    "batch.kubernetes.io/controller-uid": "1372d18e-d681-4140-9dad-041d1e6990df",
                    "batch.kubernetes.io/job-name": "console-migrator",
                    "controller-uid": "1372d18e-d681-4140-9dad-041d1e6990df",
                    "job-name": "console-migrator",
                    "p01.role": "migrator",
                    "p01.service": "console"
                },
                "name": "console-migrator-w97nz",
                "namespace": "p01-c9c202786437-601e9835",
                "ownerReferences": [
                    {
                        "apiVersion": "batch/v1",
                        "blockOwnerDeletion": true,
                        "controller": true,
                        "kind": "Job",
                        "name": "console-migrator",
                        "uid": "1372d18e-d681-4140-9dad-041d1e6990df"
                    }
                ],
                "resourceVersion": "1668",
                "uid": "55054a1f-47c6-4a4a-b219-2bd5c009868d"
            },
            "spec": {
                "automountServiceAccountToken": false,
                "containers": [
                    {
                        "command": [
                            "/bin/sh",
                            "-ec",
                            "export PGPASSWORD=\"$(cat /run/secrets/db-password)\"; exec psql -X --quiet --set=ON_ERROR_STOP=1 --set=owner=console_owner --set=runtime=console_runtime \"host=postgres port=5432 dbname=console user=console_migrator sslmode=verify-full sslrootcert=/run/secrets/ca.crt connect_timeout=3\" --file=/opt/foundation/migrate.sql"
                        ],
                        "image": "p01.local/postgres:manifest-sha256-9e73daeb439141c2b11eea2463f5f1a3b269fd90d897b41cddb7cb440f21aa5d",
                        "imagePullPolicy": "Never",
                        "name": "migrate",
                        "resources": {
                            "limits": {
                                "cpu": "1",
                                "memory": "256Mi"
                            },
                            "requests": {
                                "cpu": "25m",
                                "memory": "64Mi"
                            }
                        },
                        "securityContext": {
                            "allowPrivilegeEscalation": false,
                            "capabilities": {
                                "drop": [
                                    "ALL"
                                ]
                            },
                            "readOnlyRootFilesystem": true,
                            "runAsGroup": 10001,
                            "runAsNonRoot": true,
                            "runAsUser": 10001
                        },
                        "terminationMessagePath": "/dev/termination-log",
                        "terminationMessagePolicy": "File",
                        "volumeMounts": [
                            {
                                "mountPath": "/run/secrets",
                                "name": "secrets",
                                "readOnly": true
                            },
                            {
                                "mountPath": "/opt/foundation/migrate.sql",
                                "name": "migration",
                                "readOnly": true,
                                "subPath": "migrate.sql"
                            }
                        ]
                    }
                ],
                "dnsPolicy": "ClusterFirst",
                "enableServiceLinks": false,
                "nodeName": "p01-c9c202786437-601e9835-worker",
                "preemptionPolicy": "PreemptLowerPriority",
                "priority": 0,
                "restartPolicy": "Never",
                "schedulerName": "default-scheduler",
                "securityContext": {
                    "fsGroup": 10001,
                    "runAsGroup": 10001,
                    "runAsNonRoot": true,
                    "runAsUser": 10001,
                    "seccompProfile": {
                        "type": "RuntimeDefault"
                    }
                },
                "serviceAccount": "console-migrator",
                "serviceAccountName": "console-migrator",
                "terminationGracePeriodSeconds": 30,
                "tolerations": [
                    {
                        "effect": "NoExecute",
                        "key": "node.kubernetes.io/not-ready",
                        "operator": "Exists",
                        "tolerationSeconds": 300
                    },
                    {
                        "effect": "NoExecute",
                        "key": "node.kubernetes.io/unreachable",
                        "operator": "Exists",
                        "tolerationSeconds": 300
                    }
                ],
                "volumes": [
                    {
                        "name": "secrets",
                        "secret": {
                            "defaultMode": 292,
                            "secretName": "console-migration"
                        }
                    },
                    {
                        "configMap": {
                            "defaultMode": 420,
                            "name": "postgres-scripts"
                        },
                        "name": "migration"
                    }
                ]
            },
            "status": {
                "allocatedResources": {
                    "cpu": "25m",
                    "memory": "64Mi"
                },
                "conditions": [
                    {
                        "lastProbeTime": null,
                        "lastTransitionTime": "2026-10-05T00:26:58Z",
                        "observedGeneration": 1,
                        "status": "False",
                        "type": "PodReadyToStartContainers"
                    },
                    {
                        "lastProbeTime": null,
                        "lastTransitionTime": "2026-10-05T00:26:55Z",
                        "observedGeneration": 1,
                        "reason": "PodCompleted",
                        "status": "True",
                        "type": "Initialized"
                    },
                    {
                        "lastProbeTime": null,
                        "lastTransitionTime": "2026-10-05T00:26:56Z",
                        "observedGeneration": 1,
                        "reason": "PodCompleted",
                        "status": "False",
                        "type": "Ready"
                    },
                    {
                        "lastProbeTime": null,
                        "lastTransitionTime": "2026-10-05T00:26:56Z",
                        "observedGeneration": 1,
                        "reason": "PodCompleted",
                        "status": "False",
                        "type": "ContainersReady"
                    },
                    {
                        "lastProbeTime": null,
                        "lastTransitionTime": "2026-10-05T00:26:55Z",
                        "observedGeneration": 1,
                        "status": "True",
                        "type": "PodScheduled"
                    }
                ],
                "containerStatuses": [
                    {
                        "allocatedResources": {
                            "cpu": "25m",
                            "memory": "64Mi"
                        },
                        "containerID": "containerd://69ef5358ca984553947c416f19b21e4a9c502446aa47eae7eca15b25d13f7530",
                        "image": "p01.local/postgres:manifest-sha256-9e73daeb439141c2b11eea2463f5f1a3b269fd90d897b41cddb7cb440f21aa5d",
                        "imageID": "docker.io/library/import-2026-10-05@sha256:a73366f9c26d0167be14b0a23ba05e7d044534d10215b1017fe8b34946867e8c",
                        "lastState": {},
                        "name": "migrate",
                        "ready": false,
                        "resources": {
                            "limits": {
                                "cpu": "1",
                                "memory": "256Mi"
                            },
                            "requests": {
                                "cpu": "25m",
                                "memory": "64Mi"
                            }
                        },
                        "restartCount": 0,
                        "started": false,
                        "state": {
                            "terminated": {
                                "containerID": "containerd://69ef5358ca984553947c416f19b21e4a9c502446aa47eae7eca15b25d13f7530",
                                "exitCode": 0,
                                "finishedAt": "2026-10-05T00:26:56Z",
                                "reason": "Completed",
                                "startedAt": "2026-10-05T00:26:56Z"
                            }
                        },
                        "user": {
                            "linux": {
                                "gid": 10001,
                                "supplementalGroups": [
                                    10001
                                ],
                                "uid": 10001
                            }
                        },
                        "volumeMounts": [
                            {
                                "mountPath": "/run/secrets",
                                "name": "secrets",
                                "readOnly": true,
                                "recursiveReadOnly": "Disabled"
                            },
                            {
                                "mountPath": "/opt/foundation/migrate.sql",
                                "name": "migration",
                                "readOnly": true,
                                "recursiveReadOnly": "Disabled"
                            }
                        ]
                    }
                ],
                "hostIP": "172.18.0.2",
                "hostIPs": [
                    {
                        "ip": "172.18.0.2"
                    }
                ],
                "observedGeneration": 1,
                "phase": "Succeeded",
                "podIP": "10.244.1.82",
                "podIPs": [
                    {
                        "ip": "10.244.1.82"
                    }
                ],
                "qosClass": "Burstable",
                "resources": {
                    "limits": {
                        "cpu": "1",
                        "memory": "256Mi"
                    },
                    "requests": {
                        "memory": "64Mi"
                    }
                },
                "startTime": "2026-10-05T00:26:55Z"
            }
        },
        {
            "apiVersion": "v1",
            "kind": "Pod",
            "metadata": {
                "creationTimestamp": "2026-10-05T00:27:02Z",
                "generateName": "console-probe-95b7946f-",
                "generation": 1,
                "labels": {
                    "app.kubernetes.io/part-of": "p01-foundation",
                    "p01.role": "probe",
                    "p01.service": "console",
                    "pod-template-hash": "95b7946f"
                },
                "name": "console-probe-95b7946f-4phgv",
                "namespace": "p01-c9c202786437-601e9835",
                "ownerReferences": [
                    {
                        "apiVersion": "apps/v1",
                        "blockOwnerDeletion": true,
                        "controller": true,
                        "kind": "ReplicaSet",
                        "name": "console-probe-95b7946f",
                        "uid": "ded2b12e-601d-4e66-bc74-a6986a228dcc"
                    }
                ],
                "resourceVersion": "2047",
                "uid": "e8181201-e9db-445f-887e-273481313cb0"
            },
            "spec": {
                "automountServiceAccountToken": false,
                "containers": [
                    {
                        "command": [
                            "/opt/venv/bin/python",
                            "-I",
                            "-c",
                            "import time; time.sleep(2400)"
                        ],
                        "image": "p01.local/planning:sha256-52274917612cd7b22ea729c339292a2602bf2445241efaa2c90079a8f2527f7e",
                        "imagePullPolicy": "Never",
                        "name": "probe",
                        "resources": {
                            "limits": {
                                "cpu": "250m",
                                "memory": "128Mi"
                            },
                            "requests": {
                                "cpu": "10m",
                                "memory": "32Mi"
                            }
                        },
                        "securityContext": {
                            "allowPrivilegeEscalation": false,
                            "capabilities": {
                                "drop": [
                                    "ALL"
                                ]
                            },
                            "readOnlyRootFilesystem": true
                        },
                        "terminationMessagePath": "/dev/termination-log",
                        "terminationMessagePolicy": "File",
                        "volumeMounts": [
                            {
                                "mountPath": "/run/secrets",
                                "name": "health",
                                "readOnly": true
                            }
                        ]
                    }
                ],
                "dnsPolicy": "ClusterFirst",
                "enableServiceLinks": false,
                "nodeName": "p01-c9c202786437-601e9835-worker",
                "preemptionPolicy": "PreemptLowerPriority",
                "priority": 0,
                "restartPolicy": "Always",
                "schedulerName": "default-scheduler",
                "securityContext": {
                    "runAsGroup": 10001,
                    "runAsNonRoot": true,
                    "runAsUser": 10001,
                    "seccompProfile": {
                        "type": "RuntimeDefault"
                    }
                },
                "serviceAccount": "console-probe",
                "serviceAccountName": "console-probe",
                "terminationGracePeriodSeconds": 30,
                "tolerations": [
                    {
                        "effect": "NoExecute",
                        "key": "node.kubernetes.io/not-ready",
                        "operator": "Exists",
                        "tolerationSeconds": 300
                    },
                    {
                        "effect": "NoExecute",
                        "key": "node.kubernetes.io/unreachable",
                        "operator": "Exists",
                        "tolerationSeconds": 300
                    }
                ],
                "volumes": [
                    {
                        "name": "health",
                        "secret": {
                            "defaultMode": 292,
                            "items": [
                                {
                                    "key": "ca.crt",
                                    "path": "ca.crt"
                                },
                                {
                                    "key": "health-token",
                                    "path": "health-token"
                                }
                            ],
                            "secretName": "console-runtime"
                        }
                    }
                ]
            },
            "status": {
                "allocatedResources": {
                    "cpu": "10m",
                    "memory": "32Mi"
                },
                "conditions": [
                    {
                        "lastProbeTime": null,
                        "lastTransitionTime": "2026-10-05T00:27:03Z",
                        "observedGeneration": 1,
                        "status": "True",
                        "type": "PodReadyToStartContainers"
                    },
                    {
                        "lastProbeTime": null,
                        "lastTransitionTime": "2026-10-05T00:27:02Z",
                        "observedGeneration": 1,
                        "status": "True",
                        "type": "Initialized"
                    },
                    {
                        "lastProbeTime": null,
                        "lastTransitionTime": "2026-10-05T00:27:03Z",
                        "observedGeneration": 1,
                        "status": "True",
                        "type": "Ready"
                    },
                    {
                        "lastProbeTime": null,
                        "lastTransitionTime": "2026-10-05T00:27:03Z",
                        "observedGeneration": 1,
                        "status": "True",
                        "type": "ContainersReady"
                    },
                    {
                        "lastProbeTime": null,
                        "lastTransitionTime": "2026-10-05T00:27:02Z",
                        "observedGeneration": 1,
                        "status": "True",
                        "type": "PodScheduled"
                    }
                ],
                "containerStatuses": [
                    {
                        "allocatedResources": {
                            "cpu": "10m",
                            "memory": "32Mi"
                        },
                        "containerID": "containerd://5bd3c76c498ae1f7ec93c7775f422fd184c70e6291f71412e6dcfa653d6e6233",
                        "image": "p01.local/planning:sha256-52274917612cd7b22ea729c339292a2602bf2445241efaa2c90079a8f2527f7e",
                        "imageID": "docker.io/library/import-2026-10-05@sha256:ed595de7122dc595d5feec7f1cc1a0c578e89d55f02ff5b232126bc583bf5d1d",
                        "lastState": {},
                        "name": "probe",
                        "ready": true,
                        "resources": {
                            "limits": {
                                "cpu": "250m",
                                "memory": "128Mi"
                            },
                            "requests": {
                                "cpu": "10m",
                                "memory": "32Mi"
                            }
                        },
                        "restartCount": 0,
                        "started": true,
                        "state": {
                            "running": {
                                "startedAt": "2026-10-05T00:27:03Z"
                            }
                        },
                        "user": {
                            "linux": {
                                "gid": 10001,
                                "supplementalGroups": [
                                    10001
                                ],
                                "uid": 10001
                            }
                        },
                        "volumeMounts": [
                            {
                                "mountPath": "/run/secrets",
                                "name": "health",
                                "readOnly": true,
                                "recursiveReadOnly": "Disabled"
                            }
                        ]
                    }
                ],
                "hostIP": "172.18.0.2",
                "hostIPs": [
                    {
                        "ip": "172.18.0.2"
                    }
                ],
                "observedGeneration": 1,
                "phase": "Running",
                "podIP": "10.244.1.231",
                "podIPs": [
                    {
                        "ip": "10.244.1.231"
                    }
                ],
                "qosClass": "Burstable",
                "resources": {
                    "limits": {
                        "cpu": "250m",
                        "memory": "128Mi"
                    },
                    "requests": {
                        "memory": "32Mi"
                    }
                },
                "startTime": "2026-10-05T00:27:02Z"
            }
        },
        {
            "apiVersion": "v1",
            "kind": "Pod",
            "metadata": {
                "creationTimestamp": "2026-10-05T00:26:42Z",
                "generateName": "console-proxy-665787dbb7-",
                "generation": 1,
                "labels": {
                    "app.kubernetes.io/part-of": "p01-foundation",
                    "p01.role": "proxy",
                    "p01.service": "console",
                    "pod-template-hash": "665787dbb7"
                },
                "name": "console-proxy-665787dbb7-4nxdf",
                "namespace": "p01-c9c202786437-601e9835",
                "ownerReferences": [
                    {
                        "apiVersion": "apps/v1",
                        "blockOwnerDeletion": true,
                        "controller": true,
                        "kind": "ReplicaSet",
                        "name": "console-proxy-665787dbb7",
                        "uid": "24b50ded-180c-4fc8-a1a1-abf208b1fc6b"
                    }
                ],
                "resourceVersion": "2000",
                "uid": "42483df6-ea30-46a5-9868-4ef8751accdf"
            },
            "spec": {
                "automountServiceAccountToken": false,
                "containers": [
                    {
                        "args": [
                            "-g",
                            "daemon off;"
                        ],
                        "command": [
                            "/usr/sbin/nginx"
                        ],
                        "image": "p01.local/nginx:manifest-sha256-3d2f995522ddb52c3a4eb8008b8fa26f184f7146851df1da831f88885ac40aae",
                        "imagePullPolicy": "Never",
                        "livenessProbe": {
                            "failureThreshold": 3,
                            "periodSeconds": 10,
                            "successThreshold": 1,
                            "tcpSocket": {
                                "port": 8443
                            },
                            "timeoutSeconds": 2
                        },
                        "name": "console-proxy",
                        "readinessProbe": {
                            "failureThreshold": 3,
                            "periodSeconds": 5,
                            "successThreshold": 1,
                            "tcpSocket": {
                                "port": 8443
                            },
                            "timeoutSeconds": 2
                        },
                        "resources": {
                            "limits": {
                                "cpu": "1",
                                "memory": "128Mi"
                            },
                            "requests": {
                                "cpu": "25m",
                                "memory": "64Mi"
                            }
                        },
                        "securityContext": {
                            "allowPrivilegeEscalation": false,
                            "capabilities": {
                                "drop": [
                                    "ALL"
                                ]
                            },
                            "readOnlyRootFilesystem": true,
                            "runAsGroup": 10001,
                            "runAsNonRoot": true,
                            "runAsUser": 10001
                        },
                        "terminationMessagePath": "/dev/termination-log",
                        "terminationMessagePolicy": "File",
                        "volumeMounts": [
                            {
                                "mountPath": "/run/secrets",
                                "name": "secrets",
                                "readOnly": true
                            },
                            {
                                "mountPath": "/tmp",
                                "name": "tmp"
                            },
                            {
                                "mountPath": "/etc/nginx/nginx.conf",
                                "name": "config",
                                "readOnly": true,
                                "subPath": "nginx.conf"
                            },
                            {
                                "mountPath": "/srv/public",
                                "name": "public",
                                "readOnly": true
                            }
                        ]
                    }
                ],
                "dnsPolicy": "ClusterFirst",
                "enableServiceLinks": false,
                "initContainers": [
                    {
                        "command": [
                            "/bin/sh",
                            "-ec",
                            "cp -R /app/public/. /srv/public/"
                        ],
                        "image": "p01.local/console:sha256-93bc5073567244b496cf4604cd7e231e157022bcfd9c7844c86456f9f7de19bb",
                        "imagePullPolicy": "Never",
                        "name": "copy-public-assets",
                        "resources": {
                            "limits": {
                                "cpu": "1",
                                "memory": "256Mi"
                            },
                            "requests": {
                                "cpu": "25m",
                                "memory": "64Mi"
                            }
                        },
                        "securityContext": {
                            "allowPrivilegeEscalation": false,
                            "capabilities": {
                                "drop": [
                                    "ALL"
                                ]
                            },
                            "readOnlyRootFilesystem": true,
                            "runAsGroup": 10001,
                            "runAsNonRoot": true,
                            "runAsUser": 10001
                        },
                        "terminationMessagePath": "/dev/termination-log",
                        "terminationMessagePolicy": "File",
                        "volumeMounts": [
                            {
                                "mountPath": "/srv/public",
                                "name": "public"
                            }
                        ]
                    }
                ],
                "nodeName": "p01-c9c202786437-601e9835-worker",
                "preemptionPolicy": "PreemptLowerPriority",
                "priority": 0,
                "restartPolicy": "Always",
                "schedulerName": "default-scheduler",
                "securityContext": {
                    "fsGroup": 10001,
                    "runAsGroup": 10001,
                    "runAsNonRoot": true,
                    "runAsUser": 10001,
                    "seccompProfile": {
                        "type": "RuntimeDefault"
                    }
                },
                "serviceAccount": "console-proxy",
                "serviceAccountName": "console-proxy",
                "terminationGracePeriodSeconds": 30,
                "tolerations": [
                    {
                        "effect": "NoExecute",
                        "key": "node.kubernetes.io/not-ready",
                        "operator": "Exists",
                        "tolerationSeconds": 300
                    },
                    {
                        "effect": "NoExecute",
                        "key": "node.kubernetes.io/unreachable",
                        "operator": "Exists",
                        "tolerationSeconds": 300
                    }
                ],
                "volumes": [
                    {
                        "name": "secrets",
                        "secret": {
                            "defaultMode": 292,
                            "secretName": "console-tls"
                        }
                    },
                    {
                        "emptyDir": {
                            "medium": "Memory",
                            "sizeLimit": "32Mi"
                        },
                        "name": "tmp"
                    },
                    {
                        "configMap": {
                            "defaultMode": 420,
                            "name": "console-proxy"
                        },
                        "name": "config"
                    },
                    {
                        "emptyDir": {
                            "sizeLimit": "64Mi"
                        },
                        "name": "public"
                    }
                ]
            },
            "status": {
                "allocatedResources": {
                    "cpu": "25m",
                    "memory": "64Mi"
                },
                "conditions": [
                    {
                        "lastProbeTime": null,
                        "lastTransitionTime": "2026-10-05T00:26:43Z",
                        "observedGeneration": 1,
                        "status": "True",
                        "type": "PodReadyToStartContainers"
                    },
                    {
                        "lastProbeTime": null,
                        "lastTransitionTime": "2026-10-05T00:26:47Z",
                        "observedGeneration": 1,
                        "status": "True",
                        "type": "Initialized"
                    },
                    {
                        "lastProbeTime": null,
                        "lastTransitionTime": "2026-10-05T00:26:48Z",
                        "observedGeneration": 1,
                        "status": "True",
                        "type": "Ready"
                    },
                    {
                        "lastProbeTime": null,
                        "lastTransitionTime": "2026-10-05T00:26:48Z",
                        "observedGeneration": 1,
                        "status": "True",
                        "type": "ContainersReady"
                    },
                    {
                        "lastProbeTime": null,
                        "lastTransitionTime": "2026-10-05T00:26:42Z",
                        "observedGeneration": 1,
                        "status": "True",
                        "type": "PodScheduled"
                    }
                ],
                "containerStatuses": [
                    {
                        "allocatedResources": {
                            "cpu": "25m",
                            "memory": "64Mi"
                        },
                        "containerID": "containerd://cd1616b1ab01405edf67bccb77cffd53025c23d936a29f6351a02a220bd987f1",
                        "image": "p01.local/nginx:manifest-sha256-3d2f995522ddb52c3a4eb8008b8fa26f184f7146851df1da831f88885ac40aae",
                        "imageID": "docker.io/library/import-2026-10-05@sha256:5c7e4ac215c73965ec024805e7feb2f942e4570d89003814734678eb756ea3de",
                        "lastState": {},
                        "name": "console-proxy",
                        "ready": true,
                        "resources": {
                            "limits": {
                                "cpu": "1",
                                "memory": "128Mi"
                            },
                            "requests": {
                                "cpu": "25m",
                                "memory": "64Mi"
                            }
                        },
                        "restartCount": 0,
                        "started": true,
                        "state": {
                            "running": {
                                "startedAt": "2026-10-05T00:26:48Z"
                            }
                        },
                        "user": {
                            "linux": {
                                "gid": 10001,
                                "supplementalGroups": [
                                    10001
                                ],
                                "uid": 10001
                            }
                        },
                        "volumeMounts": [
                            {
                                "mountPath": "/run/secrets",
                                "name": "secrets",
                                "readOnly": true,
                                "recursiveReadOnly": "Disabled"
                            },
                            {
                                "mountPath": "/tmp",
                                "name": "tmp"
                            },
                            {
                                "mountPath": "/etc/nginx/nginx.conf",
                                "name": "config",
                                "readOnly": true,
                                "recursiveReadOnly": "Disabled"
                            },
                            {
                                "mountPath": "/srv/public",
                                "name": "public",
                                "readOnly": true,
                                "recursiveReadOnly": "Disabled"
                            }
                        ]
                    }
                ],
                "hostIP": "172.18.0.2",
                "hostIPs": [
                    {
                        "ip": "172.18.0.2"
                    }
                ],
                "initContainerStatuses": [
                    {
                        "allocatedResources": {
                            "cpu": "25m",
                            "memory": "64Mi"
                        },
                        "containerID": "containerd://01b23d9bb2d402bc5594abe02b0710915d0ee85a6650246493dacaf323a70609",
                        "image": "p01.local/console:sha256-93bc5073567244b496cf4604cd7e231e157022bcfd9c7844c86456f9f7de19bb",
                        "imageID": "docker.io/library/import-2026-10-05@sha256:4b5ff5d6cbbf89c157dbc16c3d0c6dda3a01040294b57f41e2bc38fe89f2b48a",
                        "lastState": {},
                        "name": "copy-public-assets",
                        "ready": true,
                        "resources": {
                            "limits": {
                                "cpu": "1",
                                "memory": "256Mi"
                            },
                            "requests": {
                                "cpu": "25m",
                                "memory": "64Mi"
                            }
                        },
                        "restartCount": 0,
                        "started": false,
                        "state": {
                            "terminated": {
                                "containerID": "containerd://01b23d9bb2d402bc5594abe02b0710915d0ee85a6650246493dacaf323a70609",
                                "exitCode": 0,
                                "finishedAt": "2026-10-05T00:26:43Z",
                                "reason": "Completed",
                                "startedAt": "2026-10-05T00:26:43Z"
                            }
                        },
                        "user": {
                            "linux": {
                                "gid": 10001,
                                "supplementalGroups": [
                                    10001
                                ],
                                "uid": 10001
                            }
                        },
                        "volumeMounts": [
                            {
                                "mountPath": "/srv/public",
                                "name": "public"
                            }
                        ]
                    }
                ],
                "observedGeneration": 1,
                "phase": "Running",
                "podIP": "10.244.1.210",
                "podIPs": [
                    {
                        "ip": "10.244.1.210"
                    }
                ],
                "qosClass": "Burstable",
                "resources": {
                    "limits": {
                        "cpu": "1",
                        "memory": "256Mi"
                    },
                    "requests": {
                        "memory": "64Mi"
                    }
                },
                "startTime": "2026-10-05T00:26:42Z"
            }
        },
        {
            "apiVersion": "v1",
            "kind": "Pod",
            "metadata": {
                "creationTimestamp": "2026-10-05T00:26:42Z",
                "generateName": "governance-5875dc9cc9-",
                "generation": 1,
                "labels": {
                    "app.kubernetes.io/part-of": "p01-foundation",
                    "p01.role": "app",
                    "p01.service": "governance",
                    "pod-template-hash": "5875dc9cc9"
                },
                "name": "governance-5875dc9cc9-6hthp",
                "namespace": "p01-c9c202786437-601e9835",
                "ownerReferences": [
                    {
                        "apiVersion": "apps/v1",
                        "blockOwnerDeletion": true,
                        "controller": true,
                        "kind": "ReplicaSet",
                        "name": "governance-5875dc9cc9",
                        "uid": "d4cbb47c-27a3-45b8-a082-fbdb6fe63018"
                    }
                ],
                "resourceVersion": "2280",
                "uid": "f8580130-a73b-48c0-99e5-e459bcb68b72"
            },
            "spec": {
                "automountServiceAccountToken": false,
                "containers": [
                    {
                        "args": [
                            "sh",
                            "-ec",
                            "php artisan config:cache \u0026\u0026 exec php-fpm -F"
                        ],
                        "env": [
                            {
                                "name": "APP_DEBUG",
                                "value": "false"
                            },
                            {
                                "name": "APP_ENV",
                                "value": "production"
                            },
                            {
                                "name": "APP_KEY_FILE",
                                "value": "/run/secrets/app-key"
                            },
                            {
                                "name": "DB_DATABASE",
                                "value": "governance"
                            },
                            {
                                "name": "DB_HOST",
                                "value": "postgres"
                            },
                            {
                                "name": "DB_PASSWORD_FILE",
                                "value": "/run/secrets/db-password"
                            },
                            {
                                "name": "DB_PORT",
                                "value": "5432"
                            },
                            {
                                "name": "DB_SSLMODE",
                                "value": "verify-full"
                            },
                            {
                                "name": "DB_SSLROOTCERT",
                                "value": "/run/secrets/ca.crt"
                            },
                            {
                                "name": "DB_USERNAME",
                                "value": "governance_runtime"
                            },
                            {
                                "name": "HEALTH_TOKEN_FILE",
                                "value": "/run/secrets/health-token"
                            }
                        ],
                        "image": "p01.local/governance:sha256-c7c60039d43bcedd2536f8d29964ebd4316362f279095bcc851379712a621f0d",
                        "imagePullPolicy": "Never",
                        "livenessProbe": {
                            "failureThreshold": 3,
                            "periodSeconds": 10,
                            "successThreshold": 1,
                            "tcpSocket": {
                                "port": 9000
                            },
                            "timeoutSeconds": 2
                        },
                        "name": "governance",
                        "readinessProbe": {
                            "exec": {
                                "command": [
                                    "php",
                                    "-r",
                                    "try { require '/app/vendor/autoload.php'; $app = require '/app/bootstrap/app.php';\n$app-\u003emake(Illuminate\\Contracts\\Console\\Kernel::class)-\u003ebootstrap();\n$token = trim((string) file_get_contents('/run/secrets/health-token'));\n$status = $app-\u003emake(App\\Application\\Foundation\\Actions\\InspectDependencies::class)-\u003ehandle($token);\nexit($status === App\\Application\\Foundation\\Data\\DependencyStatus::Ready ? 0 : 1);\n} catch (Throwable) { exit(1); }"
                                ]
                            },
                            "failureThreshold": 1,
                            "periodSeconds": 10,
                            "successThreshold": 1,
                            "timeoutSeconds": 8
                        },
                        "resources": {
                            "limits": {
                                "cpu": "1",
                                "memory": "512Mi"
                            },
                            "requests": {
                                "cpu": "25m",
                                "memory": "64Mi"
                            }
                        },
                        "securityContext": {
                            "allowPrivilegeEscalation": false,
                            "capabilities": {
                                "drop": [
                                    "ALL"
                                ]
                            },
                            "readOnlyRootFilesystem": true,
                            "runAsGroup": 10001,
                            "runAsNonRoot": true,
                            "runAsUser": 10001
                        },
                        "startupProbe": {
                            "failureThreshold": 60,
                            "periodSeconds": 2,
                            "successThreshold": 1,
                            "tcpSocket": {
                                "port": 9000
                            },
                            "timeoutSeconds": 1
                        },
                        "terminationMessagePath": "/dev/termination-log",
                        "terminationMessagePolicy": "File",
                        "volumeMounts": [
                            {
                                "mountPath": "/run/secrets",
                                "name": "secrets",
                                "readOnly": true
                            },
                            {
                                "mountPath": "/tmp",
                                "name": "tmp"
                            },
                            {
                                "mountPath": "/app/storage",
                                "name": "storage"
                            },
                            {
                                "mountPath": "/app/bootstrap/cache",
                                "name": "config-cache"
                            }
                        ]
                    }
                ],
                "dnsPolicy": "ClusterFirst",
                "enableServiceLinks": false,
                "nodeName": "p01-c9c202786437-601e9835-worker",
                "preemptionPolicy": "PreemptLowerPriority",
                "priority": 0,
                "restartPolicy": "Always",
                "schedulerName": "default-scheduler",
                "securityContext": {
                    "fsGroup": 10001,
                    "runAsGroup": 10001,
                    "runAsNonRoot": true,
                    "runAsUser": 10001,
                    "seccompProfile": {
                        "type": "RuntimeDefault"
                    }
                },
                "serviceAccount": "governance",
                "serviceAccountName": "governance",
                "terminationGracePeriodSeconds": 30,
                "tolerations": [
                    {
                        "effect": "NoExecute",
                        "key": "node.kubernetes.io/not-ready",
                        "operator": "Exists",
                        "tolerationSeconds": 300
                    },
                    {
                        "effect": "NoExecute",
                        "key": "node.kubernetes.io/unreachable",
                        "operator": "Exists",
                        "tolerationSeconds": 300
                    }
                ],
                "volumes": [
                    {
                        "name": "secrets",
                        "secret": {
                            "defaultMode": 292,
                            "secretName": "governance-runtime"
                        }
                    },
                    {
                        "emptyDir": {
                            "medium": "Memory",
                            "sizeLimit": "32Mi"
                        },
                        "name": "tmp"
                    },
                    {
                        "emptyDir": {
                            "medium": "Memory",
                            "sizeLimit": "32Mi"
                        },
                        "name": "storage"
                    },
                    {
                        "emptyDir": {
                            "medium": "Memory",
                            "sizeLimit": "16Mi"
                        },
                        "name": "config-cache"
                    }
                ]
            },
            "status": {
                "allocatedResources": {
                    "cpu": "25m",
                    "memory": "64Mi"
                },
                "conditions": [
                    {
                        "lastProbeTime": null,
                        "lastTransitionTime": "2026-10-05T00:26:43Z",
                        "observedGeneration": 1,
                        "status": "True",
                        "type": "PodReadyToStartContainers"
                    },
                    {
                        "lastProbeTime": null,
                        "lastTransitionTime": "2026-10-05T00:26:42Z",
                        "observedGeneration": 1,
                        "status": "True",
                        "type": "Initialized"
                    },
                    {
                        "lastProbeTime": null,
                        "lastTransitionTime": "2026-10-05T00:29:19Z",
                        "observedGeneration": 1,
                        "status": "True",
                        "type": "Ready"
                    },
                    {
                        "lastProbeTime": null,
                        "lastTransitionTime": "2026-10-05T00:29:19Z",
                        "observedGeneration": 1,
                        "status": "True",
                        "type": "ContainersReady"
                    },
                    {
                        "lastProbeTime": null,
                        "lastTransitionTime": "2026-10-05T00:26:42Z",
                        "observedGeneration": 1,
                        "status": "True",
                        "type": "PodScheduled"
                    }
                ],
                "containerStatuses": [
                    {
                        "allocatedResources": {
                            "cpu": "25m",
                            "memory": "64Mi"
                        },
                        "containerID": "containerd://ed78e6016760ee12b7025db0efbaf355b573f7dec689c90e26aa7408ad5ae196",
                        "image": "p01.local/governance:sha256-c7c60039d43bcedd2536f8d29964ebd4316362f279095bcc851379712a621f0d",
                        "imageID": "docker.io/library/import-2026-10-05@sha256:262bd4e155e323d1952603bd949f3887438171d81b9f0631eb0d600f43c16373",
                        "lastState": {},
                        "name": "governance",
                        "ready": true,
                        "resources": {
                            "limits": {
                                "cpu": "1",
                                "memory": "512Mi"
                            },
                            "requests": {
                                "cpu": "25m",
                                "memory": "64Mi"
                            }
                        },
                        "restartCount": 0,
                        "started": true,
                        "state": {
                            "running": {
                                "startedAt": "2026-10-05T00:26:43Z"
                            }
                        },
                        "user": {
                            "linux": {
                                "gid": 10001,
                                "supplementalGroups": [
                                    10001
                                ],
                                "uid": 10001
                            }
                        },
                        "volumeMounts": [
                            {
                                "mountPath": "/run/secrets",
                                "name": "secrets",
                                "readOnly": true,
                                "recursiveReadOnly": "Disabled"
                            },
                            {
                                "mountPath": "/tmp",
                                "name": "tmp"
                            },
                            {
                                "mountPath": "/app/storage",
                                "name": "storage"
                            },
                            {
                                "mountPath": "/app/bootstrap/cache",
                                "name": "config-cache"
                            }
                        ]
                    }
                ],
                "hostIP": "172.18.0.2",
                "hostIPs": [
                    {
                        "ip": "172.18.0.2"
                    }
                ],
                "observedGeneration": 1,
                "phase": "Running",
                "podIP": "10.244.1.246",
                "podIPs": [
                    {
                        "ip": "10.244.1.246"
                    }
                ],
                "qosClass": "Burstable",
                "resources": {
                    "limits": {
                        "cpu": "1",
                        "memory": "512Mi"
                    },
                    "requests": {
                        "memory": "64Mi"
                    }
                },
                "startTime": "2026-10-05T00:26:42Z"
            }
        },
        {
            "apiVersion": "v1",
            "kind": "Pod",
            "metadata": {
                "creationTimestamp": "2026-10-05T00:26:55Z",
                "generateName": "governance-migrator-",
                "generation": 1,
                "labels": {
                    "app.kubernetes.io/part-of": "p01-foundation",
                    "batch.kubernetes.io/controller-uid": "49d236e2-275e-45d6-8bdd-cf63af5cf5e9",
                    "batch.kubernetes.io/job-name": "governance-migrator",
                    "controller-uid": "49d236e2-275e-45d6-8bdd-cf63af5cf5e9",
                    "job-name": "governance-migrator",
                    "p01.role": "migrator",
                    "p01.service": "governance"
                },
                "name": "governance-migrator-wthql",
                "namespace": "p01-c9c202786437-601e9835",
                "ownerReferences": [
                    {
                        "apiVersion": "batch/v1",
                        "blockOwnerDeletion": true,
                        "controller": true,
                        "kind": "Job",
                        "name": "governance-migrator",
                        "uid": "49d236e2-275e-45d6-8bdd-cf63af5cf5e9"
                    }
                ],
                "resourceVersion": "1690",
                "uid": "9f034d81-0530-4626-98ab-bc6c5f6f89ad"
            },
            "spec": {
                "automountServiceAccountToken": false,
                "containers": [
                    {
                        "command": [
                            "/bin/sh",
                            "-ec",
                            "export PGPASSWORD=\"$(cat /run/secrets/db-password)\"; exec psql -X --quiet --set=ON_ERROR_STOP=1 --set=owner=governance_owner --set=runtime=governance_runtime \"host=postgres port=5432 dbname=governance user=governance_migrator sslmode=verify-full sslrootcert=/run/secrets/ca.crt connect_timeout=3\" --file=/opt/foundation/migrate.sql"
                        ],
                        "image": "p01.local/postgres:manifest-sha256-9e73daeb439141c2b11eea2463f5f1a3b269fd90d897b41cddb7cb440f21aa5d",
                        "imagePullPolicy": "Never",
                        "name": "migrate",
                        "resources": {
                            "limits": {
                                "cpu": "1",
                                "memory": "256Mi"
                            },
                            "requests": {
                                "cpu": "25m",
                                "memory": "64Mi"
                            }
                        },
                        "securityContext": {
                            "allowPrivilegeEscalation": false,
                            "capabilities": {
                                "drop": [
                                    "ALL"
                                ]
                            },
                            "readOnlyRootFilesystem": true,
                            "runAsGroup": 10001,
                            "runAsNonRoot": true,
                            "runAsUser": 10001
                        },
                        "terminationMessagePath": "/dev/termination-log",
                        "terminationMessagePolicy": "File",
                        "volumeMounts": [
                            {
                                "mountPath": "/run/secrets",
                                "name": "secrets",
                                "readOnly": true
                            },
                            {
                                "mountPath": "/opt/foundation/migrate.sql",
                                "name": "migration",
                                "readOnly": true,
                                "subPath": "migrate.sql"
                            }
                        ]
                    }
                ],
                "dnsPolicy": "ClusterFirst",
                "enableServiceLinks": false,
                "nodeName": "p01-c9c202786437-601e9835-worker",
                "preemptionPolicy": "PreemptLowerPriority",
                "priority": 0,
                "restartPolicy": "Never",
                "schedulerName": "default-scheduler",
                "securityContext": {
                    "fsGroup": 10001,
                    "runAsGroup": 10001,
                    "runAsNonRoot": true,
                    "runAsUser": 10001,
                    "seccompProfile": {
                        "type": "RuntimeDefault"
                    }
                },
                "serviceAccount": "governance-migrator",
                "serviceAccountName": "governance-migrator",
                "terminationGracePeriodSeconds": 30,
                "tolerations": [
                    {
                        "effect": "NoExecute",
                        "key": "node.kubernetes.io/not-ready",
                        "operator": "Exists",
                        "tolerationSeconds": 300
                    },
                    {
                        "effect": "NoExecute",
                        "key": "node.kubernetes.io/unreachable",
                        "operator": "Exists",
                        "tolerationSeconds": 300
                    }
                ],
                "volumes": [
                    {
                        "name": "secrets",
                        "secret": {
                            "defaultMode": 292,
                            "secretName": "governance-migration"
                        }
                    },
                    {
                        "configMap": {
                            "defaultMode": 420,
                            "name": "postgres-scripts"
                        },
                        "name": "migration"
                    }
                ]
            },
            "status": {
                "allocatedResources": {
                    "cpu": "25m",
                    "memory": "64Mi"
                },
                "conditions": [
                    {
                        "lastProbeTime": null,
                        "lastTransitionTime": "2026-10-05T00:26:58Z",
                        "observedGeneration": 1,
                        "status": "False",
                        "type": "PodReadyToStartContainers"
                    },
                    {
                        "lastProbeTime": null,
                        "lastTransitionTime": "2026-10-05T00:26:55Z",
                        "observedGeneration": 1,
                        "reason": "PodCompleted",
                        "status": "True",
                        "type": "Initialized"
                    },
                    {
                        "lastProbeTime": null,
                        "lastTransitionTime": "2026-10-05T00:26:56Z",
                        "observedGeneration": 1,
                        "reason": "PodCompleted",
                        "status": "False",
                        "type": "Ready"
                    },
                    {
                        "lastProbeTime": null,
                        "lastTransitionTime": "2026-10-05T00:26:56Z",
                        "observedGeneration": 1,
                        "reason": "PodCompleted",
                        "status": "False",
                        "type": "ContainersReady"
                    },
                    {
                        "lastProbeTime": null,
                        "lastTransitionTime": "2026-10-05T00:26:55Z",
                        "observedGeneration": 1,
                        "status": "True",
                        "type": "PodScheduled"
                    }
                ],
                "containerStatuses": [
                    {
                        "allocatedResources": {
                            "cpu": "25m",
                            "memory": "64Mi"
                        },
                        "containerID": "containerd://e9b5948ddc47219bb781f14a9a184cf6571ec5940f664742e5135c6a2461f23a",
                        "image": "p01.local/postgres:manifest-sha256-9e73daeb439141c2b11eea2463f5f1a3b269fd90d897b41cddb7cb440f21aa5d",
                        "imageID": "docker.io/library/import-2026-10-05@sha256:a73366f9c26d0167be14b0a23ba05e7d044534d10215b1017fe8b34946867e8c",
                        "lastState": {},
                        "name": "migrate",
                        "ready": false,
                        "resources": {
                            "limits": {
                                "cpu": "1",
                                "memory": "256Mi"
                            },
                            "requests": {
                                "cpu": "25m",
                                "memory": "64Mi"
                            }
                        },
                        "restartCount": 0,
                        "started": false,
                        "state": {
                            "terminated": {
                                "containerID": "containerd://e9b5948ddc47219bb781f14a9a184cf6571ec5940f664742e5135c6a2461f23a",
                                "exitCode": 0,
                                "finishedAt": "2026-10-05T00:26:56Z",
                                "reason": "Completed",
                                "startedAt": "2026-10-05T00:26:56Z"
                            }
                        },
                        "user": {
                            "linux": {
                                "gid": 10001,
                                "supplementalGroups": [
                                    10001
                                ],
                                "uid": 10001
                            }
                        },
                        "volumeMounts": [
                            {
                                "mountPath": "/run/secrets",
                                "name": "secrets",
                                "readOnly": true,
                                "recursiveReadOnly": "Disabled"
                            },
                            {
                                "mountPath": "/opt/foundation/migrate.sql",
                                "name": "migration",
                                "readOnly": true,
                                "recursiveReadOnly": "Disabled"
                            }
                        ]
                    }
                ],
                "hostIP": "172.18.0.2",
                "hostIPs": [
                    {
                        "ip": "172.18.0.2"
                    }
                ],
                "observedGeneration": 1,
                "phase": "Succeeded",
                "podIP": "10.244.1.110",
                "podIPs": [
                    {
                        "ip": "10.244.1.110"
                    }
                ],
                "qosClass": "Burstable",
                "resources": {
                    "limits": {
                        "cpu": "1",
                        "memory": "256Mi"
                    },
                    "requests": {
                        "memory": "64Mi"
                    }
                },
                "startTime": "2026-10-05T00:26:55Z"
            }
        },
        {
            "apiVersion": "v1",
            "kind": "Pod",
            "metadata": {
                "creationTimestamp": "2026-10-05T00:27:02Z",
                "generateName": "governance-probe-56746fc685-",
                "generation": 1,
                "labels": {
                    "app.kubernetes.io/part-of": "p01-foundation",
                    "p01.role": "probe",
                    "p01.service": "governance",
                    "pod-template-hash": "56746fc685"
                },
                "name": "governance-probe-56746fc685-w4xhb",
                "namespace": "p01-c9c202786437-601e9835",
                "ownerReferences": [
                    {
                        "apiVersion": "apps/v1",
                        "blockOwnerDeletion": true,
                        "controller": true,
                        "kind": "ReplicaSet",
                        "name": "governance-probe-56746fc685",
                        "uid": "7c0fb5f0-a754-429c-bce2-1c6f352cb995"
                    }
                ],
                "resourceVersion": "2026",
                "uid": "a34bda15-73b6-4528-9c3d-a41ed14e7fb8"
            },
            "spec": {
                "automountServiceAccountToken": false,
                "containers": [
                    {
                        "command": [
                            "/opt/venv/bin/python",
                            "-I",
                            "-c",
                            "import time; time.sleep(2400)"
                        ],
                        "image": "p01.local/planning:sha256-52274917612cd7b22ea729c339292a2602bf2445241efaa2c90079a8f2527f7e",
                        "imagePullPolicy": "Never",
                        "name": "probe",
                        "resources": {
                            "limits": {
                                "cpu": "250m",
                                "memory": "128Mi"
                            },
                            "requests": {
                                "cpu": "10m",
                                "memory": "32Mi"
                            }
                        },
                        "securityContext": {
                            "allowPrivilegeEscalation": false,
                            "capabilities": {
                                "drop": [
                                    "ALL"
                                ]
                            },
                            "readOnlyRootFilesystem": true
                        },
                        "terminationMessagePath": "/dev/termination-log",
                        "terminationMessagePolicy": "File",
                        "volumeMounts": [
                            {
                                "mountPath": "/run/secrets",
                                "name": "health",
                                "readOnly": true
                            }
                        ]
                    }
                ],
                "dnsPolicy": "ClusterFirst",
                "enableServiceLinks": false,
                "nodeName": "p01-c9c202786437-601e9835-worker",
                "preemptionPolicy": "PreemptLowerPriority",
                "priority": 0,
                "restartPolicy": "Always",
                "schedulerName": "default-scheduler",
                "securityContext": {
                    "runAsGroup": 10001,
                    "runAsNonRoot": true,
                    "runAsUser": 10001,
                    "seccompProfile": {
                        "type": "RuntimeDefault"
                    }
                },
                "serviceAccount": "governance-probe",
                "serviceAccountName": "governance-probe",
                "terminationGracePeriodSeconds": 30,
                "tolerations": [
                    {
                        "effect": "NoExecute",
                        "key": "node.kubernetes.io/not-ready",
                        "operator": "Exists",
                        "tolerationSeconds": 300
                    },
                    {
                        "effect": "NoExecute",
                        "key": "node.kubernetes.io/unreachable",
                        "operator": "Exists",
                        "tolerationSeconds": 300
                    }
                ],
                "volumes": [
                    {
                        "name": "health",
                        "secret": {
                            "defaultMode": 292,
                            "items": [
                                {
                                    "key": "ca.crt",
                                    "path": "ca.crt"
                                },
                                {
                                    "key": "health-token",
                                    "path": "health-token"
                                }
                            ],
                            "secretName": "governance-runtime"
                        }
                    }
                ]
            },
            "status": {
                "allocatedResources": {
                    "cpu": "10m",
                    "memory": "32Mi"
                },
                "conditions": [
                    {
                        "lastProbeTime": null,
                        "lastTransitionTime": "2026-10-05T00:27:03Z",
                        "observedGeneration": 1,
                        "status": "True",
                        "type": "PodReadyToStartContainers"
                    },
                    {
                        "lastProbeTime": null,
                        "lastTransitionTime": "2026-10-05T00:27:02Z",
                        "observedGeneration": 1,
                        "status": "True",
                        "type": "Initialized"
                    },
                    {
                        "lastProbeTime": null,
                        "lastTransitionTime": "2026-10-05T00:27:03Z",
                        "observedGeneration": 1,
                        "status": "True",
                        "type": "Ready"
                    },
                    {
                        "lastProbeTime": null,
                        "lastTransitionTime": "2026-10-05T00:27:03Z",
                        "observedGeneration": 1,
                        "status": "True",
                        "type": "ContainersReady"
                    },
                    {
                        "lastProbeTime": null,
                        "lastTransitionTime": "2026-10-05T00:27:02Z",
                        "observedGeneration": 1,
                        "status": "True",
                        "type": "PodScheduled"
                    }
                ],
                "containerStatuses": [
                    {
                        "allocatedResources": {
                            "cpu": "10m",
                            "memory": "32Mi"
                        },
                        "containerID": "containerd://1bc3a4827ad39b03bce1321cf74fc0c63157b07bb8b84dbe4b8bf784f8d0ca32",
                        "image": "p01.local/planning:sha256-52274917612cd7b22ea729c339292a2602bf2445241efaa2c90079a8f2527f7e",
                        "imageID": "docker.io/library/import-2026-10-05@sha256:ed595de7122dc595d5feec7f1cc1a0c578e89d55f02ff5b232126bc583bf5d1d",
                        "lastState": {},
                        "name": "probe",
                        "ready": true,
                        "resources": {
                            "limits": {
                                "cpu": "250m",
                                "memory": "128Mi"
                            },
                            "requests": {
                                "cpu": "10m",
                                "memory": "32Mi"
                            }
                        },
                        "restartCount": 0,
                        "started": true,
                        "state": {
                            "running": {
                                "startedAt": "2026-10-05T00:27:03Z"
                            }
                        },
                        "user": {
                            "linux": {
                                "gid": 10001,
                                "supplementalGroups": [
                                    10001
                                ],
                                "uid": 10001
                            }
                        },
                        "volumeMounts": [
                            {
                                "mountPath": "/run/secrets",
                                "name": "health",
                                "readOnly": true,
                                "recursiveReadOnly": "Disabled"
                            }
                        ]
                    }
                ],
                "hostIP": "172.18.0.2",
                "hostIPs": [
                    {
                        "ip": "172.18.0.2"
                    }
                ],
                "observedGeneration": 1,
                "phase": "Running",
                "podIP": "10.244.1.171",
                "podIPs": [
                    {
                        "ip": "10.244.1.171"
                    }
                ],
                "qosClass": "Burstable",
                "resources": {
                    "limits": {
                        "cpu": "250m",
                        "memory": "128Mi"
                    },
                    "requests": {
                        "memory": "32Mi"
                    }
                },
                "startTime": "2026-10-05T00:27:02Z"
            }
        },
        {
            "apiVersion": "v1",
            "kind": "Pod",
            "metadata": {
                "creationTimestamp": "2026-10-05T00:26:42Z",
                "generateName": "governance-proxy-859c969785-",
                "generation": 1,
                "labels": {
                    "app.kubernetes.io/part-of": "p01-foundation",
                    "p01.role": "proxy",
                    "p01.service": "governance",
                    "pod-template-hash": "859c969785"
                },
                "name": "governance-proxy-859c969785-jnjmt",
                "namespace": "p01-c9c202786437-601e9835",
                "ownerReferences": [
                    {
                        "apiVersion": "apps/v1",
                        "blockOwnerDeletion": true,
                        "controller": true,
                        "kind": "ReplicaSet",
                        "name": "governance-proxy-859c969785",
                        "uid": "6781d7dc-fbdb-40ab-bc8f-f6246fc29b77"
                    }
                ],
                "resourceVersion": "2032",
                "uid": "41c11e4a-f508-4ff2-b20f-5d505ea930ab"
            },
            "spec": {
                "automountServiceAccountToken": false,
                "containers": [
                    {
                        "args": [
                            "-g",
                            "daemon off;"
                        ],
                        "command": [
                            "/usr/sbin/nginx"
                        ],
                        "image": "p01.local/nginx:manifest-sha256-3d2f995522ddb52c3a4eb8008b8fa26f184f7146851df1da831f88885ac40aae",
                        "imagePullPolicy": "Never",
                        "livenessProbe": {
                            "failureThreshold": 3,
                            "periodSeconds": 10,
                            "successThreshold": 1,
                            "tcpSocket": {
                                "port": 8443
                            },
                            "timeoutSeconds": 2
                        },
                        "name": "governance-proxy",
                        "readinessProbe": {
                            "failureThreshold": 3,
                            "periodSeconds": 5,
                            "successThreshold": 1,
                            "tcpSocket": {
                                "port": 8443
                            },
                            "timeoutSeconds": 2
                        },
                        "resources": {
                            "limits": {
                                "cpu": "1",
                                "memory": "128Mi"
                            },
                            "requests": {
                                "cpu": "25m",
                                "memory": "64Mi"
                            }
                        },
                        "securityContext": {
                            "allowPrivilegeEscalation": false,
                            "capabilities": {
                                "drop": [
                                    "ALL"
                                ]
                            },
                            "readOnlyRootFilesystem": true,
                            "runAsGroup": 10001,
                            "runAsNonRoot": true,
                            "runAsUser": 10001
                        },
                        "terminationMessagePath": "/dev/termination-log",
                        "terminationMessagePolicy": "File",
                        "volumeMounts": [
                            {
                                "mountPath": "/run/secrets",
                                "name": "secrets",
                                "readOnly": true
                            },
                            {
                                "mountPath": "/tmp",
                                "name": "tmp"
                            },
                            {
                                "mountPath": "/etc/nginx/nginx.conf",
                                "name": "config",
                                "readOnly": true,
                                "subPath": "nginx.conf"
                            },
                            {
                                "mountPath": "/srv/public",
                                "name": "public",
                                "readOnly": true
                            }
                        ]
                    }
                ],
                "dnsPolicy": "ClusterFirst",
                "enableServiceLinks": false,
                "initContainers": [
                    {
                        "command": [
                            "/bin/sh",
                            "-ec",
                            "cp -R /app/public/. /srv/public/"
                        ],
                        "image": "p01.local/governance:sha256-c7c60039d43bcedd2536f8d29964ebd4316362f279095bcc851379712a621f0d",
                        "imagePullPolicy": "Never",
                        "name": "copy-public-assets",
                        "resources": {
                            "limits": {
                                "cpu": "1",
                                "memory": "256Mi"
                            },
                            "requests": {
                                "cpu": "25m",
                                "memory": "64Mi"
                            }
                        },
                        "securityContext": {
                            "allowPrivilegeEscalation": false,
                            "capabilities": {
                                "drop": [
                                    "ALL"
                                ]
                            },
                            "readOnlyRootFilesystem": true,
                            "runAsGroup": 10001,
                            "runAsNonRoot": true,
                            "runAsUser": 10001
                        },
                        "terminationMessagePath": "/dev/termination-log",
                        "terminationMessagePolicy": "File",
                        "volumeMounts": [
                            {
                                "mountPath": "/srv/public",
                                "name": "public"
                            }
                        ]
                    }
                ],
                "nodeName": "p01-c9c202786437-601e9835-worker",
                "preemptionPolicy": "PreemptLowerPriority",
                "priority": 0,
                "restartPolicy": "Always",
                "schedulerName": "default-scheduler",
                "securityContext": {
                    "fsGroup": 10001,
                    "runAsGroup": 10001,
                    "runAsNonRoot": true,
                    "runAsUser": 10001,
                    "seccompProfile": {
                        "type": "RuntimeDefault"
                    }
                },
                "serviceAccount": "governance-proxy",
                "serviceAccountName": "governance-proxy",
                "terminationGracePeriodSeconds": 30,
                "tolerations": [
                    {
                        "effect": "NoExecute",
                        "key": "node.kubernetes.io/not-ready",
                        "operator": "Exists",
                        "tolerationSeconds": 300
                    },
                    {
                        "effect": "NoExecute",
                        "key": "node.kubernetes.io/unreachable",
                        "operator": "Exists",
                        "tolerationSeconds": 300
                    }
                ],
                "volumes": [
                    {
                        "name": "secrets",
                        "secret": {
                            "defaultMode": 292,
                            "secretName": "governance-tls"
                        }
                    },
                    {
                        "emptyDir": {
                            "medium": "Memory",
                            "sizeLimit": "32Mi"
                        },
                        "name": "tmp"
                    },
                    {
                        "configMap": {
                            "defaultMode": 420,
                            "name": "governance-proxy"
                        },
                        "name": "config"
                    },
                    {
                        "emptyDir": {
                            "sizeLimit": "64Mi"
                        },
                        "name": "public"
                    }
                ]
            },
            "status": {
                "allocatedResources": {
                    "cpu": "25m",
                    "memory": "64Mi"
                },
                "conditions": [
                    {
                        "lastProbeTime": null,
                        "lastTransitionTime": "2026-10-05T00:26:43Z",
                        "observedGeneration": 1,
                        "status": "True",
                        "type": "PodReadyToStartContainers"
                    },
                    {
                        "lastProbeTime": null,
                        "lastTransitionTime": "2026-10-05T00:26:47Z",
                        "observedGeneration": 1,
                        "status": "True",
                        "type": "Initialized"
                    },
                    {
                        "lastProbeTime": null,
                        "lastTransitionTime": "2026-10-05T00:26:48Z",
                        "observedGeneration": 1,
                        "status": "True",
                        "type": "Ready"
                    },
                    {
                        "lastProbeTime": null,
                        "lastTransitionTime": "2026-10-05T00:26:48Z",
                        "observedGeneration": 1,
                        "status": "True",
                        "type": "ContainersReady"
                    },
                    {
                        "lastProbeTime": null,
                        "lastTransitionTime": "2026-10-05T00:26:42Z",
                        "observedGeneration": 1,
                        "status": "True",
                        "type": "PodScheduled"
                    }
                ],
                "containerStatuses": [
                    {
                        "allocatedResources": {
                            "cpu": "25m",
                            "memory": "64Mi"
                        },
                        "containerID": "containerd://8b0e799ab4729dfee8e71df73f4898a08101b2f8ca7404fde9a9e0d5d84c17df",
                        "image": "p01.local/nginx:manifest-sha256-3d2f995522ddb52c3a4eb8008b8fa26f184f7146851df1da831f88885ac40aae",
                        "imageID": "docker.io/library/import-2026-10-05@sha256:5c7e4ac215c73965ec024805e7feb2f942e4570d89003814734678eb756ea3de",
                        "lastState": {},
                        "name": "governance-proxy",
                        "ready": true,
                        "resources": {
                            "limits": {
                                "cpu": "1",
                                "memory": "128Mi"
                            },
                            "requests": {
                                "cpu": "25m",
                                "memory": "64Mi"
                            }
                        },
                        "restartCount": 0,
                        "started": true,
                        "state": {
                            "running": {
                                "startedAt": "2026-10-05T00:26:48Z"
                            }
                        },
                        "user": {
                            "linux": {
                                "gid": 10001,
                                "supplementalGroups": [
                                    10001
                                ],
                                "uid": 10001
                            }
                        },
                        "volumeMounts": [
                            {
                                "mountPath": "/run/secrets",
                                "name": "secrets",
                                "readOnly": true,
                                "recursiveReadOnly": "Disabled"
                            },
                            {
                                "mountPath": "/tmp",
                                "name": "tmp"
                            },
                            {
                                "mountPath": "/etc/nginx/nginx.conf",
                                "name": "config",
                                "readOnly": true,
                                "recursiveReadOnly": "Disabled"
                            },
                            {
                                "mountPath": "/srv/public",
                                "name": "public",
                                "readOnly": true,
                                "recursiveReadOnly": "Disabled"
                            }
                        ]
                    }
                ],
                "hostIP": "172.18.0.2",
                "hostIPs": [
                    {
                        "ip": "172.18.0.2"
                    }
                ],
                "initContainerStatuses": [
                    {
                        "allocatedResources": {
                            "cpu": "25m",
                            "memory": "64Mi"
                        },
                        "containerID": "containerd://6f17776362aeb900687a5b145c4387b69fc105b265bdf47080f6e7cb95097a98",
                        "image": "p01.local/governance:sha256-c7c60039d43bcedd2536f8d29964ebd4316362f279095bcc851379712a621f0d",
                        "imageID": "docker.io/library/import-2026-10-05@sha256:262bd4e155e323d1952603bd949f3887438171d81b9f0631eb0d600f43c16373",
                        "lastState": {},
                        "name": "copy-public-assets",
                        "ready": true,
                        "resources": {
                            "limits": {
                                "cpu": "1",
                                "memory": "256Mi"
                            },
                            "requests": {
                                "cpu": "25m",
                                "memory": "64Mi"
                            }
                        },
                        "restartCount": 0,
                        "started": false,
                        "state": {
                            "terminated": {
                                "containerID": "containerd://6f17776362aeb900687a5b145c4387b69fc105b265bdf47080f6e7cb95097a98",
                                "exitCode": 0,
                                "finishedAt": "2026-10-05T00:26:43Z",
                                "reason": "Completed",
                                "startedAt": "2026-10-05T00:26:43Z"
                            }
                        },
                        "user": {
                            "linux": {
                                "gid": 10001,
                                "supplementalGroups": [
                                    10001
                                ],
                                "uid": 10001
                            }
                        },
                        "volumeMounts": [
                            {
                                "mountPath": "/srv/public",
                                "name": "public"
                            }
                        ]
                    }
                ],
                "observedGeneration": 1,
                "phase": "Running",
                "podIP": "10.244.1.17",
                "podIPs": [
                    {
                        "ip": "10.244.1.17"
                    }
                ],
                "qosClass": "Burstable",
                "resources": {
                    "limits": {
                        "cpu": "1",
                        "memory": "256Mi"
                    },
                    "requests": {
                        "memory": "64Mi"
                    }
                },
                "startTime": "2026-10-05T00:26:42Z"
            }
        },
        {
            "apiVersion": "v1",
            "kind": "Pod",
            "metadata": {
                "creationTimestamp": "2026-10-05T00:26:42Z",
                "generateName": "inventory-6fb85b5469-",
                "generation": 1,
                "labels": {
                    "app.kubernetes.io/part-of": "p01-foundation",
                    "p01.role": "app",
                    "p01.service": "inventory",
                    "pod-template-hash": "6fb85b5469"
                },
                "name": "inventory-6fb85b5469-fkdkf",
                "namespace": "p01-c9c202786437-601e9835",
                "ownerReferences": [
                    {
                        "apiVersion": "apps/v1",
                        "blockOwnerDeletion": true,
                        "controller": true,
                        "kind": "ReplicaSet",
                        "name": "inventory-6fb85b5469",
                        "uid": "49b16c22-29d8-4257-be51-c6fc68497227"
                    }
                ],
                "resourceVersion": "2295",
                "uid": "3f36382f-b329-49de-8596-0a0854d4542f"
            },
            "spec": {
                "automountServiceAccountToken": false,
                "containers": [
                    {
                        "command": [
                            "/opt/venv/bin/inventory-serve"
                        ],
                        "env": [
                            {
                                "name": "APP_DEBUG",
                                "value": "false"
                            },
                            {
                                "name": "APP_ENV",
                                "value": "production"
                            },
                            {
                                "name": "DB_DATABASE",
                                "value": "inventory"
                            },
                            {
                                "name": "DB_HOST",
                                "value": "postgres"
                            },
                            {
                                "name": "DB_PASSWORD_FILE",
                                "value": "/run/secrets/db-password"
                            },
                            {
                                "name": "DB_PORT",
                                "value": "5432"
                            },
                            {
                                "name": "DB_SSLMODE",
                                "value": "verify-full"
                            },
                            {
                                "name": "DB_SSLROOTCERT",
                                "value": "/run/secrets/ca.crt"
                            },
                            {
                                "name": "DB_USERNAME",
                                "value": "inventory_runtime"
                            },
                            {
                                "name": "HEALTH_TOKEN_FILE",
                                "value": "/run/secrets/health-token"
                            }
                        ],
                        "image": "p01.local/inventory:sha256-19b1ebbbc7c9298c1a9b9074861d7477725bd5cdac923943d317c663e338acaa",
                        "imagePullPolicy": "Never",
                        "livenessProbe": {
                            "failureThreshold": 3,
                            "periodSeconds": 10,
                            "successThreshold": 1,
                            "tcpSocket": {
                                "port": 8080
                            },
                            "timeoutSeconds": 2
                        },
                        "name": "inventory",
                        "readinessProbe": {
                            "exec": {
                                "command": [
                                    "/opt/venv/bin/python",
                                    "-c",
                                    "import pathlib,urllib.request; token=pathlib.Path('/run/secrets/health-token').read_text().strip(); request=urllib.request.Request('http://127.0.0.1:8080/health/dependencies', headers={'Authorization':'Bearer '+token}); response=urllib.request.urlopen(request,timeout=5); raise SystemExit(0 if response.status==200 else 1)"
                                ]
                            },
                            "failureThreshold": 1,
                            "periodSeconds": 10,
                            "successThreshold": 1,
                            "timeoutSeconds": 8
                        },
                        "resources": {
                            "limits": {
                                "cpu": "1",
                                "memory": "256Mi"
                            },
                            "requests": {
                                "cpu": "25m",
                                "memory": "64Mi"
                            }
                        },
                        "securityContext": {
                            "allowPrivilegeEscalation": false,
                            "capabilities": {
                                "drop": [
                                    "ALL"
                                ]
                            },
                            "readOnlyRootFilesystem": true,
                            "runAsGroup": 10001,
                            "runAsNonRoot": true,
                            "runAsUser": 10001
                        },
                        "startupProbe": {
                            "failureThreshold": 60,
                            "periodSeconds": 2,
                            "successThreshold": 1,
                            "tcpSocket": {
                                "port": 8080
                            },
                            "timeoutSeconds": 1
                        },
                        "terminationMessagePath": "/dev/termination-log",
                        "terminationMessagePolicy": "File",
                        "volumeMounts": [
                            {
                                "mountPath": "/run/secrets",
                                "name": "secrets",
                                "readOnly": true
                            },
                            {
                                "mountPath": "/tmp",
                                "name": "tmp"
                            }
                        ]
                    }
                ],
                "dnsPolicy": "ClusterFirst",
                "enableServiceLinks": false,
                "nodeName": "p01-c9c202786437-601e9835-worker",
                "preemptionPolicy": "PreemptLowerPriority",
                "priority": 0,
                "restartPolicy": "Always",
                "schedulerName": "default-scheduler",
                "securityContext": {
                    "fsGroup": 10001,
                    "runAsGroup": 10001,
                    "runAsNonRoot": true,
                    "runAsUser": 10001,
                    "seccompProfile": {
                        "type": "RuntimeDefault"
                    }
                },
                "serviceAccount": "inventory",
                "serviceAccountName": "inventory",
                "terminationGracePeriodSeconds": 30,
                "tolerations": [
                    {
                        "effect": "NoExecute",
                        "key": "node.kubernetes.io/not-ready",
                        "operator": "Exists",
                        "tolerationSeconds": 300
                    },
                    {
                        "effect": "NoExecute",
                        "key": "node.kubernetes.io/unreachable",
                        "operator": "Exists",
                        "tolerationSeconds": 300
                    }
                ],
                "volumes": [
                    {
                        "name": "secrets",
                        "secret": {
                            "defaultMode": 292,
                            "secretName": "inventory-runtime"
                        }
                    },
                    {
                        "emptyDir": {
                            "medium": "Memory",
                            "sizeLimit": "32Mi"
                        },
                        "name": "tmp"
                    }
                ]
            },
            "status": {
                "allocatedResources": {
                    "cpu": "25m",
                    "memory": "64Mi"
                },
                "conditions": [
                    {
                        "lastProbeTime": null,
                        "lastTransitionTime": "2026-10-05T00:26:44Z",
                        "observedGeneration": 1,
                        "status": "True",
                        "type": "PodReadyToStartContainers"
                    },
                    {
                        "lastProbeTime": null,
                        "lastTransitionTime": "2026-10-05T00:26:42Z",
                        "observedGeneration": 1,
                        "status": "True",
                        "type": "Initialized"
                    },
                    {
                        "lastProbeTime": null,
                        "lastTransitionTime": "2026-10-05T00:29:22Z",
                        "observedGeneration": 1,
                        "status": "True",
                        "type": "Ready"
                    },
                    {
                        "lastProbeTime": null,
                        "lastTransitionTime": "2026-10-05T00:29:22Z",
                        "observedGeneration": 1,
                        "status": "True",
                        "type": "ContainersReady"
                    },
                    {
                        "lastProbeTime": null,
                        "lastTransitionTime": "2026-10-05T00:26:42Z",
                        "observedGeneration": 1,
                        "status": "True",
                        "type": "PodScheduled"
                    }
                ],
                "containerStatuses": [
                    {
                        "allocatedResources": {
                            "cpu": "25m",
                            "memory": "64Mi"
                        },
                        "containerID": "containerd://5964a69fc1f7354646f1d4796ec68528fdbc2608afc8525369ab0f14cf7f563a",
                        "image": "p01.local/inventory:sha256-19b1ebbbc7c9298c1a9b9074861d7477725bd5cdac923943d317c663e338acaa",
                        "imageID": "docker.io/library/import-2026-10-05@sha256:2d6334e7e943dadededb1f3229fdf134e26220c3d553f0cd2c71a3b8943cd613",
                        "lastState": {},
                        "name": "inventory",
                        "ready": true,
                        "resources": {
                            "limits": {
                                "cpu": "1",
                                "memory": "256Mi"
                            },
                            "requests": {
                                "cpu": "25m",
                                "memory": "64Mi"
                            }
                        },
                        "restartCount": 0,
                        "started": true,
                        "state": {
                            "running": {
                                "startedAt": "2026-10-05T00:26:46Z"
                            }
                        },
                        "user": {
                            "linux": {
                                "gid": 10001,
                                "supplementalGroups": [
                                    10001
                                ],
                                "uid": 10001
                            }
                        },
                        "volumeMounts": [
                            {
                                "mountPath": "/run/secrets",
                                "name": "secrets",
                                "readOnly": true,
                                "recursiveReadOnly": "Disabled"
                            },
                            {
                                "mountPath": "/tmp",
                                "name": "tmp"
                            }
                        ]
                    }
                ],
                "hostIP": "172.18.0.2",
                "hostIPs": [
                    {
                        "ip": "172.18.0.2"
                    }
                ],
                "observedGeneration": 1,
                "phase": "Running",
                "podIP": "10.244.1.245",
                "podIPs": [
                    {
                        "ip": "10.244.1.245"
                    }
                ],
                "qosClass": "Burstable",
                "resources": {
                    "limits": {
                        "cpu": "1",
                        "memory": "256Mi"
                    },
                    "requests": {
                        "memory": "64Mi"
                    }
                },
                "startTime": "2026-10-05T00:26:42Z"
            }
        },
        {
            "apiVersion": "v1",
            "kind": "Pod",
            "metadata": {
                "creationTimestamp": "2026-10-05T00:26:55Z",
                "generateName": "inventory-migrator-",
                "generation": 1,
                "labels": {
                    "app.kubernetes.io/part-of": "p01-foundation",
                    "batch.kubernetes.io/controller-uid": "e807c4e8-f53c-49ae-ac6d-ab6438a1111a",
                    "batch.kubernetes.io/job-name": "inventory-migrator",
                    "controller-uid": "e807c4e8-f53c-49ae-ac6d-ab6438a1111a",
                    "job-name": "inventory-migrator",
                    "p01.role": "migrator",
                    "p01.service": "inventory"
                },
                "name": "inventory-migrator-cp7sn",
                "namespace": "p01-c9c202786437-601e9835",
                "ownerReferences": [
                    {
                        "apiVersion": "batch/v1",
                        "blockOwnerDeletion": true,
                        "controller": true,
                        "kind": "Job",
                        "name": "inventory-migrator",
                        "uid": "e807c4e8-f53c-49ae-ac6d-ab6438a1111a"
                    }
                ],
                "resourceVersion": "1686",
                "uid": "331db5fa-ecd7-49d8-84a7-0a6d3ee166e6"
            },
            "spec": {
                "automountServiceAccountToken": false,
                "containers": [
                    {
                        "command": [
                            "/bin/sh",
                            "-ec",
                            "export PGPASSWORD=\"$(cat /run/secrets/db-password)\"; exec psql -X --quiet --set=ON_ERROR_STOP=1 --set=owner=inventory_owner --set=runtime=inventory_runtime \"host=postgres port=5432 dbname=inventory user=inventory_migrator sslmode=verify-full sslrootcert=/run/secrets/ca.crt connect_timeout=3\" --file=/opt/foundation/migrate.sql"
                        ],
                        "image": "p01.local/postgres:manifest-sha256-9e73daeb439141c2b11eea2463f5f1a3b269fd90d897b41cddb7cb440f21aa5d",
                        "imagePullPolicy": "Never",
                        "name": "migrate",
                        "resources": {
                            "limits": {
                                "cpu": "1",
                                "memory": "256Mi"
                            },
                            "requests": {
                                "cpu": "25m",
                                "memory": "64Mi"
                            }
                        },
                        "securityContext": {
                            "allowPrivilegeEscalation": false,
                            "capabilities": {
                                "drop": [
                                    "ALL"
                                ]
                            },
                            "readOnlyRootFilesystem": true,
                            "runAsGroup": 10001,
                            "runAsNonRoot": true,
                            "runAsUser": 10001
                        },
                        "terminationMessagePath": "/dev/termination-log",
                        "terminationMessagePolicy": "File",
                        "volumeMounts": [
                            {
                                "mountPath": "/run/secrets",
                                "name": "secrets",
                                "readOnly": true
                            },
                            {
                                "mountPath": "/opt/foundation/migrate.sql",
                                "name": "migration",
                                "readOnly": true,
                                "subPath": "migrate.sql"
                            }
                        ]
                    }
                ],
                "dnsPolicy": "ClusterFirst",
                "enableServiceLinks": false,
                "nodeName": "p01-c9c202786437-601e9835-worker",
                "preemptionPolicy": "PreemptLowerPriority",
                "priority": 0,
                "restartPolicy": "Never",
                "schedulerName": "default-scheduler",
                "securityContext": {
                    "fsGroup": 10001,
                    "runAsGroup": 10001,
                    "runAsNonRoot": true,
                    "runAsUser": 10001,
                    "seccompProfile": {
                        "type": "RuntimeDefault"
                    }
                },
                "serviceAccount": "inventory-migrator",
                "serviceAccountName": "inventory-migrator",
                "terminationGracePeriodSeconds": 30,
                "tolerations": [
                    {
                        "effect": "NoExecute",
                        "key": "node.kubernetes.io/not-ready",
                        "operator": "Exists",
                        "tolerationSeconds": 300
                    },
                    {
                        "effect": "NoExecute",
                        "key": "node.kubernetes.io/unreachable",
                        "operator": "Exists",
                        "tolerationSeconds": 300
                    }
                ],
                "volumes": [
                    {
                        "name": "secrets",
                        "secret": {
                            "defaultMode": 292,
                            "secretName": "inventory-migration"
                        }
                    },
                    {
                        "configMap": {
                            "defaultMode": 420,
                            "name": "postgres-scripts"
                        },
                        "name": "migration"
                    }
                ]
            },
            "status": {
                "allocatedResources": {
                    "cpu": "25m",
                    "memory": "64Mi"
                },
                "conditions": [
                    {
                        "lastProbeTime": null,
                        "lastTransitionTime": "2026-10-05T00:26:58Z",
                        "observedGeneration": 1,
                        "status": "False",
                        "type": "PodReadyToStartContainers"
                    },
                    {
                        "lastProbeTime": null,
                        "lastTransitionTime": "2026-10-05T00:26:55Z",
                        "observedGeneration": 1,
                        "reason": "PodCompleted",
                        "status": "True",
                        "type": "Initialized"
                    },
                    {
                        "lastProbeTime": null,
                        "lastTransitionTime": "2026-10-05T00:26:56Z",
                        "observedGeneration": 1,
                        "reason": "PodCompleted",
                        "status": "False",
                        "type": "Ready"
                    },
                    {
                        "lastProbeTime": null,
                        "lastTransitionTime": "2026-10-05T00:26:56Z",
                        "observedGeneration": 1,
                        "reason": "PodCompleted",
                        "status": "False",
                        "type": "ContainersReady"
                    },
                    {
                        "lastProbeTime": null,
                        "lastTransitionTime": "2026-10-05T00:26:55Z",
                        "observedGeneration": 1,
                        "status": "True",
                        "type": "PodScheduled"
                    }
                ],
                "containerStatuses": [
                    {
                        "allocatedResources": {
                            "cpu": "25m",
                            "memory": "64Mi"
                        },
                        "containerID": "containerd://a89a33d847f45a9be972ca7aa9c62a280b53e5563fc0c4a95907c3dbf5b94fb5",
                        "image": "p01.local/postgres:manifest-sha256-9e73daeb439141c2b11eea2463f5f1a3b269fd90d897b41cddb7cb440f21aa5d",
                        "imageID": "docker.io/library/import-2026-10-05@sha256:a73366f9c26d0167be14b0a23ba05e7d044534d10215b1017fe8b34946867e8c",
                        "lastState": {},
                        "name": "migrate",
                        "ready": false,
                        "resources": {
                            "limits": {
                                "cpu": "1",
                                "memory": "256Mi"
                            },
                            "requests": {
                                "cpu": "25m",
                                "memory": "64Mi"
                            }
                        },
                        "restartCount": 0,
                        "started": false,
                        "state": {
                            "terminated": {
                                "containerID": "containerd://a89a33d847f45a9be972ca7aa9c62a280b53e5563fc0c4a95907c3dbf5b94fb5",
                                "exitCode": 0,
                                "finishedAt": "2026-10-05T00:26:56Z",
                                "reason": "Completed",
                                "startedAt": "2026-10-05T00:26:56Z"
                            }
                        },
                        "user": {
                            "linux": {
                                "gid": 10001,
                                "supplementalGroups": [
                                    10001
                                ],
                                "uid": 10001
                            }
                        },
                        "volumeMounts": [
                            {
                                "mountPath": "/run/secrets",
                                "name": "secrets",
                                "readOnly": true,
                                "recursiveReadOnly": "Disabled"
                            },
                            {
                                "mountPath": "/opt/foundation/migrate.sql",
                                "name": "migration",
                                "readOnly": true,
                                "recursiveReadOnly": "Disabled"
                            }
                        ]
                    }
                ],
                "hostIP": "172.18.0.2",
                "hostIPs": [
                    {
                        "ip": "172.18.0.2"
                    }
                ],
                "observedGeneration": 1,
                "phase": "Succeeded",
                "podIP": "10.244.1.229",
                "podIPs": [
                    {
                        "ip": "10.244.1.229"
                    }
                ],
                "qosClass": "Burstable",
                "resources": {
                    "limits": {
                        "cpu": "1",
                        "memory": "256Mi"
                    },
                    "requests": {
                        "memory": "64Mi"
                    }
                },
                "startTime": "2026-10-05T00:26:55Z"
            }
        },
        {
            "apiVersion": "v1",
            "kind": "Pod",
            "metadata": {
                "creationTimestamp": "2026-10-05T00:27:02Z",
                "generateName": "inventory-probe-cd6cdfb75-",
                "generation": 1,
                "labels": {
                    "app.kubernetes.io/part-of": "p01-foundation",
                    "p01.role": "probe",
                    "p01.service": "inventory",
                    "pod-template-hash": "cd6cdfb75"
                },
                "name": "inventory-probe-cd6cdfb75-55vk2",
                "namespace": "p01-c9c202786437-601e9835",
                "ownerReferences": [
                    {
                        "apiVersion": "apps/v1",
                        "blockOwnerDeletion": true,
                        "controller": true,
                        "kind": "ReplicaSet",
                        "name": "inventory-probe-cd6cdfb75",
                        "uid": "cde2cef1-b869-4e07-a192-e53ed2e517d7"
                    }
                ],
                "resourceVersion": "2068",
                "uid": "5638e904-c893-4f70-8a3d-11b55541a986"
            },
            "spec": {
                "automountServiceAccountToken": false,
                "containers": [
                    {
                        "command": [
                            "/opt/venv/bin/python",
                            "-I",
                            "-c",
                            "import time; time.sleep(2400)"
                        ],
                        "image": "p01.local/planning:sha256-52274917612cd7b22ea729c339292a2602bf2445241efaa2c90079a8f2527f7e",
                        "imagePullPolicy": "Never",
                        "name": "probe",
                        "resources": {
                            "limits": {
                                "cpu": "250m",
                                "memory": "128Mi"
                            },
                            "requests": {
                                "cpu": "10m",
                                "memory": "32Mi"
                            }
                        },
                        "securityContext": {
                            "allowPrivilegeEscalation": false,
                            "capabilities": {
                                "drop": [
                                    "ALL"
                                ]
                            },
                            "readOnlyRootFilesystem": true
                        },
                        "terminationMessagePath": "/dev/termination-log",
                        "terminationMessagePolicy": "File",
                        "volumeMounts": [
                            {
                                "mountPath": "/run/secrets",
                                "name": "health",
                                "readOnly": true
                            }
                        ]
                    }
                ],
                "dnsPolicy": "ClusterFirst",
                "enableServiceLinks": false,
                "nodeName": "p01-c9c202786437-601e9835-worker",
                "preemptionPolicy": "PreemptLowerPriority",
                "priority": 0,
                "restartPolicy": "Always",
                "schedulerName": "default-scheduler",
                "securityContext": {
                    "runAsGroup": 10001,
                    "runAsNonRoot": true,
                    "runAsUser": 10001,
                    "seccompProfile": {
                        "type": "RuntimeDefault"
                    }
                },
                "serviceAccount": "inventory-probe",
                "serviceAccountName": "inventory-probe",
                "terminationGracePeriodSeconds": 30,
                "tolerations": [
                    {
                        "effect": "NoExecute",
                        "key": "node.kubernetes.io/not-ready",
                        "operator": "Exists",
                        "tolerationSeconds": 300
                    },
                    {
                        "effect": "NoExecute",
                        "key": "node.kubernetes.io/unreachable",
                        "operator": "Exists",
                        "tolerationSeconds": 300
                    }
                ],
                "volumes": [
                    {
                        "name": "health",
                        "secret": {
                            "defaultMode": 292,
                            "items": [
                                {
                                    "key": "ca.crt",
                                    "path": "ca.crt"
                                },
                                {
                                    "key": "health-token",
                                    "path": "health-token"
                                }
                            ],
                            "secretName": "inventory-runtime"
                        }
                    }
                ]
            },
            "status": {
                "allocatedResources": {
                    "cpu": "10m",
                    "memory": "32Mi"
                },
                "conditions": [
                    {
                        "lastProbeTime": null,
                        "lastTransitionTime": "2026-10-05T00:27:03Z",
                        "observedGeneration": 1,
                        "status": "True",
                        "type": "PodReadyToStartContainers"
                    },
                    {
                        "lastProbeTime": null,
                        "lastTransitionTime": "2026-10-05T00:27:02Z",
                        "observedGeneration": 1,
                        "status": "True",
                        "type": "Initialized"
                    },
                    {
                        "lastProbeTime": null,
                        "lastTransitionTime": "2026-10-05T00:27:03Z",
                        "observedGeneration": 1,
                        "status": "True",
                        "type": "Ready"
                    },
                    {
                        "lastProbeTime": null,
                        "lastTransitionTime": "2026-10-05T00:27:03Z",
                        "observedGeneration": 1,
                        "status": "True",
                        "type": "ContainersReady"
                    },
                    {
                        "lastProbeTime": null,
                        "lastTransitionTime": "2026-10-05T00:27:02Z",
                        "observedGeneration": 1,
                        "status": "True",
                        "type": "PodScheduled"
                    }
                ],
                "containerStatuses": [
                    {
                        "allocatedResources": {
                            "cpu": "10m",
                            "memory": "32Mi"
                        },
                        "containerID": "containerd://57a80ab2c1092d1fd2b2f5bb91f4c88ba86980655b51e32b97e4d0758f7cd8e2",
                        "image": "p01.local/planning:sha256-52274917612cd7b22ea729c339292a2602bf2445241efaa2c90079a8f2527f7e",
                        "imageID": "docker.io/library/import-2026-10-05@sha256:ed595de7122dc595d5feec7f1cc1a0c578e89d55f02ff5b232126bc583bf5d1d",
                        "lastState": {},
                        "name": "probe",
                        "ready": true,
                        "resources": {
                            "limits": {
                                "cpu": "250m",
                                "memory": "128Mi"
                            },
                            "requests": {
                                "cpu": "10m",
                                "memory": "32Mi"
                            }
                        },
                        "restartCount": 0,
                        "started": true,
                        "state": {
                            "running": {
                                "startedAt": "2026-10-05T00:27:03Z"
                            }
                        },
                        "user": {
                            "linux": {
                                "gid": 10001,
                                "supplementalGroups": [
                                    10001
                                ],
                                "uid": 10001
                            }
                        },
                        "volumeMounts": [
                            {
                                "mountPath": "/run/secrets",
                                "name": "health",
                                "readOnly": true,
                                "recursiveReadOnly": "Disabled"
                            }
                        ]
                    }
                ],
                "hostIP": "172.18.0.2",
                "hostIPs": [
                    {
                        "ip": "172.18.0.2"
                    }
                ],
                "observedGeneration": 1,
                "phase": "Running",
                "podIP": "10.244.1.146",
                "podIPs": [
                    {
                        "ip": "10.244.1.146"
                    }
                ],
                "qosClass": "Burstable",
                "resources": {
                    "limits": {
                        "cpu": "250m",
                        "memory": "128Mi"
                    },
                    "requests": {
                        "memory": "32Mi"
                    }
                },
                "startTime": "2026-10-05T00:27:02Z"
            }
        },
        {
            "apiVersion": "v1",
            "kind": "Pod",
            "metadata": {
                "creationTimestamp": "2026-10-05T00:26:43Z",
                "generateName": "inventory-proxy-b4d4954c-",
                "generation": 1,
                "labels": {
                    "app.kubernetes.io/part-of": "p01-foundation",
                    "p01.role": "proxy",
                    "p01.service": "inventory",
                    "pod-template-hash": "b4d4954c"
                },
                "name": "inventory-proxy-b4d4954c-v5wtm",
                "namespace": "p01-c9c202786437-601e9835",
                "ownerReferences": [
                    {
                        "apiVersion": "apps/v1",
                        "blockOwnerDeletion": true,
                        "controller": true,
                        "kind": "ReplicaSet",
                        "name": "inventory-proxy-b4d4954c",
                        "uid": "234c51eb-960c-4b63-bb94-855ef79b8a92"
                    }
                ],
                "resourceVersion": "2040",
                "uid": "68650395-35bb-45e6-8fbd-7093127cd0be"
            },
            "spec": {
                "automountServiceAccountToken": false,
                "containers": [
                    {
                        "args": [
                            "-g",
                            "daemon off;"
                        ],
                        "command": [
                            "/usr/sbin/nginx"
                        ],
                        "image": "p01.local/nginx:manifest-sha256-3d2f995522ddb52c3a4eb8008b8fa26f184f7146851df1da831f88885ac40aae",
                        "imagePullPolicy": "Never",
                        "livenessProbe": {
                            "failureThreshold": 3,
                            "periodSeconds": 10,
                            "successThreshold": 1,
                            "tcpSocket": {
                                "port": 8443
                            },
                            "timeoutSeconds": 2
                        },
                        "name": "inventory-proxy",
                        "readinessProbe": {
                            "failureThreshold": 3,
                            "periodSeconds": 5,
                            "successThreshold": 1,
                            "tcpSocket": {
                                "port": 8443
                            },
                            "timeoutSeconds": 2
                        },
                        "resources": {
                            "limits": {
                                "cpu": "1",
                                "memory": "128Mi"
                            },
                            "requests": {
                                "cpu": "25m",
                                "memory": "64Mi"
                            }
                        },
                        "securityContext": {
                            "allowPrivilegeEscalation": false,
                            "capabilities": {
                                "drop": [
                                    "ALL"
                                ]
                            },
                            "readOnlyRootFilesystem": true,
                            "runAsGroup": 10001,
                            "runAsNonRoot": true,
                            "runAsUser": 10001
                        },
                        "terminationMessagePath": "/dev/termination-log",
                        "terminationMessagePolicy": "File",
                        "volumeMounts": [
                            {
                                "mountPath": "/run/secrets",
                                "name": "secrets",
                                "readOnly": true
                            },
                            {
                                "mountPath": "/tmp",
                                "name": "tmp"
                            },
                            {
                                "mountPath": "/etc/nginx/nginx.conf",
                                "name": "config",
                                "readOnly": true,
                                "subPath": "nginx.conf"
                            }
                        ]
                    }
                ],
                "dnsPolicy": "ClusterFirst",
                "enableServiceLinks": false,
                "nodeName": "p01-c9c202786437-601e9835-worker",
                "preemptionPolicy": "PreemptLowerPriority",
                "priority": 0,
                "restartPolicy": "Always",
                "schedulerName": "default-scheduler",
                "securityContext": {
                    "fsGroup": 10001,
                    "runAsGroup": 10001,
                    "runAsNonRoot": true,
                    "runAsUser": 10001,
                    "seccompProfile": {
                        "type": "RuntimeDefault"
                    }
                },
                "serviceAccount": "inventory-proxy",
                "serviceAccountName": "inventory-proxy",
                "terminationGracePeriodSeconds": 30,
                "tolerations": [
                    {
                        "effect": "NoExecute",
                        "key": "node.kubernetes.io/not-ready",
                        "operator": "Exists",
                        "tolerationSeconds": 300
                    },
                    {
                        "effect": "NoExecute",
                        "key": "node.kubernetes.io/unreachable",
                        "operator": "Exists",
                        "tolerationSeconds": 300
                    }
                ],
                "volumes": [
                    {
                        "name": "secrets",
                        "secret": {
                            "defaultMode": 292,
                            "secretName": "inventory-tls"
                        }
                    },
                    {
                        "emptyDir": {
                            "medium": "Memory",
                            "sizeLimit": "32Mi"
                        },
                        "name": "tmp"
                    },
                    {
                        "configMap": {
                            "defaultMode": 420,
                            "name": "inventory-proxy"
                        },
                        "name": "config"
                    }
                ]
            },
            "status": {
                "allocatedResources": {
                    "cpu": "25m",
                    "memory": "64Mi"
                },
                "conditions": [
                    {
                        "lastProbeTime": null,
                        "lastTransitionTime": "2026-10-05T00:26:45Z",
                        "observedGeneration": 1,
                        "status": "True",
                        "type": "PodReadyToStartContainers"
                    },
                    {
                        "lastProbeTime": null,
                        "lastTransitionTime": "2026-10-05T00:26:43Z",
                        "observedGeneration": 1,
                        "status": "True",
                        "type": "Initialized"
                    },
                    {
                        "lastProbeTime": null,
                        "lastTransitionTime": "2026-10-05T00:26:47Z",
                        "observedGeneration": 1,
                        "status": "True",
                        "type": "Ready"
                    },
                    {
                        "lastProbeTime": null,
                        "lastTransitionTime": "2026-10-05T00:26:47Z",
                        "observedGeneration": 1,
                        "status": "True",
                        "type": "ContainersReady"
                    },
                    {
                        "lastProbeTime": null,
                        "lastTransitionTime": "2026-10-05T00:26:43Z",
                        "observedGeneration": 1,
                        "status": "True",
                        "type": "PodScheduled"
                    }
                ],
                "containerStatuses": [
                    {
                        "allocatedResources": {
                            "cpu": "25m",
                            "memory": "64Mi"
                        },
                        "containerID": "containerd://d05422635e15ae536945225e55919449fb7f162ad8b059daa660806f40dd91f0",
                        "image": "p01.local/nginx:manifest-sha256-3d2f995522ddb52c3a4eb8008b8fa26f184f7146851df1da831f88885ac40aae",
                        "imageID": "docker.io/library/import-2026-10-05@sha256:5c7e4ac215c73965ec024805e7feb2f942e4570d89003814734678eb756ea3de",
                        "lastState": {},
                        "name": "inventory-proxy",
                        "ready": true,
                        "resources": {
                            "limits": {
                                "cpu": "1",
                                "memory": "128Mi"
                            },
                            "requests": {
                                "cpu": "25m",
                                "memory": "64Mi"
                            }
                        },
                        "restartCount": 0,
                        "started": true,
                        "state": {
                            "running": {
                                "startedAt": "2026-10-05T00:26:47Z"
                            }
                        },
                        "user": {
                            "linux": {
                                "gid": 10001,
                                "supplementalGroups": [
                                    10001
                                ],
                                "uid": 10001
                            }
                        },
                        "volumeMounts": [
                            {
                                "mountPath": "/run/secrets",
                                "name": "secrets",
                                "readOnly": true,
                                "recursiveReadOnly": "Disabled"
                            },
                            {
                                "mountPath": "/tmp",
                                "name": "tmp"
                            },
                            {
                                "mountPath": "/etc/nginx/nginx.conf",
                                "name": "config",
                                "readOnly": true,
                                "recursiveReadOnly": "Disabled"
                            }
                        ]
                    }
                ],
                "hostIP": "172.18.0.2",
                "hostIPs": [
                    {
                        "ip": "172.18.0.2"
                    }
                ],
                "observedGeneration": 1,
                "phase": "Running",
                "podIP": "10.244.1.238",
                "podIPs": [
                    {
                        "ip": "10.244.1.238"
                    }
                ],
                "qosClass": "Burstable",
                "resources": {
                    "limits": {
                        "cpu": "1",
                        "memory": "128Mi"
                    },
                    "requests": {
                        "memory": "64Mi"
                    }
                },
                "startTime": "2026-10-05T00:26:43Z"
            }
        },
        {
            "apiVersion": "v1",
            "kind": "Pod",
            "metadata": {
                "creationTimestamp": "2026-10-05T00:26:43Z",
                "generateName": "lifecycle-6d7fc98d9d-",
                "generation": 1,
                "labels": {
                    "app.kubernetes.io/part-of": "p01-foundation",
                    "p01.role": "app",
                    "p01.service": "lifecycle",
                    "pod-template-hash": "6d7fc98d9d"
                },
                "name": "lifecycle-6d7fc98d9d-schhw",
                "namespace": "p01-c9c202786437-601e9835",
                "ownerReferences": [
                    {
                        "apiVersion": "apps/v1",
                        "blockOwnerDeletion": true,
                        "controller": true,
                        "kind": "ReplicaSet",
                        "name": "lifecycle-6d7fc98d9d",
                        "uid": "d9d778d2-1285-41dc-84b4-936acdef0b9f"
                    }
                ],
                "resourceVersion": "2308",
                "uid": "17b5a7f5-a71a-40d5-9c51-9bc61aecc57b"
            },
            "spec": {
                "automountServiceAccountToken": false,
                "containers": [
                    {
                        "command": [
                            "/opt/venv/bin/lifecycle-serve"
                        ],
                        "env": [
                            {
                                "name": "APP_DEBUG",
                                "value": "false"
                            },
                            {
                                "name": "APP_ENV",
                                "value": "production"
                            },
                            {
                                "name": "DB_DATABASE",
                                "value": "lifecycle"
                            },
                            {
                                "name": "DB_HOST",
                                "value": "postgres"
                            },
                            {
                                "name": "DB_PASSWORD_FILE",
                                "value": "/run/secrets/db-password"
                            },
                            {
                                "name": "DB_PORT",
                                "value": "5432"
                            },
                            {
                                "name": "DB_SSLMODE",
                                "value": "verify-full"
                            },
                            {
                                "name": "DB_SSLROOTCERT",
                                "value": "/run/secrets/ca.crt"
                            },
                            {
                                "name": "DB_USERNAME",
                                "value": "lifecycle_runtime"
                            },
                            {
                                "name": "HEALTH_TOKEN_FILE",
                                "value": "/run/secrets/health-token"
                            }
                        ],
                        "image": "p01.local/lifecycle:sha256-9fe13521b72e60c999fd83240c8f859c97dd5da264269fbb4d98c13679914a6c",
                        "imagePullPolicy": "Never",
                        "livenessProbe": {
                            "failureThreshold": 3,
                            "periodSeconds": 10,
                            "successThreshold": 1,
                            "tcpSocket": {
                                "port": 8080
                            },
                            "timeoutSeconds": 2
                        },
                        "name": "lifecycle",
                        "readinessProbe": {
                            "exec": {
                                "command": [
                                    "/opt/venv/bin/python",
                                    "-c",
                                    "import pathlib,urllib.request; token=pathlib.Path('/run/secrets/health-token').read_text().strip(); request=urllib.request.Request('http://127.0.0.1:8080/health/dependencies', headers={'Authorization':'Bearer '+token}); response=urllib.request.urlopen(request,timeout=5); raise SystemExit(0 if response.status==200 else 1)"
                                ]
                            },
                            "failureThreshold": 1,
                            "periodSeconds": 10,
                            "successThreshold": 1,
                            "timeoutSeconds": 8
                        },
                        "resources": {
                            "limits": {
                                "cpu": "1",
                                "memory": "256Mi"
                            },
                            "requests": {
                                "cpu": "25m",
                                "memory": "64Mi"
                            }
                        },
                        "securityContext": {
                            "allowPrivilegeEscalation": false,
                            "capabilities": {
                                "drop": [
                                    "ALL"
                                ]
                            },
                            "readOnlyRootFilesystem": true,
                            "runAsGroup": 10001,
                            "runAsNonRoot": true,
                            "runAsUser": 10001
                        },
                        "startupProbe": {
                            "failureThreshold": 60,
                            "periodSeconds": 2,
                            "successThreshold": 1,
                            "tcpSocket": {
                                "port": 8080
                            },
                            "timeoutSeconds": 1
                        },
                        "terminationMessagePath": "/dev/termination-log",
                        "terminationMessagePolicy": "File",
                        "volumeMounts": [
                            {
                                "mountPath": "/run/secrets",
                                "name": "secrets",
                                "readOnly": true
                            },
                            {
                                "mountPath": "/tmp",
                                "name": "tmp"
                            }
                        ]
                    }
                ],
                "dnsPolicy": "ClusterFirst",
                "enableServiceLinks": false,
                "nodeName": "p01-c9c202786437-601e9835-worker",
                "preemptionPolicy": "PreemptLowerPriority",
                "priority": 0,
                "restartPolicy": "Always",
                "schedulerName": "default-scheduler",
                "securityContext": {
                    "fsGroup": 10001,
                    "runAsGroup": 10001,
                    "runAsNonRoot": true,
                    "runAsUser": 10001,
                    "seccompProfile": {
                        "type": "RuntimeDefault"
                    }
                },
                "serviceAccount": "lifecycle",
                "serviceAccountName": "lifecycle",
                "terminationGracePeriodSeconds": 30,
                "tolerations": [
                    {
                        "effect": "NoExecute",
                        "key": "node.kubernetes.io/not-ready",
                        "operator": "Exists",
                        "tolerationSeconds": 300
                    },
                    {
                        "effect": "NoExecute",
                        "key": "node.kubernetes.io/unreachable",
                        "operator": "Exists",
                        "tolerationSeconds": 300
                    }
                ],
                "volumes": [
                    {
                        "name": "secrets",
                        "secret": {
                            "defaultMode": 292,
                            "secretName": "lifecycle-runtime"
                        }
                    },
                    {
                        "emptyDir": {
                            "medium": "Memory",
                            "sizeLimit": "32Mi"
                        },
                        "name": "tmp"
                    }
                ]
            },
            "status": {
                "allocatedResources": {
                    "cpu": "25m",
                    "memory": "64Mi"
                },
                "conditions": [
                    {
                        "lastProbeTime": null,
                        "lastTransitionTime": "2026-10-05T00:26:46Z",
                        "observedGeneration": 1,
                        "status": "True",
                        "type": "PodReadyToStartContainers"
                    },
                    {
                        "lastProbeTime": null,
                        "lastTransitionTime": "2026-10-05T00:26:43Z",
                        "observedGeneration": 1,
                        "status": "True",
                        "type": "Initialized"
                    },
                    {
                        "lastProbeTime": null,
                        "lastTransitionTime": "2026-10-05T00:29:24Z",
                        "observedGeneration": 1,
                        "status": "True",
                        "type": "Ready"
                    },
                    {
                        "lastProbeTime": null,
                        "lastTransitionTime": "2026-10-05T00:29:24Z",
                        "observedGeneration": 1,
                        "status": "True",
                        "type": "ContainersReady"
                    },
                    {
                        "lastProbeTime": null,
                        "lastTransitionTime": "2026-10-05T00:26:43Z",
                        "observedGeneration": 1,
                        "status": "True",
                        "type": "PodScheduled"
                    }
                ],
                "containerStatuses": [
                    {
                        "allocatedResources": {
                            "cpu": "25m",
                            "memory": "64Mi"
                        },
                        "containerID": "containerd://9e946f36af61dab7240b6906ede7a00dd91d724bf1fd68655d163fe5a64fed12",
                        "image": "p01.local/lifecycle:sha256-9fe13521b72e60c999fd83240c8f859c97dd5da264269fbb4d98c13679914a6c",
                        "imageID": "docker.io/library/import-2026-10-05@sha256:ce264a7946dfcdae31e225adcde82126f76168df53de4d0342a6b157dbdd7788",
                        "lastState": {},
                        "name": "lifecycle",
                        "ready": true,
                        "resources": {
                            "limits": {
                                "cpu": "1",
                                "memory": "256Mi"
                            },
                            "requests": {
                                "cpu": "25m",
                                "memory": "64Mi"
                            }
                        },
                        "restartCount": 0,
                        "started": true,
                        "state": {
                            "running": {
                                "startedAt": "2026-10-05T00:26:47Z"
                            }
                        },
                        "user": {
                            "linux": {
                                "gid": 10001,
                                "supplementalGroups": [
                                    10001
                                ],
                                "uid": 10001
                            }
                        },
                        "volumeMounts": [
                            {
                                "mountPath": "/run/secrets",
                                "name": "secrets",
                                "readOnly": true,
                                "recursiveReadOnly": "Disabled"
                            },
                            {
                                "mountPath": "/tmp",
                                "name": "tmp"
                            }
                        ]
                    }
                ],
                "hostIP": "172.18.0.2",
                "hostIPs": [
                    {
                        "ip": "172.18.0.2"
                    }
                ],
                "observedGeneration": 1,
                "phase": "Running",
                "podIP": "10.244.1.166",
                "podIPs": [
                    {
                        "ip": "10.244.1.166"
                    }
                ],
                "qosClass": "Burstable",
                "resources": {
                    "limits": {
                        "cpu": "1",
                        "memory": "256Mi"
                    },
                    "requests": {
                        "memory": "64Mi"
                    }
                },
                "startTime": "2026-10-05T00:26:43Z"
            }
        },
        {
            "apiVersion": "v1",
            "kind": "Pod",
            "metadata": {
                "creationTimestamp": "2026-10-05T00:26:55Z",
                "generateName": "lifecycle-migrator-",
                "generation": 1,
                "labels": {
                    "app.kubernetes.io/part-of": "p01-foundation",
                    "batch.kubernetes.io/controller-uid": "cde2432f-d151-4188-934d-d2017f2f7fc2",
                    "batch.kubernetes.io/job-name": "lifecycle-migrator",
                    "controller-uid": "cde2432f-d151-4188-934d-d2017f2f7fc2",
                    "job-name": "lifecycle-migrator",
                    "p01.role": "migrator",
                    "p01.service": "lifecycle"
                },
                "name": "lifecycle-migrator-pxcqr",
                "namespace": "p01-c9c202786437-601e9835",
                "ownerReferences": [
                    {
                        "apiVersion": "batch/v1",
                        "blockOwnerDeletion": true,
                        "controller": true,
                        "kind": "Job",
                        "name": "lifecycle-migrator",
                        "uid": "cde2432f-d151-4188-934d-d2017f2f7fc2"
                    }
                ],
                "resourceVersion": "1698",
                "uid": "25129a5a-83ed-4cbd-a843-73a02f210b44"
            },
            "spec": {
                "automountServiceAccountToken": false,
                "containers": [
                    {
                        "command": [
                            "/bin/sh",
                            "-ec",
                            "export PGPASSWORD=\"$(cat /run/secrets/db-password)\"; exec psql -X --quiet --set=ON_ERROR_STOP=1 --set=owner=lifecycle_owner --set=runtime=lifecycle_runtime \"host=postgres port=5432 dbname=lifecycle user=lifecycle_migrator sslmode=verify-full sslrootcert=/run/secrets/ca.crt connect_timeout=3\" --file=/opt/foundation/migrate.sql"
                        ],
                        "image": "p01.local/postgres:manifest-sha256-9e73daeb439141c2b11eea2463f5f1a3b269fd90d897b41cddb7cb440f21aa5d",
                        "imagePullPolicy": "Never",
                        "name": "migrate",
                        "resources": {
                            "limits": {
                                "cpu": "1",
                                "memory": "256Mi"
                            },
                            "requests": {
                                "cpu": "25m",
                                "memory": "64Mi"
                            }
                        },
                        "securityContext": {
                            "allowPrivilegeEscalation": false,
                            "capabilities": {
                                "drop": [
                                    "ALL"
                                ]
                            },
                            "readOnlyRootFilesystem": true,
                            "runAsGroup": 10001,
                            "runAsNonRoot": true,
                            "runAsUser": 10001
                        },
                        "terminationMessagePath": "/dev/termination-log",
                        "terminationMessagePolicy": "File",
                        "volumeMounts": [
                            {
                                "mountPath": "/run/secrets",
                                "name": "secrets",
                                "readOnly": true
                            },
                            {
                                "mountPath": "/opt/foundation/migrate.sql",
                                "name": "migration",
                                "readOnly": true,
                                "subPath": "migrate.sql"
                            }
                        ]
                    }
                ],
                "dnsPolicy": "ClusterFirst",
                "enableServiceLinks": false,
                "nodeName": "p01-c9c202786437-601e9835-worker",
                "preemptionPolicy": "PreemptLowerPriority",
                "priority": 0,
                "restartPolicy": "Never",
                "schedulerName": "default-scheduler",
                "securityContext": {
                    "fsGroup": 10001,
                    "runAsGroup": 10001,
                    "runAsNonRoot": true,
                    "runAsUser": 10001,
                    "seccompProfile": {
                        "type": "RuntimeDefault"
                    }
                },
                "serviceAccount": "lifecycle-migrator",
                "serviceAccountName": "lifecycle-migrator",
                "terminationGracePeriodSeconds": 30,
                "tolerations": [
                    {
                        "effect": "NoExecute",
                        "key": "node.kubernetes.io/not-ready",
                        "operator": "Exists",
                        "tolerationSeconds": 300
                    },
                    {
                        "effect": "NoExecute",
                        "key": "node.kubernetes.io/unreachable",
                        "operator": "Exists",
                        "tolerationSeconds": 300
                    }
                ],
                "volumes": [
                    {
                        "name": "secrets",
                        "secret": {
                            "defaultMode": 292,
                            "secretName": "lifecycle-migration"
                        }
                    },
                    {
                        "configMap": {
                            "defaultMode": 420,
                            "name": "postgres-scripts"
                        },
                        "name": "migration"
                    }
                ]
            },
            "status": {
                "allocatedResources": {
                    "cpu": "25m",
                    "memory": "64Mi"
                },
                "conditions": [
                    {
                        "lastProbeTime": null,
                        "lastTransitionTime": "2026-10-05T00:26:58Z",
                        "observedGeneration": 1,
                        "status": "False",
                        "type": "PodReadyToStartContainers"
                    },
                    {
                        "lastProbeTime": null,
                        "lastTransitionTime": "2026-10-05T00:26:55Z",
                        "observedGeneration": 1,
                        "reason": "PodCompleted",
                        "status": "True",
                        "type": "Initialized"
                    },
                    {
                        "lastProbeTime": null,
                        "lastTransitionTime": "2026-10-05T00:26:56Z",
                        "observedGeneration": 1,
                        "reason": "PodCompleted",
                        "status": "False",
                        "type": "Ready"
                    },
                    {
                        "lastProbeTime": null,
                        "lastTransitionTime": "2026-10-05T00:26:56Z",
                        "observedGeneration": 1,
                        "reason": "PodCompleted",
                        "status": "False",
                        "type": "ContainersReady"
                    },
                    {
                        "lastProbeTime": null,
                        "lastTransitionTime": "2026-10-05T00:26:55Z",
                        "observedGeneration": 1,
                        "status": "True",
                        "type": "PodScheduled"
                    }
                ],
                "containerStatuses": [
                    {
                        "allocatedResources": {
                            "cpu": "25m",
                            "memory": "64Mi"
                        },
                        "containerID": "containerd://98969d926947259e1f5bda425a714b226806af85a1e50b4d046831faa283343c",
                        "image": "p01.local/postgres:manifest-sha256-9e73daeb439141c2b11eea2463f5f1a3b269fd90d897b41cddb7cb440f21aa5d",
                        "imageID": "docker.io/library/import-2026-10-05@sha256:a73366f9c26d0167be14b0a23ba05e7d044534d10215b1017fe8b34946867e8c",
                        "lastState": {},
                        "name": "migrate",
                        "ready": false,
                        "resources": {
                            "limits": {
                                "cpu": "1",
                                "memory": "256Mi"
                            },
                            "requests": {
                                "cpu": "25m",
                                "memory": "64Mi"
                            }
                        },
                        "restartCount": 0,
                        "started": false,
                        "state": {
                            "terminated": {
                                "containerID": "containerd://98969d926947259e1f5bda425a714b226806af85a1e50b4d046831faa283343c",
                                "exitCode": 0,
                                "finishedAt": "2026-10-05T00:26:56Z",
                                "reason": "Completed",
                                "startedAt": "2026-10-05T00:26:56Z"
                            }
                        },
                        "user": {
                            "linux": {
                                "gid": 10001,
                                "supplementalGroups": [
                                    10001
                                ],
                                "uid": 10001
                            }
                        },
                        "volumeMounts": [
                            {
                                "mountPath": "/run/secrets",
                                "name": "secrets",
                                "readOnly": true,
                                "recursiveReadOnly": "Disabled"
                            },
                            {
                                "mountPath": "/opt/foundation/migrate.sql",
                                "name": "migration",
                                "readOnly": true,
                                "recursiveReadOnly": "Disabled"
                            }
                        ]
                    }
                ],
                "hostIP": "172.18.0.2",
                "hostIPs": [
                    {
                        "ip": "172.18.0.2"
                    }
                ],
                "observedGeneration": 1,
                "phase": "Succeeded",
                "podIP": "10.244.1.182",
                "podIPs": [
                    {
                        "ip": "10.244.1.182"
                    }
                ],
                "qosClass": "Burstable",
                "resources": {
                    "limits": {
                        "cpu": "1",
                        "memory": "256Mi"
                    },
                    "requests": {
                        "memory": "64Mi"
                    }
                },
                "startTime": "2026-10-05T00:26:55Z"
            }
        },
        {
            "apiVersion": "v1",
            "kind": "Pod",
            "metadata": {
                "creationTimestamp": "2026-10-05T00:27:02Z",
                "generateName": "lifecycle-probe-85875cf7f5-",
                "generation": 1,
                "labels": {
                    "app.kubernetes.io/part-of": "p01-foundation",
                    "p01.role": "probe",
                    "p01.service": "lifecycle",
                    "pod-template-hash": "85875cf7f5"
                },
                "name": "lifecycle-probe-85875cf7f5-qsc2z",
                "namespace": "p01-c9c202786437-601e9835",
                "ownerReferences": [
                    {
                        "apiVersion": "apps/v1",
                        "blockOwnerDeletion": true,
                        "controller": true,
                        "kind": "ReplicaSet",
                        "name": "lifecycle-probe-85875cf7f5",
                        "uid": "7d1ce57a-55d8-46e9-baf0-ca9fde1c3ac0"
                    }
                ],
                "resourceVersion": "2020",
                "uid": "087ffa8b-5972-4bc3-8ff1-033747578200"
            },
            "spec": {
                "automountServiceAccountToken": false,
                "containers": [
                    {
                        "command": [
                            "/opt/venv/bin/python",
                            "-I",
                            "-c",
                            "import time; time.sleep(2400)"
                        ],
                        "image": "p01.local/planning:sha256-52274917612cd7b22ea729c339292a2602bf2445241efaa2c90079a8f2527f7e",
                        "imagePullPolicy": "Never",
                        "name": "probe",
                        "resources": {
                            "limits": {
                                "cpu": "250m",
                                "memory": "128Mi"
                            },
                            "requests": {
                                "cpu": "10m",
                                "memory": "32Mi"
                            }
                        },
                        "securityContext": {
                            "allowPrivilegeEscalation": false,
                            "capabilities": {
                                "drop": [
                                    "ALL"
                                ]
                            },
                            "readOnlyRootFilesystem": true
                        },
                        "terminationMessagePath": "/dev/termination-log",
                        "terminationMessagePolicy": "File",
                        "volumeMounts": [
                            {
                                "mountPath": "/run/secrets",
                                "name": "health",
                                "readOnly": true
                            }
                        ]
                    }
                ],
                "dnsPolicy": "ClusterFirst",
                "enableServiceLinks": false,
                "nodeName": "p01-c9c202786437-601e9835-worker",
                "preemptionPolicy": "PreemptLowerPriority",
                "priority": 0,
                "restartPolicy": "Always",
                "schedulerName": "default-scheduler",
                "securityContext": {
                    "runAsGroup": 10001,
                    "runAsNonRoot": true,
                    "runAsUser": 10001,
                    "seccompProfile": {
                        "type": "RuntimeDefault"
                    }
                },
                "serviceAccount": "lifecycle-probe",
                "serviceAccountName": "lifecycle-probe",
                "terminationGracePeriodSeconds": 30,
                "tolerations": [
                    {
                        "effect": "NoExecute",
                        "key": "node.kubernetes.io/not-ready",
                        "operator": "Exists",
                        "tolerationSeconds": 300
                    },
                    {
                        "effect": "NoExecute",
                        "key": "node.kubernetes.io/unreachable",
                        "operator": "Exists",
                        "tolerationSeconds": 300
                    }
                ],
                "volumes": [
                    {
                        "name": "health",
                        "secret": {
                            "defaultMode": 292,
                            "items": [
                                {
                                    "key": "ca.crt",
                                    "path": "ca.crt"
                                },
                                {
                                    "key": "health-token",
                                    "path": "health-token"
                                }
                            ],
                            "secretName": "lifecycle-runtime"
                        }
                    }
                ]
            },
            "status": {
                "allocatedResources": {
                    "cpu": "10m",
                    "memory": "32Mi"
                },
                "conditions": [
                    {
                        "lastProbeTime": null,
                        "lastTransitionTime": "2026-10-05T00:27:03Z",
                        "observedGeneration": 1,
                        "status": "True",
                        "type": "PodReadyToStartContainers"
                    },
                    {
                        "lastProbeTime": null,
                        "lastTransitionTime": "2026-10-05T00:27:02Z",
                        "observedGeneration": 1,
                        "status": "True",
                        "type": "Initialized"
                    },
                    {
                        "lastProbeTime": null,
                        "lastTransitionTime": "2026-10-05T00:27:03Z",
                        "observedGeneration": 1,
                        "status": "True",
                        "type": "Ready"
                    },
                    {
                        "lastProbeTime": null,
                        "lastTransitionTime": "2026-10-05T00:27:03Z",
                        "observedGeneration": 1,
                        "status": "True",
                        "type": "ContainersReady"
                    },
                    {
                        "lastProbeTime": null,
                        "lastTransitionTime": "2026-10-05T00:27:02Z",
                        "observedGeneration": 1,
                        "status": "True",
                        "type": "PodScheduled"
                    }
                ],
                "containerStatuses": [
                    {
                        "allocatedResources": {
                            "cpu": "10m",
                            "memory": "32Mi"
                        },
                        "containerID": "containerd://ffab7554394ac4aefecd42c75a4b3b93c42ca71e78e4d9e82b2cd8a8511d89f6",
                        "image": "p01.local/planning:sha256-52274917612cd7b22ea729c339292a2602bf2445241efaa2c90079a8f2527f7e",
                        "imageID": "docker.io/library/import-2026-10-05@sha256:ed595de7122dc595d5feec7f1cc1a0c578e89d55f02ff5b232126bc583bf5d1d",
                        "lastState": {},
                        "name": "probe",
                        "ready": true,
                        "resources": {
                            "limits": {
                                "cpu": "250m",
                                "memory": "128Mi"
                            },
                            "requests": {
                                "cpu": "10m",
                                "memory": "32Mi"
                            }
                        },
                        "restartCount": 0,
                        "started": true,
                        "state": {
                            "running": {
                                "startedAt": "2026-10-05T00:27:03Z"
                            }
                        },
                        "user": {
                            "linux": {
                                "gid": 10001,
                                "supplementalGroups": [
                                    10001
                                ],
                                "uid": 10001
                            }
                        },
                        "volumeMounts": [
                            {
                                "mountPath": "/run/secrets",
                                "name": "health",
                                "readOnly": true,
                                "recursiveReadOnly": "Disabled"
                            }
                        ]
                    }
                ],
                "hostIP": "172.18.0.2",
                "hostIPs": [
                    {
                        "ip": "172.18.0.2"
                    }
                ],
                "observedGeneration": 1,
                "phase": "Running",
                "podIP": "10.244.1.120",
                "podIPs": [
                    {
                        "ip": "10.244.1.120"
                    }
                ],
                "qosClass": "Burstable",
                "resources": {
                    "limits": {
                        "cpu": "250m",
                        "memory": "128Mi"
                    },
                    "requests": {
                        "memory": "32Mi"
                    }
                },
                "startTime": "2026-10-05T00:27:02Z"
            }
        },
        {
            "apiVersion": "v1",
            "kind": "Pod",
            "metadata": {
                "creationTimestamp": "2026-10-05T00:26:43Z",
                "generateName": "lifecycle-proxy-5544f47567-",
                "generation": 1,
                "labels": {
                    "app.kubernetes.io/part-of": "p01-foundation",
                    "p01.role": "proxy",
                    "p01.service": "lifecycle",
                    "pod-template-hash": "5544f47567"
                },
                "name": "lifecycle-proxy-5544f47567-hj6dt",
                "namespace": "p01-c9c202786437-601e9835",
                "ownerReferences": [
                    {
                        "apiVersion": "apps/v1",
                        "blockOwnerDeletion": true,
                        "controller": true,
                        "kind": "ReplicaSet",
                        "name": "lifecycle-proxy-5544f47567",
                        "uid": "01a867dd-e52e-46b5-8ed3-d2f1648cc68a"
                    }
                ],
                "resourceVersion": "1468",
                "uid": "78d032c4-1d8d-437c-8b0d-d02d4b77d418"
            },
            "spec": {
                "automountServiceAccountToken": false,
                "containers": [
                    {
                        "args": [
                            "-g",
                            "daemon off;"
                        ],
                        "command": [
                            "/usr/sbin/nginx"
                        ],
                        "image": "p01.local/nginx:manifest-sha256-3d2f995522ddb52c3a4eb8008b8fa26f184f7146851df1da831f88885ac40aae",
                        "imagePullPolicy": "Never",
                        "livenessProbe": {
                            "failureThreshold": 3,
                            "periodSeconds": 10,
                            "successThreshold": 1,
                            "tcpSocket": {
                                "port": 8443
                            },
                            "timeoutSeconds": 2
                        },
                        "name": "lifecycle-proxy",
                        "readinessProbe": {
                            "failureThreshold": 3,
                            "periodSeconds": 5,
                            "successThreshold": 1,
                            "tcpSocket": {
                                "port": 8443
                            },
                            "timeoutSeconds": 2
                        },
                        "resources": {
                            "limits": {
                                "cpu": "1",
                                "memory": "128Mi"
                            },
                            "requests": {
                                "cpu": "25m",
                                "memory": "64Mi"
                            }
                        },
                        "securityContext": {
                            "allowPrivilegeEscalation": false,
                            "capabilities": {
                                "drop": [
                                    "ALL"
                                ]
                            },
                            "readOnlyRootFilesystem": true,
                            "runAsGroup": 10001,
                            "runAsNonRoot": true,
                            "runAsUser": 10001
                        },
                        "terminationMessagePath": "/dev/termination-log",
                        "terminationMessagePolicy": "File",
                        "volumeMounts": [
                            {
                                "mountPath": "/run/secrets",
                                "name": "secrets",
                                "readOnly": true
                            },
                            {
                                "mountPath": "/tmp",
                                "name": "tmp"
                            },
                            {
                                "mountPath": "/etc/nginx/nginx.conf",
                                "name": "config",
                                "readOnly": true,
                                "subPath": "nginx.conf"
                            }
                        ]
                    }
                ],
                "dnsPolicy": "ClusterFirst",
                "enableServiceLinks": false,
                "nodeName": "p01-c9c202786437-601e9835-worker",
                "preemptionPolicy": "PreemptLowerPriority",
                "priority": 0,
                "restartPolicy": "Always",
                "schedulerName": "default-scheduler",
                "securityContext": {
                    "fsGroup": 10001,
                    "runAsGroup": 10001,
                    "runAsNonRoot": true,
                    "runAsUser": 10001,
                    "seccompProfile": {
                        "type": "RuntimeDefault"
                    }
                },
                "serviceAccount": "lifecycle-proxy",
                "serviceAccountName": "lifecycle-proxy",
                "terminationGracePeriodSeconds": 30,
                "tolerations": [
                    {
                        "effect": "NoExecute",
                        "key": "node.kubernetes.io/not-ready",
                        "operator": "Exists",
                        "tolerationSeconds": 300
                    },
                    {
                        "effect": "NoExecute",
                        "key": "node.kubernetes.io/unreachable",
                        "operator": "Exists",
                        "tolerationSeconds": 300
                    }
                ],
                "volumes": [
                    {
                        "name": "secrets",
                        "secret": {
                            "defaultMode": 292,
                            "secretName": "lifecycle-tls"
                        }
                    },
                    {
                        "emptyDir": {
                            "medium": "Memory",
                            "sizeLimit": "32Mi"
                        },
                        "name": "tmp"
                    },
                    {
                        "configMap": {
                            "defaultMode": 420,
                            "name": "lifecycle-proxy"
                        },
                        "name": "config"
                    }
                ]
            },
            "status": {
                "allocatedResources": {
                    "cpu": "25m",
                    "memory": "64Mi"
                },
                "conditions": [
                    {
                        "lastProbeTime": null,
                        "lastTransitionTime": "2026-10-05T00:26:47Z",
                        "observedGeneration": 1,
                        "status": "True",
                        "type": "PodReadyToStartContainers"
                    },
                    {
                        "lastProbeTime": null,
                        "lastTransitionTime": "2026-10-05T00:26:43Z",
                        "observedGeneration": 1,
                        "status": "True",
                        "type": "Initialized"
                    },
                    {
                        "lastProbeTime": null,
                        "lastTransitionTime": "2026-10-05T00:26:47Z",
                        "observedGeneration": 1,
                        "status": "True",
                        "type": "Ready"
                    },
                    {
                        "lastProbeTime": null,
                        "lastTransitionTime": "2026-10-05T00:26:47Z",
                        "observedGeneration": 1,
                        "status": "True",
                        "type": "ContainersReady"
                    },
                    {
                        "lastProbeTime": null,
                        "lastTransitionTime": "2026-10-05T00:26:43Z",
                        "observedGeneration": 1,
                        "status": "True",
                        "type": "PodScheduled"
                    }
                ],
                "containerStatuses": [
                    {
                        "allocatedResources": {
                            "cpu": "25m",
                            "memory": "64Mi"
                        },
                        "containerID": "containerd://5d0f1bc0d85fe79b203c556f38a4f9a45d14852e6156d74dab0be8e8530b2757",
                        "image": "p01.local/nginx:manifest-sha256-3d2f995522ddb52c3a4eb8008b8fa26f184f7146851df1da831f88885ac40aae",
                        "imageID": "docker.io/library/import-2026-10-05@sha256:5c7e4ac215c73965ec024805e7feb2f942e4570d89003814734678eb756ea3de",
                        "lastState": {},
                        "name": "lifecycle-proxy",
                        "ready": true,
                        "resources": {
                            "limits": {
                                "cpu": "1",
                                "memory": "128Mi"
                            },
                            "requests": {
                                "cpu": "25m",
                                "memory": "64Mi"
                            }
                        },
                        "restartCount": 0,
                        "started": true,
                        "state": {
                            "running": {
                                "startedAt": "2026-10-05T00:26:47Z"
                            }
                        },
                        "user": {
                            "linux": {
                                "gid": 10001,
                                "supplementalGroups": [
                                    10001
                                ],
                                "uid": 10001
                            }
                        },
                        "volumeMounts": [
                            {
                                "mountPath": "/run/secrets",
                                "name": "secrets",
                                "readOnly": true,
                                "recursiveReadOnly": "Disabled"
                            },
                            {
                                "mountPath": "/tmp",
                                "name": "tmp"
                            },
                            {
                                "mountPath": "/etc/nginx/nginx.conf",
                                "name": "config",
                                "readOnly": true,
                                "recursiveReadOnly": "Disabled"
                            }
                        ]
                    }
                ],
                "hostIP": "172.18.0.2",
                "hostIPs": [
                    {
                        "ip": "172.18.0.2"
                    }
                ],
                "observedGeneration": 1,
                "phase": "Running",
                "podIP": "10.244.1.186",
                "podIPs": [
                    {
                        "ip": "10.244.1.186"
                    }
                ],
                "qosClass": "Burstable",
                "resources": {
                    "limits": {
                        "cpu": "1",
                        "memory": "128Mi"
                    },
                    "requests": {
                        "memory": "64Mi"
                    }
                },
                "startTime": "2026-10-05T00:26:43Z"
            }
        },
        {
            "apiVersion": "v1",
            "kind": "Pod",
            "metadata": {
                "creationTimestamp": "2026-10-05T00:26:42Z",
                "generateName": "planning-c985ff4f9-",
                "generation": 1,
                "labels": {
                    "app.kubernetes.io/part-of": "p01-foundation",
                    "p01.role": "app",
                    "p01.service": "planning",
                    "pod-template-hash": "c985ff4f9"
                },
                "name": "planning-c985ff4f9-bjztz",
                "namespace": "p01-c9c202786437-601e9835",
                "ownerReferences": [
                    {
                        "apiVersion": "apps/v1",
                        "blockOwnerDeletion": true,
                        "controller": true,
                        "kind": "ReplicaSet",
                        "name": "planning-c985ff4f9",
                        "uid": "621ebf7c-8eb1-46a5-b270-b79f2dd94e70"
                    }
                ],
                "resourceVersion": "2300",
                "uid": "febbb022-7672-44a5-828f-fbd32e1bb977"
            },
            "spec": {
                "automountServiceAccountToken": false,
                "containers": [
                    {
                        "command": [
                            "/opt/venv/bin/planning-serve"
                        ],
                        "env": [
                            {
                                "name": "APP_DEBUG",
                                "value": "false"
                            },
                            {
                                "name": "APP_ENV",
                                "value": "production"
                            },
                            {
                                "name": "DB_DATABASE",
                                "value": "planning"
                            },
                            {
                                "name": "DB_HOST",
                                "value": "postgres"
                            },
                            {
                                "name": "DB_PASSWORD_FILE",
                                "value": "/run/secrets/db-password"
                            },
                            {
                                "name": "DB_PORT",
                                "value": "5432"
                            },
                            {
                                "name": "DB_SSLMODE",
                                "value": "verify-full"
                            },
                            {
                                "name": "DB_SSLROOTCERT",
                                "value": "/run/secrets/ca.crt"
                            },
                            {
                                "name": "DB_USERNAME",
                                "value": "planning_runtime"
                            },
                            {
                                "name": "HEALTH_TOKEN_FILE",
                                "value": "/run/secrets/health-token"
                            }
                        ],
                        "image": "p01.local/planning:sha256-52274917612cd7b22ea729c339292a2602bf2445241efaa2c90079a8f2527f7e",
                        "imagePullPolicy": "Never",
                        "livenessProbe": {
                            "failureThreshold": 3,
                            "periodSeconds": 10,
                            "successThreshold": 1,
                            "tcpSocket": {
                                "port": 8080
                            },
                            "timeoutSeconds": 2
                        },
                        "name": "planning",
                        "readinessProbe": {
                            "exec": {
                                "command": [
                                    "/opt/venv/bin/python",
                                    "-c",
                                    "import pathlib,urllib.request; token=pathlib.Path('/run/secrets/health-token').read_text().strip(); request=urllib.request.Request('http://127.0.0.1:8080/health/dependencies', headers={'Authorization':'Bearer '+token}); response=urllib.request.urlopen(request,timeout=5); raise SystemExit(0 if response.status==200 else 1)"
                                ]
                            },
                            "failureThreshold": 1,
                            "periodSeconds": 10,
                            "successThreshold": 1,
                            "timeoutSeconds": 8
                        },
                        "resources": {
                            "limits": {
                                "cpu": "1",
                                "memory": "256Mi"
                            },
                            "requests": {
                                "cpu": "25m",
                                "memory": "64Mi"
                            }
                        },
                        "securityContext": {
                            "allowPrivilegeEscalation": false,
                            "capabilities": {
                                "drop": [
                                    "ALL"
                                ]
                            },
                            "readOnlyRootFilesystem": true,
                            "runAsGroup": 10001,
                            "runAsNonRoot": true,
                            "runAsUser": 10001
                        },
                        "startupProbe": {
                            "failureThreshold": 60,
                            "periodSeconds": 2,
                            "successThreshold": 1,
                            "tcpSocket": {
                                "port": 8080
                            },
                            "timeoutSeconds": 1
                        },
                        "terminationMessagePath": "/dev/termination-log",
                        "terminationMessagePolicy": "File",
                        "volumeMounts": [
                            {
                                "mountPath": "/run/secrets",
                                "name": "secrets",
                                "readOnly": true
                            },
                            {
                                "mountPath": "/tmp",
                                "name": "tmp"
                            }
                        ]
                    }
                ],
                "dnsPolicy": "ClusterFirst",
                "enableServiceLinks": false,
                "nodeName": "p01-c9c202786437-601e9835-worker",
                "preemptionPolicy": "PreemptLowerPriority",
                "priority": 0,
                "restartPolicy": "Always",
                "schedulerName": "default-scheduler",
                "securityContext": {
                    "fsGroup": 10001,
                    "runAsGroup": 10001,
                    "runAsNonRoot": true,
                    "runAsUser": 10001,
                    "seccompProfile": {
                        "type": "RuntimeDefault"
                    }
                },
                "serviceAccount": "planning",
                "serviceAccountName": "planning",
                "terminationGracePeriodSeconds": 30,
                "tolerations": [
                    {
                        "effect": "NoExecute",
                        "key": "node.kubernetes.io/not-ready",
                        "operator": "Exists",
                        "tolerationSeconds": 300
                    },
                    {
                        "effect": "NoExecute",
                        "key": "node.kubernetes.io/unreachable",
                        "operator": "Exists",
                        "tolerationSeconds": 300
                    }
                ],
                "volumes": [
                    {
                        "name": "secrets",
                        "secret": {
                            "defaultMode": 292,
                            "secretName": "planning-runtime"
                        }
                    },
                    {
                        "emptyDir": {
                            "medium": "Memory",
                            "sizeLimit": "32Mi"
                        },
                        "name": "tmp"
                    }
                ]
            },
            "status": {
                "allocatedResources": {
                    "cpu": "25m",
                    "memory": "64Mi"
                },
                "conditions": [
                    {
                        "lastProbeTime": null,
                        "lastTransitionTime": "2026-10-05T00:26:44Z",
                        "observedGeneration": 1,
                        "status": "True",
                        "type": "PodReadyToStartContainers"
                    },
                    {
                        "lastProbeTime": null,
                        "lastTransitionTime": "2026-10-05T00:26:42Z",
                        "observedGeneration": 1,
                        "status": "True",
                        "type": "Initialized"
                    },
                    {
                        "lastProbeTime": null,
                        "lastTransitionTime": "2026-10-05T00:29:22Z",
                        "observedGeneration": 1,
                        "status": "True",
                        "type": "Ready"
                    },
                    {
                        "lastProbeTime": null,
                        "lastTransitionTime": "2026-10-05T00:29:22Z",
                        "observedGeneration": 1,
                        "status": "True",
                        "type": "ContainersReady"
                    },
                    {
                        "lastProbeTime": null,
                        "lastTransitionTime": "2026-10-05T00:26:42Z",
                        "observedGeneration": 1,
                        "status": "True",
                        "type": "PodScheduled"
                    }
                ],
                "containerStatuses": [
                    {
                        "allocatedResources": {
                            "cpu": "25m",
                            "memory": "64Mi"
                        },
                        "containerID": "containerd://442879d40c8b93de929a9e228cf4dd0767ef586268e2b7fb0ae703cf777e1db0",
                        "image": "p01.local/planning:sha256-52274917612cd7b22ea729c339292a2602bf2445241efaa2c90079a8f2527f7e",
                        "imageID": "docker.io/library/import-2026-10-05@sha256:ed595de7122dc595d5feec7f1cc1a0c578e89d55f02ff5b232126bc583bf5d1d",
                        "lastState": {},
                        "name": "planning",
                        "ready": true,
                        "resources": {
                            "limits": {
                                "cpu": "1",
                                "memory": "256Mi"
                            },
                            "requests": {
                                "cpu": "25m",
                                "memory": "64Mi"
                            }
                        },
                        "restartCount": 0,
                        "started": true,
                        "state": {
                            "running": {
                                "startedAt": "2026-10-05T00:26:45Z"
                            }
                        },
                        "user": {
                            "linux": {
                                "gid": 10001,
                                "supplementalGroups": [
                                    10001
                                ],
                                "uid": 10001
                            }
                        },
                        "volumeMounts": [
                            {
                                "mountPath": "/run/secrets",
                                "name": "secrets",
                                "readOnly": true,
                                "recursiveReadOnly": "Disabled"
                            },
                            {
                                "mountPath": "/tmp",
                                "name": "tmp"
                            }
                        ]
                    }
                ],
                "hostIP": "172.18.0.2",
                "hostIPs": [
                    {
                        "ip": "172.18.0.2"
                    }
                ],
                "observedGeneration": 1,
                "phase": "Running",
                "podIP": "10.244.1.20",
                "podIPs": [
                    {
                        "ip": "10.244.1.20"
                    }
                ],
                "qosClass": "Burstable",
                "resources": {
                    "limits": {
                        "cpu": "1",
                        "memory": "256Mi"
                    },
                    "requests": {
                        "memory": "64Mi"
                    }
                },
                "startTime": "2026-10-05T00:26:42Z"
            }
        },
        {
            "apiVersion": "v1",
            "kind": "Pod",
            "metadata": {
                "creationTimestamp": "2026-10-05T00:26:55Z",
                "generateName": "planning-migrator-",
                "generation": 1,
                "labels": {
                    "app.kubernetes.io/part-of": "p01-foundation",
                    "batch.kubernetes.io/controller-uid": "9909a8a8-7f97-4844-8b8b-2959be71ff25",
                    "batch.kubernetes.io/job-name": "planning-migrator",
                    "controller-uid": "9909a8a8-7f97-4844-8b8b-2959be71ff25",
                    "job-name": "planning-migrator",
                    "p01.role": "migrator",
                    "p01.service": "planning"
                },
                "name": "planning-migrator-z9nlf",
                "namespace": "p01-c9c202786437-601e9835",
                "ownerReferences": [
                    {
                        "apiVersion": "batch/v1",
                        "blockOwnerDeletion": true,
                        "controller": true,
                        "kind": "Job",
                        "name": "planning-migrator",
                        "uid": "9909a8a8-7f97-4844-8b8b-2959be71ff25"
                    }
                ],
                "resourceVersion": "1674",
                "uid": "45830b1d-6565-44b5-a31e-62aa9ef07b03"
            },
            "spec": {
                "automountServiceAccountToken": false,
                "containers": [
                    {
                        "command": [
                            "/bin/sh",
                            "-ec",
                            "export PGPASSWORD=\"$(cat /run/secrets/db-password)\"; exec psql -X --quiet --set=ON_ERROR_STOP=1 --set=owner=planning_owner --set=runtime=planning_runtime \"host=postgres port=5432 dbname=planning user=planning_migrator sslmode=verify-full sslrootcert=/run/secrets/ca.crt connect_timeout=3\" --file=/opt/foundation/migrate.sql"
                        ],
                        "image": "p01.local/postgres:manifest-sha256-9e73daeb439141c2b11eea2463f5f1a3b269fd90d897b41cddb7cb440f21aa5d",
                        "imagePullPolicy": "Never",
                        "name": "migrate",
                        "resources": {
                            "limits": {
                                "cpu": "1",
                                "memory": "256Mi"
                            },
                            "requests": {
                                "cpu": "25m",
                                "memory": "64Mi"
                            }
                        },
                        "securityContext": {
                            "allowPrivilegeEscalation": false,
                            "capabilities": {
                                "drop": [
                                    "ALL"
                                ]
                            },
                            "readOnlyRootFilesystem": true,
                            "runAsGroup": 10001,
                            "runAsNonRoot": true,
                            "runAsUser": 10001
                        },
                        "terminationMessagePath": "/dev/termination-log",
                        "terminationMessagePolicy": "File",
                        "volumeMounts": [
                            {
                                "mountPath": "/run/secrets",
                                "name": "secrets",
                                "readOnly": true
                            },
                            {
                                "mountPath": "/opt/foundation/migrate.sql",
                                "name": "migration",
                                "readOnly": true,
                                "subPath": "migrate.sql"
                            }
                        ]
                    }
                ],
                "dnsPolicy": "ClusterFirst",
                "enableServiceLinks": false,
                "nodeName": "p01-c9c202786437-601e9835-worker",
                "preemptionPolicy": "PreemptLowerPriority",
                "priority": 0,
                "restartPolicy": "Never",
                "schedulerName": "default-scheduler",
                "securityContext": {
                    "fsGroup": 10001,
                    "runAsGroup": 10001,
                    "runAsNonRoot": true,
                    "runAsUser": 10001,
                    "seccompProfile": {
                        "type": "RuntimeDefault"
                    }
                },
                "serviceAccount": "planning-migrator",
                "serviceAccountName": "planning-migrator",
                "terminationGracePeriodSeconds": 30,
                "tolerations": [
                    {
                        "effect": "NoExecute",
                        "key": "node.kubernetes.io/not-ready",
                        "operator": "Exists",
                        "tolerationSeconds": 300
                    },
                    {
                        "effect": "NoExecute",
                        "key": "node.kubernetes.io/unreachable",
                        "operator": "Exists",
                        "tolerationSeconds": 300
                    }
                ],
                "volumes": [
                    {
                        "name": "secrets",
                        "secret": {
                            "defaultMode": 292,
                            "secretName": "planning-migration"
                        }
                    },
                    {
                        "configMap": {
                            "defaultMode": 420,
                            "name": "postgres-scripts"
                        },
                        "name": "migration"
                    }
                ]
            },
            "status": {
                "allocatedResources": {
                    "cpu": "25m",
                    "memory": "64Mi"
                },
                "conditions": [
                    {
                        "lastProbeTime": null,
                        "lastTransitionTime": "2026-10-05T00:26:58Z",
                        "observedGeneration": 1,
                        "status": "False",
                        "type": "PodReadyToStartContainers"
                    },
                    {
                        "lastProbeTime": null,
                        "lastTransitionTime": "2026-10-05T00:26:55Z",
                        "observedGeneration": 1,
                        "reason": "PodCompleted",
                        "status": "True",
                        "type": "Initialized"
                    },
                    {
                        "lastProbeTime": null,
                        "lastTransitionTime": "2026-10-05T00:26:56Z",
                        "observedGeneration": 1,
                        "reason": "PodCompleted",
                        "status": "False",
                        "type": "Ready"
                    },
                    {
                        "lastProbeTime": null,
                        "lastTransitionTime": "2026-10-05T00:26:56Z",
                        "observedGeneration": 1,
                        "reason": "PodCompleted",
                        "status": "False",
                        "type": "ContainersReady"
                    },
                    {
                        "lastProbeTime": null,
                        "lastTransitionTime": "2026-10-05T00:26:55Z",
                        "observedGeneration": 1,
                        "status": "True",
                        "type": "PodScheduled"
                    }
                ],
                "containerStatuses": [
                    {
                        "allocatedResources": {
                            "cpu": "25m",
                            "memory": "64Mi"
                        },
                        "containerID": "containerd://70750b8b2d8d9ffc130c7db3d11f10ba0b92e70541cb8ce965f2171a9b90c94d",
                        "image": "p01.local/postgres:manifest-sha256-9e73daeb439141c2b11eea2463f5f1a3b269fd90d897b41cddb7cb440f21aa5d",
                        "imageID": "docker.io/library/import-2026-10-05@sha256:a73366f9c26d0167be14b0a23ba05e7d044534d10215b1017fe8b34946867e8c",
                        "lastState": {},
                        "name": "migrate",
                        "ready": false,
                        "resources": {
                            "limits": {
                                "cpu": "1",
                                "memory": "256Mi"
                            },
                            "requests": {
                                "cpu": "25m",
                                "memory": "64Mi"
                            }
                        },
                        "restartCount": 0,
                        "started": false,
                        "state": {
                            "terminated": {
                                "containerID": "containerd://70750b8b2d8d9ffc130c7db3d11f10ba0b92e70541cb8ce965f2171a9b90c94d",
                                "exitCode": 0,
                                "finishedAt": "2026-10-05T00:26:56Z",
                                "reason": "Completed",
                                "startedAt": "2026-10-05T00:26:56Z"
                            }
                        },
                        "user": {
                            "linux": {
                                "gid": 10001,
                                "supplementalGroups": [
                                    10001
                                ],
                                "uid": 10001
                            }
                        },
                        "volumeMounts": [
                            {
                                "mountPath": "/run/secrets",
                                "name": "secrets",
                                "readOnly": true,
                                "recursiveReadOnly": "Disabled"
                            },
                            {
                                "mountPath": "/opt/foundation/migrate.sql",
                                "name": "migration",
                                "readOnly": true,
                                "recursiveReadOnly": "Disabled"
                            }
                        ]
                    }
                ],
                "hostIP": "172.18.0.2",
                "hostIPs": [
                    {
                        "ip": "172.18.0.2"
                    }
                ],
                "observedGeneration": 1,
                "phase": "Succeeded",
                "podIP": "10.244.1.208",
                "podIPs": [
                    {
                        "ip": "10.244.1.208"
                    }
                ],
                "qosClass": "Burstable",
                "resources": {
                    "limits": {
                        "cpu": "1",
                        "memory": "256Mi"
                    },
                    "requests": {
                        "memory": "64Mi"
                    }
                },
                "startTime": "2026-10-05T00:26:55Z"
            }
        },
        {
            "apiVersion": "v1",
            "kind": "Pod",
            "metadata": {
                "creationTimestamp": "2026-10-05T00:27:02Z",
                "generateName": "planning-probe-66758d7d99-",
                "generation": 1,
                "labels": {
                    "app.kubernetes.io/part-of": "p01-foundation",
                    "p01.role": "probe",
                    "p01.service": "planning",
                    "pod-template-hash": "66758d7d99"
                },
                "name": "planning-probe-66758d7d99-b6hv9",
                "namespace": "p01-c9c202786437-601e9835",
                "ownerReferences": [
                    {
                        "apiVersion": "apps/v1",
                        "blockOwnerDeletion": true,
                        "controller": true,
                        "kind": "ReplicaSet",
                        "name": "planning-probe-66758d7d99",
                        "uid": "9acb306a-8404-4cd7-8ea0-6c214253c223"
                    }
                ],
                "resourceVersion": "2062",
                "uid": "6551dc4b-a701-49f8-b7e8-9ab5a0eec43a"
            },
            "spec": {
                "automountServiceAccountToken": false,
                "containers": [
                    {
                        "command": [
                            "/opt/venv/bin/python",
                            "-I",
                            "-c",
                            "import time; time.sleep(2400)"
                        ],
                        "image": "p01.local/planning:sha256-52274917612cd7b22ea729c339292a2602bf2445241efaa2c90079a8f2527f7e",
                        "imagePullPolicy": "Never",
                        "name": "probe",
                        "resources": {
                            "limits": {
                                "cpu": "250m",
                                "memory": "128Mi"
                            },
                            "requests": {
                                "cpu": "10m",
                                "memory": "32Mi"
                            }
                        },
                        "securityContext": {
                            "allowPrivilegeEscalation": false,
                            "capabilities": {
                                "drop": [
                                    "ALL"
                                ]
                            },
                            "readOnlyRootFilesystem": true
                        },
                        "terminationMessagePath": "/dev/termination-log",
                        "terminationMessagePolicy": "File",
                        "volumeMounts": [
                            {
                                "mountPath": "/run/secrets",
                                "name": "health",
                                "readOnly": true
                            }
                        ]
                    }
                ],
                "dnsPolicy": "ClusterFirst",
                "enableServiceLinks": false,
                "nodeName": "p01-c9c202786437-601e9835-worker",
                "preemptionPolicy": "PreemptLowerPriority",
                "priority": 0,
                "restartPolicy": "Always",
                "schedulerName": "default-scheduler",
                "securityContext": {
                    "runAsGroup": 10001,
                    "runAsNonRoot": true,
                    "runAsUser": 10001,
                    "seccompProfile": {
                        "type": "RuntimeDefault"
                    }
                },
                "serviceAccount": "planning-probe",
                "serviceAccountName": "planning-probe",
                "terminationGracePeriodSeconds": 30,
                "tolerations": [
                    {
                        "effect": "NoExecute",
                        "key": "node.kubernetes.io/not-ready",
                        "operator": "Exists",
                        "tolerationSeconds": 300
                    },
                    {
                        "effect": "NoExecute",
                        "key": "node.kubernetes.io/unreachable",
                        "operator": "Exists",
                        "tolerationSeconds": 300
                    }
                ],
                "volumes": [
                    {
                        "name": "health",
                        "secret": {
                            "defaultMode": 292,
                            "items": [
                                {
                                    "key": "ca.crt",
                                    "path": "ca.crt"
                                },
                                {
                                    "key": "health-token",
                                    "path": "health-token"
                                }
                            ],
                            "secretName": "planning-runtime"
                        }
                    }
                ]
            },
            "status": {
                "allocatedResources": {
                    "cpu": "10m",
                    "memory": "32Mi"
                },
                "conditions": [
                    {
                        "lastProbeTime": null,
                        "lastTransitionTime": "2026-10-05T00:27:03Z",
                        "observedGeneration": 1,
                        "status": "True",
                        "type": "PodReadyToStartContainers"
                    },
                    {
                        "lastProbeTime": null,
                        "lastTransitionTime": "2026-10-05T00:27:02Z",
                        "observedGeneration": 1,
                        "status": "True",
                        "type": "Initialized"
                    },
                    {
                        "lastProbeTime": null,
                        "lastTransitionTime": "2026-10-05T00:27:03Z",
                        "observedGeneration": 1,
                        "status": "True",
                        "type": "Ready"
                    },
                    {
                        "lastProbeTime": null,
                        "lastTransitionTime": "2026-10-05T00:27:03Z",
                        "observedGeneration": 1,
                        "status": "True",
                        "type": "ContainersReady"
                    },
                    {
                        "lastProbeTime": null,
                        "lastTransitionTime": "2026-10-05T00:27:02Z",
                        "observedGeneration": 1,
                        "status": "True",
                        "type": "PodScheduled"
                    }
                ],
                "containerStatuses": [
                    {
                        "allocatedResources": {
                            "cpu": "10m",
                            "memory": "32Mi"
                        },
                        "containerID": "containerd://cca24b1ef754356f41a1b937808dfd17ef36880cf0974e657fafd8b48d224541",
                        "image": "p01.local/planning:sha256-52274917612cd7b22ea729c339292a2602bf2445241efaa2c90079a8f2527f7e",
                        "imageID": "docker.io/library/import-2026-10-05@sha256:ed595de7122dc595d5feec7f1cc1a0c578e89d55f02ff5b232126bc583bf5d1d",
                        "lastState": {},
                        "name": "probe",
                        "ready": true,
                        "resources": {
                            "limits": {
                                "cpu": "250m",
                                "memory": "128Mi"
                            },
                            "requests": {
                                "cpu": "10m",
                                "memory": "32Mi"
                            }
                        },
                        "restartCount": 0,
                        "started": true,
                        "state": {
                            "running": {
                                "startedAt": "2026-10-05T00:27:03Z"
                            }
                        },
                        "user": {
                            "linux": {
                                "gid": 10001,
                                "supplementalGroups": [
                                    10001
                                ],
                                "uid": 10001
                            }
                        },
                        "volumeMounts": [
                            {
                                "mountPath": "/run/secrets",
                                "name": "health",
                                "readOnly": true,
                                "recursiveReadOnly": "Disabled"
                            }
                        ]
                    }
                ],
                "hostIP": "172.18.0.2",
                "hostIPs": [
                    {
                        "ip": "172.18.0.2"
                    }
                ],
                "observedGeneration": 1,
                "phase": "Running",
                "podIP": "10.244.1.188",
                "podIPs": [
                    {
                        "ip": "10.244.1.188"
                    }
                ],
                "qosClass": "Burstable",
                "resources": {
                    "limits": {
                        "cpu": "250m",
                        "memory": "128Mi"
                    },
                    "requests": {
                        "memory": "32Mi"
                    }
                },
                "startTime": "2026-10-05T00:27:02Z"
            }
        },
        {
            "apiVersion": "v1",
            "kind": "Pod",
            "metadata": {
                "creationTimestamp": "2026-10-05T00:26:42Z",
                "generateName": "planning-proxy-7dbdf4f755-",
                "generation": 1,
                "labels": {
                    "app.kubernetes.io/part-of": "p01-foundation",
                    "p01.role": "proxy",
                    "p01.service": "planning",
                    "pod-template-hash": "7dbdf4f755"
                },
                "name": "planning-proxy-7dbdf4f755-57gft",
                "namespace": "p01-c9c202786437-601e9835",
                "ownerReferences": [
                    {
                        "apiVersion": "apps/v1",
                        "blockOwnerDeletion": true,
                        "controller": true,
                        "kind": "ReplicaSet",
                        "name": "planning-proxy-7dbdf4f755",
                        "uid": "6e30c363-351f-46ba-b971-2c78a6419203"
                    }
                ],
                "resourceVersion": "2019",
                "uid": "145a6744-fb3a-421a-ab7c-33904fa8d245"
            },
            "spec": {
                "automountServiceAccountToken": false,
                "containers": [
                    {
                        "args": [
                            "-g",
                            "daemon off;"
                        ],
                        "command": [
                            "/usr/sbin/nginx"
                        ],
                        "image": "p01.local/nginx:manifest-sha256-3d2f995522ddb52c3a4eb8008b8fa26f184f7146851df1da831f88885ac40aae",
                        "imagePullPolicy": "Never",
                        "livenessProbe": {
                            "failureThreshold": 3,
                            "periodSeconds": 10,
                            "successThreshold": 1,
                            "tcpSocket": {
                                "port": 8443
                            },
                            "timeoutSeconds": 2
                        },
                        "name": "planning-proxy",
                        "readinessProbe": {
                            "failureThreshold": 3,
                            "periodSeconds": 5,
                            "successThreshold": 1,
                            "tcpSocket": {
                                "port": 8443
                            },
                            "timeoutSeconds": 2
                        },
                        "resources": {
                            "limits": {
                                "cpu": "1",
                                "memory": "128Mi"
                            },
                            "requests": {
                                "cpu": "25m",
                                "memory": "64Mi"
                            }
                        },
                        "securityContext": {
                            "allowPrivilegeEscalation": false,
                            "capabilities": {
                                "drop": [
                                    "ALL"
                                ]
                            },
                            "readOnlyRootFilesystem": true,
                            "runAsGroup": 10001,
                            "runAsNonRoot": true,
                            "runAsUser": 10001
                        },
                        "terminationMessagePath": "/dev/termination-log",
                        "terminationMessagePolicy": "File",
                        "volumeMounts": [
                            {
                                "mountPath": "/run/secrets",
                                "name": "secrets",
                                "readOnly": true
                            },
                            {
                                "mountPath": "/tmp",
                                "name": "tmp"
                            },
                            {
                                "mountPath": "/etc/nginx/nginx.conf",
                                "name": "config",
                                "readOnly": true,
                                "subPath": "nginx.conf"
                            }
                        ]
                    }
                ],
                "dnsPolicy": "ClusterFirst",
                "enableServiceLinks": false,
                "nodeName": "p01-c9c202786437-601e9835-worker",
                "preemptionPolicy": "PreemptLowerPriority",
                "priority": 0,
                "restartPolicy": "Always",
                "schedulerName": "default-scheduler",
                "securityContext": {
                    "fsGroup": 10001,
                    "runAsGroup": 10001,
                    "runAsNonRoot": true,
                    "runAsUser": 10001,
                    "seccompProfile": {
                        "type": "RuntimeDefault"
                    }
                },
                "serviceAccount": "planning-proxy",
                "serviceAccountName": "planning-proxy",
                "terminationGracePeriodSeconds": 30,
                "tolerations": [
                    {
                        "effect": "NoExecute",
                        "key": "node.kubernetes.io/not-ready",
                        "operator": "Exists",
                        "tolerationSeconds": 300
                    },
                    {
                        "effect": "NoExecute",
                        "key": "node.kubernetes.io/unreachable",
                        "operator": "Exists",
                        "tolerationSeconds": 300
                    }
                ],
                "volumes": [
                    {
                        "name": "secrets",
                        "secret": {
                            "defaultMode": 292,
                            "secretName": "planning-tls"
                        }
                    },
                    {
                        "emptyDir": {
                            "medium": "Memory",
                            "sizeLimit": "32Mi"
                        },
                        "name": "tmp"
                    },
                    {
                        "configMap": {
                            "defaultMode": 420,
                            "name": "planning-proxy"
                        },
                        "name": "config"
                    }
                ]
            },
            "status": {
                "allocatedResources": {
                    "cpu": "25m",
                    "memory": "64Mi"
                },
                "conditions": [
                    {
                        "lastProbeTime": null,
                        "lastTransitionTime": "2026-10-05T00:26:44Z",
                        "observedGeneration": 1,
                        "status": "True",
                        "type": "PodReadyToStartContainers"
                    },
                    {
                        "lastProbeTime": null,
                        "lastTransitionTime": "2026-10-05T00:26:42Z",
                        "observedGeneration": 1,
                        "status": "True",
                        "type": "Initialized"
                    },
                    {
                        "lastProbeTime": null,
                        "lastTransitionTime": "2026-10-05T00:26:46Z",
                        "observedGeneration": 1,
                        "status": "True",
                        "type": "Ready"
                    },
                    {
                        "lastProbeTime": null,
                        "lastTransitionTime": "2026-10-05T00:26:46Z",
                        "observedGeneration": 1,
                        "status": "True",
                        "type": "ContainersReady"
                    },
                    {
                        "lastProbeTime": null,
                        "lastTransitionTime": "2026-10-05T00:26:42Z",
                        "observedGeneration": 1,
                        "status": "True",
                        "type": "PodScheduled"
                    }
                ],
                "containerStatuses": [
                    {
                        "allocatedResources": {
                            "cpu": "25m",
                            "memory": "64Mi"
                        },
                        "containerID": "containerd://65adcf3a820abcd91a0680689a0ffece2e772d8c587e03d9d41ad59bdb9bf952",
                        "image": "p01.local/nginx:manifest-sha256-3d2f995522ddb52c3a4eb8008b8fa26f184f7146851df1da831f88885ac40aae",
                        "imageID": "docker.io/library/import-2026-10-05@sha256:5c7e4ac215c73965ec024805e7feb2f942e4570d89003814734678eb756ea3de",
                        "lastState": {},
                        "name": "planning-proxy",
                        "ready": true,
                        "resources": {
                            "limits": {
                                "cpu": "1",
                                "memory": "128Mi"
                            },
                            "requests": {
                                "cpu": "25m",
                                "memory": "64Mi"
                            }
                        },
                        "restartCount": 0,
                        "started": true,
                        "state": {
                            "running": {
                                "startedAt": "2026-10-05T00:26:46Z"
                            }
                        },
                        "user": {
                            "linux": {
                                "gid": 10001,
                                "supplementalGroups": [
                                    10001
                                ],
                                "uid": 10001
                            }
                        },
                        "volumeMounts": [
                            {
                                "mountPath": "/run/secrets",
                                "name": "secrets",
                                "readOnly": true,
                                "recursiveReadOnly": "Disabled"
                            },
                            {
                                "mountPath": "/tmp",
                                "name": "tmp"
                            },
                            {
                                "mountPath": "/etc/nginx/nginx.conf",
                                "name": "config",
                                "readOnly": true,
                                "recursiveReadOnly": "Disabled"
                            }
                        ]
                    }
                ],
                "hostIP": "172.18.0.2",
                "hostIPs": [
                    {
                        "ip": "172.18.0.2"
                    }
                ],
                "observedGeneration": 1,
                "phase": "Running",
                "podIP": "10.244.1.3",
                "podIPs": [
                    {
                        "ip": "10.244.1.3"
                    }
                ],
                "qosClass": "Burstable",
                "resources": {
                    "limits": {
                        "cpu": "1",
                        "memory": "128Mi"
                    },
                    "requests": {
                        "memory": "64Mi"
                    }
                },
                "startTime": "2026-10-05T00:26:42Z"
            }
        },
        {
            "apiVersion": "v1",
            "kind": "Pod",
            "metadata": {
                "creationTimestamp": "2026-10-05T00:29:15Z",
                "generateName": "postgres-7d5d87db8c-",
                "generation": 1,
                "labels": {
                    "app.kubernetes.io/part-of": "p01-foundation",
                    "p01.role": "postgres",
                    "p01.service": "postgres",
                    "pod-template-hash": "7d5d87db8c"
                },
                "name": "postgres-7d5d87db8c-5tqdc",
                "namespace": "p01-c9c202786437-601e9835",
                "ownerReferences": [
                    {
                        "apiVersion": "apps/v1",
                        "blockOwnerDeletion": true,
                        "controller": true,
                        "kind": "ReplicaSet",
                        "name": "postgres-7d5d87db8c",
                        "uid": "e310649a-8540-4769-8a97-7c8315d74b88"
                    }
                ],
                "resourceVersion": "2262",
                "uid": "e4b69a8d-1438-457d-b6b0-292cb3585b6b"
            },
            "spec": {
                "automountServiceAccountToken": false,
                "containers": [
                    {
                        "args": [
                            "postgres"
                        ],
                        "command": [
                            "/bin/bash",
                            "/opt/foundation/entrypoint.sh"
                        ],
                        "image": "p01.local/postgres:manifest-sha256-9e73daeb439141c2b11eea2463f5f1a3b269fd90d897b41cddb7cb440f21aa5d",
                        "imagePullPolicy": "Never",
                        "livenessProbe": {
                            "failureThreshold": 3,
                            "periodSeconds": 10,
                            "successThreshold": 1,
                            "tcpSocket": {
                                "port": 5432
                            },
                            "timeoutSeconds": 2
                        },
                        "name": "postgres",
                        "ports": [
                            {
                                "containerPort": 5432,
                                "protocol": "TCP"
                            }
                        ],
                        "readinessProbe": {
                            "failureThreshold": 3,
                            "periodSeconds": 5,
                            "successThreshold": 1,
                            "tcpSocket": {
                                "port": 5432
                            },
                            "timeoutSeconds": 2
                        },
                        "resources": {
                            "limits": {
                                "cpu": "1",
                                "memory": "512Mi"
                            },
                            "requests": {
                                "cpu": "25m",
                                "memory": "64Mi"
                            }
                        },
                        "securityContext": {
                            "allowPrivilegeEscalation": false,
                            "capabilities": {
                                "add": [
                                    "CHOWN",
                                    "DAC_OVERRIDE",
                                    "FOWNER",
                                    "SETGID",
                                    "SETUID"
                                ],
                                "drop": [
                                    "ALL"
                                ]
                            },
                            "readOnlyRootFilesystem": true,
                            "runAsGroup": 0,
                            "runAsNonRoot": false,
                            "runAsUser": 0
                        },
                        "startupProbe": {
                            "failureThreshold": 60,
                            "periodSeconds": 2,
                            "successThreshold": 1,
                            "tcpSocket": {
                                "port": 5432
                            },
                            "timeoutSeconds": 1
                        },
                        "terminationMessagePath": "/dev/termination-log",
                        "terminationMessagePolicy": "File",
                        "volumeMounts": [
                            {
                                "mountPath": "/run/secrets",
                                "name": "secrets",
                                "readOnly": true
                            },
                            {
                                "mountPath": "/tmp",
                                "name": "tmp"
                            },
                            {
                                "mountPath": "/var/run/postgresql",
                                "name": "socket"
                            },
                            {
                                "mountPath": "/var/lib/postgresql",
                                "name": "data"
                            },
                            {
                                "mountPath": "/opt/foundation",
                                "name": "scripts",
                                "readOnly": true
                            },
                            {
                                "mountPath": "/docker-entrypoint-initdb.d/10-private-identities.sh",
                                "name": "scripts",
                                "readOnly": true,
                                "subPath": "initialize.sh"
                            }
                        ]
                    }
                ],
                "dnsPolicy": "ClusterFirst",
                "enableServiceLinks": false,
                "nodeName": "p01-c9c202786437-601e9835-worker",
                "preemptionPolicy": "PreemptLowerPriority",
                "priority": 0,
                "restartPolicy": "Always",
                "schedulerName": "default-scheduler",
                "securityContext": {
                    "runAsGroup": 0,
                    "runAsUser": 0,
                    "seccompProfile": {
                        "type": "RuntimeDefault"
                    }
                },
                "serviceAccount": "postgres",
                "serviceAccountName": "postgres",
                "terminationGracePeriodSeconds": 30,
                "tolerations": [
                    {
                        "effect": "NoExecute",
                        "key": "node.kubernetes.io/not-ready",
                        "operator": "Exists",
                        "tolerationSeconds": 300
                    },
                    {
                        "effect": "NoExecute",
                        "key": "node.kubernetes.io/unreachable",
                        "operator": "Exists",
                        "tolerationSeconds": 300
                    }
                ],
                "volumes": [
                    {
                        "name": "secrets",
                        "secret": {
                            "defaultMode": 292,
                            "secretName": "postgres-bootstrap"
                        }
                    },
                    {
                        "emptyDir": {
                            "medium": "Memory",
                            "sizeLimit": "64Mi"
                        },
                        "name": "tmp"
                    },
                    {
                        "emptyDir": {
                            "medium": "Memory",
                            "sizeLimit": "16Mi"
                        },
                        "name": "socket"
                    },
                    {
                        "name": "data",
                        "persistentVolumeClaim": {
                            "claimName": "postgres-data"
                        }
                    },
                    {
                        "configMap": {
                            "defaultMode": 365,
                            "name": "postgres-scripts"
                        },
                        "name": "scripts"
                    }
                ]
            },
            "status": {
                "allocatedResources": {
                    "cpu": "25m",
                    "memory": "64Mi"
                },
                "conditions": [
                    {
                        "lastProbeTime": null,
                        "lastTransitionTime": "2026-10-05T00:29:16Z",
                        "observedGeneration": 1,
                        "status": "True",
                        "type": "PodReadyToStartContainers"
                    },
                    {
                        "lastProbeTime": null,
                        "lastTransitionTime": "2026-10-05T00:29:15Z",
                        "observedGeneration": 1,
                        "status": "True",
                        "type": "Initialized"
                    },
                    {
                        "lastProbeTime": null,
                        "lastTransitionTime": "2026-10-05T00:29:18Z",
                        "observedGeneration": 1,
                        "status": "True",
                        "type": "Ready"
                    },
                    {
                        "lastProbeTime": null,
                        "lastTransitionTime": "2026-10-05T00:29:18Z",
                        "observedGeneration": 1,
                        "status": "True",
                        "type": "ContainersReady"
                    },
                    {
                        "lastProbeTime": null,
                        "lastTransitionTime": "2026-10-05T00:29:15Z",
                        "observedGeneration": 1,
                        "status": "True",
                        "type": "PodScheduled"
                    }
                ],
                "containerStatuses": [
                    {
                        "allocatedResources": {
                            "cpu": "25m",
                            "memory": "64Mi"
                        },
                        "containerID": "containerd://f7207e349b2228e3f7b15b992a3a77a9cef4534d35b54eb835d83dd0ecd9d9f4",
                        "image": "p01.local/postgres:manifest-sha256-9e73daeb439141c2b11eea2463f5f1a3b269fd90d897b41cddb7cb440f21aa5d",
                        "imageID": "docker.io/library/import-2026-10-05@sha256:a73366f9c26d0167be14b0a23ba05e7d044534d10215b1017fe8b34946867e8c",
                        "lastState": {},
                        "name": "postgres",
                        "ready": true,
                        "resources": {
                            "limits": {
                                "cpu": "1",
                                "memory": "512Mi"
                            },
                            "requests": {
                                "cpu": "25m",
                                "memory": "64Mi"
                            }
                        },
                        "restartCount": 0,
                        "started": true,
                        "state": {
                            "running": {
                                "startedAt": "2026-10-05T00:29:16Z"
                            }
                        },
                        "user": {
                            "linux": {
                                "gid": 0,
                                "supplementalGroups": [
                                    0
                                ],
                                "uid": 0
                            }
                        },
                        "volumeMounts": [
                            {
                                "mountPath": "/run/secrets",
                                "name": "secrets",
                                "readOnly": true,
                                "recursiveReadOnly": "Disabled"
                            },
                            {
                                "mountPath": "/tmp",
                                "name": "tmp"
                            },
                            {
                                "mountPath": "/var/run/postgresql",
                                "name": "socket"
                            },
                            {
                                "mountPath": "/var/lib/postgresql",
                                "name": "data"
                            },
                            {
                                "mountPath": "/opt/foundation",
                                "name": "scripts",
                                "readOnly": true,
                                "recursiveReadOnly": "Disabled"
                            },
                            {
                                "mountPath": "/docker-entrypoint-initdb.d/10-private-identities.sh",
                                "name": "scripts",
                                "readOnly": true,
                                "recursiveReadOnly": "Disabled"
                            }
                        ]
                    }
                ],
                "hostIP": "172.18.0.2",
                "hostIPs": [
                    {
                        "ip": "172.18.0.2"
                    }
                ],
                "observedGeneration": 1,
                "phase": "Running",
                "podIP": "10.244.1.59",
                "podIPs": [
                    {
                        "ip": "10.244.1.59"
                    }
                ],
                "qosClass": "Burstable",
                "resources": {
                    "limits": {
                        "cpu": "1",
                        "memory": "512Mi"
                    },
                    "requests": {
                        "memory": "64Mi"
                    }
                },
                "startTime": "2026-10-05T00:29:15Z"
            }
        }
    ],
    "kind": "List",
    "metadata": {
        "resourceVersion": ""
    }
}
